     1                                  ; Nova Boot Manager - BIOS Stage 2
     2                                  ; Referenzimplementierung für NKI v1 und NBHP/BIB v1.
     3                                  
     4                                  %include "layout.inc"
     1                              <1> ; Gemeinsames physisches Speicher- und Datenträgerlayout des BIOS-Bootpfads.
     2                              <1> ; Änderungen an diesen Konstanten müssen zusammen mit Image Builder,
     3                              <1> ; Kernel-Linkerskript und BootInfo-ABI erfolgen.
     4                              <1> 
     5                              <1> %ifndef NOVA_BOOT_LAYOUT_INC
     6                              <1> %define NOVA_BOOT_LAYOUT_INC
     7                              <1> 
     8                              <1> %include "nova_boot_protocol.inc"
     1                              <2> ; Öffentliche Nova Boot ABI für NASM.
     2                              <2> ; Diese Datei enthält ausschließlich versionierte, von Bootloader und Kernel
     3                              <2> ; gemeinsam verwendete Konstanten. Private Speicherlayouts gehören nicht hierher.
     4                              <2> 
     5                              <2> %ifndef NOVA_BOOT_PROTOCOL_INC
     6                              <2> %define NOVA_BOOT_PROTOCOL_INC
     7                              <2> 
     8                              <2> NOVA_NKI_VERSION              equ 1
     9                              <2> NOVA_NKI_HEADER_SIZE          equ 64
    10                              <2> NOVA_BOOT_ARCH_X86_32         equ 1
    11                              <2> NOVA_NKI_FLAG_ELF_BUILD_ID    equ 0x00000001
    12                              <2> NOVA_NKI_FLAG_NOVA_METADATA   equ 0x00000002
    13                              <2> NOVA_LOADER_ABI_VERSION       equ 0x00010000
    14                              <2> 
    15                              <2> NOVA_BIB_MAGIC_LOW            equ 0x5048424E ; "NBHP"
    16                              <2> NOVA_BIB_MAGIC_HIGH           equ 0x00424942 ; "BIB\0"
    17                              <2> NOVA_BIB_VERSION_MAJOR        equ 1
    18                              <2> NOVA_BIB_VERSION_MINOR        equ 2
    19                              <2> NOVA_BIB_VERSION_PATCH        equ 0
    20                              <2> NOVA_BIB_HEADER_SIZE          equ 32
    21                              <2> NOVA_X86_BOOT_MAGIC           equ 0x4E4F5641
    22                              <2> 
    23                              <2> NOVA_BOOT_PLATFORM_BIOS       equ 1
    24                              <2> NOVA_BOOT_FLAG_FRAMEBUFFER    equ 0x00000001
    25                              <2> 
    26                              <2> BIB_OFF_MAGIC_LOW             equ 0
    27                              <2> BIB_OFF_MAGIC_HIGH            equ 4
    28                              <2> BIB_OFF_VERSION_MAJOR         equ 8
    29                              <2> BIB_OFF_VERSION_MINOR         equ 10
    30                              <2> BIB_OFF_VERSION_PATCH         equ 12
    31                              <2> BIB_OFF_HEADER_SIZE           equ 14
    32                              <2> BIB_OFF_TOTAL_SIZE            equ 16
    33                              <2> BIB_OFF_CHECKSUM              equ 20
    34                              <2> BIB_OFF_ARCHITECTURE          equ 24
    35                              <2> BIB_OFF_FLAGS                 equ 28
    36                              <2> 
    37                              <2> BIB_TLV_HEADER_SIZE           equ 8
    38                              <2> BIB_TLV_FLAG_REQUIRED         equ 0x0001
    39                              <2> 
    40                              <2> BIB_TLV_FIRMWARE              equ 1
    41                              <2> BIB_TLV_CPU                   equ 2
    42                              <2> BIB_TLV_MEMORY                equ 3
    43                              <2> BIB_TLV_GRAPHICS              equ 4
    44                              <2> BIB_TLV_STORAGE               equ 5
    45                              <2> BIB_TLV_KERNEL                equ 6
    46                              <2> BIB_TLV_SECURITY              equ 7
    47                              <2> BIB_TLV_ACPI                  equ 8
    48                              <2> BIB_TLV_BOOT_OPTIONS          equ 9
    49                              <2> BIB_TLV_MODULES               equ 10
    50                              <2> BIB_TLV_TIMING                equ 11
    51                              <2> BIB_TLV_ENTROPY               equ 12
    52                              <2> BIB_TLV_SYSTEM                equ 13
    53                              <2> BIB_TLV_KERNEL_IDENTITY       equ 14
    54                              <2> 
    55                              <2> BIB_FIRMWARE_SIZE             equ 16
    56                              <2> BIB_CPU_SIZE                  equ 32
    57                              <2> BIB_MEMORY_SIZE               equ 16
    58                              <2> BIB_GRAPHICS_SIZE             equ 32
    59                              <2> BIB_STORAGE_SIZE              equ 24
    60                              <2> BIB_KERNEL_SIZE               equ 32
    61                              <2> BIB_SECURITY_SIZE             equ 16
    62                              <2> BIB_ACPI_SIZE                 equ 16
    63                              <2> BIB_BOOT_OPTIONS_SIZE         equ 16
    64                              <2> BIB_MODULES_SIZE              equ 16
    65                              <2> BIB_TIMING_SIZE               equ 24
    66                              <2> BIB_ENTROPY_SIZE              equ 32
    67                              <2> BIB_SYSTEM_SIZE               equ 16
    68                              <2> BIB_KERNEL_IDENTITY_SIZE      equ 32
    69                              <2> 
    70                              <2> NOVA_ENTROPY_SOURCE_NONE      equ 0
    71                              <2> NOVA_ENTROPY_SOURCE_RDTSC     equ 1
    72                              <2> NOVA_ENTROPY_QUALITY_WEAK     equ 1
    73                              <2> 
    74                              <2> NOVA_KERNEL_FORMAT_NATIVE     equ 1
    75                              <2> NOVA_KERNEL_FORMAT_ELF32      equ 2
    76                              <2> NOVA_KERNEL_FORMAT_ELF64      equ 3
    77                              <2> 
    78                              <2> ELF_MAGIC                     equ 0x464C457F
    79                              <2> ELFCLASS32                    equ 1
    80                              <2> ELFCLASS64                    equ 2
    81                              <2> ELFDATA2LSB                   equ 1
    82                              <2> ELF_ET_EXEC                   equ 2
    83                              <2> ELF_EM_386                    equ 3
    84                              <2> ELF_EM_X86_64                 equ 62
    85                              <2> ELF_PT_LOAD                   equ 1
    86                              <2> ELF_PT_DYNAMIC                equ 2
    87                              <2> ELF_PT_INTERP                 equ 3
    88                              <2> ELF_PT_NOTE                   equ 4
    89                              <2> ELF_PF_EXECUTE                equ 1
    90                              <2> ELF_PF_WRITE                  equ 2
    91                              <2> ELF_NT_GNU_BUILD_ID           equ 3
    92                              <2> ELF_NT_NOVA_REQUIREMENTS      equ 0x4E4F5601
    93                              <2> ELF32_HEADER_SIZE             equ 52
    94                              <2> ELF32_PROGRAM_HEADER_SIZE     equ 32
    95                              <2> 
    96                              <2> ELF32_OFF_ENTRY               equ 24
    97                              <2> ELF32_OFF_PHOFF               equ 28
    98                              <2> ELF32_OFF_EHSIZE              equ 40
    99                              <2> ELF32_OFF_PHENTSIZE           equ 42
   100                              <2> ELF32_OFF_PHNUM               equ 44
   101                              <2> 
   102                              <2> ELF32_PH_OFF_TYPE             equ 0
   103                              <2> ELF32_PH_OFF_OFFSET           equ 4
   104                              <2> ELF32_PH_OFF_VADDR            equ 8
   105                              <2> ELF32_PH_OFF_PADDR            equ 12
   106                              <2> ELF32_PH_OFF_FILESZ           equ 16
   107                              <2> ELF32_PH_OFF_MEMSZ            equ 20
   108                              <2> ELF32_PH_OFF_FLAGS            equ 24
   109                              <2> ELF32_PH_OFF_ALIGN            equ 28
   110                              <2> 
   111                              <2> ELF64_HEADER_SIZE             equ 64
   112                              <2> ELF64_PROGRAM_HEADER_SIZE     equ 56
   113                              <2> ELF64_OFF_ENTRY               equ 24
   114                              <2> ELF64_OFF_PHOFF               equ 32
   115                              <2> ELF64_OFF_EHSIZE              equ 52
   116                              <2> ELF64_OFF_PHENTSIZE           equ 54
   117                              <2> ELF64_OFF_PHNUM               equ 56
   118                              <2> ELF64_PH_OFF_TYPE             equ 0
   119                              <2> ELF64_PH_OFF_FLAGS            equ 4
   120                              <2> ELF64_PH_OFF_OFFSET           equ 8
   121                              <2> ELF64_PH_OFF_VADDR            equ 16
   122                              <2> ELF64_PH_OFF_PADDR            equ 24
   123                              <2> ELF64_PH_OFF_FILESZ           equ 32
   124                              <2> ELF64_PH_OFF_MEMSZ            equ 40
   125                              <2> ELF64_PH_OFF_ALIGN            equ 48
   126                              <2> 
   127                              <2> %endif
     9                              <1> 
    10                              <1> ; Datenträgerlayout
    11                              <1> STAGE2_FIRST_SECTOR        equ 2
    12                              <1> STAGE2_SECTOR_COUNT        equ 64
    13                              <1> STAGE2_BYTE_COUNT          equ STAGE2_SECTOR_COUNT * 512
    14                              <1> KERNEL_FIRST_LBA           equ 65
    15                              <1> KERNEL_PAYLOAD_MAX_SIZE    equ 40960
    16                              <1> NKI_HEADER_SIZE            equ NOVA_NKI_HEADER_SIZE
    17                              <1> KERNEL_IMAGE_SECTOR_COUNT  equ 81
    18                              <1> KERNEL_IMAGE_BYTE_COUNT    equ KERNEL_IMAGE_SECTOR_COUNT * 512
    19                              <1> 
    20                              <1> DISK_RETRY_COUNT           equ 3
    21                              <1> 
    22                              <1> ; Physisches Speicherlayout unterhalb von 1 MiB
    23                              <1> BOOT_INFO_ADDRESS          equ 0x00005000
    24                              <1> BOOT_INFO_CAPACITY         equ 0x00000800
    25                              <1> MEMORY_MAP_ADDRESS         equ 0x00005800
    26                              <1> MEMORY_MAP_ENTRY_SIZE      equ 24
    27                              <1> MEMORY_MAP_MAX_ENTRIES     equ 64
    28                              <1> VBE_MODE_INFO_ADDRESS      equ 0x00006000
    29                              <1> STAGE2_STACK_TOP           equ 0x00007800
    30                              <1> STAGE1_STACK_TOP           equ 0x00007C00
    31                              <1> STAGE2_LOAD_ADDRESS        equ 0x00007E00
    32                              <1> 
    33                              <1> KERNEL_TEMP_SEGMENT        equ 0x1000
    34                              <1> KERNEL_TEMP_OFFSET         equ 0x0000
    35                              <1> KERNEL_TEMP_ADDRESS        equ 0x00010000
    36                              <1> 
    37                              <1> ; 32-Bit-Kernel
    38                              <1> KERNEL_ENTRY_ADDRESS       equ 0x00100000
    39                              <1> KERNEL_STACK_TOP           equ 0x00090000
    40                              <1> 
    41                              <1> ; Protected-Mode-Segmente
    42                              <1> CODE_SEGMENT               equ 0x08
    43                              <1> DATA_SEGMENT               equ 0x10
    44                              <1> LONG_CODE_SEGMENT          equ 0x18
    45                              <1> LONG_MODE_PML4             equ 0x00070000
    46                              <1> LONG_MODE_PDPT             equ 0x00071000
    47                              <1> LONG_MODE_PD               equ 0x00072000
    48                              <1> 
    49                              <1> ; Grafik
    50                              <1> ; QEMU/Bochs VBE: 800 x 600 x 32 Bit mit linearem Framebuffer.
    51                              <1> ; Der klassische Modus 0x118 besitzt nur 24 Bit und darf nicht als
    52                              <1> ; BGRX8888 an den Kernel übergeben werden.
    53                              <1> VBE_REQUESTED_MODE         equ 0x0143
    54                              <1> NOVA_PIXEL_FORMAT_BGRX8888 equ 1
    55                              <1> 
    56                              <1> ; Nova Kernel Image v1 (NKI)
    57                              <1> NKI_MAGIC_LOW              equ 0x41564F4E ; "NOVA"
    58                              <1> NKI_MAGIC_HIGH             equ 0x00494B4E ; "NKI\0"
    59                              <1> NKI_VERSION                equ 1
    60                              <1> NKI_ARCH_X86_32            equ 1
    61                              <1> NKI_COMPRESSION_NONE       equ 0
    62                              <1> 
    63                              <1> NKI_OFF_MAGIC_LOW          equ 0
    64                              <1> NKI_OFF_MAGIC_HIGH         equ 4
    65                              <1> NKI_OFF_VERSION            equ 8
    66                              <1> NKI_OFF_HEADER_SIZE        equ 12
    67                              <1> NKI_OFF_ARCHITECTURE       equ 16
    68                              <1> NKI_OFF_FLAGS              equ 20
    69                              <1> NKI_OFF_ENTRY_POINT        equ 24
    70                              <1> NKI_OFF_LOAD_ADDRESS       equ 28
    71                              <1> NKI_OFF_IMAGE_SIZE         equ 32
    72                              <1> NKI_OFF_COMPRESSION        equ 36
    73                              <1> NKI_OFF_CRC32              equ 40
    74                              <1> NKI_OFF_BUILD_ID           equ 44
    75                              <1> 
    76                              <1> %endif
     5                                  %include "boot-ui-tokens.inc"
     1                              <1> ; NovaOS Boot UI – Referenz-Design-Tokens in Device Layout Units (DLU).
     2                              <1> ; Bei der 800x600-Referenzausgabe entspricht 1 DLU genau einem Pixel. Andere
     3                              <1> ; Backends rechnen DLU erst an der Präsentationsgrenze in Pixel um.
     4                              <1> 
     5                              <1> %ifndef NOVA_BOOT_UI_TOKENS_INC
     6                              <1> %define NOVA_BOOT_UI_TOKENS_INC
     7                              <1> 
     8                              <1> NOVA_UI_REFERENCE_WIDTH       equ 800
     9                              <1> NOVA_UI_REFERENCE_HEIGHT      equ 600
    10                              <1> NOVA_UI_SAFE_LEFT             equ 32
    11                              <1> NOVA_UI_SAFE_TOP              equ 24
    12                              <1> NOVA_UI_SAFE_RIGHT            equ 768
    13                              <1> NOVA_UI_SAFE_BOTTOM           equ 576
    14                              <1> NOVA_UI_PANEL_X               equ 184
    15                              <1> NOVA_UI_PANEL_Y               equ 55
    16                              <1> NOVA_UI_PANEL_WIDTH           equ 567
    17                              <1> NOVA_UI_PANEL_HEIGHT          equ 473
    18                              <1> NOVA_UI_CONTENT_X             equ 204
    19                              <1> NOVA_UI_CONTENT_RIGHT         equ 727
    20                              <1> NOVA_UI_MENU_Y                equ 77
    21                              <1> NOVA_UI_MENU_ITEM_HEIGHT      equ 62
    22                              <1> NOVA_UI_MENU_ITEM_STRIDE      equ 68
    23                              <1> NOVA_UI_MENU_ICON_X           equ 228
    24                              <1> NOVA_UI_MENU_TEXT_X           equ 278
    25                              <1> NOVA_UI_SPACE_XS              equ 4
    26                              <1> NOVA_UI_SPACE_S               equ 8
    27                              <1> NOVA_UI_SPACE_M               equ 12
    28                              <1> NOVA_UI_SPACE_L               equ 16
    29                              <1> NOVA_UI_SPACE_XL              equ 24
    30                              <1> NOVA_UI_RADIUS_CONTROL        equ 8
    31                              <1> NOVA_UI_RADIUS_PANEL          equ 12
    32                              <1> 
    33                              <1> %endif
     6                                  
     7                                  [org STAGE2_LOAD_ADDRESS]
     8                                  [bits 16]
     9                                  
    10                                  BIB_FIRMWARE_OFFSET     equ NOVA_BIB_HEADER_SIZE
    11                                  BIB_MEMORY_OFFSET       equ BIB_FIRMWARE_OFFSET + BIB_TLV_HEADER_SIZE + BIB_FIRMWARE_SIZE
    12                                  BIB_GRAPHICS_OFFSET     equ BIB_MEMORY_OFFSET + BIB_TLV_HEADER_SIZE + BIB_MEMORY_SIZE
    13                                  BIB_KERNEL_OFFSET       equ BIB_GRAPHICS_OFFSET + BIB_TLV_HEADER_SIZE + BIB_GRAPHICS_SIZE
    14                                  BIB_SECURITY_OFFSET     equ BIB_KERNEL_OFFSET + BIB_TLV_HEADER_SIZE + BIB_KERNEL_SIZE
    15                                  BIB_OPTIONS_OFFSET      equ BIB_SECURITY_OFFSET + BIB_TLV_HEADER_SIZE + BIB_SECURITY_SIZE
    16                                  BIB_CPU_OFFSET          equ BIB_OPTIONS_OFFSET + BIB_TLV_HEADER_SIZE + BIB_BOOT_OPTIONS_SIZE
    17                                  BIB_STORAGE_OFFSET      equ BIB_CPU_OFFSET + BIB_TLV_HEADER_SIZE + BIB_CPU_SIZE
    18                                  BIB_ACPI_OFFSET         equ BIB_STORAGE_OFFSET + BIB_TLV_HEADER_SIZE + BIB_STORAGE_SIZE
    19                                  BIB_MODULES_OFFSET      equ BIB_ACPI_OFFSET + BIB_TLV_HEADER_SIZE + BIB_ACPI_SIZE
    20                                  BIB_TIMING_OFFSET       equ BIB_MODULES_OFFSET + BIB_TLV_HEADER_SIZE + BIB_MODULES_SIZE
    21                                  BIB_ENTROPY_OFFSET      equ BIB_TIMING_OFFSET + BIB_TLV_HEADER_SIZE + BIB_TIMING_SIZE
    22                                  BIB_SYSTEM_OFFSET       equ BIB_ENTROPY_OFFSET + BIB_TLV_HEADER_SIZE + BIB_ENTROPY_SIZE
    23                                  BIB_KERNEL_ID_OFFSET    equ BIB_SYSTEM_OFFSET + BIB_TLV_HEADER_SIZE + BIB_SYSTEM_SIZE
    24                                  BIB_TOTAL_SIZE          equ BIB_KERNEL_ID_OFFSET + BIB_TLV_HEADER_SIZE + BIB_KERNEL_IDENTITY_SIZE
    25                                  
    26                                  BM_ENTRY_SIZE           equ 8
    27                                  BM_ENTRY_LABEL          equ 0
    28                                  BM_ENTRY_ICON           equ 4
    29                                  BM_ENTRY_ACTION         equ 5
    30                                  BM_ACTION_START         equ 0
    31                                  BM_ACTION_UNAVAILABLE   equ 1
    32                                  BM_ACTION_DIAGNOSTICS   equ 2
    33                                  BM_ACTION_RECOVERY      equ 3
    34                                  BM_ACTION_POWEROFF      equ 4
    35                                  BM_ACTION_SETTINGS      equ 5
    36                                  
    37                                  BM_VIEW_MAIN            equ 0
    38                                  BM_VIEW_SETTINGS        equ 1
    39                                  BM_VIEW_DIAGNOSTICS     equ 2
    40                                  BM_VIEW_RECOVERY        equ 3
    41                                  BM_VIEW_UNAVAILABLE     equ 4
    42                                  BM_VIEW_HELP            equ 5
    43                                  BM_VIEW_DETAILS         equ 6
    44                                  BM_VIEW_ADVANCED        equ 7
    45                                  BM_VIEW_POWER           equ 8
    46                                  BM_VIEW_SELF_HEALING    equ 9
    47                                  BM_VIEW_SNAPSHOTS       equ 10
    48                                  BM_VIEW_MEMORY_TEST     equ 11
    49                                  BM_VIEW_DISK_TOOLS      equ 12
    50                                  BM_VIEW_ENCRYPTION      equ 13
    51                                  BM_VIEW_NETWORK         equ 14
    52                                  BM_VIEW_FIRMWARE        equ 15
    53                                  
    54                                  stage2_start:
    55 00000000 FA                          cli
    56 00000001 31C0                        xor ax, ax
    57 00000003 8ED8                        mov ds, ax
    58 00000005 8EC0                        mov es, ax
    59 00000007 8ED0                        mov ss, ax
    60 00000009 BC0078                      mov sp, STAGE2_STACK_TOP
    61 0000000C FC                          cld
    62 0000000D FB                          sti
    63                                  
    64 0000000E 8816[E87A]                  mov [boot_drive], dl
    64          ******************       warning: 16-bit absolute section-crossing relocation [-w+reloc-abs-word]
    65 00000012 BE[D87B]                    mov si, message_start
    65          ******************       warning: 16-bit absolute section-crossing relocation [-w+reloc-abs-word]
    66 00000015 E8AE7A                      call print_string
    67                                  
    68 00000018 E81E00                      call initialize_bib
    69 0000001B E8A701                      call collect_cpu_and_entropy
    70 0000001E E83002                      call collect_memory_map
    71 00000021 E89602                      call initialize_vbe
    72 00000024 E82E03                      call load_kernel_image
    73 00000027 E84B04                      call validate_kernel_image
    74 0000002A E83E0D                      call finalize_bib
    75 0000002D E8590D                      call validate_bib
    76 00000030 E8CE0D                      call enable_a20
    77 00000033 E8DD0D                      call enter_protected_mode
    78 00000036 E9A37A                      jmp fatal_halt
    79                                  
    80                                  ; ---------------------------------------------------------------------------
    81                                  ; Boot Information Block v1
    82                                  ; Alle TLVs sind 8-Byte-ausgerichtet und Little-Endian kodiert.
    83                                  ; ---------------------------------------------------------------------------
    84                                  
    85                                  initialize_bib:
    86 00000039 31C0                        xor ax, ax
    87 0000003B 8EC0                        mov es, ax
    88 0000003D BF0050                      mov di, BOOT_INFO_ADDRESS
    89 00000040 B90004                      mov cx, BOOT_INFO_CAPACITY / 2
    90 00000043 F3AB                        rep stosw
    91                                  
    92 00000045 66C70600504E424850          mov dword [BOOT_INFO_ADDRESS + BIB_OFF_MAGIC_LOW], NOVA_BIB_MAGIC_LOW
    93 0000004E 66C706045042494200          mov dword [BOOT_INFO_ADDRESS + BIB_OFF_MAGIC_HIGH], NOVA_BIB_MAGIC_HIGH
    94 00000057 C70608500100                mov word [BOOT_INFO_ADDRESS + BIB_OFF_VERSION_MAJOR], NOVA_BIB_VERSION_MAJOR
    95 0000005D C7060A500200                mov word [BOOT_INFO_ADDRESS + BIB_OFF_VERSION_MINOR], NOVA_BIB_VERSION_MINOR
    96 00000063 C7060C500000                mov word [BOOT_INFO_ADDRESS + BIB_OFF_VERSION_PATCH], NOVA_BIB_VERSION_PATCH
    97 00000069 C7060E502000                mov word [BOOT_INFO_ADDRESS + BIB_OFF_HEADER_SIZE], NOVA_BIB_HEADER_SIZE
    98 0000006F 66C7061050D0010000          mov dword [BOOT_INFO_ADDRESS + BIB_OFF_TOTAL_SIZE], BIB_TOTAL_SIZE
    99 00000078 66C706185001000000          mov dword [BOOT_INFO_ADDRESS + BIB_OFF_ARCHITECTURE], NKI_ARCH_X86_32
   100                                  
   101                                      ; Firmware TLV
   102 00000081 C70620500100                mov word [BOOT_INFO_ADDRESS + BIB_FIRMWARE_OFFSET + 0], BIB_TLV_FIRMWARE
   103 00000087 C70622500100                mov word [BOOT_INFO_ADDRESS + BIB_FIRMWARE_OFFSET + 2], BIB_TLV_FLAG_REQUIRED
   104 0000008D 66C706245010000000          mov dword [BOOT_INFO_ADDRESS + BIB_FIRMWARE_OFFSET + 4], BIB_FIRMWARE_SIZE
   105 00000096 66C706285001000000          mov dword [BOOT_INFO_ADDRESS + BIB_FIRMWARE_OFFSET + 8], NOVA_BOOT_PLATFORM_BIOS
   106 0000009F 6631C0                      xor eax, eax
   107 000000A2 A0[E87A]                    mov al, [boot_drive]
   107          ******************       warning: 16-bit absolute section-crossing relocation [-w+reloc-abs-word]
   108 000000A5 66A32C50                    mov dword [BOOT_INFO_ADDRESS + BIB_FIRMWARE_OFFSET + 12], eax
   109                                  
   110                                      ; Memory TLV
   111 000000A9 C70638500300                mov word [BOOT_INFO_ADDRESS + BIB_MEMORY_OFFSET + 0], BIB_TLV_MEMORY
   112 000000AF C7063A500100                mov word [BOOT_INFO_ADDRESS + BIB_MEMORY_OFFSET + 2], BIB_TLV_FLAG_REQUIRED
   113 000000B5 66C7063C5010000000          mov dword [BOOT_INFO_ADDRESS + BIB_MEMORY_OFFSET + 4], BIB_MEMORY_SIZE
   114 000000BE 66C706405000580000          mov dword [BOOT_INFO_ADDRESS + BIB_MEMORY_OFFSET + 8], MEMORY_MAP_ADDRESS
   115 000000C7 66C706485018000000          mov dword [BOOT_INFO_ADDRESS + BIB_MEMORY_OFFSET + 16], MEMORY_MAP_ENTRY_SIZE
   116                                  
   117                                      ; Graphics TLV
   118 000000D0 C70650500400                mov word [BOOT_INFO_ADDRESS + BIB_GRAPHICS_OFFSET + 0], BIB_TLV_GRAPHICS
   119 000000D6 66C706545020000000          mov dword [BOOT_INFO_ADDRESS + BIB_GRAPHICS_OFFSET + 4], BIB_GRAPHICS_SIZE
   120                                  
   121                                      ; Kernel TLV
   122 000000DF C70678500600                mov word [BOOT_INFO_ADDRESS + BIB_KERNEL_OFFSET + 0], BIB_TLV_KERNEL
   123 000000E5 C7067A500100                mov word [BOOT_INFO_ADDRESS + BIB_KERNEL_OFFSET + 2], BIB_TLV_FLAG_REQUIRED
   124 000000EB 66C7067C5020000000          mov dword [BOOT_INFO_ADDRESS + BIB_KERNEL_OFFSET + 4], BIB_KERNEL_SIZE
   125                                  
   126                                      ; Security TLV: Status 0 = nicht verifiziert, transparent gemeldet.
   127 000000F4 C706A0500700                mov word [BOOT_INFO_ADDRESS + BIB_SECURITY_OFFSET + 0], BIB_TLV_SECURITY
   128 000000FA C706A2500100                mov word [BOOT_INFO_ADDRESS + BIB_SECURITY_OFFSET + 2], BIB_TLV_FLAG_REQUIRED
   129 00000100 66C706A45010000000          mov dword [BOOT_INFO_ADDRESS + BIB_SECURITY_OFFSET + 4], BIB_SECURITY_SIZE
   130                                  
   131                                      ; Boot Options TLV: Standardprofil, kein Debug-/Recovery-Modus.
   132 00000109 C706B8500900                mov word [BOOT_INFO_ADDRESS + BIB_OPTIONS_OFFSET + 0], BIB_TLV_BOOT_OPTIONS
   133 0000010F C706BA500100                mov word [BOOT_INFO_ADDRESS + BIB_OPTIONS_OFFSET + 2], BIB_TLV_FLAG_REQUIRED
   134 00000115 66C706BC5010000000          mov dword [BOOT_INFO_ADDRESS + BIB_OPTIONS_OFFSET + 4], BIB_BOOT_OPTIONS_SIZE
   135                                  
   136                                      ; Erweiterte NBHP/BIB-1.1-Informationen. Nicht verfügbare optionale
   137                                      ; Zeiger bleiben null und werden dadurch nicht als gültig ausgegeben.
   138 0000011E C706D0500200                mov word [BOOT_INFO_ADDRESS + BIB_CPU_OFFSET + 0], BIB_TLV_CPU
   139 00000124 C706D2500100                mov word [BOOT_INFO_ADDRESS + BIB_CPU_OFFSET + 2], BIB_TLV_FLAG_REQUIRED
   140 0000012A 66C706D45020000000          mov dword [BOOT_INFO_ADDRESS + BIB_CPU_OFFSET + 4], BIB_CPU_SIZE
   141                                  
   142 00000133 C706F8500500                mov word [BOOT_INFO_ADDRESS + BIB_STORAGE_OFFSET + 0], BIB_TLV_STORAGE
   143 00000139 66C706FC5018000000          mov dword [BOOT_INFO_ADDRESS + BIB_STORAGE_OFFSET + 4], BIB_STORAGE_SIZE
   144 00000142 66C706005101000000          mov dword [BOOT_INFO_ADDRESS + BIB_STORAGE_OFFSET + 8], NOVA_BOOT_PLATFORM_BIOS
   145 0000014B 6631C0                      xor eax, eax
   146 0000014E A0[E87A]                    mov al, [boot_drive]
   146          ******************       warning: 16-bit absolute section-crossing relocation [-w+reloc-abs-word]
   147 00000151 66A30451                    mov dword [BOOT_INFO_ADDRESS + BIB_STORAGE_OFFSET + 12], eax
   148                                  
   149 00000155 C70618510800                mov word [BOOT_INFO_ADDRESS + BIB_ACPI_OFFSET + 0], BIB_TLV_ACPI
   150 0000015B 66C7061C5110000000          mov dword [BOOT_INFO_ADDRESS + BIB_ACPI_OFFSET + 4], BIB_ACPI_SIZE
   151                                  
   152 00000164 C70630510A00                mov word [BOOT_INFO_ADDRESS + BIB_MODULES_OFFSET + 0], BIB_TLV_MODULES
   153 0000016A 66C706345110000000          mov dword [BOOT_INFO_ADDRESS + BIB_MODULES_OFFSET + 4], BIB_MODULES_SIZE
   154                                  
   155 00000173 C70648510B00                mov word [BOOT_INFO_ADDRESS + BIB_TIMING_OFFSET + 0], BIB_TLV_TIMING
   156 00000179 66C7064C5118000000          mov dword [BOOT_INFO_ADDRESS + BIB_TIMING_OFFSET + 4], BIB_TIMING_SIZE
   157                                  
   158 00000182 C70668510C00                mov word [BOOT_INFO_ADDRESS + BIB_ENTROPY_OFFSET + 0], BIB_TLV_ENTROPY
   159 00000188 C7066A510100                mov word [BOOT_INFO_ADDRESS + BIB_ENTROPY_OFFSET + 2], BIB_TLV_FLAG_REQUIRED
   160 0000018E 66C7066C5120000000          mov dword [BOOT_INFO_ADDRESS + BIB_ENTROPY_OFFSET + 4], BIB_ENTROPY_SIZE
   161                                  
   162 00000197 C70690510D00                mov word [BOOT_INFO_ADDRESS + BIB_SYSTEM_OFFSET + 0], BIB_TLV_SYSTEM
   163 0000019D C70692510100                mov word [BOOT_INFO_ADDRESS + BIB_SYSTEM_OFFSET + 2], BIB_TLV_FLAG_REQUIRED
   164 000001A3 66C706945110000000          mov dword [BOOT_INFO_ADDRESS + BIB_SYSTEM_OFFSET + 4], BIB_SYSTEM_SIZE
   165 000001AC 66C706A05101000000          mov dword [BOOT_INFO_ADDRESS + BIB_SYSTEM_OFFSET + 16], 1 ; erster Bootversuch
   166 000001B5 C706A8510E00                mov word [BOOT_INFO_ADDRESS + BIB_KERNEL_ID_OFFSET + 0], BIB_TLV_KERNEL_IDENTITY
   167 000001BB 66C706AC5120000000          mov dword [BOOT_INFO_ADDRESS + BIB_KERNEL_ID_OFFSET + 4], BIB_KERNEL_IDENTITY_SIZE
   168 000001C4 C3                          ret
   169                                  
   170                                  collect_cpu_and_entropy:
   171 000001C5 6631C0                      xor eax, eax
   172 000001C8 0FA2                        cpuid
   173 000001CA 66891ED850                  mov dword [BOOT_INFO_ADDRESS + BIB_CPU_OFFSET + 8], ebx
   174 000001CF 668916DC50                  mov dword [BOOT_INFO_ADDRESS + BIB_CPU_OFFSET + 12], edx
   175 000001D4 66890EE050                  mov dword [BOOT_INFO_ADDRESS + BIB_CPU_OFFSET + 16], ecx
   176 000001D9 66A3E450                    mov dword [BOOT_INFO_ADDRESS + BIB_CPU_OFFSET + 20], eax
   177 000001DD 66B801000000                mov eax, 1
   178 000001E3 0FA2                        cpuid
   179 000001E5 668916E850                  mov dword [BOOT_INFO_ADDRESS + BIB_CPU_OFFSET + 24], edx
   180 000001EA 66890EEC50                  mov dword [BOOT_INFO_ADDRESS + BIB_CPU_OFFSET + 28], ecx
   181                                  
   182 000001EF 0F31                        rdtsc
   183 000001F1 66A35051                    mov dword [BOOT_INFO_ADDRESS + BIB_TIMING_OFFSET + 8], eax
   184 000001F5 6689165451                  mov dword [BOOT_INFO_ADDRESS + BIB_TIMING_OFFSET + 12], edx
   185 000001FA 6633066C04                  xor eax, dword [0x046C]       ; BIOS-Tickzähler beim Eintritt
   186 000001FF 66C1C20D                    rol edx, 13
   187 00000203 6631C2                      xor edx, eax
   188 00000206 66A37051                    mov dword [BOOT_INFO_ADDRESS + BIB_ENTROPY_OFFSET + 8], eax
   189 0000020A 6689167451                  mov dword [BOOT_INFO_ADDRESS + BIB_ENTROPY_OFFSET + 12], edx
   190 0000020F 66F7D0                      not eax
   191 00000212 663541564F4E                xor eax, 0x4E4F5641
   192 00000218 66A37851                    mov dword [BOOT_INFO_ADDRESS + BIB_ENTROPY_OFFSET + 16], eax
   193 0000021C 66C1C207                    rol edx, 7
   194 00000220 6681F2544F4F42              xor edx, 0x424F4F54
   195 00000227 6689167C51                  mov dword [BOOT_INFO_ADDRESS + BIB_ENTROPY_OFFSET + 20], edx
   196 0000022C 66C706805101000000          mov dword [BOOT_INFO_ADDRESS + BIB_ENTROPY_OFFSET + 24], NOVA_ENTROPY_SOURCE_RDTSC
   197 00000235 66C706845101000000          mov dword [BOOT_INFO_ADDRESS + BIB_ENTROPY_OFFSET + 28], NOVA_ENTROPY_QUALITY_WEAK
   198 0000023E 66C706885110000000          mov dword [BOOT_INFO_ADDRESS + BIB_ENTROPY_OFFSET + 32], 16
   199 00000247 66C706B05001000000          mov dword [BOOT_INFO_ADDRESS + BIB_SECURITY_OFFSET + 16], NOVA_ENTROPY_QUALITY_WEAK
   200 00000250 C3                          ret
   201                                  
   202                                  collect_memory_map:
   203 00000251 31C0                        xor ax, ax
   204 00000253 8EC0                        mov es, ax
   205 00000255 BF0058                      mov di, MEMORY_MAP_ADDRESS
   206 00000258 6631DB                      xor ebx, ebx
   207 0000025B 31ED                        xor bp, bp
   208                                  
   209                                  .next:
   210 0000025D 83FD40                      cmp bp, MEMORY_MAP_MAX_ENTRIES
   211 00000260 733C                        jae .done
   212                                  
   213 00000262 66B820E80000                mov eax, 0x0000E820
   214 00000268 66BA50414D53                mov edx, 0x534D4150             ; "SMAP"
   215 0000026E 66B918000000                mov ecx, MEMORY_MAP_ENTRY_SIZE
   216 00000274 CD15                        int 0x15
   217 00000276 7226                        jc .done
   218 00000278 663D50414D53                cmp eax, 0x534D4150
   219 0000027E 751E                        jne .done
   220 00000280 6683F914                    cmp ecx, 20
   221 00000284 7218                        jb .done
   222                                  
   223 00000286 6683F918                    cmp ecx, MEMORY_MAP_ENTRY_SIZE
   224 0000028A 7309                        jae .entry_complete
   225 0000028C 2666C7451401000000          mov dword [es:di + 20], 1
   226                                  
   227                                  .entry_complete:
   228 00000295 45                          inc bp
   229 00000296 83C718                      add di, MEMORY_MAP_ENTRY_SIZE
   230 00000299 6685DB                      test ebx, ebx
   231 0000029C 75BF                        jnz .next
   232                                  
   233                                  .done:
   234 0000029E 31C0                        xor ax, ax
   235 000002A0 8ED8                        mov ds, ax
   236 000002A2 8EC0                        mov es, ax
   237 000002A4 660FB7C5                    movzx eax, bp
   238 000002A8 66A34450                    mov dword [BOOT_INFO_ADDRESS + BIB_MEMORY_OFFSET + 12], eax
   239 000002AC 85ED                        test bp, bp
   240 000002AE 7509                        jnz .success
   241 000002B0 BE[247C]                    mov si, message_memory_error
   241          ******************       warning: 16-bit absolute section-crossing relocation [-w+reloc-abs-word]
   242 000002B3 E81078                      call print_string
   243 000002B6 E92378                      jmp fatal_halt
   244                                  
   245                                  .success:
   246 000002B9 C3                          ret
   247                                  
   248                                  ; ---------------------------------------------------------------------------
   249                                  ; VBE. Ein Fehler ist recoverable und aktiviert den Textmodus-Fallback.
   250                                  ; ---------------------------------------------------------------------------
   251                                  
   252                                  initialize_vbe:
   253 000002BA B8014F                      mov ax, 0x4F01
   254 000002BD B94301                      mov cx, VBE_REQUESTED_MODE
   255 000002C0 31DB                        xor bx, bx
   256 000002C2 8EC3                        mov es, bx
   257 000002C4 BF0060                      mov di, VBE_MODE_INFO_ADDRESS
   258 000002C7 CD10                        int 0x10
   259 000002C9 83F84F                      cmp ax, 0x004F
   260 000002CC 7575                        jne .fallback
   261                                  
   262 000002CE 31C0                        xor ax, ax
   263 000002D0 8ED8                        mov ds, ax
   264 000002D2 8EC0                        mov es, ax
   265 000002D4 A10060                      mov ax, [VBE_MODE_INFO_ADDRESS]
   266 000002D7 A90100                      test ax, 0x0001
   267 000002DA 7467                        jz .fallback
   268 000002DC A98000                      test ax, 0x0080
   269 000002DF 7462                        jz .fallback
   270 000002E1 803E196020                  cmp byte [VBE_MODE_INFO_ADDRESS + 25], 32
   271 000002E6 755B                        jne .fallback
   272 000002E8 66833E286000                cmp dword [VBE_MODE_INFO_ADDRESS + 40], 0
   273 000002EE 7453                        je .fallback
   274                                  
   275 000002F0 B8024F                      mov ax, 0x4F02
   276 000002F3 BB4341                      mov bx, VBE_REQUESTED_MODE | 0x4000
   277 000002F6 CD10                        int 0x10
   278 000002F8 83F84F                      cmp ax, 0x004F
   279 000002FB 7546                        jne .fallback
   280                                  
   281 000002FD 31C0                        xor ax, ax
   282 000002FF 8ED8                        mov ds, ax
   283 00000301 8EC0                        mov es, ax
   284 00000303 66830E1C5001                or dword [BOOT_INFO_ADDRESS + BIB_OFF_FLAGS], NOVA_BOOT_FLAG_FRAMEBUFFER
   285                                  
   286 00000309 66A12860                    mov eax, [VBE_MODE_INFO_ADDRESS + 40]
   287 0000030D 66A35850                    mov dword [BOOT_INFO_ADDRESS + BIB_GRAPHICS_OFFSET + 8], eax
   288 00000311 6631C0                      xor eax, eax
   289 00000314 A11060                      mov ax, [VBE_MODE_INFO_ADDRESS + 16]
   290 00000317 66A35C50                    mov dword [BOOT_INFO_ADDRESS + BIB_GRAPHICS_OFFSET + 12], eax
   291 0000031B 6631C0                      xor eax, eax
   292 0000031E A11260                      mov ax, [VBE_MODE_INFO_ADDRESS + 18]
   293 00000321 66A36050                    mov dword [BOOT_INFO_ADDRESS + BIB_GRAPHICS_OFFSET + 16], eax
   294 00000325 6631C0                      xor eax, eax
   295 00000328 A11460                      mov ax, [VBE_MODE_INFO_ADDRESS + 20]
   296 0000032B 66A36450                    mov dword [BOOT_INFO_ADDRESS + BIB_GRAPHICS_OFFSET + 20], eax
   297 0000032F 6631C0                      xor eax, eax
   298 00000332 A01960                      mov al, [VBE_MODE_INFO_ADDRESS + 25]
   299 00000335 66A36850                    mov dword [BOOT_INFO_ADDRESS + BIB_GRAPHICS_OFFSET + 24], eax
   300 00000339 66C7066C5001000000          mov dword [BOOT_INFO_ADDRESS + BIB_GRAPHICS_OFFSET + 28], NOVA_PIXEL_FORMAT_BGRX8888
   301 00000342 C3                          ret
   302                                  
   303                                  .fallback:
   304 00000343 B80300                      mov ax, 0x0003
   305 00000346 CD10                        int 0x10
   306 00000348 31C0                        xor ax, ax
   307 0000034A 8ED8                        mov ds, ax
   308 0000034C 8EC0                        mov es, ax
   309 0000034E BE[F17B]                    mov si, message_vbe_fallback
   309          ******************       warning: 16-bit absolute section-crossing relocation [-w+reloc-abs-word]
   310 00000351 E87277                      call print_string
   311 00000354 C3                          ret
   312                                  
   313                                  ; ---------------------------------------------------------------------------
   314                                  ; Kernel Image Loader
   315                                  ; ---------------------------------------------------------------------------
   316                                  
   317                                  load_kernel_image:
   318 00000355 E82B00                      call detect_bios_extensions
   319 00000358 721B                        jc .chs
   320 0000035A C606[EB7A]03                mov byte [retry_count], DISK_RETRY_COUNT
   320          ******************       warning: 16-bit absolute section-crossing relocation [-w+reloc-abs-word]
   321                                  
   322                                  .lba_retry:
   323 0000035F BE[C87B]                    mov si, kernel_dap
   323          ******************       warning: 16-bit absolute section-crossing relocation [-w+reloc-abs-word]
   324 00000362 B442                        mov ah, 0x42
   325 00000364 8A16[E87A]                  mov dl, [boot_drive]
   325          ******************       warning: 16-bit absolute section-crossing relocation [-w+reloc-abs-word]
   326 00000368 CD13                        int 0x13
   327 0000036A 7310                        jnc .done
   328 0000036C E8F900                      call reset_disk
   329 0000036F FE0E[EB7A]                  dec byte [retry_count]
   329          ******************       warning: 16-bit absolute section-crossing relocation [-w+reloc-abs-word]
   330 00000373 75EA                        jnz .lba_retry
   331                                  
   332                                  .chs:
   333 00000375 E82800                      call load_kernel_chs
   334 00000378 0F826477                    jc kernel_load_error
   335                                  
   336                                  .done:
   337 0000037C 31C0                        xor ax, ax
   338 0000037E 8ED8                        mov ds, ax
   339 00000380 8EC0                        mov es, ax
   340 00000382 C3                          ret
   341                                  
   342                                  detect_bios_extensions:
   343 00000383 B441                        mov ah, 0x41
   344 00000385 BBAA55                      mov bx, 0x55AA
   345 00000388 8A16[E87A]                  mov dl, [boot_drive]
   345          ******************       warning: 16-bit absolute section-crossing relocation [-w+reloc-abs-word]
   346 0000038C CD13                        int 0x13
   347 0000038E 720E                        jc .missing
   348 00000390 81FB55AA                    cmp bx, 0xAA55
   349 00000394 7508                        jne .missing
   350 00000396 F7C10100                    test cx, 1
   351 0000039A 7402                        jz .missing
   352 0000039C F8                          clc
   353 0000039D C3                          ret
   354                                  .missing:
   355 0000039E F9                          stc
   356 0000039F C3                          ret
   357                                  
   358                                  load_kernel_chs:
   359 000003A0 E87900                      call get_disk_geometry
   360 000003A3 C706[EC7A]0000              mov word [kernel_destination_offset], KERNEL_TEMP_OFFSET
   360          ******************       warning: 16-bit absolute section-crossing relocation [-w+reloc-abs-word]
   361                                  
   362                                      ; KERNEL_FIRST_LBA in die vom BIOS gemeldete CHS-Geometrie umrechnen.
   363 000003A9 B84100                      mov ax, KERNEL_FIRST_LBA
   364 000003AC 31D2                        xor dx, dx
   365 000003AE 31DB                        xor bx, bx
   366 000003B0 8A1E[F27A]                  mov bl, [sectors_per_track]
   366          ******************       warning: 16-bit absolute section-crossing relocation [-w+reloc-abs-word]
   367 000003B4 F7F3                        div bx
   368 000003B6 FEC2                        inc dl
   369 000003B8 8816[F07A]                  mov [kernel_sector], dl
   369          ******************       warning: 16-bit absolute section-crossing relocation [-w+reloc-abs-word]
   370 000003BC 31D2                        xor dx, dx
   371 000003BE 31DB                        xor bx, bx
   372 000003C0 8A1E[F37A]                  mov bl, [maximum_head]
   372          ******************       warning: 16-bit absolute section-crossing relocation [-w+reloc-abs-word]
   373 000003C4 43                          inc bx
   374 000003C5 F7F3                        div bx
   375 000003C7 A2[EE7A]                    mov [kernel_cylinder], al
   375          ******************       warning: 16-bit absolute section-crossing relocation [-w+reloc-abs-word]
   376 000003CA 8816[EF7A]                  mov [kernel_head], dl
   376          ******************       warning: 16-bit absolute section-crossing relocation [-w+reloc-abs-word]
   377 000003CE C606[F17A]51                mov byte [kernel_remaining], KERNEL_IMAGE_SECTOR_COUNT
   377          ******************       warning: 16-bit absolute section-crossing relocation [-w+reloc-abs-word]
   378                                  
   379                                  .next_sector:
   380 000003D3 803E[F17A]00                cmp byte [kernel_remaining], 0
   380          ******************       warning: 16-bit absolute section-crossing relocation [-w+reloc-abs-word]
   381 000003D8 7440                        je .success
   382 000003DA C606[EB7A]03                mov byte [retry_count], DISK_RETRY_COUNT
   382          ******************       warning: 16-bit absolute section-crossing relocation [-w+reloc-abs-word]
   383                                  .retry:
   384 000003DF B80010                      mov ax, KERNEL_TEMP_SEGMENT
   385 000003E2 8EC0                        mov es, ax
   386 000003E4 8B1E[EC7A]                  mov bx, [kernel_destination_offset]
   386          ******************       warning: 16-bit absolute section-crossing relocation [-w+reloc-abs-word]
   387 000003E8 B402                        mov ah, 0x02
   388 000003EA B001                        mov al, 1
   389 000003EC 8A2E[EE7A]                  mov ch, [kernel_cylinder]
   389          ******************       warning: 16-bit absolute section-crossing relocation [-w+reloc-abs-word]
   390 000003F0 8A0E[F07A]                  mov cl, [kernel_sector]
   390          ******************       warning: 16-bit absolute section-crossing relocation [-w+reloc-abs-word]
   391 000003F4 8A36[EF7A]                  mov dh, [kernel_head]
   391          ******************       warning: 16-bit absolute section-crossing relocation [-w+reloc-abs-word]
   392 000003F8 8A16[E87A]                  mov dl, [boot_drive]
   392          ******************       warning: 16-bit absolute section-crossing relocation [-w+reloc-abs-word]
   393 000003FC CD13                        int 0x13
   394 000003FE 730B                        jnc .loaded
   395 00000400 E86500                      call reset_disk
   396 00000403 FE0E[EB7A]                  dec byte [retry_count]
   396          ******************       warning: 16-bit absolute section-crossing relocation [-w+reloc-abs-word]
   397 00000407 75D6                        jnz .retry
   398 00000409 F9                          stc
   399 0000040A C3                          ret
   400                                  .loaded:
   401 0000040B 8106[EC7A]0002              add word [kernel_destination_offset], 512
   401          ******************       warning: 16-bit absolute section-crossing relocation [-w+reloc-abs-word]
   402 00000411 E82A00                      call advance_chs
   403 00000414 FE0E[F17A]                  dec byte [kernel_remaining]
   403          ******************       warning: 16-bit absolute section-crossing relocation [-w+reloc-abs-word]
   404 00000418 EBB9                        jmp .next_sector
   405                                  .success:
   406 0000041A F8                          clc
   407 0000041B C3                          ret
   408                                  
   409                                  get_disk_geometry:
   410 0000041C C606[F27A]12                mov byte [sectors_per_track], 18
   410          ******************       warning: 16-bit absolute section-crossing relocation [-w+reloc-abs-word]
   411 00000421 C606[F37A]01                mov byte [maximum_head], 1
   411          ******************       warning: 16-bit absolute section-crossing relocation [-w+reloc-abs-word]
   412 00000426 B408                        mov ah, 0x08
   413 00000428 8A16[E87A]                  mov dl, [boot_drive]
   413          ******************       warning: 16-bit absolute section-crossing relocation [-w+reloc-abs-word]
   414 0000042C CD13                        int 0x13
   415 0000042E 720D                        jc .done
   416 00000430 88C8                        mov al, cl
   417 00000432 243F                        and al, 0x3F
   418 00000434 7407                        jz .done
   419 00000436 A2[F27A]                    mov [sectors_per_track], al
   419          ******************       warning: 16-bit absolute section-crossing relocation [-w+reloc-abs-word]
   420 00000439 8836[F37A]                  mov [maximum_head], dh
   420          ******************       warning: 16-bit absolute section-crossing relocation [-w+reloc-abs-word]
   421                                  .done:
   422 0000043D C3                          ret
   423                                  
   424                                  advance_chs:
   425 0000043E FE06[F07A]                  inc byte [kernel_sector]
   425          ******************       warning: 16-bit absolute section-crossing relocation [-w+reloc-abs-word]
   426 00000442 A0[F27A]                    mov al, [sectors_per_track]
   426          ******************       warning: 16-bit absolute section-crossing relocation [-w+reloc-abs-word]
   427 00000445 3806[F07A]                  cmp byte [kernel_sector], al
   427          ******************       warning: 16-bit absolute section-crossing relocation [-w+reloc-abs-word]
   428 00000449 761C                        jbe .done
   429 0000044B C606[F07A]01                mov byte [kernel_sector], 1
   429          ******************       warning: 16-bit absolute section-crossing relocation [-w+reloc-abs-word]
   430 00000450 A0[F37A]                    mov al, [maximum_head]
   430          ******************       warning: 16-bit absolute section-crossing relocation [-w+reloc-abs-word]
   431 00000453 3806[EF7A]                  cmp byte [kernel_head], al
   431          ******************       warning: 16-bit absolute section-crossing relocation [-w+reloc-abs-word]
   432 00000457 720A                        jb .next_head
   433 00000459 C606[EF7A]00                mov byte [kernel_head], 0
   433          ******************       warning: 16-bit absolute section-crossing relocation [-w+reloc-abs-word]
   434 0000045E FE06[EE7A]                  inc byte [kernel_cylinder]
   434          ******************       warning: 16-bit absolute section-crossing relocation [-w+reloc-abs-word]
   435 00000462 C3                          ret
   436                                  .next_head:
   437 00000463 FE06[EF7A]                  inc byte [kernel_head]
   437          ******************       warning: 16-bit absolute section-crossing relocation [-w+reloc-abs-word]
   438                                  .done:
   439 00000467 C3                          ret
   440                                  
   441                                  reset_disk:
   442 00000468 50                          push ax
   443 00000469 52                          push dx
   444 0000046A 31C0                        xor ax, ax
   445 0000046C 8A16[E87A]                  mov dl, [boot_drive]
   445          ******************       warning: 16-bit absolute section-crossing relocation [-w+reloc-abs-word]
   446 00000470 CD13                        int 0x13
   447 00000472 5A                          pop dx
   448 00000473 58                          pop ax
   449 00000474 C3                          ret
   450                                  
   451                                  validate_kernel_image:
   452 00000475 1E                          push ds
   453 00000476 B80010                      mov ax, KERNEL_TEMP_SEGMENT
   454 00000479 8ED8                        mov ds, ax
   455                                  
   456 0000047B 66813E00004E4F5641          cmp dword [NKI_OFF_MAGIC_LOW], NKI_MAGIC_LOW
   457 00000484 0F852D01                    jne .try_direct_elf
   458 00000488 66813E04004E4B4900          cmp dword [NKI_OFF_MAGIC_HIGH], NKI_MAGIC_HIGH
   459 00000491 0F85B301                    jne .invalid_header
   460 00000495 66833E080001                cmp dword [NKI_OFF_VERSION], NKI_VERSION
   461 0000049B 0F85A901                    jne .invalid_header
   462 0000049F 66833E0C0040                cmp dword [NKI_OFF_HEADER_SIZE], NKI_HEADER_SIZE
   463 000004A5 0F859F01                    jne .invalid_header
   464 000004A9 66833E100001                cmp dword [NKI_OFF_ARCHITECTURE], NKI_ARCH_X86_32
   465 000004AF 0F859501                    jne .invalid_header
   466 000004B3 66A11400                    mov eax, [NKI_OFF_FLAGS]
   467 000004B7 66A9FCFFFFFF                test eax, ~(NOVA_NKI_FLAG_ELF_BUILD_ID | NOVA_NKI_FLAG_NOVA_METADATA)
   468 000004BD 0F858701                    jnz .invalid_header
   469 000004C1 66833E240000                cmp dword [NKI_OFF_COMPRESSION], NKI_COMPRESSION_NONE
   470 000004C7 0F857D01                    jne .invalid_header
   471 000004CB 66813E180000001000          cmp dword [NKI_OFF_ENTRY_POINT], KERNEL_ENTRY_ADDRESS
   472 000004D4 0F857001                    jne .invalid_header
   473 000004D8 66813E1C0000001000          cmp dword [NKI_OFF_LOAD_ADDRESS], KERNEL_ENTRY_ADDRESS
   474 000004E1 0F856301                    jne .invalid_header
   475                                  
   476 000004E5 668B0E2000                  mov ecx, [NKI_OFF_IMAGE_SIZE]
   477 000004EA 6685C9                      test ecx, ecx
   478 000004ED 0F845701                    jz .invalid_header
   479 000004F1 6681F900A00000              cmp ecx, KERNEL_PAYLOAD_MAX_SIZE
   480 000004F8 0F874C01                    ja .invalid_header
   481                                  
   482 000004FC BE4000                      mov si, NKI_HEADER_SIZE
   483 000004FF E84108                      call crc32_ds_si
   484 00000502 663B062800                  cmp eax, [NKI_OFF_CRC32]
   485 00000507 0F854A01                    jne .invalid_checksum
   486 0000050B 2E66A3[F87A]                mov [cs:kernel_payload_crc], eax
   486          ******************       warning: 16-bit absolute section-crossing relocation [-w+reloc-abs-word]
   487 00000510 2E66C706[F47A]4000-         mov dword [cs:kernel_payload_base], KERNEL_TEMP_ADDRESS + NKI_HEADER_SIZE
   487          ******************       warning: 16-bit absolute section-crossing relocation [-w+reloc-abs-word]
   487 00000518 0100               
   488                                  
   489 0000051A 66813E40007F454C46          cmp dword [NKI_HEADER_SIZE], ELF_MAGIC
   490 00000523 756D                        jne .native_nki
   491 00000525 BE4000                      mov si, NKI_HEADER_SIZE
   492 00000528 668B0E2000                  mov ecx, [NKI_OFF_IMAGE_SIZE]
   493 0000052D E83201                      call validate_elf_ds_si
   494 00000530 0F821401                    jc .invalid_header
   495 00000534 66F706140001000000          test dword [NKI_OFF_FLAGS], NOVA_NKI_FLAG_ELF_BUILD_ID
   496 0000053D 0F840701                    jz .invalid_header
   497 00000541 66F706140002000000          test dword [NKI_OFF_FLAGS], NOVA_NKI_FLAG_NOVA_METADATA
   498 0000054A 0F84FA00                    jz .invalid_header
   499 0000054E 2E803E[327B]01              cmp byte [cs:elf_nova_metadata_found], 1
   499          ******************       warning: 16-bit absolute section-crossing relocation [-w+reloc-abs-word]
   500 00000554 0F85F000                    jne .invalid_header
   501 00000558 66A12C00                    mov eax, [NKI_OFF_BUILD_ID + 0]
   502 0000055C 2E663B06[347B]              cmp eax, [cs:elf_build_id + 0]
   502          ******************       warning: 16-bit absolute section-crossing relocation [-w+reloc-abs-word]
   503 00000562 0F85E200                    jne .invalid_header
   504 00000566 66A13000                    mov eax, [NKI_OFF_BUILD_ID + 4]
   505 0000056A 2E663B06[387B]              cmp eax, [cs:elf_build_id + 4]
   505          ******************       warning: 16-bit absolute section-crossing relocation [-w+reloc-abs-word]
   506 00000570 0F85D400                    jne .invalid_header
   507 00000574 66A13400                    mov eax, [NKI_OFF_BUILD_ID + 8]
   508 00000578 2E663B06[3C7B]              cmp eax, [cs:elf_build_id + 8]
   508          ******************       warning: 16-bit absolute section-crossing relocation [-w+reloc-abs-word]
   509 0000057E 0F85C600                    jne .invalid_header
   510 00000582 66A13800                    mov eax, [NKI_OFF_BUILD_ID + 12]
   511 00000586 2E663B06[407B]              cmp eax, [cs:elf_build_id + 12]
   511          ******************       warning: 16-bit absolute section-crossing relocation [-w+reloc-abs-word]
   512 0000058C 0F85B800                    jne .invalid_header
   513 00000590 EB52                        jmp .publish
   514                                  
   515                                  .native_nki:
   516 00000592 2EC606[EA7A]01              mov byte [cs:kernel_payload_format], NOVA_KERNEL_FORMAT_NATIVE
   516          ******************       warning: 16-bit absolute section-crossing relocation [-w+reloc-abs-word]
   517 00000598 66A11C00                    mov eax, [NKI_OFF_LOAD_ADDRESS]
   518 0000059C 2E66A3[FC7A]                mov [cs:elf_load_address], eax
   518          ******************       warning: 16-bit absolute section-crossing relocation [-w+reloc-abs-word]
   519 000005A1 66A12000                    mov eax, [NKI_OFF_IMAGE_SIZE]
   520 000005A5 2E66A3[007B]                mov [cs:elf_memory_size], eax
   520          ******************       warning: 16-bit absolute section-crossing relocation [-w+reloc-abs-word]
   521 000005AA 66A11800                    mov eax, [NKI_OFF_ENTRY_POINT]
   522 000005AE 2E66A3[047B]                mov [cs:elf_entry_point], eax
   522          ******************       warning: 16-bit absolute section-crossing relocation [-w+reloc-abs-word]
   523 000005B3 EB2F                        jmp .publish
   524                                  
   525                                  .try_direct_elf:
   526 000005B5 66813E00007F454C46          cmp dword [0], ELF_MAGIC
   527 000005BE 0F858600                    jne .invalid_header
   528 000005C2 BE0000                      mov si, 0
   529 000005C5 66B900A20000                mov ecx, KERNEL_IMAGE_BYTE_COUNT
   530 000005CB E89400                      call validate_elf_ds_si
   531 000005CE 7278                        jc .invalid_header
   532 000005D0 2E66C706[F47A]0000-         mov dword [cs:kernel_payload_base], KERNEL_TEMP_ADDRESS
   532          ******************       warning: 16-bit absolute section-crossing relocation [-w+reloc-abs-word]
   532 000005D8 0100               
   533 000005DA 2E66C706[F87A]0000-         mov dword [cs:kernel_payload_crc], 0
   533          ******************       warning: 16-bit absolute section-crossing relocation [-w+reloc-abs-word]
   533 000005E2 0000               
   534                                  
   535                                  .publish:
   536 000005E4 1F                          pop ds
   537 000005E5 66A1[FC7A]                  mov eax, [elf_load_address]
   537          ******************       warning: 16-bit absolute section-crossing relocation [-w+reloc-abs-word]
   538 000005E9 668B16[007B]                mov edx, [elf_memory_size]
   538          ******************       warning: 16-bit absolute section-crossing relocation [-w+reloc-abs-word]
   539 000005EE 668B0E[047B]                mov ecx, [elf_entry_point]
   539          ******************       warning: 16-bit absolute section-crossing relocation [-w+reloc-abs-word]
   540 000005F3 668B2E[F87A]                mov ebp, [kernel_payload_crc]
   540          ******************       warning: 16-bit absolute section-crossing relocation [-w+reloc-abs-word]
   541 000005F8 66A38050                    mov dword [BOOT_INFO_ADDRESS + BIB_KERNEL_OFFSET + 8], eax
   542 000005FC 6689168450                  mov dword [BOOT_INFO_ADDRESS + BIB_KERNEL_OFFSET + 12], edx
   543 00000601 66890E8850                  mov dword [BOOT_INFO_ADDRESS + BIB_KERNEL_OFFSET + 16], ecx
   544 00000606 660FB606[EA7A]              movzx eax, byte [kernel_payload_format]
   544          ******************       warning: 16-bit absolute section-crossing relocation [-w+reloc-abs-word]
   545 0000060C 66A38C50                    mov dword [BOOT_INFO_ADDRESS + BIB_KERNEL_OFFSET + 20], eax
   546 00000610 66892E9050                  mov dword [BOOT_INFO_ADDRESS + BIB_KERNEL_OFFSET + 24], ebp
   547 00000615 66A1[347B]                  mov eax, [elf_build_id + 0]
   547          ******************       warning: 16-bit absolute section-crossing relocation [-w+reloc-abs-word]
   548 00000619 66A3B051                    mov [BOOT_INFO_ADDRESS + BIB_KERNEL_ID_OFFSET + 8], eax
   549 0000061D 66A1[387B]                  mov eax, [elf_build_id + 4]
   549          ******************       warning: 16-bit absolute section-crossing relocation [-w+reloc-abs-word]
   550 00000621 66A3B451                    mov [BOOT_INFO_ADDRESS + BIB_KERNEL_ID_OFFSET + 12], eax
   551 00000625 66A1[3C7B]                  mov eax, [elf_build_id + 8]
   551          ******************       warning: 16-bit absolute section-crossing relocation [-w+reloc-abs-word]
   552 00000629 66A3B851                    mov [BOOT_INFO_ADDRESS + BIB_KERNEL_ID_OFFSET + 16], eax
   553 0000062D 66A1[407B]                  mov eax, [elf_build_id + 12]
   553          ******************       warning: 16-bit absolute section-crossing relocation [-w+reloc-abs-word]
   554 00000631 66A3BC51                    mov [BOOT_INFO_ADDRESS + BIB_KERNEL_ID_OFFSET + 20], eax
   555 00000635 66A1[447B]                  mov eax, [elf_build_id + 16]
   555          ******************       warning: 16-bit absolute section-crossing relocation [-w+reloc-abs-word]
   556 00000639 66A3C051                    mov [BOOT_INFO_ADDRESS + BIB_KERNEL_ID_OFFSET + 24], eax
   557 0000063D 660FB606[EA7A]              movzx eax, byte [kernel_payload_format]
   557          ******************       warning: 16-bit absolute section-crossing relocation [-w+reloc-abs-word]
   558 00000643 66A3C451                    mov [BOOT_INFO_ADDRESS + BIB_KERNEL_ID_OFFSET + 28], eax
   559 00000647 C3                          ret
   560                                  
   561                                  .invalid_header:
   562 00000648 1F                          pop ds
   563 00000649 BE[737C]                    mov si, message_kernel_header_error
   563          ******************       warning: 16-bit absolute section-crossing relocation [-w+reloc-abs-word]
   564 0000064C E87774                      call print_string
   565 0000064F C606[E97A]01                mov byte [boot_error_code], 1
   565          ******************       warning: 16-bit absolute section-crossing relocation [-w+reloc-abs-word]
   566 00000654 C3                          ret
   567                                  .invalid_checksum:
   568 00000655 1F                          pop ds
   569 00000656 BE[987C]                    mov si, message_kernel_checksum_error
   569          ******************       warning: 16-bit absolute section-crossing relocation [-w+reloc-abs-word]
   570 00000659 E86A74                      call print_string
   571 0000065C C606[E97A]02                mov byte [boot_error_code], 2
   571          ******************       warning: 16-bit absolute section-crossing relocation [-w+reloc-abs-word]
   572 00000661 C3                          ret
   573                                  
   574                                  ; DS:SI zeigt auf ein ELF32-Image, ECX enthält die verfügbare Dateigröße.
   575                                  ; Alle PT_LOAD-Segmente werden vor dem späteren Kopieren vollständig geprüft.
   576                                  validate_elf_ds_si:
   577 00000662 807C0401                    cmp byte [si + 4], ELFCLASS32
   578 00000666 7408                        je .elf32
   579 00000668 807C0402                    cmp byte [si + 4], ELFCLASS64
   580 0000066C 740E                        je .elf64
   581 0000066E F9                          stc
   582 0000066F C3                          ret
   583                                  .elf32:
   584 00000670 E81500                      call validate_elf32_ds_si
   585 00000673 7206                        jc .done
   586 00000675 2EC606[EA7A]02              mov byte [cs:kernel_payload_format], NOVA_KERNEL_FORMAT_ELF32
   586          ******************       warning: 16-bit absolute section-crossing relocation [-w+reloc-abs-word]
   587                                  .done:
   588 0000067B C3                          ret
   589                                  .elf64:
   590 0000067C E88B02                      call validate_elf64_ds_si
   591 0000067F 72FA                        jc .done
   592 00000681 2EC606[EA7A]03              mov byte [cs:kernel_payload_format], NOVA_KERNEL_FORMAT_ELF64
   592          ******************       warning: 16-bit absolute section-crossing relocation [-w+reloc-abs-word]
   593 00000687 C3                          ret
   594                                  
   595                                  validate_elf32_ds_si:
   596 00000688 6660                        pushad
   597 0000068A 660FB7F6                    movzx esi, si
   598 0000068E 6689CF                      mov edi, ecx
   599 00000691 6683FF34                    cmp edi, ELF32_HEADER_SIZE
   600 00000695 0F826D02                    jb .invalid
   601 00000699 6766813E7F454C46            cmp dword [esi], ELF_MAGIC
   602 000006A1 0F856102                    jne .invalid
   603 000006A5 67807E0401                  cmp byte [esi + 4], ELFCLASS32
   604 000006AA 0F855802                    jne .invalid
   605 000006AE 67807E0501                  cmp byte [esi + 5], ELFDATA2LSB
   606 000006B3 0F854F02                    jne .invalid
   607 000006B7 67807E0601                  cmp byte [esi + 6], 1
   608 000006BC 0F854602                    jne .invalid
   609 000006C0 67837E1002                  cmp word [esi + 16], ELF_ET_EXEC
   610 000006C5 0F853D02                    jne .invalid
   611 000006C9 67837E1203                  cmp word [esi + 18], ELF_EM_386
   612 000006CE 0F853402                    jne .invalid
   613 000006D2 6766837E1401                cmp dword [esi + 20], 1
   614 000006D8 0F852A02                    jne .invalid
   615 000006DC 67837E2834                  cmp word [esi + ELF32_OFF_EHSIZE], ELF32_HEADER_SIZE
   616 000006E1 0F852102                    jne .invalid
   617 000006E5 67837E2A20                  cmp word [esi + ELF32_OFF_PHENTSIZE], ELF32_PROGRAM_HEADER_SIZE
   618 000006EA 0F851802                    jne .invalid
   619 000006EE 67660FB74E2C                movzx ecx, word [esi + ELF32_OFF_PHNUM]
   620 000006F4 6685C9                      test ecx, ecx
   621 000006F7 0F840B02                    jz .invalid
   622 000006FB 6683F910                    cmp ecx, 16
   623 000006FF 0F870302                    ja .invalid
   624 00000703 67668B461C                  mov eax, [esi + ELF32_OFF_PHOFF]
   625 00000708 6689CA                      mov edx, ecx
   626 0000070B 66C1E205                    shl edx, 5
   627 0000070F 6601C2                      add edx, eax
   628 00000712 0F82F001                    jc .invalid
   629 00000716 6639FA                      cmp edx, edi
   630 00000719 0F87E901                    ja .invalid
   631 0000071D 6601F0                      add eax, esi
   632 00000720 6689C2                      mov edx, eax
   633 00000723 67668B4618                  mov eax, [esi + ELF32_OFF_ENTRY]
   634 00000728 2E66A3[047B]                mov [cs:elf_entry_point], eax
   634          ******************       warning: 16-bit absolute section-crossing relocation [-w+reloc-abs-word]
   635 0000072D 2E66C706[107B]FFFF-         mov dword [cs:elf_min_address], 0xFFFFFFFF
   635          ******************       warning: 16-bit absolute section-crossing relocation [-w+reloc-abs-word]
   635 00000735 FFFF               
   636 00000737 2E66C706[147B]0000-         mov dword [cs:elf_max_address], 0
   636          ******************       warning: 16-bit absolute section-crossing relocation [-w+reloc-abs-word]
   636 0000073F 0000               
   637 00000741 2E66C706[187B]0000-         mov dword [cs:elf_segment_count], 0
   637          ******************       warning: 16-bit absolute section-crossing relocation [-w+reloc-abs-word]
   637 00000749 0000               
   638 0000074B 2EC606[307B]00              mov byte [cs:elf_entry_covered], 0
   638          ******************       warning: 16-bit absolute section-crossing relocation [-w+reloc-abs-word]
   639 00000751 2EC606[317B]00              mov byte [cs:elf_build_id_found], 0
   639          ******************       warning: 16-bit absolute section-crossing relocation [-w+reloc-abs-word]
   640 00000757 2EC606[327B]00              mov byte [cs:elf_nova_metadata_found], 0
   640          ******************       warning: 16-bit absolute section-crossing relocation [-w+reloc-abs-word]
   641                                  .program_header:
   642 0000075D 67668B02                    mov eax, [edx + ELF32_PH_OFF_TYPE]
   643 00000761 6683F802                    cmp eax, ELF_PT_DYNAMIC
   644 00000765 0F849D01                    je .invalid
   645 00000769 6683F803                    cmp eax, ELF_PT_INTERP
   646 0000076D 0F849501                    je .invalid
   647 00000771 6683F804                    cmp eax, ELF_PT_NOTE
   648 00000775 750A                        jne .check_load
   649 00000777 E84204                      call validate_elf_note_segment
   650 0000077A 0F828801                    jc .invalid
   651 0000077E E94D01                      jmp .next
   652                                  .check_load:
   653 00000781 6683F801                    cmp eax, ELF_PT_LOAD
   654 00000785 0F854501                    jne .next
   655 00000789 67668B4218                  mov eax, [edx + ELF32_PH_OFF_FLAGS]
   656 0000078E 6683E003                    and eax, ELF_PF_EXECUTE | ELF_PF_WRITE
   657 00000792 6683F803                    cmp eax, ELF_PF_EXECUTE | ELF_PF_WRITE
   658 00000796 0F846C01                    je .invalid                    ; W^X bereits im Loader erzwingen
   659 0000079A 67668B4210                  mov eax, [edx + ELF32_PH_OFF_FILESZ]
   660 0000079F 67663B4214                  cmp eax, [edx + ELF32_PH_OFF_MEMSZ]
   661 000007A4 0F875E01                    ja .invalid
   662 000007A8 6766837A1400                cmp dword [edx + ELF32_PH_OFF_MEMSZ], 0
   663 000007AE 0F845401                    je .invalid
   664 000007B2 6766034204                  add eax, [edx + ELF32_PH_OFF_OFFSET]
   665 000007B7 0F824B01                    jc .invalid
   666 000007BB 6639F8                      cmp eax, edi
   667 000007BE 0F874401                    ja .invalid
   668 000007C2 67668B420C                  mov eax, [edx + ELF32_PH_OFF_PADDR]
   669 000007C7 663D00001000                cmp eax, KERNEL_ENTRY_ADDRESS
   670 000007CD 0F823501                    jb .invalid
   671 000007D1 6689C3                      mov ebx, eax
   672 000007D4 6766035A14                  add ebx, [edx + ELF32_PH_OFF_MEMSZ]
   673 000007D9 0F822901                    jc .invalid
   674 000007DD 6681FB00000001              cmp ebx, 0x01000000
   675 000007E4 0F871E01                    ja .invalid
   676                                  
   677                                      ; p_vaddr und p_offset müssen modulo p_align übereinstimmen.
   678 000007E8 67668B6A1C                  mov ebp, [edx + ELF32_PH_OFF_ALIGN]
   679 000007ED 6683FD01                    cmp ebp, 1
   680 000007F1 7627                        jbe .alignment_ok
   681 000007F3 6689E8                      mov eax, ebp
   682 000007F6 6648                        dec eax
   683 000007F8 6685C5                      test ebp, eax
   684 000007FB 0F850701                    jnz .invalid
   685 000007FF 67668B6A04                  mov ebp, [edx + ELF32_PH_OFF_OFFSET]
   686 00000804 6621C5                      and ebp, eax
   687                                      ; Der zweite AND benötigt align-1, nicht align.
   688 00000807 67668B421C                  mov eax, [edx + ELF32_PH_OFF_ALIGN]
   689 0000080C 6648                        dec eax
   690 0000080E 6766234208                  and eax, [edx + ELF32_PH_OFF_VADDR]
   691 00000813 6639C5                      cmp ebp, eax
   692 00000816 0F85EC00                    jne .invalid
   693                                  .alignment_ok:
   694 0000081A 67668B420C                  mov eax, [edx + ELF32_PH_OFF_PADDR]
   695 0000081F 6689C3                      mov ebx, eax
   696 00000822 6766035A14                  add ebx, [edx + ELF32_PH_OFF_MEMSZ]
   697 00000827 2E66A3[1C7B]                mov [cs:elf_current_start], eax
   697          ******************       warning: 16-bit absolute section-crossing relocation [-w+reloc-abs-word]
   698 0000082C 2E66891E[207B]              mov [cs:elf_current_end], ebx
   698          ******************       warning: 16-bit absolute section-crossing relocation [-w+reloc-abs-word]
   699                                  
   700                                      ; Kein geladenes Speicherintervall darf ein früheres PT_LOAD überlappen.
   701 00000832 6631ED                      xor ebp, ebp
   702                                  .overlap_loop:
   703 00000835 2E663B2E[187B]              cmp ebp, [cs:elf_segment_count]
   703          ******************       warning: 16-bit absolute section-crossing relocation [-w+reloc-abs-word]
   704 0000083B 7324                        jae .store_interval
   705 0000083D 2E67663B04AD-               cmp eax, [cs:elf_segment_ends + ebp * 4]
   705          ******************       warning: 32-bit absolute section-crossing relocation [-w+reloc-abs-dword]
   705 00000843 [887B0000]         
   706 00000847 7314                        jae .overlap_next
   707 00000849 2E67668B1CAD-               mov ebx, [cs:elf_segment_starts + ebp * 4]
   707          ******************       warning: 32-bit absolute section-crossing relocation [-w+reloc-abs-dword]
   707 0000084F [487B0000]         
   708 00000853 2E663B1E[207B]              cmp ebx, [cs:elf_current_end]
   708          ******************       warning: 16-bit absolute section-crossing relocation [-w+reloc-abs-word]
   709 00000859 0F82A900                    jb .invalid
   710                                  .overlap_next:
   711 0000085D 6645                        inc ebp
   712 0000085F EBD4                        jmp .overlap_loop
   713                                  .store_interval:
   714 00000861 2E668B2E[187B]              mov ebp, [cs:elf_segment_count]
   714          ******************       warning: 16-bit absolute section-crossing relocation [-w+reloc-abs-word]
   715 00000867 2E66A1[1C7B]                mov eax, [cs:elf_current_start]
   715          ******************       warning: 16-bit absolute section-crossing relocation [-w+reloc-abs-word]
   716 0000086C 2E67668904AD-               mov [cs:elf_segment_starts + ebp * 4], eax
   716          ******************       warning: 32-bit absolute section-crossing relocation [-w+reloc-abs-dword]
   716 00000872 [487B0000]         
   717 00000876 2E668B1E[207B]              mov ebx, [cs:elf_current_end]
   717          ******************       warning: 16-bit absolute section-crossing relocation [-w+reloc-abs-word]
   718 0000087C 2E6766891CAD-               mov [cs:elf_segment_ends + ebp * 4], ebx
   718          ******************       warning: 32-bit absolute section-crossing relocation [-w+reloc-abs-dword]
   718 00000882 [887B0000]         
   719 00000886 2E66FF06[187B]              inc dword [cs:elf_segment_count]
   719          ******************       warning: 16-bit absolute section-crossing relocation [-w+reloc-abs-word]
   720 0000088C 2E663B06[107B]              cmp eax, [cs:elf_min_address]
   720          ******************       warning: 16-bit absolute section-crossing relocation [-w+reloc-abs-word]
   721 00000892 7305                        jae .minimum_ok
   722 00000894 2E66A3[107B]                mov [cs:elf_min_address], eax
   722          ******************       warning: 16-bit absolute section-crossing relocation [-w+reloc-abs-word]
   723                                  .minimum_ok:
   724 00000899 2E663B1E[147B]              cmp ebx, [cs:elf_max_address]
   724          ******************       warning: 16-bit absolute section-crossing relocation [-w+reloc-abs-word]
   725 0000089F 7606                        jbe .check_entry
   726 000008A1 2E66891E[147B]              mov [cs:elf_max_address], ebx
   726          ******************       warning: 16-bit absolute section-crossing relocation [-w+reloc-abs-word]
   727                                  .check_entry:
   728 000008A7 6766F7421801000000          test dword [edx + ELF32_PH_OFF_FLAGS], ELF_PF_EXECUTE
   729 000008B0 741C                        jz .next
   730 000008B2 2E668B2E[047B]              mov ebp, [cs:elf_entry_point]
   730          ******************       warning: 16-bit absolute section-crossing relocation [-w+reloc-abs-word]
   731 000008B8 2E663B2E[1C7B]              cmp ebp, [cs:elf_current_start]
   731          ******************       warning: 16-bit absolute section-crossing relocation [-w+reloc-abs-word]
   732 000008BE 720E                        jb .next
   733 000008C0 2E663B2E[207B]              cmp ebp, [cs:elf_current_end]
   733          ******************       warning: 16-bit absolute section-crossing relocation [-w+reloc-abs-word]
   734 000008C6 7306                        jae .next
   735 000008C8 2EC606[307B]01              mov byte [cs:elf_entry_covered], 1
   735          ******************       warning: 16-bit absolute section-crossing relocation [-w+reloc-abs-word]
   736                                  .next:
   737 000008CE 6683C220                    add edx, ELF32_PROGRAM_HEADER_SIZE
   738 000008D2 6649                        dec ecx
   739 000008D4 0F8585FE                    jnz .program_header
   740 000008D8 2E66833E[187B]00            cmp dword [cs:elf_segment_count], 0
   740          ******************       warning: 16-bit absolute section-crossing relocation [-w+reloc-abs-word]
   741 000008DF 7425                        je .invalid
   742 000008E1 2E803E[307B]01              cmp byte [cs:elf_entry_covered], 1
   742          ******************       warning: 16-bit absolute section-crossing relocation [-w+reloc-abs-word]
   743 000008E7 751D                        jne .invalid
   744 000008E9 2E66A1[107B]                mov eax, [cs:elf_min_address]
   744          ******************       warning: 16-bit absolute section-crossing relocation [-w+reloc-abs-word]
   745 000008EE 2E66A3[FC7A]                mov [cs:elf_load_address], eax
   745          ******************       warning: 16-bit absolute section-crossing relocation [-w+reloc-abs-word]
   746 000008F3 2E668B1E[147B]              mov ebx, [cs:elf_max_address]
   746          ******************       warning: 16-bit absolute section-crossing relocation [-w+reloc-abs-word]
   747 000008F9 6629C3                      sub ebx, eax
   748 000008FC 2E66891E[007B]              mov [cs:elf_memory_size], ebx
   748          ******************       warning: 16-bit absolute section-crossing relocation [-w+reloc-abs-word]
   749 00000902 6661                        popad
   750 00000904 F8                          clc
   751 00000905 C3                          ret
   752                                  .invalid:
   753 00000906 6661                        popad
   754 00000908 F9                          stc
   755 00000909 C3                          ret
   756                                  
   757                                  validate_elf64_ds_si:
   758 0000090A 6660                        pushad
   759 0000090C 660FB7F6                    movzx esi, si
   760 00000910 6689CF                      mov edi, ecx
   761 00000913 6683FF40                    cmp edi, ELF64_HEADER_SIZE
   762 00000917 0F829D02                    jb .invalid
   763 0000091B 6766813E7F454C46            cmp dword [esi], ELF_MAGIC
   764 00000923 0F859102                    jne .invalid
   765 00000927 67807E0402                  cmp byte [esi + 4], ELFCLASS64
   766 0000092C 0F858802                    jne .invalid
   767 00000930 67807E0501                  cmp byte [esi + 5], ELFDATA2LSB
   768 00000935 0F857F02                    jne .invalid
   769 00000939 67837E1002                  cmp word [esi + 16], ELF_ET_EXEC
   770 0000093E 0F857602                    jne .invalid
   771 00000942 67837E123E                  cmp word [esi + 18], ELF_EM_X86_64
   772 00000947 0F856D02                    jne .invalid
   773 0000094B 6766837E1401                cmp dword [esi + 20], 1
   774 00000951 0F856302                    jne .invalid
   775 00000955 67837E3440                  cmp word [esi + ELF64_OFF_EHSIZE], ELF64_HEADER_SIZE
   776 0000095A 0F855A02                    jne .invalid
   777 0000095E 67837E3638                  cmp word [esi + ELF64_OFF_PHENTSIZE], ELF64_PROGRAM_HEADER_SIZE
   778 00000963 0F855102                    jne .invalid
   779 00000967 6766837E1C00                cmp dword [esi + ELF64_OFF_ENTRY + 4], 0
   780 0000096D 0F854702                    jne .invalid
   781 00000971 6766837E2400                cmp dword [esi + ELF64_OFF_PHOFF + 4], 0
   782 00000977 0F853D02                    jne .invalid
   783 0000097B 67660FB74E38                movzx ecx, word [esi + ELF64_OFF_PHNUM]
   784 00000981 6685C9                      test ecx, ecx
   785 00000984 0F843002                    jz .invalid
   786 00000988 6683F910                    cmp ecx, 16
   787 0000098C 0F872802                    ja .invalid
   788 00000990 67668B4620                  mov eax, [esi + ELF64_OFF_PHOFF]
   789 00000995 666BD138                    imul edx, ecx, ELF64_PROGRAM_HEADER_SIZE
   790 00000999 6601C2                      add edx, eax
   791 0000099C 0F821802                    jc .invalid
   792 000009A0 6639FA                      cmp edx, edi
   793 000009A3 0F871102                    ja .invalid
   794 000009A7 6601F0                      add eax, esi
   795 000009AA 6689C2                      mov edx, eax
   796 000009AD 67668B4618                  mov eax, [esi + ELF64_OFF_ENTRY]
   797 000009B2 2E66A3[047B]                mov [cs:elf_entry_point], eax
   797          ******************       warning: 16-bit absolute section-crossing relocation [-w+reloc-abs-word]
   798 000009B7 2E66C706[107B]FFFF-         mov dword [cs:elf_min_address], 0xFFFFFFFF
   798          ******************       warning: 16-bit absolute section-crossing relocation [-w+reloc-abs-word]
   798 000009BF FFFF               
   799 000009C1 2E66C706[147B]0000-         mov dword [cs:elf_max_address], 0
   799          ******************       warning: 16-bit absolute section-crossing relocation [-w+reloc-abs-word]
   799 000009C9 0000               
   800 000009CB 2E66C706[187B]0000-         mov dword [cs:elf_segment_count], 0
   800          ******************       warning: 16-bit absolute section-crossing relocation [-w+reloc-abs-word]
   800 000009D3 0000               
   801 000009D5 2EC606[307B]00              mov byte [cs:elf_entry_covered], 0
   801          ******************       warning: 16-bit absolute section-crossing relocation [-w+reloc-abs-word]
   802                                  .ph:
   803 000009DB 6766833A02                  cmp dword [edx + ELF64_PH_OFF_TYPE], ELF_PT_DYNAMIC
   804 000009E0 0F84D401                    je .invalid
   805 000009E4 6766833A03                  cmp dword [edx + ELF64_PH_OFF_TYPE], ELF_PT_INTERP
   806 000009E9 0F84CB01                    je .invalid
   807 000009ED 6766833A01                  cmp dword [edx + ELF64_PH_OFF_TYPE], ELF_PT_LOAD
   808 000009F2 0F856901                    jne .next
   809 000009F6 67668B4204                  mov eax, [edx + ELF64_PH_OFF_FLAGS]
   810 000009FB 6683E003                    and eax, ELF_PF_EXECUTE | ELF_PF_WRITE
   811 000009FF 6683F803                    cmp eax, ELF_PF_EXECUTE | ELF_PF_WRITE
   812 00000A03 0F84B101                    je .invalid
   813 00000A07 6766837A0C00                cmp dword [edx + ELF64_PH_OFF_OFFSET + 4], 0
   814 00000A0D 0F85A701                    jne .invalid
   815 00000A11 6766837A1C00                cmp dword [edx + ELF64_PH_OFF_PADDR + 4], 0
   816 00000A17 0F859D01                    jne .invalid
   817 00000A1B 6766837A2400                cmp dword [edx + ELF64_PH_OFF_FILESZ + 4], 0
   818 00000A21 0F859301                    jne .invalid
   819 00000A25 6766837A2C00                cmp dword [edx + ELF64_PH_OFF_MEMSZ + 4], 0
   820 00000A2B 0F858901                    jne .invalid
   821 00000A2F 6766837A3400                cmp dword [edx + ELF64_PH_OFF_ALIGN + 4], 0
   822 00000A35 0F857F01                    jne .invalid
   823 00000A39 67668B4220                  mov eax, [edx + ELF64_PH_OFF_FILESZ]
   824 00000A3E 67663B4228                  cmp eax, [edx + ELF64_PH_OFF_MEMSZ]
   825 00000A43 0F877101                    ja .invalid
   826 00000A47 6766034208                  add eax, [edx + ELF64_PH_OFF_OFFSET]
   827 00000A4C 0F826801                    jc .invalid
   828 00000A50 6639F8                      cmp eax, edi
   829 00000A53 0F876101                    ja .invalid
   830 00000A57 67668B4218                  mov eax, [edx + ELF64_PH_OFF_PADDR]
   831 00000A5C 663D00001000                cmp eax, KERNEL_ENTRY_ADDRESS
   832 00000A62 0F825201                    jb .invalid
   833 00000A66 6689C3                      mov ebx, eax
   834 00000A69 6766035A28                  add ebx, [edx + ELF64_PH_OFF_MEMSZ]
   835 00000A6E 0F824601                    jc .invalid
   836 00000A72 6681FB00000001              cmp ebx, 0x01000000
   837 00000A79 0F873B01                    ja .invalid
   838 00000A7D 2E66A3[1C7B]                mov [cs:elf_current_start], eax
   838          ******************       warning: 16-bit absolute section-crossing relocation [-w+reloc-abs-word]
   839 00000A82 2E66891E[207B]              mov [cs:elf_current_end], ebx
   839          ******************       warning: 16-bit absolute section-crossing relocation [-w+reloc-abs-word]
   840 00000A88 67668B6A30                  mov ebp, [edx + ELF64_PH_OFF_ALIGN]
   841 00000A8D 6683FD01                    cmp ebp, 1
   842 00000A91 7631                        jbe .alignment_ok
   843 00000A93 6689E8                      mov eax, ebp
   844 00000A96 6648                        dec eax
   845 00000A98 6685C5                      test ebp, eax
   846 00000A9B 0F851901                    jnz .invalid
   847 00000A9F 67668B6A08                  mov ebp, [edx + ELF64_PH_OFF_OFFSET]
   848 00000AA4 6621C5                      and ebp, eax
   849 00000AA7 67668B4210                  mov eax, [edx + ELF64_PH_OFF_VADDR]
   850 00000AAC 6766234230                  and eax, [edx + ELF64_PH_OFF_ALIGN]
   851                                      ; align-1 erneut bilden, damit virtuelle Adresse und Offset kongruent sind.
   852 00000AB1 67668B4230                  mov eax, [edx + ELF64_PH_OFF_ALIGN]
   853 00000AB6 6648                        dec eax
   854 00000AB8 6766234210                  and eax, [edx + ELF64_PH_OFF_VADDR]
   855 00000ABD 6639C5                      cmp ebp, eax
   856 00000AC0 0F85F400                    jne .invalid
   857                                  .alignment_ok:
   858 00000AC4 6631ED                      xor ebp, ebp
   859                                  .overlap:
   860 00000AC7 2E663B2E[187B]              cmp ebp, [cs:elf_segment_count]
   860          ******************       warning: 16-bit absolute section-crossing relocation [-w+reloc-abs-word]
   861 00000ACD 7329                        jae .store
   862 00000ACF 2E66A1[1C7B]                mov eax, [cs:elf_current_start]
   862          ******************       warning: 16-bit absolute section-crossing relocation [-w+reloc-abs-word]
   863 00000AD4 2E67663B04AD-               cmp eax, [cs:elf_segment_ends + ebp * 4]
   863          ******************       warning: 32-bit absolute section-crossing relocation [-w+reloc-abs-dword]
   863 00000ADA [887B0000]         
   864 00000ADE 7314                        jae .overlap_next
   865 00000AE0 2E67668B04AD-               mov eax, [cs:elf_segment_starts + ebp * 4]
   865          ******************       warning: 32-bit absolute section-crossing relocation [-w+reloc-abs-dword]
   865 00000AE6 [487B0000]         
   866 00000AEA 2E663B06[207B]              cmp eax, [cs:elf_current_end]
   866          ******************       warning: 16-bit absolute section-crossing relocation [-w+reloc-abs-word]
   867 00000AF0 0F82C400                    jb .invalid
   868                                  .overlap_next:
   869 00000AF4 6645                        inc ebp
   870 00000AF6 EBCF                        jmp .overlap
   871                                  .store:
   872 00000AF8 2E668B2E[187B]              mov ebp, [cs:elf_segment_count]
   872          ******************       warning: 16-bit absolute section-crossing relocation [-w+reloc-abs-word]
   873 00000AFE 2E66A1[1C7B]                mov eax, [cs:elf_current_start]
   873          ******************       warning: 16-bit absolute section-crossing relocation [-w+reloc-abs-word]
   874 00000B03 2E67668904AD-               mov [cs:elf_segment_starts + ebp * 4], eax
   874          ******************       warning: 32-bit absolute section-crossing relocation [-w+reloc-abs-dword]
   874 00000B09 [487B0000]         
   875 00000B0D 2E668B1E[207B]              mov ebx, [cs:elf_current_end]
   875          ******************       warning: 16-bit absolute section-crossing relocation [-w+reloc-abs-word]
   876 00000B13 2E6766891CAD-               mov [cs:elf_segment_ends + ebp * 4], ebx
   876          ******************       warning: 32-bit absolute section-crossing relocation [-w+reloc-abs-dword]
   876 00000B19 [887B0000]         
   877 00000B1D 2E663B06[107B]              cmp eax, [cs:elf_min_address]
   877          ******************       warning: 16-bit absolute section-crossing relocation [-w+reloc-abs-word]
   878 00000B23 7305                        jae .min_ok
   879 00000B25 2E66A3[107B]                mov [cs:elf_min_address], eax
   879          ******************       warning: 16-bit absolute section-crossing relocation [-w+reloc-abs-word]
   880                                  .min_ok:
   881 00000B2A 2E663B1E[147B]              cmp ebx, [cs:elf_max_address]
   881          ******************       warning: 16-bit absolute section-crossing relocation [-w+reloc-abs-word]
   882 00000B30 7606                        jbe .entry
   883 00000B32 2E66891E[147B]              mov [cs:elf_max_address], ebx
   883          ******************       warning: 16-bit absolute section-crossing relocation [-w+reloc-abs-word]
   884                                  .entry:
   885 00000B38 2E66FF06[187B]              inc dword [cs:elf_segment_count]
   885          ******************       warning: 16-bit absolute section-crossing relocation [-w+reloc-abs-word]
   886 00000B3E 6766F7420401000000          test dword [edx + ELF64_PH_OFF_FLAGS], ELF_PF_EXECUTE
   887 00000B47 7416                        jz .next
   888 00000B49 2E668B2E[047B]              mov ebp, [cs:elf_entry_point]
   888          ******************       warning: 16-bit absolute section-crossing relocation [-w+reloc-abs-word]
   889 00000B4F 6639C5                      cmp ebp, eax
   890 00000B52 720B                        jb .next
   891 00000B54 6639DD                      cmp ebp, ebx
   892 00000B57 7306                        jae .next
   893 00000B59 2EC606[307B]01              mov byte [cs:elf_entry_covered], 1
   893          ******************       warning: 16-bit absolute section-crossing relocation [-w+reloc-abs-word]
   894                                  .next:
   895 00000B5F 6683C238                    add edx, ELF64_PROGRAM_HEADER_SIZE
   896 00000B63 6649                        dec ecx
   897 00000B65 0F8572FE                    jnz .ph
   898 00000B69 2E66833E[187B]00            cmp dword [cs:elf_segment_count], 0
   898          ******************       warning: 16-bit absolute section-crossing relocation [-w+reloc-abs-word]
   899 00000B70 7446                        je .invalid
   900 00000B72 2E803E[307B]01              cmp byte [cs:elf_entry_covered], 1
   900          ******************       warning: 16-bit absolute section-crossing relocation [-w+reloc-abs-word]
   901 00000B78 753E                        jne .invalid
   902 00000B7A 2E66A1[107B]                mov eax, [cs:elf_min_address]
   902          ******************       warning: 16-bit absolute section-crossing relocation [-w+reloc-abs-word]
   903 00000B7F 2E66A3[FC7A]                mov [cs:elf_load_address], eax
   903          ******************       warning: 16-bit absolute section-crossing relocation [-w+reloc-abs-word]
   904 00000B84 2E668B1E[147B]              mov ebx, [cs:elf_max_address]
   904          ******************       warning: 16-bit absolute section-crossing relocation [-w+reloc-abs-word]
   905 00000B8A 6629C3                      sub ebx, eax
   906 00000B8D 2E66891E[007B]              mov [cs:elf_memory_size], ebx
   906          ******************       warning: 16-bit absolute section-crossing relocation [-w+reloc-abs-word]
   907 00000B93 66B800000080                mov eax, 0x80000000
   908 00000B99 0FA2                        cpuid
   909 00000B9B 663D01000080                cmp eax, 0x80000001
   910 00000BA1 7215                        jb .invalid
   911 00000BA3 66B801000080                mov eax, 0x80000001
   912 00000BA9 0FA2                        cpuid
   913 00000BAB 66F7C200000020              test edx, 1 << 29
   914 00000BB2 7404                        jz .invalid
   915 00000BB4 6661                        popad
   916 00000BB6 F8                          clc
   917 00000BB7 C3                          ret
   918                                  .invalid:
   919 00000BB8 6661                        popad
   920 00000BBA F9                          stc
   921 00000BBB C3                          ret
   922                                  
   923                                  ; Validiert alle ELF32-Notes eines PT_NOTE-Segments. Unbekannte Notes bleiben optional.
   924                                  validate_elf_note_segment:
   925 00000BBC 6660                        pushad
   926 00000BBE 67668B4204                  mov eax, [edx + ELF32_PH_OFF_OFFSET]
   927 00000BC3 67668B5A10                  mov ebx, [edx + ELF32_PH_OFF_FILESZ]
   928 00000BC8 6601C3                      add ebx, eax
   929 00000BCB 0F827001                    jc .invalid
   930 00000BCF 6639FB                      cmp ebx, edi
   931 00000BD2 0F876901                    ja .invalid
   932 00000BD6 6601F0                      add eax, esi
   933 00000BD9 6601F3                      add ebx, esi
   934 00000BDC 0F825F01                    jc .invalid
   935 00000BE0 6689C5                      mov ebp, eax
   936                                  .note:
   937 00000BE3 6639DD                      cmp ebp, ebx
   938 00000BE6 0F845101                    je .valid
   939 00000BEA 0F875101                    ja .invalid
   940 00000BEE 6689D8                      mov eax, ebx
   941 00000BF1 6629E8                      sub eax, ebp
   942 00000BF4 6683F80C                    cmp eax, 12
   943 00000BF8 0F824301                    jb .invalid
   944 00000BFC 3E67668B4500                mov eax, [ds:ebp]
   945 00000C02 3E67668B4D04                mov ecx, [ds:ebp + 4]
   946 00000C08 2E66A3[247B]                mov [cs:elf_note_name_size], eax
   946          ******************       warning: 16-bit absolute section-crossing relocation [-w+reloc-abs-word]
   947 00000C0D 2E66890E[287B]              mov [cs:elf_note_desc_size], ecx
   947          ******************       warning: 16-bit absolute section-crossing relocation [-w+reloc-abs-word]
   948 00000C13 6683C003                    add eax, 3
   949 00000C17 0F822401                    jc .invalid
   950 00000C1B 6683E0FC                    and eax, 0xFFFFFFFC
   951 00000C1F 6683C103                    add ecx, 3
   952 00000C23 0F821801                    jc .invalid
   953 00000C27 6683E1FC                    and ecx, 0xFFFFFFFC
   954 00000C2B 6601C8                      add eax, ecx
   955 00000C2E 0F820D01                    jc .invalid
   956 00000C32 6683C00C                    add eax, 12
   957 00000C36 0F820501                    jc .invalid
   958 00000C3A 6689E9                      mov ecx, ebp
   959 00000C3D 6601C1                      add ecx, eax
   960 00000C40 0F82FB00                    jc .invalid
   961 00000C44 6639D9                      cmp ecx, ebx
   962 00000C47 0F87F400                    ja .invalid
   963 00000C4B 2E66890E[2C7B]              mov [cs:elf_note_next], ecx
   963          ******************       warning: 16-bit absolute section-crossing relocation [-w+reloc-abs-word]
   964 00000C51 3E6766837D0803              cmp dword [ds:ebp + 8], ELF_NT_GNU_BUILD_ID
   965 00000C58 7563                        jne .check_nova
   966 00000C5A 2E66833E[247B]04            cmp dword [cs:elf_note_name_size], 4
   966          ******************       warning: 16-bit absolute section-crossing relocation [-w+reloc-abs-word]
   967 00000C61 0F85CD00                    jne .advance
   968 00000C65 2E66833E[287B]14            cmp dword [cs:elf_note_desc_size], 20
   968          ******************       warning: 16-bit absolute section-crossing relocation [-w+reloc-abs-word]
   969 00000C6C 0F85C200                    jne .advance
   970 00000C70 3E6766817D0C474E55-         cmp dword [ds:ebp + 12], 0x00554E47 ; "GNU\0"
   970 00000C79 00                 
   971 00000C7A 0F85B400                    jne .advance
   972 00000C7E 2EC606[317B]01              mov byte [cs:elf_build_id_found], 1
   972          ******************       warning: 16-bit absolute section-crossing relocation [-w+reloc-abs-word]
   973 00000C84 3E67668B4510                mov eax, [ds:ebp + 16]
   974 00000C8A 2E66A3[347B]                mov [cs:elf_build_id + 0], eax
   974          ******************       warning: 16-bit absolute section-crossing relocation [-w+reloc-abs-word]
   975 00000C8F 3E67668B4514                mov eax, [ds:ebp + 20]
   976 00000C95 2E66A3[387B]                mov [cs:elf_build_id + 4], eax
   976          ******************       warning: 16-bit absolute section-crossing relocation [-w+reloc-abs-word]
   977 00000C9A 3E67668B4518                mov eax, [ds:ebp + 24]
   978 00000CA0 2E66A3[3C7B]                mov [cs:elf_build_id + 8], eax
   978          ******************       warning: 16-bit absolute section-crossing relocation [-w+reloc-abs-word]
   979 00000CA5 3E67668B451C                mov eax, [ds:ebp + 28]
   980 00000CAB 2E66A3[407B]                mov [cs:elf_build_id + 12], eax
   980          ******************       warning: 16-bit absolute section-crossing relocation [-w+reloc-abs-word]
   981 00000CB0 3E67668B4520                mov eax, [ds:ebp + 32]
   982 00000CB6 2E66A3[447B]                mov [cs:elf_build_id + 16], eax
   982          ******************       warning: 16-bit absolute section-crossing relocation [-w+reloc-abs-word]
   983 00000CBB EB75                        jmp .advance
   984                                  .check_nova:
   985 00000CBD 3E6766817D0801564F-         cmp dword [ds:ebp + 8], ELF_NT_NOVA_REQUIREMENTS
   985 00000CC6 4E                 
   986 00000CC7 7569                        jne .advance
   987 00000CC9 2E66833E[247B]05            cmp dword [cs:elf_note_name_size], 5
   987          ******************       warning: 16-bit absolute section-crossing relocation [-w+reloc-abs-word]
   988 00000CD0 756D                        jne .invalid
   989 00000CD2 2E66833E[287B]10            cmp dword [cs:elf_note_desc_size], 16
   989          ******************       warning: 16-bit absolute section-crossing relocation [-w+reloc-abs-word]
   990 00000CD9 7564                        jne .invalid
   991 00000CDB 3E6766817D0C4E4F56-         cmp dword [ds:ebp + 12], 0x41564F4E ; "NOVA"
   991 00000CE4 41                 
   992 00000CE5 7558                        jne .invalid
   993 00000CE7 3E67807D1000                cmp byte [ds:ebp + 16], 0
   994 00000CED 7550                        jne .invalid
   995 00000CEF 3E6766837D1401              cmp dword [ds:ebp + 20], 1
   996 00000CF6 7547                        jne .invalid
   997 00000CF8 3E6766817D18000001-         cmp dword [ds:ebp + 24], NOVA_LOADER_ABI_VERSION
   997 00000D01 00                 
   998 00000D02 773B                        ja .invalid
   999 00000D04 3E67668B451C                mov eax, [ds:ebp + 28]
  1000 00000D0A 2E668B16E850                mov edx, [cs:BOOT_INFO_ADDRESS + BIB_CPU_OFFSET + 24]
  1001 00000D10 66F7D2                      not edx
  1002 00000D13 6685D0                      test eax, edx
  1003 00000D16 7527                        jnz .invalid
  1004 00000D18 3E67668B4520                mov eax, [ds:ebp + 32]
  1005 00000D1E 2E668B16EC50                mov edx, [cs:BOOT_INFO_ADDRESS + BIB_CPU_OFFSET + 28]
  1006 00000D24 66F7D2                      not edx
  1007 00000D27 6685D0                      test eax, edx
  1008 00000D2A 7513                        jnz .invalid
  1009 00000D2C 2EC606[327B]01              mov byte [cs:elf_nova_metadata_found], 1
  1009          ******************       warning: 16-bit absolute section-crossing relocation [-w+reloc-abs-word]
  1010                                  .advance:
  1011 00000D32 2E668B2E[2C7B]              mov ebp, [cs:elf_note_next]
  1011          ******************       warning: 16-bit absolute section-crossing relocation [-w+reloc-abs-word]
  1012 00000D38 E9A8FE                      jmp .note
  1013                                  .valid:
  1014 00000D3B 6661                        popad
  1015 00000D3D F8                          clc
  1016 00000D3E C3                          ret
  1017                                  .invalid:
  1018 00000D3F 6661                        popad
  1019 00000D41 F9                          stc
  1020 00000D42 C3                          ret
  1021                                  
  1022                                  ; CRC32/ISO-HDLC über DS:SI, Länge ECX. Ergebnis EAX.
  1023                                  crc32_ds_si:
  1024 00000D43 66B8FFFFFFFF                mov eax, 0xFFFFFFFF
  1025                                  .byte:
  1026 00000D49 6685C9                      test ecx, ecx
  1027 00000D4C 7419                        jz .finish
  1028 00000D4E 3204                        xor al, [si]
  1029 00000D50 46                          inc si
  1030 00000D51 51                          push cx
  1031 00000D52 B90800                      mov cx, 8
  1032                                  .bit:
  1033 00000D55 66D1E8                      shr eax, 1
  1034 00000D58 7306                        jnc .next_bit
  1035 00000D5A 66352083B8ED                xor eax, 0xEDB88320
  1036                                  .next_bit:
  1037 00000D60 E2F3                        loop .bit
  1038 00000D62 59                          pop cx
  1039 00000D63 6649                        dec ecx
  1040 00000D65 EBE2                        jmp .byte
  1041                                  .finish:
  1042 00000D67 66F7D0                      not eax
  1043 00000D6A C3                          ret
  1044                                  
  1045                                  finalize_bib:
  1046 00000D6B 66C706145000000000          mov dword [BOOT_INFO_ADDRESS + BIB_OFF_CHECKSUM], 0
  1047 00000D74 31C0                        xor ax, ax
  1048 00000D76 8ED8                        mov ds, ax
  1049 00000D78 BE0050                      mov si, BOOT_INFO_ADDRESS
  1050 00000D7B 66B9D0010000                mov ecx, BIB_TOTAL_SIZE
  1051 00000D81 E8BFFF                      call crc32_ds_si
  1052 00000D84 66A31450                    mov dword [BOOT_INFO_ADDRESS + BIB_OFF_CHECKSUM], eax
  1053 00000D88 C3                          ret
  1054                                  
  1055                                  ; Stage 2 übergibt ausschließlich ein strukturell konsistentes NBHP/BIB.
  1056                                  ; Unbekannte optionale TLVs dürfte der Kernel überspringen; die von Stage 2
  1057                                  ; erzeugten Pflicht-TLVs müssen hier jedoch vollständig und geordnet sein.
  1058                                  validate_bib:
  1059 00000D89 66813E00504E424850          cmp dword [BOOT_INFO_ADDRESS + BIB_OFF_MAGIC_LOW], NOVA_BIB_MAGIC_LOW
  1060 00000D92 7564                        jne .invalid
  1061 00000D94 66813E045042494200          cmp dword [BOOT_INFO_ADDRESS + BIB_OFF_MAGIC_HIGH], NOVA_BIB_MAGIC_HIGH
  1062 00000D9D 7559                        jne .invalid
  1063 00000D9F 833E0E5020                  cmp word [BOOT_INFO_ADDRESS + BIB_OFF_HEADER_SIZE], NOVA_BIB_HEADER_SIZE
  1064 00000DA4 7552                        jne .invalid
  1065 00000DA6 66813E1050D0010000          cmp dword [BOOT_INFO_ADDRESS + BIB_OFF_TOTAL_SIZE], BIB_TOTAL_SIZE
  1066 00000DAF 7547                        jne .invalid
  1067 00000DB1 833E205001                  cmp word [BOOT_INFO_ADDRESS + BIB_FIRMWARE_OFFSET], BIB_TLV_FIRMWARE
  1068 00000DB6 7540                        jne .invalid
  1069 00000DB8 833E385003                  cmp word [BOOT_INFO_ADDRESS + BIB_MEMORY_OFFSET], BIB_TLV_MEMORY
  1070 00000DBD 7539                        jne .invalid
  1071 00000DBF 833E505004                  cmp word [BOOT_INFO_ADDRESS + BIB_GRAPHICS_OFFSET], BIB_TLV_GRAPHICS
  1072 00000DC4 7532                        jne .invalid
  1073 00000DC6 833E785006                  cmp word [BOOT_INFO_ADDRESS + BIB_KERNEL_OFFSET], BIB_TLV_KERNEL
  1074 00000DCB 752B                        jne .invalid
  1075 00000DCD 833EA05007                  cmp word [BOOT_INFO_ADDRESS + BIB_SECURITY_OFFSET], BIB_TLV_SECURITY
  1076 00000DD2 7524                        jne .invalid
  1077 00000DD4 833EB85009                  cmp word [BOOT_INFO_ADDRESS + BIB_OPTIONS_OFFSET], BIB_TLV_BOOT_OPTIONS
  1078 00000DD9 751D                        jne .invalid
  1079 00000DDB 833ED05002                  cmp word [BOOT_INFO_ADDRESS + BIB_CPU_OFFSET], BIB_TLV_CPU
  1080 00000DE0 7516                        jne .invalid
  1081 00000DE2 833E68510C                  cmp word [BOOT_INFO_ADDRESS + BIB_ENTROPY_OFFSET], BIB_TLV_ENTROPY
  1082 00000DE7 750F                        jne .invalid
  1083 00000DE9 833E90510D                  cmp word [BOOT_INFO_ADDRESS + BIB_SYSTEM_OFFSET], BIB_TLV_SYSTEM
  1084 00000DEE 7508                        jne .invalid
  1085 00000DF0 833EA8510E                  cmp word [BOOT_INFO_ADDRESS + BIB_KERNEL_ID_OFFSET], BIB_TLV_KERNEL_IDENTITY
  1086 00000DF5 7501                        jne .invalid
  1087 00000DF7 C3                          ret
  1088                                  .invalid:
  1089 00000DF8 BE[C17C]                    mov si, message_bib_error
  1089          ******************       warning: 16-bit absolute section-crossing relocation [-w+reloc-abs-word]
  1090 00000DFB E8C86C                      call print_string
  1091 00000DFE E9DB6C                      jmp fatal_halt
  1092                                  
  1093                                  ; ---------------------------------------------------------------------------
  1094                                  ; CPU-Handoff
  1095                                  ; ---------------------------------------------------------------------------
  1096                                  
  1097                                  enable_a20:
  1098 00000E01 B80124                      mov ax, 0x2401
  1099 00000E04 CD15                        int 0x15
  1100 00000E06 E492                        in al, 0x92
  1101 00000E08 A802                        test al, 0x02
  1102 00000E0A 7506                        jnz .done
  1103 00000E0C 0C02                        or al, 0x02
  1104 00000E0E 24FE                        and al, 0xFE
  1105 00000E10 E692                        out 0x92, al
  1106                                  .done:
  1107 00000E12 C3                          ret
  1108                                  
  1109                                  enter_protected_mode:
  1110 00000E13 FA                          cli
  1111 00000E14 0F0116[C07A]                lgdt [gdt_descriptor]
  1111          ******************       warning: 16-bit absolute section-crossing relocation [-w+reloc-abs-word]
  1112 00000E19 0F20C0                      mov eax, cr0
  1113 00000E1C 6683C801                    or eax, 1
  1114 00000E20 0F22C0                      mov cr0, eax
  1115 00000E23 EA[280E]0800                jmp CODE_SEGMENT:protected_mode_start
  1115          ******************       warning: 16-bit absolute section-crossing relocation [-w+reloc-abs-word]
  1116                                  
  1117                                  [bits 32]
  1118                                  protected_mode_start:
  1119 00000E28 66B81000                    mov ax, DATA_SEGMENT
  1120 00000E2C 8ED8                        mov ds, ax
  1121 00000E2E 8EC0                        mov es, ax
  1122 00000E30 8EE0                        mov fs, ax
  1123 00000E32 8EE8                        mov gs, ax
  1124 00000E34 8ED0                        mov ss, ax
  1125 00000E36 BC00000900                  mov esp, KERNEL_STACK_TOP
  1126 00000E3B FC                          cld
  1127                                  
  1128 00000E3C 803D[E97A0000]00            cmp byte [boot_error_code], 0
  1128          ******************       warning: 32-bit absolute section-crossing relocation [-w+reloc-abs-dword]
  1129 00000E43 7409                        je .kernel_valid
  1130 00000E45 E8BD010000                  call boot_error_screen
  1131                                  .error_halt:
  1132 00000E4A FA                          cli
  1133 00000E4B F4                          hlt
  1134 00000E4C EBFC                        jmp .error_halt
  1135                                  
  1136                                  .kernel_valid:
  1137 00000E4E E88A030000                  call boot_manager_run
  1138 00000E53 803D[EA7A0000]02            cmp byte [kernel_payload_format], NOVA_KERNEL_FORMAT_ELF32
  1138          ******************       warning: 32-bit absolute section-crossing relocation [-w+reloc-abs-dword]
  1139 00000E5A 7430                        je .load_elf32
  1140 00000E5C 803D[EA7A0000]03            cmp byte [kernel_payload_format], NOVA_KERNEL_FORMAT_ELF64
  1140          ******************       warning: 32-bit absolute section-crossing relocation [-w+reloc-abs-dword]
  1141 00000E63 0F848E000000                je .load_elf64
  1142                                  
  1143 00000E69 8B35[F47A0000]              mov esi, [kernel_payload_base]
  1143          ******************       warning: 32-bit absolute section-crossing relocation [-w+reloc-abs-dword]
  1144 00000E6F 8B3D[FC7A0000]              mov edi, [elf_load_address]
  1144          ******************       warning: 32-bit absolute section-crossing relocation [-w+reloc-abs-dword]
  1145 00000E75 8B0D[007B0000]              mov ecx, [elf_memory_size]
  1145          ******************       warning: 32-bit absolute section-crossing relocation [-w+reloc-abs-dword]
  1146 00000E7B 51                          push ecx
  1147 00000E7C C1E902                      shr ecx, 2
  1148 00000E7F F3A5                        rep movsd
  1149 00000E81 59                          pop ecx
  1150 00000E82 83E103                      and ecx, 3
  1151 00000E85 F3A4                        rep movsb
  1152 00000E87 E947010000                  jmp .handoff
  1153                                  
  1154                                  .load_elf32:
  1155 00000E8C 8B2D[F47A0000]              mov ebp, [kernel_payload_base]
  1155          ******************       warning: 32-bit absolute section-crossing relocation [-w+reloc-abs-dword]
  1156 00000E92 0FB7452C                    movzx eax, word [ebp + ELF32_OFF_PHNUM]
  1157 00000E96 A3[0C7B0000]                mov [elf_ph_remaining], eax
  1157          ******************       warning: 32-bit absolute section-crossing relocation [-w+reloc-abs-dword]
  1158 00000E9B 8B751C                      mov esi, [ebp + ELF32_OFF_PHOFF]
  1159 00000E9E 01EE                        add esi, ebp
  1160 00000EA0 8935[087B0000]              mov [elf_ph_pointer], esi
  1160          ******************       warning: 32-bit absolute section-crossing relocation [-w+reloc-abs-dword]
  1161                                  .next_segment:
  1162 00000EA6 833D[0C7B0000]00            cmp dword [elf_ph_remaining], 0
  1162          ******************       warning: 32-bit absolute section-crossing relocation [-w+reloc-abs-dword]
  1163 00000EAD 0F8420010000                je .handoff
  1164 00000EB3 8B35[087B0000]              mov esi, [elf_ph_pointer]
  1164          ******************       warning: 32-bit absolute section-crossing relocation [-w+reloc-abs-dword]
  1165 00000EB9 833E01                      cmp dword [esi + ELF32_PH_OFF_TYPE], ELF_PT_LOAD
  1166 00000EBC 752A                        jne .advance_segment
  1167 00000EBE 8B5E10                      mov ebx, [esi + ELF32_PH_OFF_FILESZ]
  1168 00000EC1 8B7E0C                      mov edi, [esi + ELF32_PH_OFF_PADDR]
  1169 00000EC4 8B4604                      mov eax, [esi + ELF32_PH_OFF_OFFSET]
  1170 00000EC7 01E8                        add eax, ebp
  1171 00000EC9 89C6                        mov esi, eax
  1172 00000ECB 89D9                        mov ecx, ebx
  1173 00000ECD 51                          push ecx
  1174 00000ECE C1E902                      shr ecx, 2
  1175 00000ED1 F3A5                        rep movsd
  1176 00000ED3 59                          pop ecx
  1177 00000ED4 83E103                      and ecx, 3
  1178 00000ED7 F3A4                        rep movsb
  1179 00000ED9 8B35[087B0000]              mov esi, [elf_ph_pointer]
  1179          ******************       warning: 32-bit absolute section-crossing relocation [-w+reloc-abs-dword]
  1180 00000EDF 8B4E14                      mov ecx, [esi + ELF32_PH_OFF_MEMSZ]
  1181 00000EE2 29D9                        sub ecx, ebx
  1182 00000EE4 31C0                        xor eax, eax
  1183 00000EE6 F3AA                        rep stosb
  1184                                  .advance_segment:
  1185 00000EE8 8305[087B0000]20            add dword [elf_ph_pointer], ELF32_PROGRAM_HEADER_SIZE
  1185          ******************       warning: 32-bit absolute section-crossing relocation [-w+reloc-abs-dword]
  1186 00000EEF FF0D[0C7B0000]              dec dword [elf_ph_remaining]
  1186          ******************       warning: 32-bit absolute section-crossing relocation [-w+reloc-abs-dword]
  1187 00000EF5 EBAF                        jmp .next_segment
  1188                                  
  1189                                  .load_elf64:
  1190 00000EF7 8B2D[F47A0000]              mov ebp, [kernel_payload_base]
  1190          ******************       warning: 32-bit absolute section-crossing relocation [-w+reloc-abs-dword]
  1191 00000EFD 0FB74538                    movzx eax, word [ebp + ELF64_OFF_PHNUM]
  1192 00000F01 A3[0C7B0000]                mov [elf_ph_remaining], eax
  1192          ******************       warning: 32-bit absolute section-crossing relocation [-w+reloc-abs-dword]
  1193 00000F06 8B7520                      mov esi, [ebp + ELF64_OFF_PHOFF]
  1194 00000F09 01EE                        add esi, ebp
  1195 00000F0B 8935[087B0000]              mov [elf_ph_pointer], esi
  1195          ******************       warning: 32-bit absolute section-crossing relocation [-w+reloc-abs-dword]
  1196                                  .next_segment64:
  1197 00000F11 833D[0C7B0000]00            cmp dword [elf_ph_remaining], 0
  1197          ******************       warning: 32-bit absolute section-crossing relocation [-w+reloc-abs-dword]
  1198 00000F18 7444                        je .enter_long_mode
  1199 00000F1A 8B35[087B0000]              mov esi, [elf_ph_pointer]
  1199          ******************       warning: 32-bit absolute section-crossing relocation [-w+reloc-abs-dword]
  1200 00000F20 833E01                      cmp dword [esi + ELF64_PH_OFF_TYPE], ELF_PT_LOAD
  1201 00000F23 752A                        jne .advance_segment64
  1202 00000F25 8B5E20                      mov ebx, [esi + ELF64_PH_OFF_FILESZ]
  1203 00000F28 8B7E18                      mov edi, [esi + ELF64_PH_OFF_PADDR]
  1204 00000F2B 8B4608                      mov eax, [esi + ELF64_PH_OFF_OFFSET]
  1205 00000F2E 01E8                        add eax, ebp
  1206 00000F30 89C6                        mov esi, eax
  1207 00000F32 89D9                        mov ecx, ebx
  1208 00000F34 51                          push ecx
  1209 00000F35 C1E902                      shr ecx, 2
  1210 00000F38 F3A5                        rep movsd
  1211 00000F3A 59                          pop ecx
  1212 00000F3B 83E103                      and ecx, 3
  1213 00000F3E F3A4                        rep movsb
  1214 00000F40 8B35[087B0000]              mov esi, [elf_ph_pointer]
  1214          ******************       warning: 32-bit absolute section-crossing relocation [-w+reloc-abs-dword]
  1215 00000F46 8B4E28                      mov ecx, [esi + ELF64_PH_OFF_MEMSZ]
  1216 00000F49 29D9                        sub ecx, ebx
  1217 00000F4B 31C0                        xor eax, eax
  1218 00000F4D F3AA                        rep stosb
  1219                                  .advance_segment64:
  1220 00000F4F 8305[087B0000]38            add dword [elf_ph_pointer], ELF64_PROGRAM_HEADER_SIZE
  1220          ******************       warning: 32-bit absolute section-crossing relocation [-w+reloc-abs-dword]
  1221 00000F56 FF0D[0C7B0000]              dec dword [elf_ph_remaining]
  1221          ******************       warning: 32-bit absolute section-crossing relocation [-w+reloc-abs-dword]
  1222 00000F5C EBB3                        jmp .next_segment64
  1223                                  
  1224                                  .enter_long_mode:
  1225 00000F5E BF00000700                  mov edi, LONG_MODE_PML4
  1226 00000F63 31C0                        xor eax, eax
  1227 00000F65 B9000C0000                  mov ecx, (3 * 4096) / 4
  1228 00000F6A F3AB                        rep stosd
  1229 00000F6C C70500000700031007-         mov dword [LONG_MODE_PML4], LONG_MODE_PDPT | 3
  1229 00000F75 00                 
  1230 00000F76 C70500100700032007-         mov dword [LONG_MODE_PDPT], LONG_MODE_PD | 3
  1230 00000F7F 00                 
  1231 00000F80 BF00200700                  mov edi, LONG_MODE_PD
  1232 00000F85 B883000000                  mov eax, 0x00000083
  1233 00000F8A B900020000                  mov ecx, 512
  1234                                  .map_2m:
  1235 00000F8F 8907                        mov [edi], eax
  1236 00000F91 C7470400000000              mov dword [edi + 4], 0
  1237 00000F98 0500002000                  add eax, 0x00200000
  1238 00000F9D 83C708                      add edi, 8
  1239 00000FA0 E2ED                        loop .map_2m
  1240 00000FA2 0F20E0                      mov eax, cr4
  1241 00000FA5 83C820                      or eax, 1 << 5
  1242 00000FA8 0F22E0                      mov cr4, eax
  1243 00000FAB B800000700                  mov eax, LONG_MODE_PML4
  1244 00000FB0 0F22D8                      mov cr3, eax
  1245 00000FB3 B9800000C0                  mov ecx, 0xC0000080
  1246 00000FB8 0F32                        rdmsr
  1247 00000FBA 0D00010000                  or eax, 1 << 8
  1248 00000FBF 0F30                        wrmsr
  1249 00000FC1 0F20C0                      mov eax, cr0
  1250 00000FC4 0D00000080                  or eax, 1 << 31
  1251 00000FC9 0F22C0                      mov cr0, eax
  1252 00000FCC EA[E50F0000]1800            jmp LONG_CODE_SEGMENT:long_mode_start
  1252          ******************       warning: 32-bit absolute section-crossing relocation [-w+reloc-abs-dword]
  1253                                  
  1254                                  .handoff:
  1255 00000FD3 B841564F4E                  mov eax, NOVA_X86_BOOT_MAGIC
  1256 00000FD8 BB00500000                  mov ebx, BOOT_INFO_ADDRESS
  1257 00000FDD 8B0D[047B0000]              mov ecx, [elf_entry_point]
  1257          ******************       warning: 32-bit absolute section-crossing relocation [-w+reloc-abs-dword]
  1258 00000FE3 FFE1                        jmp ecx
  1259                                  
  1260                                  [bits 64]
  1261                                  long_mode_start:
  1262 00000FE5 66B81000                    mov ax, DATA_SEGMENT
  1263 00000FE9 8ED8                        mov ds, ax
  1264 00000FEB 8EC0                        mov es, ax
  1265 00000FED 8ED0                        mov ss, ax
  1266 00000FEF BC00000900                  mov rsp, KERNEL_STACK_TOP
  1267 00000FF4 B841564F4E                  mov eax, NOVA_X86_BOOT_MAGIC
  1268 00000FF9 BB00500000                  mov ebx, BOOT_INFO_ADDRESS
  1269 00000FFE 8B0C25[047B0000]            mov ecx, [abs elf_entry_point]
  1269          ******************       warning: 32-bit absolute section-crossing relocation [-w+reloc-abs-dword]
  1270 00001005 FFE1                        jmp rcx
  1271                                  
  1272                                  [bits 32]
  1273                                  
  1274                                  ; ---------------------------------------------------------------------------
  1275                                  ; Grafischer Fehlerzustand. Technische Details bleiben am Debug-Port erhalten,
  1276                                  ; auf dem Bildschirm steht eine verständliche und handlungsorientierte Meldung.
  1277                                  ; ---------------------------------------------------------------------------
  1278                                  
  1279                                  boot_error_screen:
  1280 00001007 F7051C500000010000-         test dword [BOOT_INFO_ADDRESS + BIB_OFF_FLAGS], NOVA_BOOT_FLAG_FRAMEBUFFER
  1280 00001010 00                 
  1281 00001011 0F84C5010000                jz .done
  1282                                  
  1283 00001017 B813111000                  mov eax, BM_COLOR_BACKGROUND
  1284 0000101C 31DB                        xor ebx, ebx
  1285 0000101E 31C9                        xor ecx, ecx
  1286 00001020 8B1560500000                mov edx, [BOOT_INFO_ADDRESS + BIB_GRAPHICS_OFFSET + 16]
  1287 00001026 8B3564500000                mov esi, [BOOT_INFO_ADDRESS + BIB_GRAPHICS_OFFSET + 20]
  1288 0000102C E8C91A0000                  call bm_fill_rectangle
  1289                                  
  1290 00001031 B84B15B600                  mov eax, BM_COLOR_ERROR
  1291 00001036 BB66000000                  mov ebx, 102
  1292 0000103B 31C9                        xor ecx, ecx
  1293 0000103D BA74020000                  mov edx, 628
  1294 00001042 BE0D000000                  mov esi, 13
  1295 00001047 E8B1190000                  call bm_fill_rounded_rectangle
  1296                                  
  1297 0000104C C705[A02F0000]2D00-         mov dword [bm_logo_x], 45
  1297          ******************       warning: 32-bit absolute section-crossing relocation [-w+reloc-abs-dword]
  1297 00001054 0000               
  1298 00001056 C705[A42F0000]2200-         mov dword [bm_logo_y], 34
  1298          ******************       warning: 32-bit absolute section-crossing relocation [-w+reloc-abs-dword]
  1298 0000105E 0000               
  1299 00001060 C705[A82F0000]A9A9-         mov dword [bm_logo_color], BM_COLOR_ERROR_TEXT
  1299          ******************       warning: 32-bit absolute section-crossing relocation [-w+reloc-abs-dword]
  1299 00001068 A900               
  1300 0000106A C605[AC2F0000]00            mov byte [bm_logo_compact], 0
  1300          ******************       warning: 32-bit absolute section-crossing relocation [-w+reloc-abs-dword]
  1301 00001071 C605[AD2F0000]00            mov byte [bm_logo_mirror], 0
  1301          ******************       warning: 32-bit absolute section-crossing relocation [-w+reloc-abs-dword]
  1302 00001078 E8D71A0000                  call bm_draw_nova_logo
  1303 0000107D C705[D02F0000]8A02-         mov dword [bm_error_mark_x], 650
  1303          ******************       warning: 32-bit absolute section-crossing relocation [-w+reloc-abs-dword]
  1303 00001085 0000               
  1304 00001087 C705[D42F0000]5400-         mov dword [bm_error_mark_y], 84
  1304          ******************       warning: 32-bit absolute section-crossing relocation [-w+reloc-abs-dword]
  1304 0000108F 0000               
  1305 00001091 C705[D82F0000]A9A9-         mov dword [bm_error_mark_color], BM_COLOR_ERROR_TEXT
  1305          ******************       warning: 32-bit absolute section-crossing relocation [-w+reloc-abs-dword]
  1305 00001099 A900               
  1306 0000109B E8A21B0000                  call bm_draw_error_mark
  1307                                  
  1308 000010A0 BE[2A410000]                mov esi, bm_error_brand
  1308          ******************       warning: 32-bit absolute section-crossing relocation [-w+reloc-abs-dword]
  1309 000010A5 BB50010000                  mov ebx, 336
  1310 000010AA B946000000                  mov ecx, 70
  1311 000010AF BAC17F2D00                  mov edx, BM_COLOR_BLUE
  1312 000010B4 BD03000000                  mov ebp, 3
  1313 000010B9 E8FE1B0000                  call bm_draw_text
  1314                                  
  1315 000010BE BE[31410000]                mov esi, bm_error_title
  1315          ******************       warning: 32-bit absolute section-crossing relocation [-w+reloc-abs-dword]
  1316 000010C3 BB52010000                  mov ebx, 338
  1317 000010C8 B986000000                  mov ecx, 134
  1318 000010CD BAA9A9A900                  mov edx, BM_COLOR_ERROR_TEXT
  1319 000010D2 BD02000000                  mov ebp, 2
  1320 000010D7 E8E01B0000                  call bm_draw_text
  1321                                  
  1322 000010DC BE[45410000]                mov esi, bm_error_explanation_1
  1322          ******************       warning: 32-bit absolute section-crossing relocation [-w+reloc-abs-dword]
  1323 000010E1 BB1B000000                  mov ebx, 27
  1324 000010E6 B9F5000000                  mov ecx, 245
  1325 000010EB BAA9A9A900                  mov edx, BM_COLOR_ERROR_TEXT
  1326 000010F0 BD01000000                  mov ebp, 1
  1327 000010F5 E8C21B0000                  call bm_draw_text
  1328 000010FA BE[84410000]                mov esi, bm_error_explanation_2
  1328          ******************       warning: 32-bit absolute section-crossing relocation [-w+reloc-abs-dword]
  1329 000010FF BB1B000000                  mov ebx, 27
  1330 00001104 B911010000                  mov ecx, 273
  1331 00001109 BAA9A9A900                  mov edx, BM_COLOR_ERROR_TEXT
  1332 0000110E BD01000000                  mov ebp, 1
  1333 00001113 E8A41B0000                  call bm_draw_text
  1334                                  
  1335                                      ; Dunkle Empfehlungskarte mit rotem Rahmen
  1336 00001118 B84B15B600                  mov eax, BM_COLOR_ERROR
  1337 0000111D BB95000000                  mov ebx, 149
  1338 00001122 B95E010000                  mov ecx, 350
  1339 00001127 BA00020000                  mov edx, 512
  1340 0000112C BE78000000                  mov esi, 120
  1341 00001131 E8C7180000                  call bm_fill_rounded_rectangle
  1342 00001136 B8201C1A00                  mov eax, BM_COLOR_PANEL
  1343 0000113B BB96000000                  mov ebx, 150
  1344 00001140 B95F010000                  mov ecx, 351
  1345 00001145 BAFE010000                  mov edx, 510
  1346 0000114A BE76000000                  mov esi, 118
  1347 0000114F E8A9180000                  call bm_fill_rounded_rectangle
  1348                                  
  1349 00001154 BE[B3410000]                mov esi, bm_error_action_1
  1349          ******************       warning: 32-bit absolute section-crossing relocation [-w+reloc-abs-dword]
  1350 00001159 BBBA000000                  mov ebx, 186
  1351 0000115E B973010000                  mov ecx, 371
  1352 00001163 BAA9A9A900                  mov edx, BM_COLOR_ERROR_TEXT
  1353 00001168 BD01000000                  mov ebp, 1
  1354 0000116D E84A1B0000                  call bm_draw_text
  1355 00001172 BE[DF410000]                mov esi, bm_error_action_2
  1355          ******************       warning: 32-bit absolute section-crossing relocation [-w+reloc-abs-dword]
  1356 00001177 BB7D010000                  mov ebx, 381
  1357 0000117C B98F010000                  mov ecx, 399
  1358 00001181 BAA9A9A900                  mov edx, BM_COLOR_ERROR_TEXT
  1359 00001186 BD01000000                  mov ebp, 1
  1360 0000118B E82C1B0000                  call bm_draw_text
  1361 00001190 BE[E4410000]                mov esi, bm_error_action_3
  1361          ******************       warning: 32-bit absolute section-crossing relocation [-w+reloc-abs-dword]
  1362 00001195 BBBB000000                  mov ebx, 187
  1363 0000119A B9AB010000                  mov ecx, 427
  1364 0000119F BAA9A9A900                  mov edx, BM_COLOR_ERROR_TEXT
  1365 000011A4 BD01000000                  mov ebp, 1
  1366 000011A9 E80E1B0000                  call bm_draw_text
  1367                                  
  1368 000011AE 803D[E97A0000]02            cmp byte [boot_error_code], 2
  1368          ******************       warning: 32-bit absolute section-crossing relocation [-w+reloc-abs-dword]
  1369 000011B5 7507                        jne .header_code
  1370 000011B7 BE[0B420000]                mov esi, bm_error_checksum_code
  1370          ******************       warning: 32-bit absolute section-crossing relocation [-w+reloc-abs-dword]
  1371 000011BC EB05                        jmp .draw_code
  1372                                  .header_code:
  1373 000011BE BE[36420000]                mov esi, bm_error_header_code
  1373          ******************       warning: 32-bit absolute section-crossing relocation [-w+reloc-abs-dword]
  1374                                  .draw_code:
  1375 000011C3 BB14000000                  mov ebx, 20
  1376 000011C8 B930020000                  mov ecx, 560
  1377 000011CD BA4B15B600                  mov edx, BM_COLOR_ERROR
  1378 000011D2 BD01000000                  mov ebp, 1
  1379 000011D7 E8E01A0000                  call bm_draw_text
  1380                                  .done:
  1381 000011DC C3                          ret
  1382                                  
  1383                                  ; ---------------------------------------------------------------------------
  1384                                  ; Grafischer Boot Manager
  1385                                  ; ENTER startet Nova OS. D blendet validierte Diagnosedaten ein.
  1386                                  ; R meldet den noch nicht implementierten Recoverypfad transparent.
  1387                                  ; ---------------------------------------------------------------------------
  1388                                  
  1389                                  boot_manager_run:
  1390 000011DD F7051C500000010000-         test dword [BOOT_INFO_ADDRESS + BIB_OFF_FLAGS], NOVA_BOOT_FLAG_FRAMEBUFFER
  1390 000011E6 00                 
  1391 000011E7 0F8411060000                jz .no_graphics
  1392 000011ED C605[DC2F0000]00            mov byte [bm_selection], 0
  1392          ******************       warning: 32-bit absolute section-crossing relocation [-w+reloc-abs-dword]
  1393 000011F4 C605[DF2F0000]00            mov byte [bm_subselection], 0
  1393          ******************       warning: 32-bit absolute section-crossing relocation [-w+reloc-abs-dword]
  1394 000011FB C605[DE2F0000]00            mov byte [bm_view], BM_VIEW_MAIN
  1394          ******************       warning: 32-bit absolute section-crossing relocation [-w+reloc-abs-dword]
  1395 00001202 C605[DD2F0000]01            mov byte [bm_countdown_active], 1
  1395          ******************       warning: 32-bit absolute section-crossing relocation [-w+reloc-abs-dword]
  1396 00001209 C605[FB400000]35            mov byte [bm_countdown_digit], '5'
  1396          ******************       warning: 32-bit absolute section-crossing relocation [-w+reloc-abs-dword]
  1397 00001210 E83F060000                  call bm_mouse_initialize
  1398 00001215 E811080000                  call boot_manager_draw
  1399 0000121A BD05000000                  mov ebp, 5
  1400                                  .timeout_second:
  1401 0000121F B912000000                  mov ecx, 18                     ; 18 * ~54,9 ms = rund eine Sekunde
  1402                                  .timeout_tick:
  1403 00001224 E8D6050000                  call bm_wait_tick_or_key
  1404 00001229 721B                        jc .cancel_countdown
  1405 0000122B E2F7                        loop .timeout_tick
  1406 0000122D 4D                          dec ebp
  1407 0000122E 0F84BB050000                jz .start
  1408 00001234 89E8                        mov eax, ebp
  1409 00001236 0430                        add al, '0'
  1410 00001238 A2[FB400000]                mov [bm_countdown_digit], al
  1410          ******************       warning: 32-bit absolute section-crossing relocation [-w+reloc-abs-dword]
  1411 0000123D 55                          push ebp
  1412 0000123E E8DD0A0000                  call bm_draw_status_countdown
  1413 00001243 5D                          pop ebp
  1414 00001244 EBD9                        jmp .timeout_second
  1415                                  
  1416                                  .cancel_countdown:
  1417 00001246 C605[DD2F0000]00            mov byte [bm_countdown_active], 0
  1417          ******************       warning: 32-bit absolute section-crossing relocation [-w+reloc-abs-dword]
  1418 0000124D 50                          push eax
  1419 0000124E E8B10A0000                  call bm_clear_status_line
  1420 00001253 58                          pop eax
  1421 00001254 EB2F                        jmp .handle_key
  1422                                  
  1423                                  .timeout_complete:
  1424 00001256 E994050000                  jmp .start
  1425                                  
  1426                                  .wait_key:
  1427 0000125B E8D8050000                  call bm_wait_input_event
  1428 00001260 83F801                      cmp eax, 1
  1429 00001263 740C                        je .keyboard_event
  1430 00001265 83F802                      cmp eax, 2
  1431 00001268 740B                        je .mouse_redraw
  1432 0000126A 83F803                      cmp eax, 3
  1433 0000126D 740D                        je .mouse_click
  1434 0000126F EBEA                        jmp .wait_key
  1435                                  .keyboard_event:
  1436 00001271 88D8                        mov al, bl
  1437 00001273 EB10                        jmp .handle_key
  1438                                  .mouse_redraw:
  1439 00001275 E877150000                  call bm_redraw_current_view
  1440 0000127A EBDF                        jmp .wait_key
  1441                                  .mouse_click:
  1442 0000127C E837070000                  call bm_mouse_hit_test
  1443 00001281 73F2                        jnc .mouse_redraw
  1444 00001283 EB00                        jmp .handle_key
  1445                                  .handle_key:
  1446 00001285 A880                        test al, 0x80
  1447 00001287 75D2                        jnz .wait_key
  1448 00001289 3C3B                        cmp al, 0x3B                    ; F1: kontextuelle Hilfe aus jeder Ansicht
  1449 0000128B 0F8443050000                je .help
  1450 00001291 3C23                        cmp al, 0x23                    ; H: globaler Hochkontrastmodus
  1451 00001293 746F                        je .toggle_contrast
  1452 00001295 803D[DE2F0000]07            cmp byte [bm_view], BM_VIEW_ADVANCED
  1452          ******************       warning: 32-bit absolute section-crossing relocation [-w+reloc-abs-dword]
  1453 0000129C 0F842C020000                je .handle_advanced_key
  1454 000012A2 803D[DE2F0000]08            cmp byte [bm_view], BM_VIEW_POWER
  1454          ******************       warning: 32-bit absolute section-crossing relocation [-w+reloc-abs-dword]
  1455 000012A9 0F84C9020000                je .handle_power_key
  1456 000012AF 803D[DE2F0000]06            cmp byte [bm_view], BM_VIEW_DETAILS
  1456          ******************       warning: 32-bit absolute section-crossing relocation [-w+reloc-abs-dword]
  1457 000012B6 0F8497020000                je .handle_details_key
  1458 000012BC 803D[DE2F0000]03            cmp byte [bm_view], BM_VIEW_RECOVERY
  1458          ******************       warning: 32-bit absolute section-crossing relocation [-w+reloc-abs-dword]
  1459 000012C3 0F844E030000                je .handle_recovery_key
  1460 000012C9 803D[DE2F0000]0B            cmp byte [bm_view], BM_VIEW_MEMORY_TEST
  1460          ******************       warning: 32-bit absolute section-crossing relocation [-w+reloc-abs-dword]
  1461 000012D0 0F842E040000                je .handle_memory_key
  1462 000012D6 803D[DE2F0000]00            cmp byte [bm_view], BM_VIEW_MAIN
  1462          ******************       warning: 32-bit absolute section-crossing relocation [-w+reloc-abs-dword]
  1463 000012DD 7434                        je .handle_main_key
  1464 000012DF 3C01                        cmp al, 0x01                    ; ESC: einheitliche Zurück-Navigation
  1465 000012E1 0F8420010000                je .back_to_main
  1466 000012E7 3C0E                        cmp al, 0x0E                    ; Backspace: alternative Zurück-Taste
  1467 000012E9 0F8418010000                je .back_to_main
  1468 000012EF 3C20                        cmp al, 0x20                    ; D wechselt direkt zur Diagnose
  1469 000012F1 0F8485040000                je .diagnostics
  1470 000012F7 3C13                        cmp al, 0x13                    ; R wechselt direkt zur Recovery-Seite
  1471 000012F9 0F8498040000                je .recovery
  1472 000012FF E957FFFFFF                  jmp .wait_key
  1473                                  .toggle_contrast:
  1474 00001304 E855160000                  call bm_toggle_contrast_theme
  1475 00001309 E8E3140000                  call bm_redraw_current_view
  1476 0000130E E948FFFFFF                  jmp .wait_key
  1477                                  .handle_main_key:
  1478 00001313 3C3E                        cmp al, 0x3E                    ; F4: Netzwerk-Boot-Status
  1479 00001315 0F8410040000                je .network
  1480 0000131B 3C3F                        cmp al, 0x3F                    ; F5: Firmwareinformationen
  1481 0000131D 0F8423040000                je .firmware
  1482 00001323 3C40                        cmp al, 0x40                    ; F6: Verschluesselungsstatus
  1483 00001325 0F8436040000                je .encryption
  1484 0000132B 3C3C                        cmp al, 0x3C                    ; F2: Details des markierten Eintrags
  1485 0000132D 0F843C010000                je .details
  1486 00001333 3C3D                        cmp al, 0x3D                    ; F3: erweiterte Startoptionen
  1487 00001335 0F844F010000                je .advanced
  1488 0000133B 3C47                        cmp al, 0x47                    ; Pos1
  1489 0000133D 742D                        je .first
  1490 0000133F 3C4F                        cmp al, 0x4F                    ; Ende
  1491 00001341 7432                        je .last
  1492 00001343 3C1F                        cmp al, 0x1F                    ; S: Einstellungen
  1493 00001345 0F846E040000                je .settings
  1494 0000134B 3C1C                        cmp al, 0x1C                    ; Enter
  1495 0000134D 7469                        je .activate
  1496 0000134F 3C48                        cmp al, 0x48                    ; Pfeil hoch
  1497 00001351 742B                        je .up
  1498 00001353 3C50                        cmp al, 0x50                    ; Pfeil runter
  1499 00001355 7441                        je .down
  1500 00001357 3C20                        cmp al, 0x20                    ; D
  1501 00001359 0F841D040000                je .diagnostics
  1502 0000135F 3C13                        cmp al, 0x13                    ; R
  1503 00001361 0F8430040000                je .recovery
  1504 00001367 E9EFFEFFFF                  jmp .wait_key
  1505                                  .first:
  1506 0000136C C605[DC2F0000]00            mov byte [bm_selection], 0
  1506          ******************       warning: 32-bit absolute section-crossing relocation [-w+reloc-abs-dword]
  1507 00001373 EB39                        jmp .redraw
  1508                                  .last:
  1509 00001375 C605[DC2F0000]05            mov byte [bm_selection], BM_MENU_ENTRY_COUNT - 1
  1509          ******************       warning: 32-bit absolute section-crossing relocation [-w+reloc-abs-dword]
  1510 0000137C EB30                        jmp .redraw
  1511                                  
  1512                                  .up:
  1513 0000137E 803D[DC2F0000]00            cmp byte [bm_selection], 0
  1513          ******************       warning: 32-bit absolute section-crossing relocation [-w+reloc-abs-dword]
  1514 00001385 7509                        jne .up_dec
  1515 00001387 C605[DC2F0000]05            mov byte [bm_selection], 5
  1515          ******************       warning: 32-bit absolute section-crossing relocation [-w+reloc-abs-dword]
  1516 0000138E EB1E                        jmp .redraw
  1517                                  .up_dec:
  1518 00001390 FE0D[DC2F0000]              dec byte [bm_selection]
  1518          ******************       warning: 32-bit absolute section-crossing relocation [-w+reloc-abs-dword]
  1519 00001396 EB16                        jmp .redraw
  1520                                  .down:
  1521 00001398 FE05[DC2F0000]              inc byte [bm_selection]
  1521          ******************       warning: 32-bit absolute section-crossing relocation [-w+reloc-abs-dword]
  1522 0000139E 803D[DC2F0000]06            cmp byte [bm_selection], 6
  1522          ******************       warning: 32-bit absolute section-crossing relocation [-w+reloc-abs-dword]
  1523 000013A5 7207                        jb .redraw
  1524 000013A7 C605[DC2F0000]00            mov byte [bm_selection], 0
  1524          ******************       warning: 32-bit absolute section-crossing relocation [-w+reloc-abs-dword]
  1525                                  .redraw:
  1526 000013AE E878060000                  call boot_manager_draw
  1527 000013B3 E9A3FEFFFF                  jmp .wait_key
  1528                                  .activate:
  1529 000013B8 0FB605[DC2F0000]            movzx eax, byte [bm_selection]
  1529          ******************       warning: 32-bit absolute section-crossing relocation [-w+reloc-abs-dword]
  1530 000013BF 6BC008                      imul eax, BM_ENTRY_SIZE
  1531 000013C2 0FB680[BD400000]            movzx eax, byte [bm_menu_entries + eax + BM_ENTRY_ACTION]
  1531          ******************       warning: 32-bit absolute section-crossing relocation [-w+reloc-abs-dword]
  1532 000013C9 83F800                      cmp eax, BM_ACTION_START
  1533 000013CC 0F841D040000                je .start
  1534 000013D2 83F802                      cmp eax, BM_ACTION_DIAGNOSTICS
  1535 000013D5 0F84A1030000                je .diagnostics
  1536 000013DB 83F803                      cmp eax, BM_ACTION_RECOVERY
  1537 000013DE 0F84B3030000                je .recovery
  1538 000013E4 83F804                      cmp eax, BM_ACTION_POWEROFF
  1539 000013E7 0F84BF000000                je .power_dialog
  1540 000013ED 83F805                      cmp eax, BM_ACTION_SETTINGS
  1541 000013F0 0F84C3030000                je .settings
  1542 000013F6 C605[DE2F0000]04            mov byte [bm_view], BM_VIEW_UNAVAILABLE
  1542          ******************       warning: 32-bit absolute section-crossing relocation [-w+reloc-abs-dword]
  1543 000013FD E897080000                  call boot_manager_draw_unavailable
  1544 00001402 E954FEFFFF                  jmp .wait_key
  1545                                  .back_to_main:
  1546 00001407 BE[A3420000]                mov esi, bm_event_back
  1546          ******************       warning: 32-bit absolute section-crossing relocation [-w+reloc-abs-dword]
  1547 0000140C E82C1B0000                  call bm_debug_write_string
  1548 00001411 803D[DE2F0000]09            cmp byte [bm_view], BM_VIEW_SELF_HEALING
  1548          ******************       warning: 32-bit absolute section-crossing relocation [-w+reloc-abs-dword]
  1549 00001418 742C                        je .back_to_recovery
  1550 0000141A 803D[DE2F0000]0A            cmp byte [bm_view], BM_VIEW_SNAPSHOTS
  1550          ******************       warning: 32-bit absolute section-crossing relocation [-w+reloc-abs-dword]
  1551 00001421 7423                        je .back_to_recovery
  1552 00001423 803D[DE2F0000]0B            cmp byte [bm_view], BM_VIEW_MEMORY_TEST
  1552          ******************       warning: 32-bit absolute section-crossing relocation [-w+reloc-abs-dword]
  1553 0000142A 741A                        je .back_to_recovery
  1554 0000142C 803D[DE2F0000]0C            cmp byte [bm_view], BM_VIEW_DISK_TOOLS
  1554          ******************       warning: 32-bit absolute section-crossing relocation [-w+reloc-abs-dword]
  1555 00001433 7411                        je .back_to_recovery
  1556 00001435 C605[DE2F0000]00            mov byte [bm_view], BM_VIEW_MAIN
  1556          ******************       warning: 32-bit absolute section-crossing relocation [-w+reloc-abs-dword]
  1557 0000143C E8EA050000                  call boot_manager_draw
  1558 00001441 E915FEFFFF                  jmp .wait_key
  1559                                  .back_to_recovery:
  1560 00001446 C605[DE2F0000]03            mov byte [bm_view], BM_VIEW_RECOVERY
  1560          ******************       warning: 32-bit absolute section-crossing relocation [-w+reloc-abs-dword]
  1561 0000144D E8E7090000                  call boot_manager_draw_recovery_notice
  1562 00001452 E904FEFFFF                  jmp .wait_key
  1563                                  .poweroff:
  1564 00001457 66B80020                    mov ax, 0x2000
  1565 0000145B 66BA0406                    mov dx, 0x0604
  1566 0000145F 66EF                        out dx, ax
  1567 00001461 66BA04B0                    mov dx, 0xB004
  1568 00001465 66EF                        out dx, ax
  1569 00001467 EBFE                        jmp $
  1570                                  
  1571                                  .restart:
  1572 00001469 B0FE                        mov al, 0xFE
  1573 0000146B E664                        out 0x64, al
  1574 0000146D EBFE                        jmp $
  1575                                  
  1576                                  .details:
  1577 0000146F C605[DE2F0000]06            mov byte [bm_view], BM_VIEW_DETAILS
  1577          ******************       warning: 32-bit absolute section-crossing relocation [-w+reloc-abs-dword]
  1578 00001476 BE[B5420000]                mov esi, bm_event_details
  1578          ******************       warning: 32-bit absolute section-crossing relocation [-w+reloc-abs-dword]
  1579 0000147B E8BD1A0000                  call bm_debug_write_string
  1580 00001480 E8960B0000                  call boot_manager_draw_details
  1581 00001485 E9D1FDFFFF                  jmp .wait_key
  1582                                  .advanced:
  1583 0000148A C605[DF2F0000]00            mov byte [bm_subselection], 0
  1583          ******************       warning: 32-bit absolute section-crossing relocation [-w+reloc-abs-dword]
  1584 00001491 C605[DE2F0000]07            mov byte [bm_view], BM_VIEW_ADVANCED
  1584          ******************       warning: 32-bit absolute section-crossing relocation [-w+reloc-abs-dword]
  1585 00001498 BE[C1420000]                mov esi, bm_event_advanced
  1585          ******************       warning: 32-bit absolute section-crossing relocation [-w+reloc-abs-dword]
  1586 0000149D E89B1A0000                  call bm_debug_write_string
  1587 000014A2 E8220C0000                  call boot_manager_draw_advanced
  1588 000014A7 E9AFFDFFFF                  jmp .wait_key
  1589                                  .power_dialog:
  1590 000014AC C605[DF2F0000]00            mov byte [bm_subselection], 0
  1590          ******************       warning: 32-bit absolute section-crossing relocation [-w+reloc-abs-dword]
  1591 000014B3 C605[DE2F0000]08            mov byte [bm_view], BM_VIEW_POWER
  1591          ******************       warning: 32-bit absolute section-crossing relocation [-w+reloc-abs-dword]
  1592 000014BA BE[05430000]                mov esi, bm_event_power_dialog
  1592          ******************       warning: 32-bit absolute section-crossing relocation [-w+reloc-abs-dword]
  1593 000014BF E8791A0000                  call bm_debug_write_string
  1594 000014C4 E8B20C0000                  call boot_manager_draw_power_dialog
  1595 000014C9 E98DFDFFFF                  jmp .wait_key
  1596                                  
  1597                                  .handle_advanced_key:
  1598 000014CE 3C01                        cmp al, 0x01
  1599 000014D0 0F8431FFFFFF                je .back_to_main
  1600 000014D6 3C0E                        cmp al, 0x0E
  1601 000014D8 0F8429FFFFFF                je .back_to_main
  1602 000014DE 3C48                        cmp al, 0x48
  1603 000014E0 7437                        je .sub_up_advanced
  1604 000014E2 3C50                        cmp al, 0x50
  1605 000014E4 744D                        je .sub_down_advanced
  1606 000014E6 3C1C                        cmp al, 0x1C
  1607 000014E8 0F856DFDFFFF                jne .wait_key
  1608 000014EE 803D[DF2F0000]00            cmp byte [bm_subselection], 0
  1608          ******************       warning: 32-bit absolute section-crossing relocation [-w+reloc-abs-dword]
  1609 000014F5 0F84F4020000                je .start
  1610 000014FB 803D[DF2F0000]01            cmp byte [bm_subselection], 1
  1610          ******************       warning: 32-bit absolute section-crossing relocation [-w+reloc-abs-dword]
  1611 00001502 0F848F020000                je .recovery
  1612 00001508 C605[DE2F0000]04            mov byte [bm_view], BM_VIEW_UNAVAILABLE
  1612          ******************       warning: 32-bit absolute section-crossing relocation [-w+reloc-abs-dword]
  1613 0000150F E885070000                  call boot_manager_draw_unavailable
  1614 00001514 E942FDFFFF                  jmp .wait_key
  1615                                  .sub_up_advanced:
  1616 00001519 803D[DF2F0000]00            cmp byte [bm_subselection], 0
  1616          ******************       warning: 32-bit absolute section-crossing relocation [-w+reloc-abs-dword]
  1617 00001520 7509                        jne .sub_adv_dec
  1618 00001522 C605[DF2F0000]04            mov byte [bm_subselection], 4
  1618          ******************       warning: 32-bit absolute section-crossing relocation [-w+reloc-abs-dword]
  1619 00001529 EB1E                        jmp .redraw_advanced
  1620                                  .sub_adv_dec:
  1621 0000152B FE0D[DF2F0000]              dec byte [bm_subselection]
  1621          ******************       warning: 32-bit absolute section-crossing relocation [-w+reloc-abs-dword]
  1622 00001531 EB16                        jmp .redraw_advanced
  1623                                  .sub_down_advanced:
  1624 00001533 FE05[DF2F0000]              inc byte [bm_subselection]
  1624          ******************       warning: 32-bit absolute section-crossing relocation [-w+reloc-abs-dword]
  1625 00001539 803D[DF2F0000]05            cmp byte [bm_subselection], 5
  1625          ******************       warning: 32-bit absolute section-crossing relocation [-w+reloc-abs-dword]
  1626 00001540 7207                        jb .redraw_advanced
  1627 00001542 C605[DF2F0000]00            mov byte [bm_subselection], 0
  1627          ******************       warning: 32-bit absolute section-crossing relocation [-w+reloc-abs-dword]
  1628                                  .redraw_advanced:
  1629 00001549 E87B0B0000                  call boot_manager_draw_advanced
  1630 0000154E E908FDFFFF                  jmp .wait_key
  1631                                  
  1632                                  .handle_details_key:
  1633 00001553 3C01                        cmp al, 0x01
  1634 00001555 0F84ACFEFFFF                je .back_to_main
  1635 0000155B 3C0E                        cmp al, 0x0E
  1636 0000155D 0F84A4FEFFFF                je .back_to_main
  1637 00001563 3C1C                        cmp al, 0x1C
  1638 00001565 0F8484020000                je .start
  1639 0000156B 3C3D                        cmp al, 0x3D
  1640 0000156D 0F8417FFFFFF                je .advanced
  1641 00001573 E9E3FCFFFF                  jmp .wait_key
  1642                                  
  1643                                  .handle_power_key:
  1644 00001578 3C01                        cmp al, 0x01
  1645 0000157A 0F8487FEFFFF                je .back_to_main
  1646 00001580 3C0E                        cmp al, 0x0E
  1647 00001582 0F847FFEFFFF                je .back_to_main
  1648 00001588 3C48                        cmp al, 0x48
  1649 0000158A 7451                        je .sub_up_power
  1650 0000158C 3C50                        cmp al, 0x50
  1651 0000158E 7467                        je .sub_down_power
  1652 00001590 3C1C                        cmp al, 0x1C
  1653 00001592 0F85C3FCFFFF                jne .wait_key
  1654 00001598 803D[DF2F0000]00            cmp byte [bm_subselection], 0
  1654          ******************       warning: 32-bit absolute section-crossing relocation [-w+reloc-abs-dword]
  1655 0000159F 0F84B2FEFFFF                je .poweroff
  1656 000015A5 803D[DF2F0000]01            cmp byte [bm_subselection], 1
  1656          ******************       warning: 32-bit absolute section-crossing relocation [-w+reloc-abs-dword]
  1657 000015AC 0F84B7FEFFFF                je .restart
  1658 000015B2 803D[DF2F0000]02            cmp byte [bm_subselection], 2
  1658          ******************       warning: 32-bit absolute section-crossing relocation [-w+reloc-abs-dword]
  1659 000015B9 0F84D8010000                je .recovery
  1660 000015BF 803D[DF2F0000]03            cmp byte [bm_subselection], 3
  1660          ******************       warning: 32-bit absolute section-crossing relocation [-w+reloc-abs-dword]
  1661 000015C6 0F847A010000                je .firmware
  1662 000015CC C605[DE2F0000]04            mov byte [bm_view], BM_VIEW_UNAVAILABLE
  1662          ******************       warning: 32-bit absolute section-crossing relocation [-w+reloc-abs-dword]
  1663 000015D3 E8C1060000                  call boot_manager_draw_unavailable
  1664 000015D8 E97EFCFFFF                  jmp .wait_key
  1665                                  .sub_up_power:
  1666 000015DD 803D[DF2F0000]00            cmp byte [bm_subselection], 0
  1666          ******************       warning: 32-bit absolute section-crossing relocation [-w+reloc-abs-dword]
  1667 000015E4 7509                        jne .sub_power_dec
  1668 000015E6 C605[DF2F0000]03            mov byte [bm_subselection], 3
  1668          ******************       warning: 32-bit absolute section-crossing relocation [-w+reloc-abs-dword]
  1669 000015ED EB1E                        jmp .redraw_power
  1670                                  .sub_power_dec:
  1671 000015EF FE0D[DF2F0000]              dec byte [bm_subselection]
  1671          ******************       warning: 32-bit absolute section-crossing relocation [-w+reloc-abs-dword]
  1672 000015F5 EB16                        jmp .redraw_power
  1673                                  .sub_down_power:
  1674 000015F7 FE05[DF2F0000]              inc byte [bm_subselection]
  1674          ******************       warning: 32-bit absolute section-crossing relocation [-w+reloc-abs-dword]
  1675 000015FD 803D[DF2F0000]04            cmp byte [bm_subselection], 4
  1675          ******************       warning: 32-bit absolute section-crossing relocation [-w+reloc-abs-dword]
  1676 00001604 7207                        jb .redraw_power
  1677 00001606 C605[DF2F0000]00            mov byte [bm_subselection], 0
  1677          ******************       warning: 32-bit absolute section-crossing relocation [-w+reloc-abs-dword]
  1678                                  .redraw_power:
  1679 0000160D E8690B0000                  call boot_manager_draw_power_dialog
  1680 00001612 E944FCFFFF                  jmp .wait_key
  1681                                  
  1682                                  .handle_recovery_key:
  1683 00001617 3C01                        cmp al, 0x01
  1684 00001619 0F84E8FDFFFF                je .back_to_main
  1685 0000161F 3C0E                        cmp al, 0x0E
  1686 00001621 0F84E0FDFFFF                je .back_to_main
  1687 00001627 3C48                        cmp al, 0x48
  1688 00001629 742C                        je .sub_up_recovery
  1689 0000162B 3C50                        cmp al, 0x50
  1690 0000162D 7442                        je .sub_down_recovery
  1691 0000162F 3C1C                        cmp al, 0x1C
  1692 00001631 0F8524FCFFFF                jne .wait_key
  1693 00001637 803D[DF2F0000]00            cmp byte [bm_subselection], 0
  1693          ******************       warning: 32-bit absolute section-crossing relocation [-w+reloc-abs-dword]
  1694 0000163E 7451                        je .self_healing
  1695 00001640 803D[DF2F0000]01            cmp byte [bm_subselection], 1
  1695          ******************       warning: 32-bit absolute section-crossing relocation [-w+reloc-abs-dword]
  1696 00001647 7463                        je .snapshots
  1697 00001649 803D[DF2F0000]02            cmp byte [bm_subselection], 2
  1697          ******************       warning: 32-bit absolute section-crossing relocation [-w+reloc-abs-dword]
  1698 00001650 7475                        je .memory_test
  1699 00001652 E992000000                  jmp .disk_tools
  1700                                  .sub_up_recovery:
  1701 00001657 803D[DF2F0000]00            cmp byte [bm_subselection], 0
  1701          ******************       warning: 32-bit absolute section-crossing relocation [-w+reloc-abs-dword]
  1702 0000165E 7509                        jne .sub_recovery_dec
  1703 00001660 C605[DF2F0000]03            mov byte [bm_subselection], 3
  1703          ******************       warning: 32-bit absolute section-crossing relocation [-w+reloc-abs-dword]
  1704 00001667 EB1E                        jmp .redraw_recovery
  1705                                  .sub_recovery_dec:
  1706 00001669 FE0D[DF2F0000]              dec byte [bm_subselection]
  1706          ******************       warning: 32-bit absolute section-crossing relocation [-w+reloc-abs-dword]
  1707 0000166F EB16                        jmp .redraw_recovery
  1708                                  .sub_down_recovery:
  1709 00001671 FE05[DF2F0000]              inc byte [bm_subselection]
  1709          ******************       warning: 32-bit absolute section-crossing relocation [-w+reloc-abs-dword]
  1710 00001677 803D[DF2F0000]04            cmp byte [bm_subselection], 4
  1710          ******************       warning: 32-bit absolute section-crossing relocation [-w+reloc-abs-dword]
  1711 0000167E 7207                        jb .redraw_recovery
  1712 00001680 C605[DF2F0000]00            mov byte [bm_subselection], 0
  1712          ******************       warning: 32-bit absolute section-crossing relocation [-w+reloc-abs-dword]
  1713                                  .redraw_recovery:
  1714 00001687 E8AD070000                  call boot_manager_draw_recovery_notice
  1715 0000168C E9CAFBFFFF                  jmp .wait_key
  1716                                  .self_healing:
  1717 00001691 C605[DE2F0000]09            mov byte [bm_view], BM_VIEW_SELF_HEALING
  1717          ******************       warning: 32-bit absolute section-crossing relocation [-w+reloc-abs-dword]
  1718 00001698 BE[16430000]                mov esi, bm_event_self_healing
  1718          ******************       warning: 32-bit absolute section-crossing relocation [-w+reloc-abs-dword]
  1719 0000169D E89B180000                  call bm_debug_write_string
  1720 000016A2 E8710B0000                  call boot_manager_draw_self_healing
  1721 000016A7 E9AFFBFFFF                  jmp .wait_key
  1722                                  .snapshots:
  1723 000016AC C605[DE2F0000]0A            mov byte [bm_view], BM_VIEW_SNAPSHOTS
  1723          ******************       warning: 32-bit absolute section-crossing relocation [-w+reloc-abs-dword]
  1724 000016B3 BE[27430000]                mov esi, bm_event_snapshots
  1724          ******************       warning: 32-bit absolute section-crossing relocation [-w+reloc-abs-dword]
  1725 000016B8 E880180000                  call bm_debug_write_string
  1726 000016BD E8E90B0000                  call boot_manager_draw_snapshots
  1727 000016C2 E994FBFFFF                  jmp .wait_key
  1728                                  .memory_test:
  1729 000016C7 C605[E02F0000]00            mov byte [bm_memory_result], 0
  1729          ******************       warning: 32-bit absolute section-crossing relocation [-w+reloc-abs-dword]
  1730 000016CE C605[DE2F0000]0B            mov byte [bm_view], BM_VIEW_MEMORY_TEST
  1730          ******************       warning: 32-bit absolute section-crossing relocation [-w+reloc-abs-dword]
  1731 000016D5 BE[35430000]                mov esi, bm_event_memory_test
  1731          ******************       warning: 32-bit absolute section-crossing relocation [-w+reloc-abs-dword]
  1732 000016DA E85E180000                  call bm_debug_write_string
  1733 000016DF E8280C0000                  call boot_manager_draw_memory_test
  1734 000016E4 E972FBFFFF                  jmp .wait_key
  1735                                  .disk_tools:
  1736 000016E9 C605[DE2F0000]0C            mov byte [bm_view], BM_VIEW_DISK_TOOLS
  1736          ******************       warning: 32-bit absolute section-crossing relocation [-w+reloc-abs-dword]
  1737 000016F0 BE[69430000]                mov esi, bm_event_disk_tools
  1737          ******************       warning: 32-bit absolute section-crossing relocation [-w+reloc-abs-dword]
  1738 000016F5 E843180000                  call bm_debug_write_string
  1739 000016FA E8F70C0000                  call boot_manager_draw_disk_tools
  1740 000016FF E957FBFFFF                  jmp .wait_key
  1741                                  
  1742                                  .handle_memory_key:
  1743 00001704 3C01                        cmp al, 0x01
  1744 00001706 0F84FBFCFFFF                je .back_to_main
  1745 0000170C 3C0E                        cmp al, 0x0E
  1746 0000170E 0F84F3FCFFFF                je .back_to_main
  1747 00001714 3C1C                        cmp al, 0x1C
  1748 00001716 0F853FFBFFFF                jne .wait_key
  1749 0000171C E8B30E0000                  call bm_run_memory_quick_test
  1750 00001721 E8E60B0000                  call boot_manager_draw_memory_test
  1751 00001726 E930FBFFFF                  jmp .wait_key
  1752                                  
  1753                                  .network:
  1754 0000172B C605[DE2F0000]0E            mov byte [bm_view], BM_VIEW_NETWORK
  1754          ******************       warning: 32-bit absolute section-crossing relocation [-w+reloc-abs-dword]
  1755 00001732 BE[87430000]                mov esi, bm_event_network
  1755          ******************       warning: 32-bit absolute section-crossing relocation [-w+reloc-abs-dword]
  1756 00001737 E801180000                  call bm_debug_write_string
  1757 0000173C E8AE0D0000                  call boot_manager_draw_network
  1758 00001741 E915FBFFFF                  jmp .wait_key
  1759                                  .firmware:
  1760 00001746 C605[DE2F0000]0F            mov byte [bm_view], BM_VIEW_FIRMWARE
  1760          ******************       warning: 32-bit absolute section-crossing relocation [-w+reloc-abs-dword]
  1761 0000174D BE[93430000]                mov esi, bm_event_firmware
  1761          ******************       warning: 32-bit absolute section-crossing relocation [-w+reloc-abs-dword]
  1762 00001752 E8E6170000                  call bm_debug_write_string
  1763 00001757 E8030E0000                  call boot_manager_draw_firmware
  1764 0000175C E9FAFAFFFF                  jmp .wait_key
  1765                                  .encryption:
  1766 00001761 C605[DE2F0000]0D            mov byte [bm_view], BM_VIEW_ENCRYPTION
  1766          ******************       warning: 32-bit absolute section-crossing relocation [-w+reloc-abs-dword]
  1767 00001768 BE[78430000]                mov esi, bm_event_encryption
  1767          ******************       warning: 32-bit absolute section-crossing relocation [-w+reloc-abs-dword]
  1768 0000176D E8CB170000                  call bm_debug_write_string
  1769 00001772 E8030D0000                  call boot_manager_draw_encryption
  1770 00001777 E9DFFAFFFF                  jmp .wait_key
  1771                                  
  1772                                  .diagnostics:
  1773 0000177C C605[DE2F0000]02            mov byte [bm_view], BM_VIEW_DIAGNOSTICS
  1773          ******************       warning: 32-bit absolute section-crossing relocation [-w+reloc-abs-dword]
  1774 00001783 BE[63420000]                mov esi, bm_event_diagnostics
  1774          ******************       warning: 32-bit absolute section-crossing relocation [-w+reloc-abs-dword]
  1775 00001788 E8B0170000                  call bm_debug_write_string
  1776 0000178D E8FB050000                  call boot_manager_draw_diagnostics
  1777 00001792 E9C4FAFFFF                  jmp .wait_key
  1778                                  .recovery:
  1779 00001797 C605[DF2F0000]00            mov byte [bm_subselection], 0
  1779          ******************       warning: 32-bit absolute section-crossing relocation [-w+reloc-abs-dword]
  1780 0000179E C605[DE2F0000]03            mov byte [bm_view], BM_VIEW_RECOVERY
  1780          ******************       warning: 32-bit absolute section-crossing relocation [-w+reloc-abs-dword]
  1781 000017A5 BE[73420000]                mov esi, bm_event_recovery
  1781          ******************       warning: 32-bit absolute section-crossing relocation [-w+reloc-abs-dword]
  1782 000017AA E88E170000                  call bm_debug_write_string
  1783 000017AF E885060000                  call boot_manager_draw_recovery_notice
  1784 000017B4 E9A2FAFFFF                  jmp .wait_key
  1785                                  .settings:
  1786 000017B9 BE[96420000]                mov esi, bm_event_settings
  1786          ******************       warning: 32-bit absolute section-crossing relocation [-w+reloc-abs-dword]
  1787 000017BE E87A170000                  call bm_debug_write_string
  1788 000017C3 C605[DE2F0000]01            mov byte [bm_view], BM_VIEW_SETTINGS
  1788          ******************       warning: 32-bit absolute section-crossing relocation [-w+reloc-abs-dword]
  1789 000017CA E80C070000                  call boot_manager_draw_settings
  1790 000017CF E987FAFFFF                  jmp .wait_key
  1791                                  .help:
  1792 000017D4 C605[DE2F0000]05            mov byte [bm_view], BM_VIEW_HELP
  1792          ******************       warning: 32-bit absolute section-crossing relocation [-w+reloc-abs-dword]
  1793 000017DB BE[AC420000]                mov esi, bm_event_help
  1793          ******************       warning: 32-bit absolute section-crossing relocation [-w+reloc-abs-dword]
  1794 000017E0 E858170000                  call bm_debug_write_string
  1795 000017E5 E8A8070000                  call boot_manager_draw_help
  1796 000017EA E96CFAFFFF                  jmp .wait_key
  1797                                  .start:
  1798 000017EF BE[8C420000]                mov esi, bm_event_start
  1798          ******************       warning: 32-bit absolute section-crossing relocation [-w+reloc-abs-dword]
  1799 000017F4 E844170000                  call bm_debug_write_string
  1800 000017F9 E8C2110000                  call boot_manager_draw_starting
  1801                                  .no_graphics:
  1802 000017FE C3                          ret
  1803                                  
  1804                                  ; PIT-Kanal 2 liefert einen firmwareunabhängigen Tick von rund 54,9 ms.
  1805                                  ; CF=1 und AL=Scan-Code, sobald irgendeine Taste den Countdown abbricht.
  1806                                  bm_wait_tick_or_key:
  1807 000017FF E461                        in al, 0x61
  1808 00001801 24FC                        and al, 0xFC
  1809 00001803 E661                        out 0x61, al
  1810 00001805 B0B0                        mov al, 0xB0
  1811 00001807 E643                        out 0x43, al
  1812 00001809 B0FF                        mov al, 0xFF
  1813 0000180B E642                        out 0x42, al
  1814 0000180D E642                        out 0x42, al
  1815 0000180F E461                        in al, 0x61
  1816 00001811 0C01                        or al, 0x01
  1817 00001813 24FD                        and al, 0xFD
  1818 00001815 E661                        out 0x61, al
  1819                                  .poll:
  1820 00001817 E464                        in al, 0x64
  1821 00001819 A801                        test al, 0x01
  1822 0000181B 7508                        jnz .key
  1823 0000181D E461                        in al, 0x61
  1824 0000181F A820                        test al, 0x20
  1825 00001821 74F4                        jz .poll
  1826 00001823 F8                          clc
  1827 00001824 C3                          ret
  1828                                  .key:
  1829 00001825 A820                        test al, 0x20
  1830 00001827 7504                        jnz .mouse_byte
  1831 00001829 E460                        in al, 0x60
  1832 0000182B F9                          stc
  1833 0000182C C3                          ret
  1834                                  .mouse_byte:
  1835 0000182D E8BB000000                  call bm_mouse_consume_byte
  1836 00001832 73E3                        jnc .poll
  1837 00001834 31C0                        xor eax, eax                    ; vollständiges Mausereignis pausiert
  1838 00001836 F9                          stc
  1839 00001837 C3                          ret
  1840                                  
  1841                                  ; Einheitliches, pollingbasiertes Eingabeereignis.
  1842                                  ; EAX=1 Tastatur (BL=Scan-Code), EAX=2 Mausbewegung, EAX=3 Linksklick.
  1843                                  bm_wait_input_event:
  1844                                  .poll:
  1845 00001838 E464                        in al, 0x64
  1846 0000183A A801                        test al, 0x01
  1847 0000183C 74FA                        jz .poll
  1848 0000183E A820                        test al, 0x20
  1849 00001840 750A                        jnz .mouse
  1850 00001842 E460                        in al, 0x60
  1851 00001844 88C3                        mov bl, al
  1852 00001846 B801000000                  mov eax, 1
  1853 0000184B C3                          ret
  1854                                  .mouse:
  1855 0000184C E89C000000                  call bm_mouse_consume_byte
  1856 00001851 73E5                        jnc .poll
  1857 00001853 C3                          ret
  1858                                  
  1859                                  ; Aktiviert das PS/2-Auxiliary-Gerät und den Standard-Streamingmodus. Alle
  1860                                  ; Wartevorgänge sind begrenzt, damit fehlende Hardware den Boot nie blockiert.
  1861                                  bm_mouse_initialize:
  1862 00001854 C705[EC2F0000]9001-         mov dword [bm_mouse_x], 400
  1862          ******************       warning: 32-bit absolute section-crossing relocation [-w+reloc-abs-dword]
  1862 0000185C 0000               
  1863 0000185E C705[F02F0000]2C01-         mov dword [bm_mouse_y], 300
  1863          ******************       warning: 32-bit absolute section-crossing relocation [-w+reloc-abs-dword]
  1863 00001866 0000               
  1864 00001868 C605[E22F0000]00            mov byte [bm_mouse_phase], 0
  1864          ******************       warning: 32-bit absolute section-crossing relocation [-w+reloc-abs-dword]
  1865 0000186F C605[E32F0000]00            mov byte [bm_mouse_buttons], 0
  1865          ******************       warning: 32-bit absolute section-crossing relocation [-w+reloc-abs-dword]
  1866 00001876 E850000000                  call bm_ps2_wait_input_clear
  1867 0000187B 721E                        jc .unavailable
  1868 0000187D B0A8                        mov al, 0xA8
  1869 0000187F E664                        out 0x64, al
  1870 00001881 B0F6                        mov al, 0xF6                    ; Standardwerte
  1871 00001883 E81B000000                  call bm_mouse_send_command
  1872 00001888 7211                        jc .unavailable
  1873 0000188A B0F4                        mov al, 0xF4                    ; Streaming aktivieren
  1874 0000188C E812000000                  call bm_mouse_send_command
  1875 00001891 7208                        jc .unavailable
  1876 00001893 C605[E12F0000]01            mov byte [bm_mouse_available], 1
  1876          ******************       warning: 32-bit absolute section-crossing relocation [-w+reloc-abs-dword]
  1877 0000189A C3                          ret
  1878                                  .unavailable:
  1879 0000189B C605[E12F0000]00            mov byte [bm_mouse_available], 0
  1879          ******************       warning: 32-bit absolute section-crossing relocation [-w+reloc-abs-dword]
  1880 000018A2 C3                          ret
  1881                                  
  1882                                  bm_mouse_send_command:
  1883 000018A3 50                          push eax
  1884 000018A4 E822000000                  call bm_ps2_wait_input_clear
  1885 000018A9 721D                        jc .failed_pop
  1886 000018AB B0D4                        mov al, 0xD4
  1887 000018AD E664                        out 0x64, al
  1888 000018AF E817000000                  call bm_ps2_wait_input_clear
  1889 000018B4 7212                        jc .failed_pop
  1890 000018B6 58                          pop eax
  1891 000018B7 E660                        out 0x60, al
  1892 000018B9 E81E000000                  call bm_ps2_wait_output
  1893 000018BE 7209                        jc .failed
  1894 000018C0 E460                        in al, 0x60
  1895 000018C2 3CFA                        cmp al, 0xFA
  1896 000018C4 7503                        jne .failed
  1897 000018C6 F8                          clc
  1898 000018C7 C3                          ret
  1899                                  .failed_pop:
  1900 000018C8 58                          pop eax
  1901                                  .failed:
  1902 000018C9 F9                          stc
  1903 000018CA C3                          ret
  1904                                  
  1905                                  bm_ps2_wait_input_clear:
  1906 000018CB B900000200                  mov ecx, 0x20000
  1907                                  .loop:
  1908 000018D0 E464                        in al, 0x64
  1909 000018D2 A802                        test al, 0x02
  1910 000018D4 7404                        jz .ready
  1911 000018D6 E2F8                        loop .loop
  1912 000018D8 F9                          stc
  1913 000018D9 C3                          ret
  1914                                  .ready:
  1915 000018DA F8                          clc
  1916 000018DB C3                          ret
  1917                                  
  1918                                  bm_ps2_wait_output:
  1919 000018DC B900000200                  mov ecx, 0x20000
  1920                                  .loop:
  1921 000018E1 E464                        in al, 0x64
  1922 000018E3 A801                        test al, 0x01
  1923 000018E5 7504                        jnz .ready
  1924 000018E7 E2F8                        loop .loop
  1925 000018E9 F9                          stc
  1926 000018EA C3                          ret
  1927                                  .ready:
  1928 000018EB F8                          clc
  1929 000018EC C3                          ret
  1930                                  
  1931                                  ; Nimmt genau ein Byte aus Port 60 entgegen. CF=1 erst nach einem vollständigen
  1932                                  ; 3-Byte-Paket; EAX bezeichnet dann Bewegung oder Linksklick.
  1933                                  bm_mouse_consume_byte:
  1934 000018ED E460                        in al, 0x60
  1935 000018EF 0FB615[E22F0000]            movzx edx, byte [bm_mouse_phase]
  1935          ******************       warning: 32-bit absolute section-crossing relocation [-w+reloc-abs-dword]
  1936 000018F6 85D2                        test edx, edx
  1937 000018F8 7508                        jnz .store
  1938 000018FA A808                        test al, 0x08                    ; Synchronisationsbit des ersten Bytes
  1939 000018FC 0F84B4000000                jz .incomplete
  1940                                  .store:
  1941 00001902 8882[E42F0000]              mov [bm_mouse_packet + edx], al
  1941          ******************       warning: 32-bit absolute section-crossing relocation [-w+reloc-abs-dword]
  1942 00001908 42                          inc edx
  1943 00001909 83FA03                      cmp edx, 3
  1944 0000190C 0F829E000000                jb .save_phase
  1945 00001912 C605[E22F0000]00            mov byte [bm_mouse_phase], 0
  1945          ******************       warning: 32-bit absolute section-crossing relocation [-w+reloc-abs-dword]
  1946 00001919 0FBE15[E52F0000]            movsx edx, byte [bm_mouse_packet + 1]
  1946          ******************       warning: 32-bit absolute section-crossing relocation [-w+reloc-abs-dword]
  1947 00001920 0115[EC2F0000]              add [bm_mouse_x], edx
  1947          ******************       warning: 32-bit absolute section-crossing relocation [-w+reloc-abs-dword]
  1948 00001926 0FBE15[E62F0000]            movsx edx, byte [bm_mouse_packet + 2]
  1948          ******************       warning: 32-bit absolute section-crossing relocation [-w+reloc-abs-dword]
  1949 0000192D F7DA                        neg edx
  1950 0000192F 0115[F02F0000]              add [bm_mouse_y], edx
  1950          ******************       warning: 32-bit absolute section-crossing relocation [-w+reloc-abs-dword]
  1951 00001935 833D[EC2F0000]00            cmp dword [bm_mouse_x], 0
  1951          ******************       warning: 32-bit absolute section-crossing relocation [-w+reloc-abs-dword]
  1952 0000193C 7D0A                        jge .x_upper
  1953 0000193E C705[EC2F0000]0000-         mov dword [bm_mouse_x], 0
  1953          ******************       warning: 32-bit absolute section-crossing relocation [-w+reloc-abs-dword]
  1953 00001946 0000               
  1954                                  .x_upper:
  1955 00001948 813D[EC2F0000]1F03-         cmp dword [bm_mouse_x], 799
  1955          ******************       warning: 32-bit absolute section-crossing relocation [-w+reloc-abs-dword]
  1955 00001950 0000               
  1956 00001952 7E0A                        jle .y_lower
  1957 00001954 C705[EC2F0000]1F03-         mov dword [bm_mouse_x], 799
  1957          ******************       warning: 32-bit absolute section-crossing relocation [-w+reloc-abs-dword]
  1957 0000195C 0000               
  1958                                  .y_lower:
  1959 0000195E 833D[F02F0000]00            cmp dword [bm_mouse_y], 0
  1959          ******************       warning: 32-bit absolute section-crossing relocation [-w+reloc-abs-dword]
  1960 00001965 7D0A                        jge .y_upper
  1961 00001967 C705[F02F0000]0000-         mov dword [bm_mouse_y], 0
  1961          ******************       warning: 32-bit absolute section-crossing relocation [-w+reloc-abs-dword]
  1961 0000196F 0000               
  1962                                  .y_upper:
  1963 00001971 813D[F02F0000]5702-         cmp dword [bm_mouse_y], 599
  1963          ******************       warning: 32-bit absolute section-crossing relocation [-w+reloc-abs-dword]
  1963 00001979 0000               
  1964 0000197B 7E0A                        jle .buttons
  1965 0000197D C705[F02F0000]5702-         mov dword [bm_mouse_y], 599
  1965          ******************       warning: 32-bit absolute section-crossing relocation [-w+reloc-abs-dword]
  1965 00001985 0000               
  1966                                  .buttons:
  1967 00001987 8A15[E32F0000]              mov dl, [bm_mouse_buttons]
  1967          ******************       warning: 32-bit absolute section-crossing relocation [-w+reloc-abs-dword]
  1968 0000198D A0[E42F0000]                mov al, [bm_mouse_packet]
  1968          ******************       warning: 32-bit absolute section-crossing relocation [-w+reloc-abs-dword]
  1969 00001992 2407                        and al, 0x07
  1970 00001994 A2[E32F0000]                mov [bm_mouse_buttons], al
  1970          ******************       warning: 32-bit absolute section-crossing relocation [-w+reloc-abs-dword]
  1971 00001999 A801                        test al, 0x01
  1972 0000199B 740C                        jz .movement
  1973 0000199D F6C201                      test dl, 0x01
  1974 000019A0 7507                        jnz .movement
  1975 000019A2 B803000000                  mov eax, 3
  1976 000019A7 F9                          stc
  1977 000019A8 C3                          ret
  1978                                  .movement:
  1979 000019A9 B802000000                  mov eax, 2
  1980 000019AE F9                          stc
  1981 000019AF C3                          ret
  1982                                  .save_phase:
  1983 000019B0 8815[E22F0000]              mov [bm_mouse_phase], dl
  1983          ******************       warning: 32-bit absolute section-crossing relocation [-w+reloc-abs-dword]
  1984                                  .incomplete:
  1985 000019B6 F8                          clc
  1986 000019B7 C3                          ret
  1987                                  
  1988                                  ; Linksklick-Hit-Testing. CF=1 und AL=synthetischer Tastatur-Scan-Code.
  1989                                  bm_mouse_hit_test:
  1990 000019B8 803D[DE2F0000]00            cmp byte [bm_view], BM_VIEW_MAIN
  1990          ******************       warning: 32-bit absolute section-crossing relocation [-w+reloc-abs-dword]
  1991 000019BF 753E                        jne .page
  1992 000019C1 A1[EC2F0000]                mov eax, [bm_mouse_x]
  1992          ******************       warning: 32-bit absolute section-crossing relocation [-w+reloc-abs-dword]
  1993 000019C6 3DCC000000                  cmp eax, 204
  1994 000019CB 725C                        jb .none
  1995 000019CD 3DD7020000                  cmp eax, 727
  1996 000019D2 7755                        ja .none
  1997 000019D4 A1[F02F0000]                mov eax, [bm_mouse_y]
  1997          ******************       warning: 32-bit absolute section-crossing relocation [-w+reloc-abs-dword]
  1998 000019D9 83F84D                      cmp eax, 77
  1999 000019DC 724B                        jb .none
  2000 000019DE 3DE5010000                  cmp eax, 485
  2001 000019E3 7744                        ja .none
  2002 000019E5 83E84D                      sub eax, 77
  2003 000019E8 31D2                        xor edx, edx
  2004 000019EA B944000000                  mov ecx, 68
  2005 000019EF F7F1                        div ecx
  2006 000019F1 83F806                      cmp eax, BM_MENU_ENTRY_COUNT
  2007 000019F4 7333                        jae .none
  2008 000019F6 A2[DC2F0000]                mov [bm_selection], al
  2008          ******************       warning: 32-bit absolute section-crossing relocation [-w+reloc-abs-dword]
  2009 000019FB B01C                        mov al, 0x1C                    ; Aktivierung entspricht Enter
  2010 000019FD F9                          stc
  2011 000019FE C3                          ret
  2012                                  .page:
  2013 000019FF A1[EC2F0000]                mov eax, [bm_mouse_x]
  2013          ******************       warning: 32-bit absolute section-crossing relocation [-w+reloc-abs-dword]
  2014 00001A04 3DBE000000                  cmp eax, 190
  2015 00001A09 721E                        jb .none
  2016 00001A0B 3D08020000                  cmp eax, 520
  2017 00001A10 7717                        ja .none
  2018 00001A12 A1[F02F0000]                mov eax, [bm_mouse_y]
  2018          ******************       warning: 32-bit absolute section-crossing relocation [-w+reloc-abs-dword]
  2019 00001A17 3DD6010000                  cmp eax, 470
  2020 00001A1C 720B                        jb .none
  2021 00001A1E 3D0D020000                  cmp eax, 525
  2022 00001A23 7704                        ja .none
  2023 00001A25 B001                        mov al, 0x01                    ; Zurück entspricht ESC
  2024 00001A27 F9                          stc
  2025 00001A28 C3                          ret
  2026                                  .none:
  2027 00001A29 F8                          clc
  2028 00001A2A C3                          ret
  2029                                  
  2030                                  boot_manager_draw:
  2031 00001A2B A1[F42F0000]                mov eax, [bm_theme_background]
  2031          ******************       warning: 32-bit absolute section-crossing relocation [-w+reloc-abs-dword]
  2032 00001A30 31DB                        xor ebx, ebx
  2033 00001A32 31C9                        xor ecx, ecx
  2034 00001A34 8B1560500000                mov edx, [BOOT_INFO_ADDRESS + BIB_GRAPHICS_OFFSET + 16]
  2035 00001A3A 8B3564500000                mov esi, [BOOT_INFO_ADDRESS + BIB_GRAPHICS_OFFSET + 20]
  2036 00001A40 E8B5100000                  call bm_fill_rectangle
  2037                                  
  2038                                      ; Obere blaue Markenleiste mit sichtbaren, runden Enden.
  2039 00001A45 B8C17F2D00                  mov eax, BM_COLOR_BLUE
  2040 00001A4A BB66000000                  mov ebx, 102
  2041 00001A4F 31C9                        xor ecx, ecx
  2042 00001A51 BA74020000                  mov edx, 628
  2043 00001A56 BE0D000000                  mov esi, 13
  2044 00001A5B E89D0F0000                  call bm_fill_rounded_rectangle
  2045                                  
  2046                                      ; Seitentitel. Die Referenzauflösung verwendet 1 px = 1 DLU; spätere
  2047                                      ; Backends skalieren diese logischen Koordinaten vor der Ausgabe.
  2048 00001A60 BE[0B300000]                mov esi, bm_text_screen_title
  2048          ******************       warning: 32-bit absolute section-crossing relocation [-w+reloc-abs-dword]
  2049 00001A65 BBCC000000                  mov ebx, 204
  2050 00001A6A B91B000000                  mov ecx, 27
  2051 00001A6F BAFFFFFF00                  mov edx, BM_COLOR_WHITE
  2052 00001A74 BD02000000                  mov ebp, 2
  2053 00001A79 E83E120000                  call bm_draw_text
  2054                                  
  2055                                      ; Linke NovaOS-Marke
  2056 00001A7E C705[A02F0000]2000-         mov dword [bm_logo_x], 32
  2056          ******************       warning: 32-bit absolute section-crossing relocation [-w+reloc-abs-dword]
  2056 00001A86 0000               
  2057 00001A88 C705[A42F0000]2600-         mov dword [bm_logo_y], 38
  2057          ******************       warning: 32-bit absolute section-crossing relocation [-w+reloc-abs-dword]
  2057 00001A90 0000               
  2058 00001A92 C705[A82F0000]C17F-         mov dword [bm_logo_color], BM_COLOR_BLUE
  2058          ******************       warning: 32-bit absolute section-crossing relocation [-w+reloc-abs-dword]
  2058 00001A9A 2D00               
  2059 00001A9C C605[AC2F0000]01            mov byte [bm_logo_compact], 1
  2059          ******************       warning: 32-bit absolute section-crossing relocation [-w+reloc-abs-dword]
  2060 00001AA3 C605[AD2F0000]01            mov byte [bm_logo_mirror], 1
  2060          ******************       warning: 32-bit absolute section-crossing relocation [-w+reloc-abs-dword]
  2061 00001AAA E8A5100000                  call bm_draw_nova_logo
  2062 00001AAF BE[04300000]                mov esi, bm_text_brand
  2062          ******************       warning: 32-bit absolute section-crossing relocation [-w+reloc-abs-dword]
  2063 00001AB4 BB20000000                  mov ebx, 32
  2064 00001AB9 B99C000000                  mov ecx, 156
  2065 00001ABE BAC17F2D00                  mov edx, BM_COLOR_BLUE
  2066 00001AC3 BD03000000                  mov ebp, 3
  2067 00001AC8 E8EF110000                  call bm_draw_text
  2068                                  
  2069                                      ; Menürahmen 184,55 bis 751,528
  2070 00001ACD B8C17F2D00                  mov eax, BM_COLOR_BLUE
  2071 00001AD2 BBB8000000                  mov ebx, NOVA_UI_PANEL_X
  2072 00001AD7 B937000000                  mov ecx, NOVA_UI_PANEL_Y
  2073 00001ADC BA37020000                  mov edx, NOVA_UI_PANEL_WIDTH
  2074 00001AE1 BED9010000                  mov esi, NOVA_UI_PANEL_HEIGHT
  2075 00001AE6 E8120F0000                  call bm_fill_rounded_rectangle
  2076 00001AEB A1[F42F0000]                mov eax, [bm_theme_background]
  2076          ******************       warning: 32-bit absolute section-crossing relocation [-w+reloc-abs-dword]
  2077 00001AF0 BBB9000000                  mov ebx, NOVA_UI_PANEL_X + 1
  2078 00001AF5 B938000000                  mov ecx, NOVA_UI_PANEL_Y + 1
  2079 00001AFA BA35020000                  mov edx, NOVA_UI_PANEL_WIDTH - 2
  2080 00001AFF BED7010000                  mov esi, NOVA_UI_PANEL_HEIGHT - 2
  2081 00001B04 E8F40E0000                  call bm_fill_rounded_rectangle
  2082                                  
  2083                                      ; Aktuelle Auswahl
  2084 00001B09 0FB605[DC2F0000]            movzx eax, byte [bm_selection]
  2084          ******************       warning: 32-bit absolute section-crossing relocation [-w+reloc-abs-dword]
  2085 00001B10 6BC044                      imul eax, NOVA_UI_MENU_ITEM_STRIDE
  2086 00001B13 83C04D                      add eax, NOVA_UI_MENU_Y
  2087 00001B16 89C1                        mov ecx, eax
  2088 00001B18 A1[F82F0000]                mov eax, [bm_theme_panel]
  2088          ******************       warning: 32-bit absolute section-crossing relocation [-w+reloc-abs-dword]
  2089 00001B1D BBCC000000                  mov ebx, NOVA_UI_CONTENT_X
  2090 00001B22 BA0B020000                  mov edx, NOVA_UI_CONTENT_RIGHT - NOVA_UI_CONTENT_X
  2091 00001B27 BE3E000000                  mov esi, NOVA_UI_MENU_ITEM_HEIGHT
  2092 00001B2C E8CC0E0000                  call bm_fill_rounded_rectangle
  2093                                  
  2094                                      ; Der Fokus wird zusätzlich zur Flächenfarbe durch einen cyanfarbenen
  2095                                      ; Marker dargestellt. Damit hängt die Auswahl nicht ausschließlich von
  2096                                      ; einer Farbe beziehungsweise einem schwachen Kontrastunterschied ab.
  2097 00001B31 B8FFC24C00                  mov eax, BM_COLOR_CYAN
  2098 00001B36 BBCC000000                  mov ebx, NOVA_UI_CONTENT_X
  2099 00001B3B 0FB60D[DC2F0000]            movzx ecx, byte [bm_selection]
  2099          ******************       warning: 32-bit absolute section-crossing relocation [-w+reloc-abs-dword]
  2100 00001B42 6BC944                      imul ecx, NOVA_UI_MENU_ITEM_STRIDE
  2101 00001B45 83C15B                      add ecx, NOVA_UI_MENU_Y + 14
  2102 00001B48 BA0C000000                  mov edx, NOVA_UI_SPACE_M
  2103 00001B4D BE22000000                  mov esi, 34
  2104 00001B52 E8A60E0000                  call bm_fill_rounded_rectangle
  2105                                  
  2106                                      ; Beschriftung, Symbol und Aktion stammen aus derselben Eintragstabelle.
  2107 00001B57 31FF                        xor edi, edi
  2108                                  .draw_entry:
  2109 00001B59 83FF06                      cmp edi, BM_MENU_ENTRY_COUNT
  2110 00001B5C 0F8387000000                jae .entries_done
  2111 00001B62 89F8                        mov eax, edi
  2112 00001B64 6BC008                      imul eax, BM_ENTRY_SIZE
  2113 00001B67 8BB0[B8400000]              mov esi, [bm_menu_entries + eax + BM_ENTRY_LABEL]
  2113          ******************       warning: 32-bit absolute section-crossing relocation [-w+reloc-abs-dword]
  2114 00001B6D BB16010000                  mov ebx, NOVA_UI_MENU_TEXT_X
  2115 00001B72 89F9                        mov ecx, edi
  2116 00001B74 6BC944                      imul ecx, NOVA_UI_MENU_ITEM_STRIDE
  2117 00001B77 83C162                      add ecx, NOVA_UI_MENU_Y + 21
  2118 00001B7A BAFFFFFF00                  mov edx, BM_COLOR_WHITE
  2119 00001B7F 0FB605[DC2F0000]            movzx eax, byte [bm_selection]
  2119          ******************       warning: 32-bit absolute section-crossing relocation [-w+reloc-abs-dword]
  2120 00001B86 39C7                        cmp edi, eax
  2121 00001B88 7505                        jne .entry_text_color_ready
  2122 00001B8A BAFFC24C00                  mov edx, BM_COLOR_CYAN
  2123                                  .entry_text_color_ready:
  2124 00001B8F BD02000000                  mov ebp, 2
  2125 00001B94 57                          push edi
  2126 00001B95 E822110000                  call bm_draw_text
  2127 00001B9A 5F                          pop edi
  2128                                  
  2129 00001B9B 89F8                        mov eax, edi
  2130 00001B9D 6BC008                      imul eax, BM_ENTRY_SIZE
  2131 00001BA0 0FB6B8[BC400000]            movzx edi, byte [bm_menu_entries + eax + BM_ENTRY_ICON]
  2131          ******************       warning: 32-bit absolute section-crossing relocation [-w+reloc-abs-dword]
  2132 00001BA7 B8FFFFFF00                  mov eax, BM_COLOR_WHITE
  2133 00001BAC 8B15[E82F0000]              mov edx, [bm_draw_entry_index]
  2133          ******************       warning: 32-bit absolute section-crossing relocation [-w+reloc-abs-dword]
  2134 00001BB2 0FB62D[DC2F0000]            movzx ebp, byte [bm_selection]
  2134          ******************       warning: 32-bit absolute section-crossing relocation [-w+reloc-abs-dword]
  2135 00001BB9 39EA                        cmp edx, ebp
  2136 00001BBB 7505                        jne .entry_icon_color_ready
  2137 00001BBD B8FFC24C00                  mov eax, BM_COLOR_CYAN
  2138                                  .entry_icon_color_ready:
  2139 00001BC2 BBE4000000                  mov ebx, NOVA_UI_MENU_ICON_X
  2140 00001BC7 8B0D[E82F0000]              mov ecx, [bm_draw_entry_index]
  2140          ******************       warning: 32-bit absolute section-crossing relocation [-w+reloc-abs-dword]
  2141 00001BCD 6BC944                      imul ecx, NOVA_UI_MENU_ITEM_STRIDE
  2142 00001BD0 83C165                      add ecx, NOVA_UI_MENU_Y + 24
  2143 00001BD3 E848000000                  call bm_draw_menu_icon
  2144 00001BD8 FF05[E82F0000]              inc dword [bm_draw_entry_index]
  2144          ******************       warning: 32-bit absolute section-crossing relocation [-w+reloc-abs-dword]
  2145 00001BDE 8B3D[E82F0000]              mov edi, [bm_draw_entry_index]
  2145          ******************       warning: 32-bit absolute section-crossing relocation [-w+reloc-abs-dword]
  2146 00001BE4 E970FFFFFF                  jmp .draw_entry
  2147                                  .entries_done:
  2148 00001BE9 C705[E82F0000]0000-         mov dword [bm_draw_entry_index], 0
  2148          ******************       warning: 32-bit absolute section-crossing relocation [-w+reloc-abs-dword]
  2148 00001BF1 0000               
  2149                                  
  2150                                      ; Der Standard-Boot-Eintrag wird unabhängig vom Fokus textlich markiert.
  2151 00001BF3 BE[19300000]                mov esi, bm_text_default_badge
  2151          ******************       warning: 32-bit absolute section-crossing relocation [-w+reloc-abs-dword]
  2152 00001BF8 BB80020000                  mov ebx, 640
  2153 00001BFD B969000000                  mov ecx, 105
  2154 00001C02 BAFFC24C00                  mov edx, BM_COLOR_CYAN
  2155 00001C07 BD01000000                  mov ebp, 1
  2156 00001C0C E8AB100000                  call bm_draw_text
  2157                                  
  2158 00001C11 803D[DD2F0000]00            cmp byte [bm_countdown_active], 0
  2158          ******************       warning: 32-bit absolute section-crossing relocation [-w+reloc-abs-dword]
  2159 00001C18 7405                        je .done
  2160 00001C1A E801010000                  call bm_draw_status_countdown
  2161                                  .done:
  2162 00001C1F C3                          ret
  2163                                  
  2164                                  ; EAX=Farbe, EBX=x, ECX=y, EDI=Symbolnummer.
  2165                                  ; Jedes Symbol ist eine geglättete 20x20-Maske mit vier Deckungsstufen.
  2166                                  bm_draw_menu_icon:
  2167 00001C20 60                          pushad
  2168 00001C21 891D[B02F0000]              mov [bm_icon_x], ebx
  2168          ******************       warning: 32-bit absolute section-crossing relocation [-w+reloc-abs-dword]
  2169 00001C27 890D[B42F0000]              mov [bm_icon_y], ecx
  2169          ******************       warning: 32-bit absolute section-crossing relocation [-w+reloc-abs-dword]
  2170 00001C2D A3[782F0000]                mov [bm_text_color], eax
  2170          ******************       warning: 32-bit absolute section-crossing relocation [-w+reloc-abs-dword]
  2171 00001C32 8B34BD[B82F0000]            mov esi, [bm_icon_table + edi * 4]
  2171          ******************       warning: 32-bit absolute section-crossing relocation [-w+reloc-abs-dword]
  2172 00001C39 31ED                        xor ebp, ebp
  2173                                  .row:
  2174 00001C3B 83FD14                      cmp ebp, 20
  2175 00001C3E 7357                        jae .done
  2176 00001C40 31C9                        xor ecx, ecx
  2177                                  .column:
  2178 00001C42 83F914                      cmp ecx, 20
  2179 00001C45 734D                        jae .next_row
  2180 00001C47 89E8                        mov eax, ebp
  2181 00001C49 6BC005                      imul eax, 5
  2182 00001C4C 89CA                        mov edx, ecx
  2183 00001C4E C1EA02                      shr edx, 2
  2184 00001C51 01D0                        add eax, edx
  2185 00001C53 8A0406                      mov al, [esi + eax]
  2186 00001C56 89CA                        mov edx, ecx
  2187 00001C58 83E203                      and edx, 3
  2188 00001C5B 51                          push ecx
  2189 00001C5C 88D1                        mov cl, dl
  2190 00001C5E D0E1                        shl cl, 1
  2191 00001C60 D2E8                        shr al, cl
  2192 00001C62 59                          pop ecx
  2193 00001C63 83E003                      and eax, 3
  2194 00001C66 7429                        jz .next_column
  2195 00001C68 50                          push eax
  2196 00001C69 89EF                        mov edi, ebp
  2197 00001C6B 033D[B42F0000]              add edi, [bm_icon_y]
  2197          ******************       warning: 32-bit absolute section-crossing relocation [-w+reloc-abs-dword]
  2198 00001C71 0FAF3D5C500000              imul edi, [BOOT_INFO_ADDRESS + BIB_GRAPHICS_OFFSET + 12]
  2199 00001C78 033D58500000                add edi, [BOOT_INFO_ADDRESS + BIB_GRAPHICS_OFFSET + 8]
  2200 00001C7E 89CA                        mov edx, ecx
  2201 00001C80 0315[B02F0000]              add edx, [bm_icon_x]
  2201          ******************       warning: 32-bit absolute section-crossing relocation [-w+reloc-abs-dword]
  2202 00001C86 C1E202                      shl edx, 2
  2203 00001C89 01D7                        add edi, edx
  2204 00001C8B 58                          pop eax
  2205 00001C8C E813120000                  call bm_blend_pixel
  2206                                  .next_column:
  2207 00001C91 41                          inc ecx
  2208 00001C92 EBAE                        jmp .column
  2209                                  .next_row:
  2210 00001C94 45                          inc ebp
  2211 00001C95 EBA4                        jmp .row
  2212                                  .done:
  2213 00001C97 61                          popad
  2214 00001C98 C3                          ret
  2215                                  
  2216                                  boot_manager_draw_unavailable:
  2217 00001C99 BE[5F310000]                mov esi, bm_page_installation
  2217          ******************       warning: 32-bit absolute section-crossing relocation [-w+reloc-abs-dword]
  2218 00001C9E BF01000000                  mov edi, 1
  2219 00001CA3 E8CD090000                  call bm_draw_page_base
  2220 00001CA8 BE[06400000]                mov esi, bm_text_unavailable_title
  2220          ******************       warning: 32-bit absolute section-crossing relocation [-w+reloc-abs-dword]
  2221 00001CAD BBE4000000                  mov ebx, 228
  2222 00001CB2 B99A000000                  mov ecx, 154
  2223 00001CB7 BA47B3FF00                  mov edx, BM_COLOR_WARNING
  2224 00001CBC BD02000000                  mov ebp, 2
  2225 00001CC1 E8F60F0000                  call bm_draw_text
  2226 00001CC6 BE[02410000]                mov esi, bm_text_unavailable
  2226          ******************       warning: 32-bit absolute section-crossing relocation [-w+reloc-abs-dword]
  2227 00001CCB BBE4000000                  mov ebx, 228
  2228 00001CD0 B9CA000000                  mov ecx, 202
  2229 00001CD5 8B15[FC2F0000]              mov edx, [bm_theme_secondary]
  2229          ******************       warning: 32-bit absolute section-crossing relocation [-w+reloc-abs-dword]
  2230 00001CDB BD01000000                  mov ebp, 1
  2231 00001CE0 E8D70F0000                  call bm_draw_text
  2232 00001CE5 BE[24400000]                mov esi, bm_text_unavailable_hint
  2232          ******************       warning: 32-bit absolute section-crossing relocation [-w+reloc-abs-dword]
  2233 00001CEA BBE4000000                  mov ebx, 228
  2234 00001CEF B9E8000000                  mov ecx, 232
  2235 00001CF4 BA47B3FF00                  mov edx, BM_COLOR_WARNING
  2236 00001CF9 BD01000000                  mov ebp, 1
  2237 00001CFE E8B90F0000                  call bm_draw_text
  2238 00001D03 C3                          ret
  2239                                  
  2240                                  bm_clear_status_line:
  2241 00001D04 A1[F42F0000]                mov eax, [bm_theme_background]
  2241          ******************       warning: 32-bit absolute section-crossing relocation [-w+reloc-abs-dword]
  2242 00001D09 31DB                        xor ebx, ebx
  2243 00001D0B B91C020000                  mov ecx, 540
  2244 00001D10 BA20030000                  mov edx, 800
  2245 00001D15 BE28000000                  mov esi, 40
  2246 00001D1A E8DB0D0000                  call bm_fill_rectangle
  2247 00001D1F C3                          ret
  2248                                  
  2249                                  bm_draw_status_countdown:
  2250 00001D20 E8DFFFFFFF                  call bm_clear_status_line
  2251 00001D25 BE[E8400000]                mov esi, bm_text_countdown
  2251          ******************       warning: 32-bit absolute section-crossing relocation [-w+reloc-abs-dword]
  2252 00001D2A BB28000000                  mov ebx, 40
  2253 00001D2F B929020000                  mov ecx, 553
  2254 00001D34 8B15[FC2F0000]              mov edx, [bm_theme_secondary]
  2254          ******************       warning: 32-bit absolute section-crossing relocation [-w+reloc-abs-dword]
  2255 00001D3A BD02000000                  mov ebp, 2
  2256 00001D3F E8780F0000                  call bm_draw_text
  2257                                  
  2258                                      ; Numerische Restzeit plus sichtbarer, deterministischer Fortschritt.
  2259 00001D44 A1[F82F0000]                mov eax, [bm_theme_panel]
  2259          ******************       warning: 32-bit absolute section-crossing relocation [-w+reloc-abs-dword]
  2260 00001D49 BB08020000                  mov ebx, 520
  2261 00001D4E B92E020000                  mov ecx, 558
  2262 00001D53 BAF0000000                  mov edx, 240
  2263 00001D58 BE0A000000                  mov esi, 10
  2264 00001D5D E89B0C0000                  call bm_fill_rounded_rectangle
  2265 00001D62 0FB615[FB400000]            movzx edx, byte [bm_countdown_digit]
  2265          ******************       warning: 32-bit absolute section-crossing relocation [-w+reloc-abs-dword]
  2266 00001D69 83EA30                      sub edx, '0'
  2267 00001D6C 6BD230                      imul edx, 48
  2268 00001D6F 85D2                        test edx, edx
  2269 00001D71 7419                        jz .done
  2270 00001D73 B8FFC24C00                  mov eax, BM_COLOR_CYAN
  2271 00001D78 BB08020000                  mov ebx, 520
  2272 00001D7D B92E020000                  mov ecx, 558
  2273 00001D82 BE0A000000                  mov esi, 10
  2274 00001D87 E8710C0000                  call bm_fill_rounded_rectangle
  2275                                  .done:
  2276 00001D8C C3                          ret
  2277                                  
  2278                                  boot_manager_draw_diagnostics:
  2279 00001D8D BE[3E310000]                mov esi, bm_page_diagnostics
  2279          ******************       warning: 32-bit absolute section-crossing relocation [-w+reloc-abs-dword]
  2280 00001D92 BF03000000                  mov edi, 3
  2281 00001D97 E8D9080000                  call bm_draw_page_base
  2282 00001D9C BE[F2360000]                mov esi, bm_diag_heading
  2282          ******************       warning: 32-bit absolute section-crossing relocation [-w+reloc-abs-dword]
  2283 00001DA1 BBE4000000                  mov ebx, 228
  2284 00001DA6 B990000000                  mov ecx, 144
  2285 00001DAB BA58D13000                  mov edx, BM_COLOR_SUCCESS
  2286 00001DB0 BD02000000                  mov ebp, 2
  2287 00001DB5 E8020F0000                  call bm_draw_text
  2288 00001DBA BE[19370000]                mov esi, bm_diag_nbhp
  2288          ******************       warning: 32-bit absolute section-crossing relocation [-w+reloc-abs-dword]
  2289 00001DBF BBE4000000                  mov ebx, 228
  2290 00001DC4 B9BE000000                  mov ecx, 190
  2291 00001DC9 BAFFFFFF00                  mov edx, BM_COLOR_WHITE
  2292 00001DCE BD01000000                  mov ebp, 1
  2293 00001DD3 E8E40E0000                  call bm_draw_text
  2294 00001DD8 BE[48370000]                mov esi, bm_diag_memory
  2294          ******************       warning: 32-bit absolute section-crossing relocation [-w+reloc-abs-dword]
  2295 00001DDD B9DE000000                  mov ecx, 222
  2296 00001DE2 E8D50E0000                  call bm_draw_text
  2297 00001DE7 BE[6C370000]                mov esi, bm_diag_graphics
  2297          ******************       warning: 32-bit absolute section-crossing relocation [-w+reloc-abs-dword]
  2298 00001DEC B9FE000000                  mov ecx, 254
  2299 00001DF1 E8C60E0000                  call bm_draw_text
  2300 00001DF6 BE[9C370000]                mov esi, bm_diag_kernel
  2300          ******************       warning: 32-bit absolute section-crossing relocation [-w+reloc-abs-dword]
  2301 00001DFB B91E010000                  mov ecx, 286
  2302 00001E00 E8B70E0000                  call bm_draw_text
  2303 00001E05 BE[C9370000]                mov esi, bm_diag_security
  2303          ******************       warning: 32-bit absolute section-crossing relocation [-w+reloc-abs-dword]
  2304 00001E0A B94E010000                  mov ecx, 334
  2305 00001E0F BA47B3FF00                  mov edx, BM_COLOR_WARNING
  2306 00001E14 E8A30E0000                  call bm_draw_text
  2307 00001E19 BE[BF300000]                mov esi, bm_text_diagnostics
  2307          ******************       warning: 32-bit absolute section-crossing relocation [-w+reloc-abs-dword]
  2308 00001E1E BBE4000000                  mov ebx, 228
  2309 00001E23 B988010000                  mov ecx, 392
  2310 00001E28 8B15[FC2F0000]              mov edx, [bm_theme_secondary]
  2310          ******************       warning: 32-bit absolute section-crossing relocation [-w+reloc-abs-dword]
  2311 00001E2E BD01000000                  mov ebp, 1
  2312 00001E33 E8840E0000                  call bm_draw_text
  2313 00001E38 C3                          ret
  2314                                  
  2315                                  boot_manager_draw_recovery_notice:
  2316 00001E39 BE[4D310000]                mov esi, bm_page_recovery
  2316          ******************       warning: 32-bit absolute section-crossing relocation [-w+reloc-abs-dword]
  2317 00001E3E BF04000000                  mov edi, 4
  2318 00001E43 E82D080000                  call bm_draw_page_base
  2319 00001E48 BE[03380000]                mov esi, bm_recovery_heading
  2319          ******************       warning: 32-bit absolute section-crossing relocation [-w+reloc-abs-dword]
  2320 00001E4D BBE4000000                  mov ebx, 228
  2321 00001E52 B98C000000                  mov ecx, 140
  2322 00001E57 BA47B3FF00                  mov edx, BM_COLOR_WARNING
  2323 00001E5C BD02000000                  mov ebp, 2
  2324 00001E61 E8560E0000                  call bm_draw_text
  2325 00001E66 B9B8000000                  mov ecx, 184
  2326 00001E6B BF04000000                  mov edi, 4
  2327 00001E70 E8B9070000                  call bm_draw_subselection_surface
  2328 00001E75 BE[70380000]                mov esi, bm_recovery_action_auto
  2328          ******************       warning: 32-bit absolute section-crossing relocation [-w+reloc-abs-dword]
  2329 00001E7A BBFA000000                  mov ebx, 250
  2330 00001E7F B9C6000000                  mov ecx, 198
  2331 00001E84 BAFFFFFF00                  mov edx, BM_COLOR_WHITE
  2332 00001E89 BD01000000                  mov ebp, 1
  2333 00001E8E E8290E0000                  call bm_draw_text
  2334 00001E93 BE[9F380000]                mov esi, bm_recovery_action_snapshot
  2334          ******************       warning: 32-bit absolute section-crossing relocation [-w+reloc-abs-dword]
  2335 00001E98 B9F6000000                  mov ecx, 246
  2336 00001E9D E81A0E0000                  call bm_draw_text
  2337 00001EA2 BE[CE380000]                mov esi, bm_recovery_action_memory
  2337          ******************       warning: 32-bit absolute section-crossing relocation [-w+reloc-abs-dword]
  2338 00001EA7 B926010000                  mov ecx, 294
  2339 00001EAC E80B0E0000                  call bm_draw_text
  2340 00001EB1 BE[DE380000]                mov esi, bm_recovery_action_disk
  2340          ******************       warning: 32-bit absolute section-crossing relocation [-w+reloc-abs-dword]
  2341 00001EB6 B956010000                  mov ecx, 342
  2342 00001EBB E8FC0D0000                  call bm_draw_text
  2343 00001EC0 BE[01390000]                mov esi, bm_recovery_status
  2343          ******************       warning: 32-bit absolute section-crossing relocation [-w+reloc-abs-dword]
  2344 00001EC5 BBE4000000                  mov ebx, 228
  2345 00001ECA B99A010000                  mov ecx, 410
  2346 00001ECF 8B15[FC2F0000]              mov edx, [bm_theme_secondary]
  2346          ******************       warning: 32-bit absolute section-crossing relocation [-w+reloc-abs-dword]
  2347 00001ED5 E8E20D0000                  call bm_draw_text
  2348 00001EDA C3                          ret
  2349                                  
  2350                                  boot_manager_draw_settings:
  2351 00001EDB BE[30310000]                mov esi, bm_page_settings
  2351          ******************       warning: 32-bit absolute section-crossing relocation [-w+reloc-abs-dword]
  2352 00001EE0 BF02000000                  mov edi, 2
  2353 00001EE5 E88B070000                  call bm_draw_page_base
  2354 00001EEA BE[F5350000]                mov esi, bm_settings_heading
  2354          ******************       warning: 32-bit absolute section-crossing relocation [-w+reloc-abs-dword]
  2355 00001EEF BBE4000000                  mov ebx, 228
  2356 00001EF4 B990000000                  mov ecx, 144
  2357 00001EF9 BAFFC24C00                  mov edx, BM_COLOR_CYAN
  2358 00001EFE BD02000000                  mov ebp, 2
  2359 00001F03 E8B40D0000                  call bm_draw_text
  2360 00001F08 BE[0F360000]                mov esi, bm_settings_default
  2360          ******************       warning: 32-bit absolute section-crossing relocation [-w+reloc-abs-dword]
  2361 00001F0D BBE4000000                  mov ebx, 228
  2362 00001F12 B9CA000000                  mov ecx, 202
  2363 00001F17 BAFFFFFF00                  mov edx, BM_COLOR_WHITE
  2364 00001F1C BD01000000                  mov ebp, 1
  2365 00001F21 E8960D0000                  call bm_draw_text
  2366 00001F26 BE[2F360000]                mov esi, bm_settings_countdown
  2366          ******************       warning: 32-bit absolute section-crossing relocation [-w+reloc-abs-dword]
  2367 00001F2B B9F4000000                  mov ecx, 244
  2368 00001F30 E8870D0000                  call bm_draw_text
  2369 00001F35 BE[54360000]                mov esi, bm_settings_theme_prefix
  2369          ******************       warning: 32-bit absolute section-crossing relocation [-w+reloc-abs-dword]
  2370 00001F3A B91E010000                  mov ecx, 286
  2371 00001F3F E8780D0000                  call bm_draw_text
  2372 00001F44 803D[E72F0000]00            cmp byte [bm_high_contrast], 0
  2372          ******************       warning: 32-bit absolute section-crossing relocation [-w+reloc-abs-dword]
  2373 00001F4B 7507                        jne .high_contrast
  2374 00001F4D BE[60360000]                mov esi, bm_settings_theme_dark
  2374          ******************       warning: 32-bit absolute section-crossing relocation [-w+reloc-abs-dword]
  2375 00001F52 EB05                        jmp .theme_value
  2376                                  .high_contrast:
  2377 00001F54 BE[73360000]                mov esi, bm_settings_theme_high
  2377          ******************       warning: 32-bit absolute section-crossing relocation [-w+reloc-abs-dword]
  2378                                  .theme_value:
  2379 00001F59 BBC4010000                  mov ebx, 452
  2380 00001F5E E8590D0000                  call bm_draw_text
  2381 00001F63 BE[82360000]                mov esi, bm_settings_input
  2381          ******************       warning: 32-bit absolute section-crossing relocation [-w+reloc-abs-dword]
  2382 00001F68 B948010000                  mov ecx, 328
  2383 00001F6D E84A0D0000                  call bm_draw_text
  2384 00001F72 BE[AB360000]                mov esi, bm_settings_note
  2384          ******************       warning: 32-bit absolute section-crossing relocation [-w+reloc-abs-dword]
  2385 00001F77 B986010000                  mov ecx, 390
  2386 00001F7C 8B15[FC2F0000]              mov edx, [bm_theme_secondary]
  2386          ******************       warning: 32-bit absolute section-crossing relocation [-w+reloc-abs-dword]
  2387 00001F82 BD01000000                  mov ebp, 1
  2388 00001F87 BFD7020000                  mov edi, NOVA_UI_CONTENT_RIGHT
  2389 00001F8C E8340D0000                  call bm_draw_text_wrapped
  2390 00001F91 C3                          ret
  2391                                  
  2392                                  boot_manager_draw_help:
  2393 00001F92 BE[6C310000]                mov esi, bm_page_help
  2393          ******************       warning: 32-bit absolute section-crossing relocation [-w+reloc-abs-dword]
  2394 00001F97 BF03000000                  mov edi, 3
  2395 00001F9C E8D4060000                  call bm_draw_page_base
  2396 00001FA1 BE[97320000]                mov esi, bm_help_heading
  2396          ******************       warning: 32-bit absolute section-crossing relocation [-w+reloc-abs-dword]
  2397 00001FA6 BBE4000000                  mov ebx, 228
  2398 00001FAB B990000000                  mov ecx, 144
  2399 00001FB0 BAFFC24C00                  mov edx, BM_COLOR_CYAN
  2400 00001FB5 BD02000000                  mov ebp, 2
  2401 00001FBA E8FD0C0000                  call bm_draw_text
  2402 00001FBF BE[AC320000]                mov esi, bm_help_navigation
  2402          ******************       warning: 32-bit absolute section-crossing relocation [-w+reloc-abs-dword]
  2403 00001FC4 B9CA000000                  mov ecx, 202
  2404 00001FC9 BAFFFFFF00                  mov edx, BM_COLOR_WHITE
  2405 00001FCE BD01000000                  mov ebp, 1
  2406 00001FD3 E8E40C0000                  call bm_draw_text
  2407 00001FD8 BE[D5320000]                mov esi, bm_help_actions
  2407          ******************       warning: 32-bit absolute section-crossing relocation [-w+reloc-abs-dword]
  2408 00001FDD B9F4000000                  mov ecx, 244
  2409 00001FE2 E8D50C0000                  call bm_draw_text
  2410 00001FE7 BE[00330000]                mov esi, bm_help_shortcuts
  2410          ******************       warning: 32-bit absolute section-crossing relocation [-w+reloc-abs-dword]
  2411 00001FEC B91E010000                  mov ecx, 286
  2412 00001FF1 E8C60C0000                  call bm_draw_text
  2413 00001FF6 BE[2A330000]                mov esi, bm_help_theme
  2413          ******************       warning: 32-bit absolute section-crossing relocation [-w+reloc-abs-dword]
  2414 00001FFB B948010000                  mov ecx, 328
  2415 00002000 E8B70C0000                  call bm_draw_text
  2416 00002005 BE[56330000]                mov esi, bm_help_escape
  2416          ******************       warning: 32-bit absolute section-crossing relocation [-w+reloc-abs-dword]
  2417 0000200A B986010000                  mov ecx, 390
  2418 0000200F 8B15[FC2F0000]              mov edx, [bm_theme_secondary]
  2418          ******************       warning: 32-bit absolute section-crossing relocation [-w+reloc-abs-dword]
  2419 00002015 E8A20C0000                  call bm_draw_text
  2420 0000201A C3                          ret
  2421                                  
  2422                                  boot_manager_draw_details:
  2423 0000201B BE[80310000]                mov esi, bm_page_details
  2423          ******************       warning: 32-bit absolute section-crossing relocation [-w+reloc-abs-dword]
  2424 00002020 31FF                        xor edi, edi
  2425 00002022 E84E060000                  call bm_draw_page_base
  2426 00002027 BE[7D330000]                mov esi, bm_details_heading
  2426          ******************       warning: 32-bit absolute section-crossing relocation [-w+reloc-abs-dword]
  2427 0000202C BBE4000000                  mov ebx, 228
  2428 00002031 B990000000                  mov ecx, 144
  2429 00002036 BAFFC24C00                  mov edx, BM_COLOR_CYAN
  2430 0000203B BD02000000                  mov ebp, 2
  2431 00002040 E8770C0000                  call bm_draw_text
  2432 00002045 BE[84330000]                mov esi, bm_details_version
  2432          ******************       warning: 32-bit absolute section-crossing relocation [-w+reloc-abs-dword]
  2433 0000204A B9C2000000                  mov ecx, 194
  2434 0000204F BAFFFFFF00                  mov edx, BM_COLOR_WHITE
  2435 00002054 BD01000000                  mov ebp, 1
  2436 00002059 E85E0C0000                  call bm_draw_text
  2437 0000205E BE[B1330000]                mov esi, bm_details_kernel
  2437          ******************       warning: 32-bit absolute section-crossing relocation [-w+reloc-abs-dword]
  2438 00002063 B9E2000000                  mov ecx, 226
  2439 00002068 E84F0C0000                  call bm_draw_text
  2440 0000206D BE[E2330000]                mov esi, bm_details_arch
  2440          ******************       warning: 32-bit absolute section-crossing relocation [-w+reloc-abs-dword]
  2441 00002072 B902010000                  mov ecx, 258
  2442 00002077 E8400C0000                  call bm_draw_text
  2443 0000207C BE[02340000]                mov esi, bm_details_firmware
  2443          ******************       warning: 32-bit absolute section-crossing relocation [-w+reloc-abs-dword]
  2444 00002081 B922010000                  mov ecx, 290
  2445 00002086 E8310C0000                  call bm_draw_text
  2446 0000208B BE[26340000]                mov esi, bm_details_integrity
  2446          ******************       warning: 32-bit absolute section-crossing relocation [-w+reloc-abs-dword]
  2447 00002090 B952010000                  mov ecx, 338
  2448 00002095 BA58D13000                  mov edx, BM_COLOR_SUCCESS
  2449 0000209A E81D0C0000                  call bm_draw_text
  2450 0000209F BE[5D340000]                mov esi, bm_details_signature
  2450          ******************       warning: 32-bit absolute section-crossing relocation [-w+reloc-abs-dword]
  2451 000020A4 B972010000                  mov ecx, 370
  2452 000020A9 BA47B3FF00                  mov edx, BM_COLOR_WARNING
  2453 000020AE E8090C0000                  call bm_draw_text
  2454 000020B3 BE[8D340000]                mov esi, bm_details_actions
  2454          ******************       warning: 32-bit absolute section-crossing relocation [-w+reloc-abs-dword]
  2455 000020B8 B9A8010000                  mov ecx, 424
  2456 000020BD 8B15[FC2F0000]              mov edx, [bm_theme_secondary]
  2456          ******************       warning: 32-bit absolute section-crossing relocation [-w+reloc-abs-dword]
  2457 000020C3 E8F40B0000                  call bm_draw_text
  2458 000020C8 C3                          ret
  2459                                  
  2460                                  boot_manager_draw_advanced:
  2461 000020C9 BE[99310000]                mov esi, bm_page_advanced
  2461          ******************       warning: 32-bit absolute section-crossing relocation [-w+reloc-abs-dword]
  2462 000020CE 31FF                        xor edi, edi
  2463 000020D0 E8A0050000                  call bm_draw_page_base
  2464 000020D5 BE[CE420000]                mov esi, bm_event_advanced_base
  2464          ******************       warning: 32-bit absolute section-crossing relocation [-w+reloc-abs-dword]
  2465 000020DA E85E0E0000                  call bm_debug_write_string
  2466 000020DF BE[C4340000]                mov esi, bm_advanced_heading
  2466          ******************       warning: 32-bit absolute section-crossing relocation [-w+reloc-abs-dword]
  2467 000020E4 BBE4000000                  mov ebx, 228
  2468 000020E9 B98C000000                  mov ecx, 140
  2469 000020EE BAFFC24C00                  mov edx, BM_COLOR_CYAN
  2470 000020F3 BD02000000                  mov ebp, 2
  2471 000020F8 E8BF0B0000                  call bm_draw_text
  2472 000020FD B9B8000000                  mov ecx, 184
  2473 00002102 BF05000000                  mov edi, 5
  2474 00002107 E822050000                  call bm_draw_subselection_surface
  2475 0000210C BE[E0420000]                mov esi, bm_event_advanced_list
  2475          ******************       warning: 32-bit absolute section-crossing relocation [-w+reloc-abs-dword]
  2476 00002111 E8270E0000                  call bm_debug_write_string
  2477 00002116 BE[E0340000]                mov esi, bm_advanced_normal
  2477          ******************       warning: 32-bit absolute section-crossing relocation [-w+reloc-abs-dword]
  2478 0000211B BBFA000000                  mov ebx, 250
  2479 00002120 B9C6000000                  mov ecx, 198
  2480 00002125 BAFFFFFF00                  mov edx, BM_COLOR_WHITE
  2481 0000212A BD01000000                  mov ebp, 1
  2482 0000212F E8880B0000                  call bm_draw_text
  2483 00002134 BE[EF340000]                mov esi, bm_advanced_recovery
  2483          ******************       warning: 32-bit absolute section-crossing relocation [-w+reloc-abs-dword]
  2484 00002139 B9F6000000                  mov ecx, 246
  2485 0000213E E8790B0000                  call bm_draw_text
  2486 00002143 BE[00350000]                mov esi, bm_advanced_safe
  2486          ******************       warning: 32-bit absolute section-crossing relocation [-w+reloc-abs-dword]
  2487 00002148 B926010000                  mov ecx, 294
  2488 0000214D E86A0B0000                  call bm_draw_text
  2489 00002152 BE[14350000]                mov esi, bm_advanced_network
  2489          ******************       warning: 32-bit absolute section-crossing relocation [-w+reloc-abs-dword]
  2490 00002157 B956010000                  mov ecx, 342
  2491 0000215C E85B0B0000                  call bm_draw_text
  2492 00002161 BE[35350000]                mov esi, bm_advanced_logging
  2492          ******************       warning: 32-bit absolute section-crossing relocation [-w+reloc-abs-dword]
  2493 00002166 B986010000                  mov ecx, 390
  2494 0000216B E84C0B0000                  call bm_draw_text
  2495 00002170 BE[F2420000]                mov esi, bm_event_advanced_ready
  2495          ******************       warning: 32-bit absolute section-crossing relocation [-w+reloc-abs-dword]
  2496 00002175 E8C30D0000                  call bm_debug_write_string
  2497 0000217A C3                          ret
  2498                                  
  2499                                  boot_manager_draw_power_dialog:
  2500 0000217B BE[B2310000]                mov esi, bm_page_power
  2500          ******************       warning: 32-bit absolute section-crossing relocation [-w+reloc-abs-dword]
  2501 00002180 BF05000000                  mov edi, 5
  2502 00002185 E8EB040000                  call bm_draw_page_base
  2503 0000218A BE[55350000]                mov esi, bm_power_heading
  2503          ******************       warning: 32-bit absolute section-crossing relocation [-w+reloc-abs-dword]
  2504 0000218F BBE4000000                  mov ebx, 228
  2505 00002194 B98C000000                  mov ecx, 140
  2506 00002199 BAFFC24C00                  mov edx, BM_COLOR_CYAN
  2507 0000219E BD02000000                  mov ebp, 2
  2508 000021A3 E8140B0000                  call bm_draw_text
  2509 000021A8 B9B8000000                  mov ecx, 184
  2510 000021AD BF04000000                  mov edi, 4
  2511 000021B2 E877040000                  call bm_draw_subselection_surface
  2512 000021B7 BE[70350000]                mov esi, bm_power_off
  2512          ******************       warning: 32-bit absolute section-crossing relocation [-w+reloc-abs-dword]
  2513 000021BC BBFA000000                  mov ebx, 250
  2514 000021C1 B9C6000000                  mov ecx, 198
  2515 000021C6 BAFFFFFF00                  mov edx, BM_COLOR_WHITE
  2516 000021CB BD01000000                  mov ebp, 1
  2517 000021D0 E8E70A0000                  call bm_draw_text
  2518 000021D5 BE[7F350000]                mov esi, bm_power_restart
  2518          ******************       warning: 32-bit absolute section-crossing relocation [-w+reloc-abs-dword]
  2519 000021DA B9F6000000                  mov ecx, 246
  2520 000021DF E8D80A0000                  call bm_draw_text
  2521 000021E4 BE[8B350000]                mov esi, bm_power_recovery
  2521          ******************       warning: 32-bit absolute section-crossing relocation [-w+reloc-abs-dword]
  2522 000021E9 B926010000                  mov ecx, 294
  2523 000021EE E8C90A0000                  call bm_draw_text
  2524 000021F3 BE[A3350000]                mov esi, bm_power_firmware
  2524          ******************       warning: 32-bit absolute section-crossing relocation [-w+reloc-abs-dword]
  2525 000021F8 B956010000                  mov ecx, 342
  2526 000021FD E8BA0A0000                  call bm_draw_text
  2527 00002202 BE[C9350000]                mov esi, bm_power_note
  2527          ******************       warning: 32-bit absolute section-crossing relocation [-w+reloc-abs-dword]
  2528 00002207 B99A010000                  mov ecx, 410
  2529 0000220C 8B15[FC2F0000]              mov edx, [bm_theme_secondary]
  2529          ******************       warning: 32-bit absolute section-crossing relocation [-w+reloc-abs-dword]
  2530 00002212 E8A50A0000                  call bm_draw_text
  2531 00002217 C3                          ret
  2532                                  
  2533                                  boot_manager_draw_self_healing:
  2534 00002218 BE[CD310000]                mov esi, bm_page_self_healing
  2534          ******************       warning: 32-bit absolute section-crossing relocation [-w+reloc-abs-dword]
  2535 0000221D BF04000000                  mov edi, 4
  2536 00002222 E84E040000                  call bm_draw_page_base
  2537 00002227 BE[2E390000]                mov esi, bm_heal_heading
  2537          ******************       warning: 32-bit absolute section-crossing relocation [-w+reloc-abs-dword]
  2538 0000222C BBE4000000                  mov ebx, 228
  2539 00002231 B990000000                  mov ecx, 144
  2540 00002236 BAFFC24C00                  mov edx, BM_COLOR_CYAN
  2541 0000223B BD02000000                  mov ebp, 2
  2542 00002240 E8770A0000                  call bm_draw_text
  2543 00002245 BE[4A390000]                mov esi, bm_heal_integrity
  2543          ******************       warning: 32-bit absolute section-crossing relocation [-w+reloc-abs-dword]
  2544 0000224A B9CA000000                  mov ecx, 202
  2545 0000224F BA58D13000                  mov edx, BM_COLOR_SUCCESS
  2546 00002254 BD01000000                  mov ebp, 1
  2547 00002259 E85E0A0000                  call bm_draw_text
  2548 0000225E BE[6A390000]                mov esi, bm_heal_kernel
  2548          ******************       warning: 32-bit absolute section-crossing relocation [-w+reloc-abs-dword]
  2549 00002263 B9EE000000                  mov ecx, 238
  2550 00002268 E84F0A0000                  call bm_draw_text
  2551 0000226D BE[8A390000]                mov esi, bm_heal_bootloader
  2551          ******************       warning: 32-bit absolute section-crossing relocation [-w+reloc-abs-dword]
  2552 00002272 B912010000                  mov ecx, 274
  2553 00002277 E8400A0000                  call bm_draw_text
  2554 0000227C BE[AF390000]                mov esi, bm_heal_filesystem
  2554          ******************       warning: 32-bit absolute section-crossing relocation [-w+reloc-abs-dword]
  2555 00002281 B936010000                  mov ecx, 310
  2556 00002286 BA47B3FF00                  mov edx, BM_COLOR_WARNING
  2557 0000228B E82C0A0000                  call bm_draw_text
  2558 00002290 BE[E5390000]                mov esi, bm_heal_note
  2558          ******************       warning: 32-bit absolute section-crossing relocation [-w+reloc-abs-dword]
  2559 00002295 B976010000                  mov ecx, 374
  2560 0000229A 8B15[FC2F0000]              mov edx, [bm_theme_secondary]
  2560          ******************       warning: 32-bit absolute section-crossing relocation [-w+reloc-abs-dword]
  2561 000022A0 BFD7020000                  mov edi, NOVA_UI_CONTENT_RIGHT
  2562 000022A5 E81B0A0000                  call bm_draw_text_wrapped
  2563 000022AA C3                          ret
  2564                                  
  2565                                  boot_manager_draw_snapshots:
  2566 000022AB BE[E1310000]                mov esi, bm_page_snapshots
  2566          ******************       warning: 32-bit absolute section-crossing relocation [-w+reloc-abs-dword]
  2567 000022B0 BF04000000                  mov edi, 4
  2568 000022B5 E8BB030000                  call bm_draw_page_base
  2569 000022BA BE[503A0000]                mov esi, bm_snap_heading
  2569          ******************       warning: 32-bit absolute section-crossing relocation [-w+reloc-abs-dword]
  2570 000022BF BBE4000000                  mov ebx, 228
  2571 000022C4 B990000000                  mov ecx, 144
  2572 000022C9 BA47B3FF00                  mov edx, BM_COLOR_WARNING
  2573 000022CE BD02000000                  mov ebp, 2
  2574 000022D3 E8E4090000                  call bm_draw_text
  2575 000022D8 BE[693A0000]                mov esi, bm_snap_count
  2575          ******************       warning: 32-bit absolute section-crossing relocation [-w+reloc-abs-dword]
  2576 000022DD B9CA000000                  mov ecx, 202
  2577 000022E2 BAFFFFFF00                  mov edx, BM_COLOR_WHITE
  2578 000022E7 BD01000000                  mov ebp, 1
  2579 000022EC E8CB090000                  call bm_draw_text
  2580 000022F1 BE[853A0000]                mov esi, bm_snap_reason
  2580          ******************       warning: 32-bit absolute section-crossing relocation [-w+reloc-abs-dword]
  2581 000022F6 B9FA000000                  mov ecx, 250
  2582 000022FB 8B15[FC2F0000]              mov edx, [bm_theme_secondary]
  2582          ******************       warning: 32-bit absolute section-crossing relocation [-w+reloc-abs-dword]
  2583 00002301 BFD7020000                  mov edi, NOVA_UI_CONTENT_RIGHT
  2584 00002306 E8BA090000                  call bm_draw_text_wrapped
  2585 0000230B C3                          ret
  2586                                  
  2587                                  boot_manager_draw_memory_test:
  2588 0000230C BE[F2310000]                mov esi, bm_page_memory
  2588          ******************       warning: 32-bit absolute section-crossing relocation [-w+reloc-abs-dword]
  2589 00002311 BF03000000                  mov edi, 3
  2590 00002316 E85A030000                  call bm_draw_page_base
  2591 0000231B BE[F73A0000]                mov esi, bm_memory_heading
  2591          ******************       warning: 32-bit absolute section-crossing relocation [-w+reloc-abs-dword]
  2592 00002320 BBE4000000                  mov ebx, 228
  2593 00002325 B990000000                  mov ecx, 144
  2594 0000232A BAFFC24C00                  mov edx, BM_COLOR_CYAN
  2595 0000232F BD02000000                  mov ebp, 2
  2596 00002334 E883090000                  call bm_draw_text
  2597 00002339 BE[0E3B0000]                mov esi, bm_memory_map
  2597          ******************       warning: 32-bit absolute section-crossing relocation [-w+reloc-abs-dword]
  2598 0000233E B9CA000000                  mov ecx, 202
  2599 00002343 BAFFFFFF00                  mov edx, BM_COLOR_WHITE
  2600 00002348 BD01000000                  mov ebp, 1
  2601 0000234D E86A090000                  call bm_draw_text
  2602 00002352 BE[343B0000]                mov esi, bm_memory_algorithm
  2602          ******************       warning: 32-bit absolute section-crossing relocation [-w+reloc-abs-dword]
  2603 00002357 B9EE000000                  mov ecx, 238
  2604 0000235C E85B090000                  call bm_draw_text
  2605 00002361 803D[E02F0000]01            cmp byte [bm_memory_result], 1
  2605          ******************       warning: 32-bit absolute section-crossing relocation [-w+reloc-abs-dword]
  2606 00002368 7416                        je .passed
  2607 0000236A 803D[E02F0000]02            cmp byte [bm_memory_result], 2
  2607          ******************       warning: 32-bit absolute section-crossing relocation [-w+reloc-abs-dword]
  2608 00002371 7419                        je .failed
  2609 00002373 BE[593B0000]                mov esi, bm_memory_ready
  2609          ******************       warning: 32-bit absolute section-crossing relocation [-w+reloc-abs-dword]
  2610 00002378 8B15[FC2F0000]              mov edx, [bm_theme_secondary]
  2610          ******************       warning: 32-bit absolute section-crossing relocation [-w+reloc-abs-dword]
  2611 0000237E EB16                        jmp .result
  2612                                  .passed:
  2613 00002380 BE[793B0000]                mov esi, bm_memory_passed
  2613          ******************       warning: 32-bit absolute section-crossing relocation [-w+reloc-abs-dword]
  2614 00002385 BA58D13000                  mov edx, BM_COLOR_SUCCESS
  2615 0000238A EB0A                        jmp .result
  2616                                  .failed:
  2617 0000238C BE[B13B0000]                mov esi, bm_memory_failed
  2617          ******************       warning: 32-bit absolute section-crossing relocation [-w+reloc-abs-dword]
  2618 00002391 BA4B15B600                  mov edx, BM_COLOR_ERROR
  2619                                  .result:
  2620 00002396 B930010000                  mov ecx, 304
  2621 0000239B E81C090000                  call bm_draw_text
  2622 000023A0 A1[F82F0000]                mov eax, [bm_theme_panel]
  2622          ******************       warning: 32-bit absolute section-crossing relocation [-w+reloc-abs-dword]
  2623 000023A5 BBE4000000                  mov ebx, 228
  2624 000023AA B962010000                  mov ecx, 354
  2625 000023AF BAE0010000                  mov edx, 480
  2626 000023B4 BE0C000000                  mov esi, 12
  2627 000023B9 E83F060000                  call bm_fill_rounded_rectangle
  2628 000023BE 803D[E02F0000]00            cmp byte [bm_memory_result], 0
  2628          ******************       warning: 32-bit absolute section-crossing relocation [-w+reloc-abs-dword]
  2629 000023C5 740F                        je .hint
  2630 000023C7 B8FFC24C00                  mov eax, BM_COLOR_CYAN
  2631 000023CC BAE0010000                  mov edx, 480
  2632 000023D1 E827060000                  call bm_fill_rounded_rectangle
  2633                                  .hint:
  2634 000023D6 BE[E13B0000]                mov esi, bm_memory_hint
  2634          ******************       warning: 32-bit absolute section-crossing relocation [-w+reloc-abs-dword]
  2635 000023DB BBE4000000                  mov ebx, 228
  2636 000023E0 B992010000                  mov ecx, 402
  2637 000023E5 8B15[FC2F0000]              mov edx, [bm_theme_secondary]
  2637          ******************       warning: 32-bit absolute section-crossing relocation [-w+reloc-abs-dword]
  2638 000023EB BD01000000                  mov ebp, 1
  2639 000023F0 E8C7080000                  call bm_draw_text
  2640 000023F5 C3                          ret
  2641                                  
  2642                                  boot_manager_draw_disk_tools:
  2643 000023F6 BE[FF310000]                mov esi, bm_page_disk
  2643          ******************       warning: 32-bit absolute section-crossing relocation [-w+reloc-abs-dword]
  2644 000023FB BF03000000                  mov edi, 3
  2645 00002400 E870020000                  call bm_draw_page_base
  2646 00002405 BE[143C0000]                mov esi, bm_disk_heading
  2646          ******************       warning: 32-bit absolute section-crossing relocation [-w+reloc-abs-dword]
  2647 0000240A BBE4000000                  mov ebx, 228
  2648 0000240F B990000000                  mov ecx, 144
  2649 00002414 BAFFC24C00                  mov edx, BM_COLOR_CYAN
  2650 00002419 BD02000000                  mov ebp, 2
  2651 0000241E E899080000                  call bm_draw_text
  2652 00002423 BE[2F3C0000]                mov esi, bm_disk_device
  2652          ******************       warning: 32-bit absolute section-crossing relocation [-w+reloc-abs-dword]
  2653 00002428 B9CA000000                  mov ecx, 202
  2654 0000242D BAFFFFFF00                  mov edx, BM_COLOR_WHITE
  2655 00002432 BD01000000                  mov ebp, 1
  2656 00002437 E880080000                  call bm_draw_text
  2657 0000243C BE[5B3C0000]                mov esi, bm_disk_layout
  2657          ******************       warning: 32-bit absolute section-crossing relocation [-w+reloc-abs-dword]
  2658 00002441 B9EE000000                  mov ecx, 238
  2659 00002446 E871080000                  call bm_draw_text
  2660 0000244B BE[843C0000]                mov esi, bm_disk_health
  2660          ******************       warning: 32-bit absolute section-crossing relocation [-w+reloc-abs-dword]
  2661 00002450 B912010000                  mov ecx, 274
  2662 00002455 BA58D13000                  mov edx, BM_COLOR_SUCCESS
  2663 0000245A E85D080000                  call bm_draw_text
  2664 0000245F BE[B13C0000]                mov esi, bm_disk_note
  2664          ******************       warning: 32-bit absolute section-crossing relocation [-w+reloc-abs-dword]
  2665 00002464 B952010000                  mov ecx, 338
  2666 00002469 8B15[FC2F0000]              mov edx, [bm_theme_secondary]
  2666          ******************       warning: 32-bit absolute section-crossing relocation [-w+reloc-abs-dword]
  2667 0000246F BFD7020000                  mov edi, NOVA_UI_CONTENT_RIGHT
  2668 00002474 E84C080000                  call bm_draw_text_wrapped
  2669 00002479 C3                          ret
  2670                                  
  2671                                  boot_manager_draw_encryption:
  2672 0000247A BE[1B320000]                mov esi, bm_page_encryption
  2672          ******************       warning: 32-bit absolute section-crossing relocation [-w+reloc-abs-dword]
  2673 0000247F BF02000000                  mov edi, 2
  2674 00002484 E8EC010000                  call bm_draw_page_base
  2675 00002489 BE[2F3D0000]                mov esi, bm_encryption_heading
  2675          ******************       warning: 32-bit absolute section-crossing relocation [-w+reloc-abs-dword]
  2676 0000248E BBE4000000                  mov ebx, 228
  2677 00002493 B990000000                  mov ecx, 144
  2678 00002498 BAFFC24C00                  mov edx, BM_COLOR_CYAN
  2679 0000249D BD02000000                  mov ebp, 2
  2680 000024A2 E815080000                  call bm_draw_text
  2681 000024A7 BE[483D0000]                mov esi, bm_encryption_volume
  2681          ******************       warning: 32-bit absolute section-crossing relocation [-w+reloc-abs-dword]
  2682 000024AC B9D2000000                  mov ecx, 210
  2683 000024B1 BAFFFFFF00                  mov edx, BM_COLOR_WHITE
  2684 000024B6 BD01000000                  mov ebp, 1
  2685 000024BB E8FC070000                  call bm_draw_text
  2686 000024C0 BE[6F3D0000]                mov esi, bm_encryption_state
  2686          ******************       warning: 32-bit absolute section-crossing relocation [-w+reloc-abs-dword]
  2687 000024C5 B9FA000000                  mov ecx, 250
  2688 000024CA BA58D13000                  mov edx, BM_COLOR_SUCCESS
  2689 000024CF E8E8070000                  call bm_draw_text
  2690 000024D4 BE[9C3D0000]                mov esi, bm_encryption_note
  2690          ******************       warning: 32-bit absolute section-crossing relocation [-w+reloc-abs-dword]
  2691 000024D9 B940010000                  mov ecx, 320
  2692 000024DE 8B15[FC2F0000]              mov edx, [bm_theme_secondary]
  2692          ******************       warning: 32-bit absolute section-crossing relocation [-w+reloc-abs-dword]
  2693 000024E4 BFD7020000                  mov edi, NOVA_UI_CONTENT_RIGHT
  2694 000024E9 E8D7070000                  call bm_draw_text_wrapped
  2695 000024EE C3                          ret
  2696                                  
  2697                                  boot_manager_draw_network:
  2698 000024EF BE[3A320000]                mov esi, bm_page_network
  2698          ******************       warning: 32-bit absolute section-crossing relocation [-w+reloc-abs-dword]
  2699 000024F4 BF03000000                  mov edi, 3
  2700 000024F9 E877010000                  call bm_draw_page_base
  2701 000024FE BE[203E0000]                mov esi, bm_network_heading
  2701          ******************       warning: 32-bit absolute section-crossing relocation [-w+reloc-abs-dword]
  2702 00002503 BBE4000000                  mov ebx, 228
  2703 00002508 B990000000                  mov ecx, 144
  2704 0000250D BA47B3FF00                  mov edx, BM_COLOR_WARNING
  2705 00002512 BD02000000                  mov ebp, 2
  2706 00002517 E8A0070000                  call bm_draw_text
  2707 0000251C BE[393E0000]                mov esi, bm_network_adapter
  2707          ******************       warning: 32-bit absolute section-crossing relocation [-w+reloc-abs-dword]
  2708 00002521 B9D2000000                  mov ecx, 210
  2709 00002526 BAFFFFFF00                  mov edx, BM_COLOR_WHITE
  2710 0000252B BD01000000                  mov ebp, 1
  2711 00002530 E887070000                  call bm_draw_text
  2712 00002535 BE[663E0000]                mov esi, bm_network_server
  2712          ******************       warning: 32-bit absolute section-crossing relocation [-w+reloc-abs-dword]
  2713 0000253A B9FA000000                  mov ecx, 250
  2714 0000253F E878070000                  call bm_draw_text
  2715 00002544 BE[8F3E0000]                mov esi, bm_network_note
  2715          ******************       warning: 32-bit absolute section-crossing relocation [-w+reloc-abs-dword]
  2716 00002549 B940010000                  mov ecx, 320
  2717 0000254E 8B15[FC2F0000]              mov edx, [bm_theme_secondary]
  2717          ******************       warning: 32-bit absolute section-crossing relocation [-w+reloc-abs-dword]
  2718 00002554 BFD7020000                  mov edi, NOVA_UI_CONTENT_RIGHT
  2719 00002559 E867070000                  call bm_draw_text_wrapped
  2720 0000255E C3                          ret
  2721                                  
  2722                                  boot_manager_draw_firmware:
  2723 0000255F BE[48320000]                mov esi, bm_page_firmware
  2723          ******************       warning: 32-bit absolute section-crossing relocation [-w+reloc-abs-dword]
  2724 00002564 BF02000000                  mov edi, 2
  2725 00002569 E807010000                  call bm_draw_page_base
  2726 0000256E BE[1E3F0000]                mov esi, bm_firmware_heading
  2726          ******************       warning: 32-bit absolute section-crossing relocation [-w+reloc-abs-dword]
  2727 00002573 BBE4000000                  mov ebx, 228
  2728 00002578 B990000000                  mov ecx, 144
  2729 0000257D BAFFC24C00                  mov edx, BM_COLOR_CYAN
  2730 00002582 BD02000000                  mov ebp, 2
  2731 00002587 E830070000                  call bm_draw_text
  2732 0000258C BE[353F0000]                mov esi, bm_firmware_mode
  2732          ******************       warning: 32-bit absolute section-crossing relocation [-w+reloc-abs-dword]
  2733 00002591 B9D2000000                  mov ecx, 210
  2734 00002596 BAFFFFFF00                  mov edx, BM_COLOR_WHITE
  2735 0000259B BD01000000                  mov ebp, 1
  2736 000025A0 E817070000                  call bm_draw_text
  2737 000025A5 BE[5A3F0000]                mov esi, bm_firmware_secure
  2737          ******************       warning: 32-bit absolute section-crossing relocation [-w+reloc-abs-dword]
  2738 000025AA B9FA000000                  mov ecx, 250
  2739 000025AF BA47B3FF00                  mov edx, BM_COLOR_WARNING
  2740 000025B4 E803070000                  call bm_draw_text
  2741 000025B9 BE[833F0000]                mov esi, bm_firmware_note
  2741          ******************       warning: 32-bit absolute section-crossing relocation [-w+reloc-abs-dword]
  2742 000025BE B940010000                  mov ecx, 320
  2743 000025C3 8B15[FC2F0000]              mov edx, [bm_theme_secondary]
  2743          ******************       warning: 32-bit absolute section-crossing relocation [-w+reloc-abs-dword]
  2744 000025C9 BFD7020000                  mov edi, NOVA_UI_CONTENT_RIGHT
  2745 000025CE E8F2060000                  call bm_draw_text_wrapped
  2746 000025D3 C3                          ret
  2747                                  
  2748                                  bm_run_memory_quick_test:
  2749 000025D4 50                          push eax
  2750 000025D5 A1[00300000]                mov eax, [bm_memory_probe]
  2750          ******************       warning: 32-bit absolute section-crossing relocation [-w+reloc-abs-dword]
  2751 000025DA 50                          push eax
  2752 000025DB C705[00300000]55AA-         mov dword [bm_memory_probe], 0xAA55AA55
  2752          ******************       warning: 32-bit absolute section-crossing relocation [-w+reloc-abs-dword]
  2752 000025E3 55AA               
  2753 000025E5 813D[00300000]55AA-         cmp dword [bm_memory_probe], 0xAA55AA55
  2753          ******************       warning: 32-bit absolute section-crossing relocation [-w+reloc-abs-dword]
  2753 000025ED 55AA               
  2754 000025EF 7524                        jne .failed
  2755 000025F1 C705[00300000]AA55-         mov dword [bm_memory_probe], 0x55AA55AA
  2755          ******************       warning: 32-bit absolute section-crossing relocation [-w+reloc-abs-dword]
  2755 000025F9 AA55               
  2756 000025FB 813D[00300000]AA55-         cmp dword [bm_memory_probe], 0x55AA55AA
  2756          ******************       warning: 32-bit absolute section-crossing relocation [-w+reloc-abs-dword]
  2756 00002603 AA55               
  2757 00002605 750E                        jne .failed
  2758 00002607 C605[E02F0000]01            mov byte [bm_memory_result], 1
  2758          ******************       warning: 32-bit absolute section-crossing relocation [-w+reloc-abs-dword]
  2759 0000260E BE[45430000]                mov esi, bm_event_memory_passed
  2759          ******************       warning: 32-bit absolute section-crossing relocation [-w+reloc-abs-dword]
  2760 00002613 EB0C                        jmp .restore
  2761                                  .failed:
  2762 00002615 C605[E02F0000]02            mov byte [bm_memory_result], 2
  2762          ******************       warning: 32-bit absolute section-crossing relocation [-w+reloc-abs-dword]
  2763 0000261C BE[57430000]                mov esi, bm_event_memory_failed
  2763          ******************       warning: 32-bit absolute section-crossing relocation [-w+reloc-abs-dword]
  2764                                  .restore:
  2765 00002621 58                          pop eax
  2766 00002622 A3[00300000]                mov [bm_memory_probe], eax
  2766          ******************       warning: 32-bit absolute section-crossing relocation [-w+reloc-abs-dword]
  2767 00002627 E811090000                  call bm_debug_write_string
  2768 0000262C 58                          pop eax
  2769 0000262D C3                          ret
  2770                                  
  2771                                  ; ECX=Start-y, EDI=Anzahl. Gemeinsame Focus/Selected-Flaeche fuer Listen.
  2772                                  bm_draw_subselection_surface:
  2773 0000262E 60                          pushad
  2774 0000262F 0FB605[DF2F0000]            movzx eax, byte [bm_subselection]
  2774          ******************       warning: 32-bit absolute section-crossing relocation [-w+reloc-abs-dword]
  2775 00002636 39F8                        cmp eax, edi
  2776 00002638 7202                        jb .valid
  2777 0000263A 31C0                        xor eax, eax
  2778                                  .valid:
  2779 0000263C 6BC030                      imul eax, 48
  2780 0000263F 01C1                        add ecx, eax
  2781 00002641 A1[F82F0000]                mov eax, [bm_theme_panel]
  2781          ******************       warning: 32-bit absolute section-crossing relocation [-w+reloc-abs-dword]
  2782 00002646 BBE4000000                  mov ebx, 228
  2783 0000264B BAE0010000                  mov edx, 480
  2784 00002650 BE2A000000                  mov esi, 42
  2785 00002655 E8A3030000                  call bm_fill_rounded_rectangle
  2786 0000265A B8FFC24C00                  mov eax, BM_COLOR_CYAN
  2787 0000265F BBE4000000                  mov ebx, 228
  2788 00002664 BA0C000000                  mov edx, NOVA_UI_SPACE_M
  2789 00002669 BE2A000000                  mov esi, 42
  2790 0000266E E88A030000                  call bm_fill_rounded_rectangle
  2791 00002673 61                          popad
  2792 00002674 C3                          ret
  2793                                  
  2794                                  ; ESI=Seitentitel, EDI=Menüsymbol. Zeichnet eine gemeinsame, modal wirkende
  2795                                  ; Seitenbasis über den Hauptbildschirm und erhält dadurch Marke, Rahmen und
  2796                                  ; Design-Tokens auf allen Ansichten konsistent.
  2797                                  bm_draw_page_base:
  2798 00002675 56                          push esi
  2799 00002676 57                          push edi
  2800 00002677 E8B4000000                  call bm_draw_page_shell
  2801 0000267C A1[F42F0000]                mov eax, [bm_theme_background]
  2801          ******************       warning: 32-bit absolute section-crossing relocation [-w+reloc-abs-dword]
  2802 00002681 BBBE000000                  mov ebx, 190
  2803 00002686 B93D000000                  mov ecx, 61
  2804 0000268B BA2B020000                  mov edx, 555
  2805 00002690 BECC010000                  mov esi, 460
  2806 00002695 E860040000                  call bm_fill_rectangle
  2807 0000269A 5F                          pop edi
  2808 0000269B 5E                          pop esi
  2809 0000269C BBE4000000                  mov ebx, 228
  2810 000026A1 B954000000                  mov ecx, 84
  2811 000026A6 BAFFFFFF00                  mov edx, BM_COLOR_WHITE
  2812 000026AB BD02000000                  mov ebp, 2
  2813 000026B0 E807060000                  call bm_draw_text
  2814 000026B5 B8FFC24C00                  mov eax, BM_COLOR_CYAN
  2815 000026BA BBCC000000                  mov ebx, 204
  2816 000026BF B957000000                  mov ecx, 87
  2817 000026C4 E857F5FFFF                  call bm_draw_menu_icon
  2818 000026C9 B8C17F2D00                  mov eax, BM_COLOR_BLUE
  2819 000026CE BBCC000000                  mov ebx, 204
  2820 000026D3 B97A000000                  mov ecx, 122
  2821 000026D8 BA0B020000                  mov edx, 523
  2822 000026DD BE02000000                  mov esi, 2
  2823 000026E2 E813040000                  call bm_fill_rectangle
  2824 000026E7 BE[5F320000]                mov esi, bm_page_back_hint
  2824          ******************       warning: 32-bit absolute section-crossing relocation [-w+reloc-abs-dword]
  2825 000026EC 803D[DE2F0000]09            cmp byte [bm_view], BM_VIEW_SELF_HEALING
  2825          ******************       warning: 32-bit absolute section-crossing relocation [-w+reloc-abs-dword]
  2826 000026F3 741B                        je .recovery_hint
  2827 000026F5 803D[DE2F0000]0A            cmp byte [bm_view], BM_VIEW_SNAPSHOTS
  2827          ******************       warning: 32-bit absolute section-crossing relocation [-w+reloc-abs-dword]
  2828 000026FC 7412                        je .recovery_hint
  2829 000026FE 803D[DE2F0000]0B            cmp byte [bm_view], BM_VIEW_MEMORY_TEST
  2829          ******************       warning: 32-bit absolute section-crossing relocation [-w+reloc-abs-dword]
  2830 00002705 7409                        je .recovery_hint
  2831 00002707 803D[DE2F0000]0C            cmp byte [bm_view], BM_VIEW_DISK_TOOLS
  2831          ******************       warning: 32-bit absolute section-crossing relocation [-w+reloc-abs-dword]
  2832 0000270E 7505                        jne .hint_ready
  2833                                  .recovery_hint:
  2834 00002710 BE[79320000]                mov esi, bm_page_back_recovery_hint
  2834          ******************       warning: 32-bit absolute section-crossing relocation [-w+reloc-abs-dword]
  2835                                  .hint_ready:
  2836 00002715 BBCC000000                  mov ebx, 204
  2837 0000271A B9E8010000                  mov ecx, 488
  2838 0000271F 8B15[FC2F0000]              mov edx, [bm_theme_secondary]
  2838          ******************       warning: 32-bit absolute section-crossing relocation [-w+reloc-abs-dword]
  2839 00002725 BD01000000                  mov ebp, 1
  2840 0000272A E88D050000                  call bm_draw_text
  2841 0000272F C3                          ret
  2842                                  
  2843                                  ; Gemeinsame statische Shell fuer Unterseiten. Sie zeichnet nur Hintergrund,
  2844                                  ; Marke, Kopfzeile und Panel statt zuerst das komplette Hauptmenue aufzubauen.
  2845                                  bm_draw_page_shell:
  2846 00002730 A1[F42F0000]                mov eax, [bm_theme_background]
  2846          ******************       warning: 32-bit absolute section-crossing relocation [-w+reloc-abs-dword]
  2847 00002735 31DB                        xor ebx, ebx
  2848 00002737 31C9                        xor ecx, ecx
  2849 00002739 8B1560500000                mov edx, [BOOT_INFO_ADDRESS + BIB_GRAPHICS_OFFSET + 16]
  2850 0000273F 8B3564500000                mov esi, [BOOT_INFO_ADDRESS + BIB_GRAPHICS_OFFSET + 20]
  2851 00002745 E8B0030000                  call bm_fill_rectangle
  2852 0000274A B8C17F2D00                  mov eax, BM_COLOR_BLUE
  2853 0000274F BB66000000                  mov ebx, 102
  2854 00002754 31C9                        xor ecx, ecx
  2855 00002756 BA74020000                  mov edx, 628
  2856 0000275B BE0D000000                  mov esi, 13
  2857 00002760 E898020000                  call bm_fill_rounded_rectangle
  2858 00002765 C705[A02F0000]2000-         mov dword [bm_logo_x], 32
  2858          ******************       warning: 32-bit absolute section-crossing relocation [-w+reloc-abs-dword]
  2858 0000276D 0000               
  2859 0000276F C705[A42F0000]2600-         mov dword [bm_logo_y], 38
  2859          ******************       warning: 32-bit absolute section-crossing relocation [-w+reloc-abs-dword]
  2859 00002777 0000               
  2860 00002779 C705[A82F0000]C17F-         mov dword [bm_logo_color], BM_COLOR_BLUE
  2860          ******************       warning: 32-bit absolute section-crossing relocation [-w+reloc-abs-dword]
  2860 00002781 2D00               
  2861 00002783 C605[AC2F0000]01            mov byte [bm_logo_compact], 1
  2861          ******************       warning: 32-bit absolute section-crossing relocation [-w+reloc-abs-dword]
  2862 0000278A C605[AD2F0000]01            mov byte [bm_logo_mirror], 1
  2862          ******************       warning: 32-bit absolute section-crossing relocation [-w+reloc-abs-dword]
  2863 00002791 E8BE030000                  call bm_draw_nova_logo
  2864 00002796 BE[04300000]                mov esi, bm_text_brand
  2864          ******************       warning: 32-bit absolute section-crossing relocation [-w+reloc-abs-dword]
  2865 0000279B BB20000000                  mov ebx, 32
  2866 000027A0 B99C000000                  mov ecx, 156
  2867 000027A5 BAC17F2D00                  mov edx, BM_COLOR_BLUE
  2868 000027AA BD03000000                  mov ebp, 3
  2869 000027AF E808050000                  call bm_draw_text
  2870 000027B4 B8C17F2D00                  mov eax, BM_COLOR_BLUE
  2871 000027B9 BBB8000000                  mov ebx, NOVA_UI_PANEL_X
  2872 000027BE B937000000                  mov ecx, NOVA_UI_PANEL_Y
  2873 000027C3 BA37020000                  mov edx, NOVA_UI_PANEL_WIDTH
  2874 000027C8 BED9010000                  mov esi, NOVA_UI_PANEL_HEIGHT
  2875 000027CD E82B020000                  call bm_fill_rounded_rectangle
  2876 000027D2 A1[F42F0000]                mov eax, [bm_theme_background]
  2876          ******************       warning: 32-bit absolute section-crossing relocation [-w+reloc-abs-dword]
  2877 000027D7 BBB9000000                  mov ebx, NOVA_UI_PANEL_X + 1
  2878 000027DC B938000000                  mov ecx, NOVA_UI_PANEL_Y + 1
  2879 000027E1 BA35020000                  mov edx, NOVA_UI_PANEL_WIDTH - 2
  2880 000027E6 BED7010000                  mov esi, NOVA_UI_PANEL_HEIGHT - 2
  2881 000027EB E80D020000                  call bm_fill_rounded_rectangle
  2882 000027F0 C3                          ret
  2883                                  
  2884                                  bm_redraw_current_view:
  2885 000027F1 803D[DE2F0000]01            cmp byte [bm_view], BM_VIEW_SETTINGS
  2885          ******************       warning: 32-bit absolute section-crossing relocation [-w+reloc-abs-dword]
  2886 000027F8 0F8495000000                je .settings
  2887 000027FE 803D[DE2F0000]02            cmp byte [bm_view], BM_VIEW_DIAGNOSTICS
  2887          ******************       warning: 32-bit absolute section-crossing relocation [-w+reloc-abs-dword]
  2888 00002805 0F848F000000                je .diagnostics
  2889 0000280B 803D[DE2F0000]03            cmp byte [bm_view], BM_VIEW_RECOVERY
  2889          ******************       warning: 32-bit absolute section-crossing relocation [-w+reloc-abs-dword]
  2890 00002812 0F8489000000                je .recovery
  2891 00002818 803D[DE2F0000]04            cmp byte [bm_view], BM_VIEW_UNAVAILABLE
  2891          ******************       warning: 32-bit absolute section-crossing relocation [-w+reloc-abs-dword]
  2892 0000281F 0F8483000000                je .unavailable
  2893 00002825 803D[DE2F0000]05            cmp byte [bm_view], BM_VIEW_HELP
  2893          ******************       warning: 32-bit absolute section-crossing relocation [-w+reloc-abs-dword]
  2894 0000282C 0F847D000000                je .help
  2895 00002832 803D[DE2F0000]06            cmp byte [bm_view], BM_VIEW_DETAILS
  2895          ******************       warning: 32-bit absolute section-crossing relocation [-w+reloc-abs-dword]
  2896 00002839 747B                        je .details
  2897 0000283B 803D[DE2F0000]07            cmp byte [bm_view], BM_VIEW_ADVANCED
  2897          ******************       warning: 32-bit absolute section-crossing relocation [-w+reloc-abs-dword]
  2898 00002842 7479                        je .advanced
  2899 00002844 803D[DE2F0000]08            cmp byte [bm_view], BM_VIEW_POWER
  2899          ******************       warning: 32-bit absolute section-crossing relocation [-w+reloc-abs-dword]
  2900 0000284B 7477                        je .power
  2901 0000284D 803D[DE2F0000]09            cmp byte [bm_view], BM_VIEW_SELF_HEALING
  2901          ******************       warning: 32-bit absolute section-crossing relocation [-w+reloc-abs-dword]
  2902 00002854 7475                        je .self_healing
  2903 00002856 803D[DE2F0000]0A            cmp byte [bm_view], BM_VIEW_SNAPSHOTS
  2903          ******************       warning: 32-bit absolute section-crossing relocation [-w+reloc-abs-dword]
  2904 0000285D 7473                        je .snapshots
  2905 0000285F 803D[DE2F0000]0B            cmp byte [bm_view], BM_VIEW_MEMORY_TEST
  2905          ******************       warning: 32-bit absolute section-crossing relocation [-w+reloc-abs-dword]
  2906 00002866 7471                        je .memory
  2907 00002868 803D[DE2F0000]0C            cmp byte [bm_view], BM_VIEW_DISK_TOOLS
  2907          ******************       warning: 32-bit absolute section-crossing relocation [-w+reloc-abs-dword]
  2908 0000286F 746F                        je .disk
  2909 00002871 803D[DE2F0000]0D            cmp byte [bm_view], BM_VIEW_ENCRYPTION
  2909          ******************       warning: 32-bit absolute section-crossing relocation [-w+reloc-abs-dword]
  2910 00002878 746D                        je .encryption
  2911 0000287A 803D[DE2F0000]0E            cmp byte [bm_view], BM_VIEW_NETWORK
  2911          ******************       warning: 32-bit absolute section-crossing relocation [-w+reloc-abs-dword]
  2912 00002881 746B                        je .network
  2913 00002883 803D[DE2F0000]0F            cmp byte [bm_view], BM_VIEW_FIRMWARE
  2913          ******************       warning: 32-bit absolute section-crossing relocation [-w+reloc-abs-dword]
  2914 0000288A 7469                        je .firmware
  2915 0000288C E89AF1FFFF                  call boot_manager_draw
  2916 00002891 EB67                        jmp .cursor
  2917                                  .settings:
  2918 00002893 E843F6FFFF                  call boot_manager_draw_settings
  2919 00002898 EB60                        jmp .cursor
  2920                                  .diagnostics:
  2921 0000289A E8EEF4FFFF                  call boot_manager_draw_diagnostics
  2922 0000289F EB59                        jmp .cursor
  2923                                  .recovery:
  2924 000028A1 E893F5FFFF                  call boot_manager_draw_recovery_notice
  2925 000028A6 EB52                        jmp .cursor
  2926                                  .unavailable:
  2927 000028A8 E8ECF3FFFF                  call boot_manager_draw_unavailable
  2928 000028AD EB4B                        jmp .cursor
  2929                                  .help:
  2930 000028AF E8DEF6FFFF                  call boot_manager_draw_help
  2931 000028B4 EB44                        jmp .cursor
  2932                                  .details:
  2933 000028B6 E860F7FFFF                  call boot_manager_draw_details
  2934 000028BB EB3D                        jmp .cursor
  2935                                  .advanced:
  2936 000028BD E807F8FFFF                  call boot_manager_draw_advanced
  2937 000028C2 EB36                        jmp .cursor
  2938                                  .power:
  2939 000028C4 E8B2F8FFFF                  call boot_manager_draw_power_dialog
  2940 000028C9 EB2F                        jmp .cursor
  2941                                  .self_healing:
  2942 000028CB E848F9FFFF                  call boot_manager_draw_self_healing
  2943 000028D0 EB28                        jmp .cursor
  2944                                  .snapshots:
  2945 000028D2 E8D4F9FFFF                  call boot_manager_draw_snapshots
  2946 000028D7 EB21                        jmp .cursor
  2947                                  .memory:
  2948 000028D9 E82EFAFFFF                  call boot_manager_draw_memory_test
  2949 000028DE EB1A                        jmp .cursor
  2950                                  .disk:
  2951 000028E0 E811FBFFFF                  call boot_manager_draw_disk_tools
  2952 000028E5 EB13                        jmp .cursor
  2953                                  .encryption:
  2954 000028E7 E88EFBFFFF                  call boot_manager_draw_encryption
  2955 000028EC EB0C                        jmp .cursor
  2956                                  .network:
  2957 000028EE E8FCFBFFFF                  call boot_manager_draw_network
  2958 000028F3 EB05                        jmp .cursor
  2959                                  .firmware:
  2960 000028F5 E865FCFFFF                  call boot_manager_draw_firmware
  2961                                  .cursor:
  2962 000028FA E801000000                  call bm_draw_mouse_cursor
  2963 000028FF C3                          ret
  2964                                  
  2965                                  ; Kleiner, geglättet wirkender Nova-Cursor aus deterministischen Primitiven.
  2966                                  ; Er benötigt weder Bitmapressource noch dynamischen Speicher.
  2967                                  bm_draw_mouse_cursor:
  2968 00002900 803D[E12F0000]00            cmp byte [bm_mouse_available], 0
  2968          ******************       warning: 32-bit absolute section-crossing relocation [-w+reloc-abs-dword]
  2969 00002907 7454                        je .done
  2970 00002909 31ED                        xor ebp, ebp
  2971                                  .arrow_row:
  2972 0000290B 83FD0C                      cmp ebp, 12
  2973 0000290E 7327                        jae .stem
  2974 00002910 B8FFFFFF00                  mov eax, BM_COLOR_WHITE
  2975 00002915 8B1D[EC2F0000]              mov ebx, [bm_mouse_x]
  2975          ******************       warning: 32-bit absolute section-crossing relocation [-w+reloc-abs-dword]
  2976 0000291B 8B0D[F02F0000]              mov ecx, [bm_mouse_y]
  2976          ******************       warning: 32-bit absolute section-crossing relocation [-w+reloc-abs-dword]
  2977 00002921 01E9                        add ecx, ebp
  2978 00002923 89EA                        mov edx, ebp
  2979 00002925 D1EA                        shr edx, 1
  2980 00002927 83C202                      add edx, 2
  2981 0000292A BE01000000                  mov esi, 1
  2982 0000292F E8C6010000                  call bm_fill_rectangle
  2983 00002934 45                          inc ebp
  2984 00002935 EBD4                        jmp .arrow_row
  2985                                  .stem:
  2986 00002937 B8FFC24C00                  mov eax, BM_COLOR_CYAN
  2987 0000293C 8B1D[EC2F0000]              mov ebx, [bm_mouse_x]
  2987          ******************       warning: 32-bit absolute section-crossing relocation [-w+reloc-abs-dword]
  2988 00002942 83C304                      add ebx, 4
  2989 00002945 8B0D[F02F0000]              mov ecx, [bm_mouse_y]
  2989          ******************       warning: 32-bit absolute section-crossing relocation [-w+reloc-abs-dword]
  2990 0000294B 83C109                      add ecx, 9
  2991 0000294E BA03000000                  mov edx, 3
  2992 00002953 BE07000000                  mov esi, 7
  2993 00002958 E89D010000                  call bm_fill_rectangle
  2994                                  .done:
  2995 0000295D C3                          ret
  2996                                  
  2997                                  bm_toggle_contrast_theme:
  2998 0000295E 8035[E72F0000]01            xor byte [bm_high_contrast], 1
  2998          ******************       warning: 32-bit absolute section-crossing relocation [-w+reloc-abs-dword]
  2999 00002965 803D[E72F0000]00            cmp byte [bm_high_contrast], 0
  2999          ******************       warning: 32-bit absolute section-crossing relocation [-w+reloc-abs-dword]
  3000 0000296C 7429                        je .dark
  3001 0000296E C705[F42F0000]0000-         mov dword [bm_theme_background], 0x00000000
  3001          ******************       warning: 32-bit absolute section-crossing relocation [-w+reloc-abs-dword]
  3001 00002976 0000               
  3002 00002978 C705[F82F0000]2525-         mov dword [bm_theme_panel], 0x00252525
  3002          ******************       warning: 32-bit absolute section-crossing relocation [-w+reloc-abs-dword]
  3002 00002980 2500               
  3003 00002982 C705[FC2F0000]FFFF-         mov dword [bm_theme_secondary], BM_COLOR_WHITE
  3003          ******************       warning: 32-bit absolute section-crossing relocation [-w+reloc-abs-dword]
  3003 0000298A FF00               
  3004 0000298C BE[A0430000]                mov esi, bm_event_high_contrast
  3004          ******************       warning: 32-bit absolute section-crossing relocation [-w+reloc-abs-dword]
  3005 00002991 E8A7050000                  call bm_debug_write_string
  3006 00002996 C3                          ret
  3007                                  .dark:
  3008 00002997 C705[F42F0000]1311-         mov dword [bm_theme_background], BM_COLOR_BACKGROUND
  3008          ******************       warning: 32-bit absolute section-crossing relocation [-w+reloc-abs-dword]
  3008 0000299F 1000               
  3009 000029A1 C705[F82F0000]201C-         mov dword [bm_theme_panel], BM_COLOR_PANEL
  3009          ******************       warning: 32-bit absolute section-crossing relocation [-w+reloc-abs-dword]
  3009 000029A9 1A00               
  3010 000029AB C705[FC2F0000]CFCF-         mov dword [bm_theme_secondary], BM_COLOR_SECONDARY
  3010          ******************       warning: 32-bit absolute section-crossing relocation [-w+reloc-abs-dword]
  3010 000029B3 CF00               
  3011 000029B5 BE[B8430000]                mov esi, bm_event_dark_theme
  3011          ******************       warning: 32-bit absolute section-crossing relocation [-w+reloc-abs-dword]
  3012 000029BA E87E050000                  call bm_debug_write_string
  3013 000029BF C3                          ret
  3014                                  
  3015                                  boot_manager_draw_starting:
  3016 000029C0 A1[F82F0000]                mov eax, [bm_theme_panel]
  3016          ******************       warning: 32-bit absolute section-crossing relocation [-w+reloc-abs-dword]
  3017 000029C5 BB40000000                  mov ebx, 64
  3018 000029CA B9C0010000                  mov ecx, 448
  3019 000029CF BAA0020000                  mov edx, 672
  3020 000029D4 BE4C000000                  mov esi, 76
  3021 000029D9 E81F000000                  call bm_fill_rounded_rectangle
  3022 000029DE BE[19310000]                mov esi, bm_text_starting
  3022          ******************       warning: 32-bit absolute section-crossing relocation [-w+reloc-abs-dword]
  3023 000029E3 BB60000000                  mov ebx, 96
  3024 000029E8 B9DA010000                  mov ecx, 474
  3025 000029ED BAFFC24C00                  mov edx, BM_COLOR_CYAN
  3026 000029F2 BD02000000                  mov ebp, 2
  3027 000029F7 E8C0020000                  call bm_draw_text
  3028 000029FC C3                          ret
  3029                                  
  3030                                  ; EAX=Farbe, EBX=x, ECX=y, EDX=Breite, ESI=Höhe
  3031                                  bm_fill_rounded_rectangle:
  3032 000029FD 60                          pushad
  3033 000029FE A3[8C2F0000]                mov [bm_round_color], eax
  3033          ******************       warning: 32-bit absolute section-crossing relocation [-w+reloc-abs-dword]
  3034 00002A03 891D[902F0000]              mov [bm_round_x], ebx
  3034          ******************       warning: 32-bit absolute section-crossing relocation [-w+reloc-abs-dword]
  3035 00002A09 890D[942F0000]              mov [bm_round_y], ecx
  3035          ******************       warning: 32-bit absolute section-crossing relocation [-w+reloc-abs-dword]
  3036 00002A0F 8915[982F0000]              mov [bm_round_width], edx
  3036          ******************       warning: 32-bit absolute section-crossing relocation [-w+reloc-abs-dword]
  3037 00002A15 8935[9C2F0000]              mov [bm_round_height], esi
  3037          ******************       warning: 32-bit absolute section-crossing relocation [-w+reloc-abs-dword]
  3038 00002A1B A1[8C2F0000]                mov eax, [bm_round_color]
  3038          ******************       warning: 32-bit absolute section-crossing relocation [-w+reloc-abs-dword]
  3039 00002A20 8B1D[902F0000]              mov ebx, [bm_round_x]
  3039          ******************       warning: 32-bit absolute section-crossing relocation [-w+reloc-abs-dword]
  3040 00002A26 83C306                      add ebx, 6
  3041 00002A29 8B0D[942F0000]              mov ecx, [bm_round_y]
  3041          ******************       warning: 32-bit absolute section-crossing relocation [-w+reloc-abs-dword]
  3042 00002A2F 8B15[982F0000]              mov edx, [bm_round_width]
  3042          ******************       warning: 32-bit absolute section-crossing relocation [-w+reloc-abs-dword]
  3043 00002A35 83EA0C                      sub edx, 12
  3044 00002A38 BE01000000                  mov esi, 1
  3045 00002A3D E8B8000000                  call bm_fill_rectangle
  3046 00002A42 8B1D[902F0000]              mov ebx, [bm_round_x]
  3046          ******************       warning: 32-bit absolute section-crossing relocation [-w+reloc-abs-dword]
  3047 00002A48 83C303                      add ebx, 3
  3048 00002A4B 41                          inc ecx
  3049 00002A4C 8B15[982F0000]              mov edx, [bm_round_width]
  3049          ******************       warning: 32-bit absolute section-crossing relocation [-w+reloc-abs-dword]
  3050 00002A52 83EA06                      sub edx, 6
  3051 00002A55 E8A0000000                  call bm_fill_rectangle
  3052 00002A5A 8B1D[902F0000]              mov ebx, [bm_round_x]
  3052          ******************       warning: 32-bit absolute section-crossing relocation [-w+reloc-abs-dword]
  3053 00002A60 43                          inc ebx
  3054 00002A61 41                          inc ecx
  3055 00002A62 8B15[982F0000]              mov edx, [bm_round_width]
  3055          ******************       warning: 32-bit absolute section-crossing relocation [-w+reloc-abs-dword]
  3056 00002A68 83EA02                      sub edx, 2
  3057 00002A6B BE03000000                  mov esi, 3
  3058 00002A70 E885000000                  call bm_fill_rectangle
  3059 00002A75 8B1D[902F0000]              mov ebx, [bm_round_x]
  3059          ******************       warning: 32-bit absolute section-crossing relocation [-w+reloc-abs-dword]
  3060 00002A7B 8B0D[942F0000]              mov ecx, [bm_round_y]
  3060          ******************       warning: 32-bit absolute section-crossing relocation [-w+reloc-abs-dword]
  3061 00002A81 83C105                      add ecx, 5
  3062 00002A84 8B15[982F0000]              mov edx, [bm_round_width]
  3062          ******************       warning: 32-bit absolute section-crossing relocation [-w+reloc-abs-dword]
  3063 00002A8A 8B35[9C2F0000]              mov esi, [bm_round_height]
  3063          ******************       warning: 32-bit absolute section-crossing relocation [-w+reloc-abs-dword]
  3064 00002A90 83EE0A                      sub esi, 10
  3065 00002A93 E862000000                  call bm_fill_rectangle
  3066 00002A98 8B1D[902F0000]              mov ebx, [bm_round_x]
  3066          ******************       warning: 32-bit absolute section-crossing relocation [-w+reloc-abs-dword]
  3067 00002A9E 43                          inc ebx
  3068 00002A9F 8B0D[942F0000]              mov ecx, [bm_round_y]
  3068          ******************       warning: 32-bit absolute section-crossing relocation [-w+reloc-abs-dword]
  3069 00002AA5 030D[9C2F0000]              add ecx, [bm_round_height]
  3069          ******************       warning: 32-bit absolute section-crossing relocation [-w+reloc-abs-dword]
  3070 00002AAB 83E905                      sub ecx, 5
  3071 00002AAE 8B15[982F0000]              mov edx, [bm_round_width]
  3071          ******************       warning: 32-bit absolute section-crossing relocation [-w+reloc-abs-dword]
  3072 00002AB4 83EA02                      sub edx, 2
  3073 00002AB7 BE03000000                  mov esi, 3
  3074 00002ABC E839000000                  call bm_fill_rectangle
  3075 00002AC1 8B1D[902F0000]              mov ebx, [bm_round_x]
  3075          ******************       warning: 32-bit absolute section-crossing relocation [-w+reloc-abs-dword]
  3076 00002AC7 83C303                      add ebx, 3
  3077 00002ACA 83C103                      add ecx, 3
  3078 00002ACD 8B15[982F0000]              mov edx, [bm_round_width]
  3078          ******************       warning: 32-bit absolute section-crossing relocation [-w+reloc-abs-dword]
  3079 00002AD3 83EA06                      sub edx, 6
  3080 00002AD6 BE01000000                  mov esi, 1
  3081 00002ADB E81A000000                  call bm_fill_rectangle
  3082 00002AE0 8B1D[902F0000]              mov ebx, [bm_round_x]
  3082          ******************       warning: 32-bit absolute section-crossing relocation [-w+reloc-abs-dword]
  3083 00002AE6 83C306                      add ebx, 6
  3084 00002AE9 41                          inc ecx
  3085 00002AEA 8B15[982F0000]              mov edx, [bm_round_width]
  3085          ******************       warning: 32-bit absolute section-crossing relocation [-w+reloc-abs-dword]
  3086 00002AF0 83EA0C                      sub edx, 12
  3087 00002AF3 E802000000                  call bm_fill_rectangle
  3088 00002AF8 61                          popad
  3089 00002AF9 C3                          ret
  3090                                  
  3091                                  bm_fill_rectangle:
  3092 00002AFA 60                          pushad
  3093 00002AFB A3[502F0000]                mov [bm_rect_color], eax
  3093          ******************       warning: 32-bit absolute section-crossing relocation [-w+reloc-abs-dword]
  3094 00002B00 891D[542F0000]              mov [bm_rect_x], ebx
  3094          ******************       warning: 32-bit absolute section-crossing relocation [-w+reloc-abs-dword]
  3095 00002B06 890D[582F0000]              mov [bm_rect_y], ecx
  3095          ******************       warning: 32-bit absolute section-crossing relocation [-w+reloc-abs-dword]
  3096 00002B0C 8915[5C2F0000]              mov [bm_rect_width], edx
  3096          ******************       warning: 32-bit absolute section-crossing relocation [-w+reloc-abs-dword]
  3097 00002B12 8935[602F0000]              mov [bm_rect_height], esi
  3097          ******************       warning: 32-bit absolute section-crossing relocation [-w+reloc-abs-dword]
  3098 00002B18 31ED                        xor ebp, ebp
  3099                                  .row:
  3100 00002B1A 3B2D[602F0000]              cmp ebp, [bm_rect_height]
  3100          ******************       warning: 32-bit absolute section-crossing relocation [-w+reloc-abs-dword]
  3101 00002B20 7330                        jae .done
  3102 00002B22 A1[582F0000]                mov eax, [bm_rect_y]
  3102          ******************       warning: 32-bit absolute section-crossing relocation [-w+reloc-abs-dword]
  3103 00002B27 01E8                        add eax, ebp
  3104 00002B29 0FAF055C500000              imul eax, [BOOT_INFO_ADDRESS + BIB_GRAPHICS_OFFSET + 12]
  3105 00002B30 030558500000                add eax, [BOOT_INFO_ADDRESS + BIB_GRAPHICS_OFFSET + 8]
  3106 00002B36 89C7                        mov edi, eax
  3107 00002B38 A1[542F0000]                mov eax, [bm_rect_x]
  3107          ******************       warning: 32-bit absolute section-crossing relocation [-w+reloc-abs-dword]
  3108 00002B3D C1E002                      shl eax, 2
  3109 00002B40 01C7                        add edi, eax
  3110 00002B42 A1[502F0000]                mov eax, [bm_rect_color]
  3110          ******************       warning: 32-bit absolute section-crossing relocation [-w+reloc-abs-dword]
  3111 00002B47 8B0D[5C2F0000]              mov ecx, [bm_rect_width]
  3111          ******************       warning: 32-bit absolute section-crossing relocation [-w+reloc-abs-dword]
  3112 00002B4D F3AB                        rep stosd
  3113 00002B4F 45                          inc ebp
  3114 00002B50 EBC8                        jmp .row
  3115                                  .done:
  3116 00002B52 61                          popad
  3117 00002B53 C3                          ret
  3118                                  
  3119                                  ; Zeichnet das aus der offiziellen SVG erzeugte 2-Bit-AA-Logo rechts oben.
  3120                                  bm_draw_nova_logo:
  3121 00002B54 60                          pushad
  3122 00002B55 A1[782F0000]                mov eax, [bm_text_color]
  3122          ******************       warning: 32-bit absolute section-crossing relocation [-w+reloc-abs-dword]
  3123 00002B5A 50                          push eax
  3124 00002B5B A1[A82F0000]                mov eax, [bm_logo_color]
  3124          ******************       warning: 32-bit absolute section-crossing relocation [-w+reloc-abs-dword]
  3125 00002B60 A3[782F0000]                mov [bm_text_color], eax
  3125          ******************       warning: 32-bit absolute section-crossing relocation [-w+reloc-abs-dword]
  3126 00002B65 31ED                        xor ebp, ebp
  3127                                  .row:
  3128 00002B67 81FD96000000                cmp ebp, NOVA_LOGO_HEIGHT
  3129 00002B6D 0F83C7000000                jae .restore
  3130 00002B73 803D[AC2F0000]00            cmp byte [bm_logo_compact], 0
  3130          ******************       warning: 32-bit absolute section-crossing relocation [-w+reloc-abs-dword]
  3131 00002B7A 740E                        je .row_visible
  3132 00002B7C 89E8                        mov eax, ebp
  3133 00002B7E 83E003                      and eax, 3
  3134 00002B81 83F803                      cmp eax, 3
  3135 00002B84 0F84AA000000                je .next_row
  3136                                  .row_visible:
  3137 00002B8A 31C9                        xor ecx, ecx
  3138                                  .column:
  3139 00002B8C 81F9A0000000                cmp ecx, NOVA_LOGO_WIDTH
  3140 00002B92 0F839C000000                jae .next_row
  3141 00002B98 803D[AC2F0000]00            cmp byte [bm_logo_compact], 0
  3141          ******************       warning: 32-bit absolute section-crossing relocation [-w+reloc-abs-dword]
  3142 00002B9F 740E                        je .column_visible
  3143 00002BA1 89C8                        mov eax, ecx
  3144 00002BA3 83E003                      and eax, 3
  3145 00002BA6 83F803                      cmp eax, 3
  3146 00002BA9 0F847F000000                je .next_column
  3147                                  .column_visible:
  3148 00002BAF 89E8                        mov eax, ebp
  3149 00002BB1 6BC028                      imul eax, NOVA_LOGO_ROW_BYTES
  3150 00002BB4 89CA                        mov edx, ecx
  3151 00002BB6 C1EA02                      shr edx, 2
  3152 00002BB9 01D0                        add eax, edx
  3153 00002BBB 8A80[70590000]              mov al, [nova_logo_bitmap + eax]
  3153          ******************       warning: 32-bit absolute section-crossing relocation [-w+reloc-abs-dword]
  3154 00002BC1 89CA                        mov edx, ecx
  3155 00002BC3 83E203                      and edx, 3
  3156 00002BC6 51                          push ecx
  3157 00002BC7 88D1                        mov cl, dl
  3158 00002BC9 D0E1                        shl cl, 1
  3159 00002BCB D2E8                        shr al, cl
  3160 00002BCD 59                          pop ecx
  3161 00002BCE 83E003                      and eax, 3
  3162 00002BD1 745B                        jz .next_column
  3163 00002BD3 50                          push eax
  3164 00002BD4 89EF                        mov edi, ebp
  3165 00002BD6 803D[AC2F0000]00            cmp byte [bm_logo_compact], 0
  3165          ******************       warning: 32-bit absolute section-crossing relocation [-w+reloc-abs-dword]
  3166 00002BDD 7407                        je .row_scaled
  3167 00002BDF 89EA                        mov edx, ebp
  3168 00002BE1 C1EA02                      shr edx, 2
  3169 00002BE4 29D7                        sub edi, edx
  3170                                  .row_scaled:
  3171 00002BE6 033D[A42F0000]              add edi, [bm_logo_y]
  3171          ******************       warning: 32-bit absolute section-crossing relocation [-w+reloc-abs-dword]
  3172 00002BEC 0FAF3D5C500000              imul edi, [BOOT_INFO_ADDRESS + BIB_GRAPHICS_OFFSET + 12]
  3173 00002BF3 033D58500000                add edi, [BOOT_INFO_ADDRESS + BIB_GRAPHICS_OFFSET + 8]
  3174 00002BF9 89CA                        mov edx, ecx
  3175 00002BFB 803D[AC2F0000]00            cmp byte [bm_logo_compact], 0
  3175          ******************       warning: 32-bit absolute section-crossing relocation [-w+reloc-abs-dword]
  3176 00002C02 7407                        je .column_scaled
  3177 00002C04 89CB                        mov ebx, ecx
  3178 00002C06 C1EB02                      shr ebx, 2
  3179 00002C09 29DA                        sub edx, ebx
  3180                                  .column_scaled:
  3181 00002C0B 803D[AD2F0000]00            cmp byte [bm_logo_mirror], 0
  3181          ******************       warning: 32-bit absolute section-crossing relocation [-w+reloc-abs-dword]
  3182 00002C12 7409                        je .column_positioned
  3183 00002C14 BB77000000                  mov ebx, 119
  3184 00002C19 29D3                        sub ebx, edx
  3185 00002C1B 89DA                        mov edx, ebx
  3186                                  .column_positioned:
  3187 00002C1D 0315[A02F0000]              add edx, [bm_logo_x]
  3187          ******************       warning: 32-bit absolute section-crossing relocation [-w+reloc-abs-dword]
  3188 00002C23 C1E202                      shl edx, 2
  3189 00002C26 01D7                        add edi, edx
  3190 00002C28 58                          pop eax
  3191 00002C29 E876020000                  call bm_blend_pixel
  3192                                  .next_column:
  3193 00002C2E 41                          inc ecx
  3194 00002C2F E958FFFFFF                  jmp .column
  3195                                  .next_row:
  3196 00002C34 45                          inc ebp
  3197 00002C35 E92DFFFFFF                  jmp .row
  3198                                  .restore:
  3199 00002C3A 58                          pop eax
  3200 00002C3B A3[782F0000]                mov [bm_text_color], eax
  3200          ******************       warning: 32-bit absolute section-crossing relocation [-w+reloc-abs-dword]
  3201 00002C40 61                          popad
  3202 00002C41 C3                          ret
  3203                                  
  3204                                  ; Das ;( stammt als 2-Bit-Graustufenmaske exakt aus der UI-Referenz.
  3205                                  bm_draw_error_mark:
  3206 00002C42 60                          pushad
  3207 00002C43 A1[782F0000]                mov eax, [bm_text_color]
  3207          ******************       warning: 32-bit absolute section-crossing relocation [-w+reloc-abs-dword]
  3208 00002C48 50                          push eax
  3209 00002C49 A1[D82F0000]                mov eax, [bm_error_mark_color]
  3209          ******************       warning: 32-bit absolute section-crossing relocation [-w+reloc-abs-dword]
  3210 00002C4E A3[782F0000]                mov [bm_text_color], eax
  3210          ******************       warning: 32-bit absolute section-crossing relocation [-w+reloc-abs-dword]
  3211 00002C53 31ED                        xor ebp, ebp
  3212                                  .row:
  3213 00002C55 83FD5A                      cmp ebp, NOVA_ERROR_MARK_HEIGHT
  3214 00002C58 735A                        jae .restore
  3215 00002C5A 31C9                        xor ecx, ecx
  3216                                  .column:
  3217 00002C5C 83F952                      cmp ecx, NOVA_ERROR_MARK_WIDTH
  3218 00002C5F 7350                        jae .next_row
  3219 00002C61 89E8                        mov eax, ebp
  3220 00002C63 6BC015                      imul eax, NOVA_ERROR_MARK_ROW_BYTES
  3221 00002C66 89CA                        mov edx, ecx
  3222 00002C68 C1EA02                      shr edx, 2
  3223 00002C6B 01D0                        add eax, edx
  3224 00002C6D 8A80[E0700000]              mov al, [nova_error_mark_bitmap + eax]
  3224          ******************       warning: 32-bit absolute section-crossing relocation [-w+reloc-abs-dword]
  3225 00002C73 89CA                        mov edx, ecx
  3226 00002C75 83E203                      and edx, 3
  3227 00002C78 51                          push ecx
  3228 00002C79 88D1                        mov cl, dl
  3229 00002C7B D0E1                        shl cl, 1
  3230 00002C7D D2E8                        shr al, cl
  3231 00002C7F 59                          pop ecx
  3232 00002C80 83E003                      and eax, 3
  3233 00002C83 7429                        jz .next_column
  3234 00002C85 50                          push eax
  3235 00002C86 89EF                        mov edi, ebp
  3236 00002C88 033D[D42F0000]              add edi, [bm_error_mark_y]
  3236          ******************       warning: 32-bit absolute section-crossing relocation [-w+reloc-abs-dword]
  3237 00002C8E 0FAF3D5C500000              imul edi, [BOOT_INFO_ADDRESS + BIB_GRAPHICS_OFFSET + 12]
  3238 00002C95 033D58500000                add edi, [BOOT_INFO_ADDRESS + BIB_GRAPHICS_OFFSET + 8]
  3239 00002C9B 89CA                        mov edx, ecx
  3240 00002C9D 0315[D02F0000]              add edx, [bm_error_mark_x]
  3240          ******************       warning: 32-bit absolute section-crossing relocation [-w+reloc-abs-dword]
  3241 00002CA3 C1E202                      shl edx, 2
  3242 00002CA6 01D7                        add edi, edx
  3243 00002CA8 58                          pop eax
  3244 00002CA9 E8F6010000                  call bm_blend_pixel
  3245                                  .next_column:
  3246 00002CAE 41                          inc ecx
  3247 00002CAF EBAB                        jmp .column
  3248                                  .next_row:
  3249 00002CB1 45                          inc ebp
  3250 00002CB2 EBA1                        jmp .row
  3251                                  .restore:
  3252 00002CB4 58                          pop eax
  3253 00002CB5 A3[782F0000]                mov [bm_text_color], eax
  3253          ******************       warning: 32-bit absolute section-crossing relocation [-w+reloc-abs-dword]
  3254 00002CBA 61                          popad
  3255 00002CBB C3                          ret
  3256                                  
  3257                                  ; ESI=Text, EBX=x, ECX=y, EDX=Farbe, EBP=Skalierung
  3258                                  bm_draw_text:
  3259 00002CBC C605[802F0000]00            mov byte [bm_text_wrap], 0
  3259          ******************       warning: 32-bit absolute section-crossing relocation [-w+reloc-abs-dword]
  3260 00002CC3 EB0D                        jmp bm_draw_text_begin
  3261                                  
  3262                                  ; ESI=Text, EBX=x, ECX=y, EDX=Farbe, EBP=Skalierung, EDI=rechte DLU-Grenze.
  3263                                  ; Der frühe Bootpfad verwendet deterministischen Zeichenumbruch ohne Heap.
  3264                                  bm_draw_text_wrapped:
  3265 00002CC5 C605[802F0000]01            mov byte [bm_text_wrap], 1
  3265          ******************       warning: 32-bit absolute section-crossing relocation [-w+reloc-abs-dword]
  3266 00002CCC 893D[742F0000]              mov [bm_text_max_x], edi
  3266          ******************       warning: 32-bit absolute section-crossing relocation [-w+reloc-abs-dword]
  3267                                  bm_draw_text_begin:
  3268 00002CD2 8935[642F0000]              mov [bm_text_pointer], esi
  3268          ******************       warning: 32-bit absolute section-crossing relocation [-w+reloc-abs-dword]
  3269 00002CD8 891D[682F0000]              mov [bm_text_x], ebx
  3269          ******************       warning: 32-bit absolute section-crossing relocation [-w+reloc-abs-dword]
  3270 00002CDE 891D[702F0000]              mov [bm_text_origin_x], ebx
  3270          ******************       warning: 32-bit absolute section-crossing relocation [-w+reloc-abs-dword]
  3271 00002CE4 890D[6C2F0000]              mov [bm_text_y], ecx
  3271          ******************       warning: 32-bit absolute section-crossing relocation [-w+reloc-abs-dword]
  3272 00002CEA 8915[782F0000]              mov [bm_text_color], edx
  3272          ******************       warning: 32-bit absolute section-crossing relocation [-w+reloc-abs-dword]
  3273 00002CF0 892D[7C2F0000]              mov [bm_text_scale], ebp
  3273          ******************       warning: 32-bit absolute section-crossing relocation [-w+reloc-abs-dword]
  3274                                  .next:
  3275                                  .load:
  3276 00002CF6 8B35[642F0000]              mov esi, [bm_text_pointer]
  3276          ******************       warning: 32-bit absolute section-crossing relocation [-w+reloc-abs-dword]
  3277 00002CFC AC                          lodsb
  3278 00002CFD 8935[642F0000]              mov [bm_text_pointer], esi
  3278          ******************       warning: 32-bit absolute section-crossing relocation [-w+reloc-abs-dword]
  3279 00002D03 84C0                        test al, al
  3280 00002D05 746E                        jz .done
  3281 00002D07 3C20                        cmp al, ' '
  3282 00002D09 7421                        je .space
  3283 00002D0B C605[812F0000]08            mov byte [bm_character_advance], 8
  3283          ******************       warning: 32-bit absolute section-crossing relocation [-w+reloc-abs-dword]
  3284 00002D12 E8EE000000                  call bm_draw_character
  3285                                  .advance:
  3286 00002D17 0FB605[812F0000]            movzx eax, byte [bm_character_advance]
  3286          ******************       warning: 32-bit absolute section-crossing relocation [-w+reloc-abs-dword]
  3287 00002D1E 0305[7C2F0000]              add eax, [bm_text_scale]
  3287          ******************       warning: 32-bit absolute section-crossing relocation [-w+reloc-abs-dword]
  3288 00002D24 0105[682F0000]              add [bm_text_x], eax
  3288          ******************       warning: 32-bit absolute section-crossing relocation [-w+reloc-abs-dword]
  3289 00002D2A EBCA                        jmp .next
  3290                                  .space:
  3291 00002D2C 803D[802F0000]00            cmp byte [bm_text_wrap], 0
  3291          ******************       warning: 32-bit absolute section-crossing relocation [-w+reloc-abs-dword]
  3292 00002D33 7419                        je .plain_space
  3293 00002D35 8B35[642F0000]              mov esi, [bm_text_pointer]
  3293          ******************       warning: 32-bit absolute section-crossing relocation [-w+reloc-abs-dword]
  3294 00002D3B E836000000                  call bm_measure_word
  3295 00002D40 0305[682F0000]              add eax, [bm_text_x]
  3295          ******************       warning: 32-bit absolute section-crossing relocation [-w+reloc-abs-dword]
  3296 00002D46 3B05[742F0000]              cmp eax, [bm_text_max_x]
  3296          ******************       warning: 32-bit absolute section-crossing relocation [-w+reloc-abs-dword]
  3297 00002D4C 7309                        jae .new_line
  3298                                  .plain_space:
  3299 00002D4E C605[812F0000]05            mov byte [bm_character_advance], 5
  3299          ******************       warning: 32-bit absolute section-crossing relocation [-w+reloc-abs-dword]
  3300 00002D55 EBC0                        jmp .advance
  3301                                  .new_line:
  3302 00002D57 A1[702F0000]                mov eax, [bm_text_origin_x]
  3302          ******************       warning: 32-bit absolute section-crossing relocation [-w+reloc-abs-dword]
  3303 00002D5C A3[682F0000]                mov [bm_text_x], eax
  3303          ******************       warning: 32-bit absolute section-crossing relocation [-w+reloc-abs-dword]
  3304 00002D61 B81C000000                  mov eax, BM_FONT_HEIGHT + NOVA_UI_SPACE_S
  3305 00002D66 0FAF05[7C2F0000]            imul eax, [bm_text_scale]
  3305          ******************       warning: 32-bit absolute section-crossing relocation [-w+reloc-abs-dword]
  3306 00002D6D 0105[6C2F0000]              add [bm_text_y], eax
  3306          ******************       warning: 32-bit absolute section-crossing relocation [-w+reloc-abs-dword]
  3307 00002D73 EB81                        jmp .next
  3308                                  .done:
  3309 00002D75 C3                          ret
  3310                                  
  3311                                  ; ESI zeigt auf das nächste Wort. Rückgabe EAX=Breite, Eingabezeiger bleibt
  3312                                  ; unverändert. Damit kann der Renderer vor dem Zeichnen wortweise umbrechen.
  3313                                  bm_measure_word:
  3314 00002D76 56                          push esi
  3315 00002D77 53                          push ebx
  3316 00002D78 51                          push ecx
  3317 00002D79 57                          push edi
  3318 00002D7A 31DB                        xor ebx, ebx
  3319                                  .next:
  3320 00002D7C AC                          lodsb
  3321 00002D7D 84C0                        test al, al
  3322 00002D7F 7431                        jz .done
  3323 00002D81 3C20                        cmp al, ' '
  3324 00002D83 742D                        je .done
  3325 00002D85 BF[C7430000]                mov edi, bm_font_characters
  3325          ******************       warning: 32-bit absolute section-crossing relocation [-w+reloc-abs-dword]
  3326 00002D8A 31C9                        xor ecx, ecx
  3327                                  .find:
  3328 00002D8C 8A140F                      mov dl, [edi + ecx]
  3329 00002D8F 84D2                        test dl, dl
  3330 00002D91 7410                        jz .fallback
  3331 00002D93 38C2                        cmp dl, al
  3332 00002D95 7403                        je .found
  3333 00002D97 41                          inc ecx
  3334 00002D98 EBF2                        jmp .find
  3335                                  .found:
  3336 00002D9A 0FB681[15440000]            movzx eax, byte [bm_font_widths + ecx]
  3336          ******************       warning: 32-bit absolute section-crossing relocation [-w+reloc-abs-dword]
  3337 00002DA1 EB05                        jmp .add
  3338                                  .fallback:
  3339 00002DA3 B808000000                  mov eax, 8
  3340                                  .add:
  3341 00002DA8 0305[7C2F0000]              add eax, [bm_text_scale]
  3341          ******************       warning: 32-bit absolute section-crossing relocation [-w+reloc-abs-dword]
  3342 00002DAE 01C3                        add ebx, eax
  3343 00002DB0 EBCA                        jmp .next
  3344                                  .done:
  3345 00002DB2 89D8                        mov eax, ebx
  3346 00002DB4 5F                          pop edi
  3347 00002DB5 59                          pop ecx
  3348 00002DB6 5B                          pop ebx
  3349 00002DB7 5E                          pop esi
  3350 00002DB8 C3                          ret
  3351                                  
  3352                                  ; ESI=Text, EBP=Skalierung. Rückgabe: EAX=Breite in DLU, EDX=Zeilenhöhe.
  3353                                  bm_measure_text:
  3354 00002DB9 53                          push ebx
  3355 00002DBA 51                          push ecx
  3356 00002DBB 57                          push edi
  3357 00002DBC 31DB                        xor ebx, ebx
  3358                                  .character:
  3359 00002DBE AC                          lodsb
  3360 00002DBF 84C0                        test al, al
  3361 00002DC1 7434                        jz .measured
  3362 00002DC3 3C20                        cmp al, ' '
  3363 00002DC5 741E                        je .space
  3364 00002DC7 BF[C7430000]                mov edi, bm_font_characters
  3364          ******************       warning: 32-bit absolute section-crossing relocation [-w+reloc-abs-dword]
  3365 00002DCC 31C9                        xor ecx, ecx
  3366                                  .find:
  3367 00002DCE 8A140F                      mov dl, [edi + ecx]
  3368 00002DD1 84D2                        test dl, dl
  3369 00002DD3 7417                        jz .fallback
  3370 00002DD5 38C2                        cmp dl, al
  3371 00002DD7 7403                        je .found
  3372 00002DD9 41                          inc ecx
  3373 00002DDA EBF2                        jmp .find
  3374                                  .found:
  3375 00002DDC 0FB681[15440000]            movzx eax, byte [bm_font_widths + ecx]
  3375          ******************       warning: 32-bit absolute section-crossing relocation [-w+reloc-abs-dword]
  3376 00002DE3 EB0C                        jmp .add
  3377                                  .space:
  3378 00002DE5 B805000000                  mov eax, 5
  3379 00002DEA EB05                        jmp .add
  3380                                  .fallback:
  3381 00002DEC B808000000                  mov eax, 8
  3382                                  .add:
  3383 00002DF1 01E8                        add eax, ebp
  3384 00002DF3 01C3                        add ebx, eax
  3385 00002DF5 EBC7                        jmp .character
  3386                                  .measured:
  3387 00002DF7 89D8                        mov eax, ebx
  3388 00002DF9 BA14000000                  mov edx, BM_FONT_HEIGHT
  3389 00002DFE 0FAFD5                      imul edx, ebp
  3390 00002E01 5F                          pop edi
  3391 00002E02 59                          pop ecx
  3392 00002E03 5B                          pop ebx
  3393 00002E04 C3                          ret
  3394                                  
  3395                                  bm_draw_character:
  3396 00002E05 60                          pushad
  3397 00002E06 88C3                        mov bl, al
  3398 00002E08 BF[C7430000]                mov edi, bm_font_characters
  3398          ******************       warning: 32-bit absolute section-crossing relocation [-w+reloc-abs-dword]
  3399 00002E0D 31C9                        xor ecx, ecx
  3400                                  .find:
  3401 00002E0F 8A040F                      mov al, [edi + ecx]
  3402 00002E12 84C0                        test al, al
  3403 00002E14 0F8488000000                jz .done
  3404 00002E1A 38D8                        cmp al, bl
  3405 00002E1C 7403                        je .found
  3406 00002E1E 41                          inc ecx
  3407 00002E1F EBEE                        jmp .find
  3408                                  .found:
  3409 00002E21 8A81[15440000]              mov al, [bm_font_widths + ecx]
  3409          ******************       warning: 32-bit absolute section-crossing relocation [-w+reloc-abs-dword]
  3410 00002E27 A2[812F0000]                mov [bm_character_advance], al
  3410          ******************       warning: 32-bit absolute section-crossing relocation [-w+reloc-abs-dword]
  3411 00002E2C 6BC946                      imul ecx, BM_FONT_BYTES_PER_GLYPH
  3412 00002E2F BE[62440000]                mov esi, bm_font_bitmap
  3412          ******************       warning: 32-bit absolute section-crossing relocation [-w+reloc-abs-dword]
  3413 00002E34 01CE                        add esi, ecx
  3414 00002E36 31ED                        xor ebp, ebp
  3415                                  .glyph_row:
  3416 00002E38 83FD14                      cmp ebp, BM_FONT_HEIGHT
  3417 00002E3B 7365                        jae .done
  3418 00002E3D 31C9                        xor ecx, ecx
  3419                                  .glyph_column:
  3420 00002E3F 83F90E                      cmp ecx, BM_FONT_WIDTH
  3421 00002E42 735B                        jae .next_row
  3422 00002E44 89E8                        mov eax, ebp
  3423 00002E46 6BC00E                      imul eax, BM_FONT_WIDTH
  3424 00002E49 01C8                        add eax, ecx
  3425 00002E4B 89C2                        mov edx, eax
  3426 00002E4D C1E802                      shr eax, 2
  3427 00002E50 83E203                      and edx, 3
  3428 00002E53 8A0406                      mov al, [esi + eax]
  3429 00002E56 51                          push ecx
  3430 00002E57 88D1                        mov cl, dl
  3431 00002E59 D0E1                        shl cl, 1
  3432 00002E5B D2E8                        shr al, cl
  3433 00002E5D 59                          pop ecx
  3434 00002E5E 83E003                      and eax, 3
  3435 00002E61 7439                        jz .next_column
  3436                                  
  3437 00002E63 50                          push eax
  3438 00002E64 8B3D[6C2F0000]              mov edi, [bm_text_y]
  3438          ******************       warning: 32-bit absolute section-crossing relocation [-w+reloc-abs-dword]
  3439 00002E6A 01EF                        add edi, ebp
  3440 00002E6C 3B3D64500000                cmp edi, [BOOT_INFO_ADDRESS + BIB_GRAPHICS_OFFSET + 20]
  3441 00002E72 7328                        jae .next_column
  3442 00002E74 0FAF3D5C500000              imul edi, [BOOT_INFO_ADDRESS + BIB_GRAPHICS_OFFSET + 12]
  3443 00002E7B 033D58500000                add edi, [BOOT_INFO_ADDRESS + BIB_GRAPHICS_OFFSET + 8]
  3444 00002E81 8B15[682F0000]              mov edx, [bm_text_x]
  3444          ******************       warning: 32-bit absolute section-crossing relocation [-w+reloc-abs-dword]
  3445 00002E87 01CA                        add edx, ecx
  3446 00002E89 3B1560500000                cmp edx, [BOOT_INFO_ADDRESS + BIB_GRAPHICS_OFFSET + 16]
  3447 00002E8F 730B                        jae .next_column
  3448 00002E91 C1E202                      shl edx, 2
  3449 00002E94 01D7                        add edi, edx
  3450 00002E96 58                          pop eax
  3451 00002E97 E808000000                  call bm_blend_pixel
  3452                                  .next_column:
  3453 00002E9C 41                          inc ecx
  3454 00002E9D EBA0                        jmp .glyph_column
  3455                                  .next_row:
  3456 00002E9F 45                          inc ebp
  3457 00002EA0 EB96                        jmp .glyph_row
  3458                                  .done:
  3459 00002EA2 61                          popad
  3460 00002EA3 C3                          ret
  3461                                  
  3462                                  ; EDI=Framebuffer-Pixel, EAX=Deckung 1..3. Mischt die Textfarbe mit
  3463                                  ; dem vorhandenen Hintergrund, statt nur harte Ein/Aus-Pixel zu setzen.
  3464                                  bm_blend_pixel:
  3465 00002EA4 83F803                      cmp eax, 3
  3466 00002EA7 7471                        je .opaque
  3467 00002EA9 A3[842F0000]                mov [bm_blend_alpha], eax
  3467          ******************       warning: 32-bit absolute section-crossing relocation [-w+reloc-abs-dword]
  3468 00002EAE 60                          pushad
  3469 00002EAF 8B1F                        mov ebx, [edi]
  3470 00002EB1 8B35[782F0000]              mov esi, [bm_text_color]
  3470          ******************       warning: 32-bit absolute section-crossing relocation [-w+reloc-abs-dword]
  3471                                  
  3472 00002EB7 89D8                        mov eax, ebx
  3473 00002EB9 25FF000000                  and eax, 0xFF
  3474 00002EBE 89F2                        mov edx, esi
  3475 00002EC0 81E2FF000000                and edx, 0xFF
  3476 00002EC6 E857000000                  call bm_blend_channel
  3477 00002ECB A3[882F0000]                mov [bm_blend_result], eax
  3477          ******************       warning: 32-bit absolute section-crossing relocation [-w+reloc-abs-dword]
  3478                                  
  3479 00002ED0 89D8                        mov eax, ebx
  3480 00002ED2 C1E808                      shr eax, 8
  3481 00002ED5 25FF000000                  and eax, 0xFF
  3482 00002EDA 89F2                        mov edx, esi
  3483 00002EDC C1EA08                      shr edx, 8
  3484 00002EDF 81E2FF000000                and edx, 0xFF
  3485 00002EE5 E838000000                  call bm_blend_channel
  3486 00002EEA C1E008                      shl eax, 8
  3487 00002EED 0905[882F0000]              or [bm_blend_result], eax
  3487          ******************       warning: 32-bit absolute section-crossing relocation [-w+reloc-abs-dword]
  3488                                  
  3489 00002EF3 89D8                        mov eax, ebx
  3490 00002EF5 C1E810                      shr eax, 16
  3491 00002EF8 25FF000000                  and eax, 0xFF
  3492 00002EFD 89F2                        mov edx, esi
  3493 00002EFF C1EA10                      shr edx, 16
  3494 00002F02 81E2FF000000                and edx, 0xFF
  3495 00002F08 E815000000                  call bm_blend_channel
  3496 00002F0D C1E010                      shl eax, 16
  3497 00002F10 0B05[882F0000]              or eax, [bm_blend_result]
  3497          ******************       warning: 32-bit absolute section-crossing relocation [-w+reloc-abs-dword]
  3498 00002F16 8907                        mov [edi], eax
  3499 00002F18 61                          popad
  3500 00002F19 C3                          ret
  3501                                  .opaque:
  3502 00002F1A A1[782F0000]                mov eax, [bm_text_color]
  3502          ******************       warning: 32-bit absolute section-crossing relocation [-w+reloc-abs-dword]
  3503 00002F1F 8907                        mov [edi], eax
  3504 00002F21 C3                          ret
  3505                                  
  3506                                  ; EAX=Hintergrundkanal, EDX=Textkanal. Ergebnis ist eine exakte
  3507                                  ; Annäherung an (dst*(3-a) + src*a) / 3 für a=1 oder a=2.
  3508                                  bm_blend_channel:
  3509 00002F22 833D[842F0000]01            cmp dword [bm_blend_alpha], 1
  3509          ******************       warning: 32-bit absolute section-crossing relocation [-w+reloc-abs-dword]
  3510 00002F29 7405                        je .one_third
  3511 00002F2B 8D0450                      lea eax, [eax + edx * 2]
  3512 00002F2E EB03                        jmp .divide
  3513                                  .one_third:
  3514 00002F30 8D0442                      lea eax, [edx + eax * 2]
  3515                                  .divide:
  3516 00002F33 69C0AB000000                imul eax, eax, 171
  3517 00002F39 C1E809                      shr eax, 9
  3518 00002F3C C3                          ret
  3519                                  
  3520                                  bm_debug_write_string:
  3521 00002F3D 50                          push eax
  3522 00002F3E 52                          push edx
  3523 00002F3F 66BAE900                    mov dx, 0x00E9
  3524                                  .next:
  3525 00002F43 AC                          lodsb
  3526 00002F44 84C0                        test al, al
  3527 00002F46 7403                        jz .done
  3528 00002F48 EE                          out dx, al
  3529 00002F49 EBF8                        jmp .next
  3530                                  .done:
  3531 00002F4B 5A                          pop edx
  3532 00002F4C 58                          pop eax
  3533 00002F4D C3                          ret
  3534                                  
  3535                                  BM_COLOR_BACKGROUND equ 0x00101113
  3536                                  BM_COLOR_PANEL      equ 0x001A1C20
  3537                                  BM_COLOR_CYAN       equ 0x004CC2FF
  3538                                  BM_COLOR_WHITE      equ 0x00FFFFFF
  3539                                  BM_COLOR_SECONDARY  equ 0x00CFCFCF
  3540                                  BM_COLOR_SUCCESS    equ 0x0030D158
  3541                                  BM_COLOR_WARNING    equ 0x00FFB347
  3542                                  BM_COLOR_BLUE       equ 0x002D7FC1
  3543                                  BM_COLOR_ERROR      equ 0x00B6154B
  3544                                  BM_COLOR_ERROR_TEXT equ 0x00A9A9A9
  3545                                  
  3546 00002F4E 90<rep 2h>              align 4
  3547 00002F50 00000000                bm_rect_color:   dd 0
  3548 00002F54 00000000                bm_rect_x:       dd 0
  3549 00002F58 00000000                bm_rect_y:       dd 0
  3550 00002F5C 00000000                bm_rect_width:   dd 0
  3551 00002F60 00000000                bm_rect_height:  dd 0
  3552 00002F64 00000000                bm_text_pointer: dd 0
  3553 00002F68 00000000                bm_text_x:       dd 0
  3554 00002F6C 00000000                bm_text_y:       dd 0
  3555 00002F70 00000000                bm_text_origin_x: dd 0
  3556 00002F74 D7020000                bm_text_max_x:   dd NOVA_UI_CONTENT_RIGHT
  3557 00002F78 00000000                bm_text_color:   dd 0
  3558 00002F7C 01000000                bm_text_scale:   dd 1
  3559 00002F80 00                      bm_text_wrap:    db 0
  3560 00002F81 00                      bm_character_advance: db 0
  3561 00002F82 90<rep 2h>              align 4
  3562 00002F84 00000000                bm_blend_alpha:  dd 0
  3563 00002F88 00000000                bm_blend_result: dd 0
  3564 00002F8C 00000000                bm_round_color:  dd 0
  3565 00002F90 00000000                bm_round_x:      dd 0
  3566 00002F94 00000000                bm_round_y:      dd 0
  3567 00002F98 00000000                bm_round_width:  dd 0
  3568 00002F9C 00000000                bm_round_height: dd 0
  3569 00002FA0 6C020000                bm_logo_x:       dd 620
  3570 00002FA4 16000000                bm_logo_y:       dd 22
  3571 00002FA8 FFFFFF00                bm_logo_color:   dd BM_COLOR_WHITE
  3572 00002FAC 00                      bm_logo_compact: db 0
  3573 00002FAD 00                      bm_logo_mirror:  db 0
  3574 00002FAE 90<rep 2h>              align 4
  3575 00002FB0 00000000                bm_icon_x:        dd 0
  3576 00002FB4 00000000                bm_icon_y:        dd 0
  3577                                  bm_icon_table:
  3578 00002FB8 [42780000]-                 dd bm_icon_home, bm_icon_install, bm_icon_settings
  3578          ******************       warning: 32-bit absolute section-crossing relocation [-w+reloc-abs-dword]
  3578          ******************       warning: 32-bit absolute section-crossing relocation [-w+reloc-abs-dword]
  3578 00002FBC [A6780000]-        
  3578          ******************       warning: 32-bit absolute section-crossing relocation [-w+reloc-abs-dword]
  3578 00002FC0 [0A790000]         
  3579 00002FC4 [6E790000]-                 dd bm_icon_diagnostics, bm_icon_recover, bm_icon_power
  3579          ******************       warning: 32-bit absolute section-crossing relocation [-w+reloc-abs-dword]
  3579          ******************       warning: 32-bit absolute section-crossing relocation [-w+reloc-abs-dword]
  3579 00002FC8 [D2790000]-        
  3579          ******************       warning: 32-bit absolute section-crossing relocation [-w+reloc-abs-dword]
  3579 00002FCC [367A0000]         
  3580 00002FD0 3C000000                bm_error_mark_x: dd 60
  3581 00002FD4 52000000                bm_error_mark_y: dd 82
  3582 00002FD8 FFFFFF00                bm_error_mark_color: dd BM_COLOR_WHITE
  3583 00002FDC 00                      bm_selection:    db 0
  3584 00002FDD 00                      bm_countdown_active: db 0
  3585 00002FDE 00                      bm_view:         db BM_VIEW_MAIN
  3586 00002FDF 00                      bm_subselection: db 0
  3587 00002FE0 00                      bm_memory_result: db 0
  3588 00002FE1 00                      bm_mouse_available: db 0
  3589 00002FE2 00                      bm_mouse_phase:     db 0
  3590 00002FE3 00                      bm_mouse_buttons:   db 0
  3591 00002FE4 00<rep 3h>              bm_mouse_packet:    times 3 db 0
  3592 00002FE7 00                      bm_high_contrast:   db 0
  3593                                  align 4
  3594 00002FE8 00000000                bm_draw_entry_index: dd 0
  3595 00002FEC 90010000                bm_mouse_x:       dd 400
  3596 00002FF0 2C010000                bm_mouse_y:       dd 300
  3597 00002FF4 13111000                bm_theme_background: dd BM_COLOR_BACKGROUND
  3598 00002FF8 201C1A00                bm_theme_panel:      dd BM_COLOR_PANEL
  3599 00002FFC CFCFCF00                bm_theme_secondary:  dd BM_COLOR_SECONDARY
  3600 00003000 41564F4E                bm_memory_probe:      dd 0x4E4F5641
  3601                                  
  3602 00003004 4E6F76614F5300          bm_text_brand:       db "NovaOS",0
  3603 0000300B 53746172746F707469-     bm_text_screen_title: db "Startoptionen",0
  3603 00003014 6F6E656E00         
  3604 00003019 5354414E4441524400      bm_text_default_badge: db "STANDARD",0
  3605 00003022 424F4F54204D414E41-     bm_text_title:       db "BOOT MANAGER",0
  3605 0000302B 47455200           
  3606 0000302F 4E4F5641204F5300        bm_text_os:          db "NOVA OS",0
  3607 00003037 5354414E444152444B-     bm_text_kernel:      db "STANDARDKERNEL | NKI V1 | X86-32",0
  3607 00003040 45524E454C207C204E-
  3607 00003049 4B49205631207C2058-
  3607 00003052 38362D333200       
  3608 00003058 535441525442455245-     bm_text_verified:    db "STARTBEREIT",0
  3608 00003061 495400             
  3609 00003064 534943484552484549-     bm_text_security:    db "SICHERHEIT NOCH NICHT VERIFIZIERT",0
  3609 0000306D 54204E4F4348204E49-
  3609 00003076 434854205645524946-
  3609 0000307F 495A4945525400     
  3610 00003086 454E54455220205359-     bm_text_enter:       db "ENTER  SYSTEM STARTEN",0
  3610 0000308F 5354454D2053544152-
  3610 00003098 54454E00           
  3611 0000309C 442020444941474E4F-     bm_text_actions:     db "D  DIAGNOSE     R  RECOVERY-STATUS",0
  3611 000030A5 534520202020205220-
  3611 000030AE 205245434F56455259-
  3611 000030B7 2D53544154555300   
  3612 000030BF 4352433332204F4B20-     bm_text_diagnostics: db "CRC32 OK | NBHP/BIB 1.0 | MEMORY MAP OK | VBE OK",0
  3612 000030C8 7C204E4248502F4249-
  3612 000030D1 4220312E30207C204D-
  3612 000030DA 454D4F5259204D4150-
  3612 000030E3 204F4B207C20564245-
  3612 000030EC 204F4B00           
  3613 000030F0 5265636F766572792D-     bm_text_recovery:    db "Recovery-Modul ist noch nicht verf",0x81,"gbar.",0
  3613 000030F9 4D6F64756C20697374-
  3613 00003102 206E6F6368206E6963-
  3613 0000310B 687420766572668167-
  3613 00003114 6261722E00         
  3614 00003119 4E4F5641204F532057-     bm_text_starting:    db "NOVA OS WIRD GESTARTET",0
  3614 00003122 495244204745535441-
  3614 0000312B 5254455400         
  3615 00003130 45696E7374656C6C75-     bm_page_settings:    db "Einstellungen",0
  3615 00003139 6E67656E00         
  3616 0000313E 53797374656D646961-     bm_page_diagnostics: db "Systemdiagnose",0
  3616 00003147 676E6F736500       
  3617 0000314D 576965646572686572-     bm_page_recovery:    db "Wiederherstellung",0
  3617 00003156 7374656C6C756E6700 
  3618 0000315F 496E7374616C6C6174-     bm_page_installation: db "Installation",0
  3618 00003168 696F6E00           
  3619 0000316C 48696C666520756E64-     bm_page_help:        db "Hilfe und Bedienung",0
  3619 00003175 2042656469656E756E-
  3619 0000317E 6700               
  3620 00003180 44657461696C73207A-     bm_page_details:     db "Details zum Starteintrag",0
  3620 00003189 756D20537461727465-
  3620 00003192 696E7472616700     
  3621 00003199 457277656974657274-     bm_page_advanced:    db "Erweiterte Startoptionen",0
  3621 000031A2 652053746172746F70-
  3621 000031AB 74696F6E656E00     
  3622 000031B2 417573736368616C74-     bm_page_power:       db "Ausschalten und Neustarten",0
  3622 000031BB 656E20756E64204E65-
  3622 000031C4 757374617274656E00 
  3623 000031CD 4E6F76614F53205365-     bm_page_self_healing: db "NovaOS Self-Healing",0
  3623 000031D6 6C662D4865616C696E-
  3623 000031DF 6700               
  3624 000031E1 536E617073686F742D-     bm_page_snapshots:   db "Snapshot-Auswahl",0
  3624 000031EA 4175737761686C00   
  3625 000031F2 537065696368657274-     bm_page_memory:      db "Speichertest",0
  3625 000031FB 65737400           
  3626 000031FF 446174656E74728467-     bm_page_disk:        db "Datentr",0x84,"ger und Partitionen",0
  3626 00003208 657220756E64205061-
  3626 00003211 72746974696F6E656E-
  3626 0000321A 00                 
  3627 0000321B 5665727363686C8173-     bm_page_encryption:  db "Verschl",0x81,"sselung und Entsperren",0
  3627 00003224 73656C756E6720756E-
  3627 0000322D 6420456E7473706572-
  3627 00003236 72656E00           
  3628 0000323A 4E65747A7765726B2D-     bm_page_network:     db "Netzwerk-Boot",0
  3628 00003243 426F6F7400         
  3629 00003248 4669726D776172652D-     bm_page_firmware:    db "Firmware-Einstellungen",0
  3629 00003251 45696E7374656C6C75-
  3629 0000325A 6E67656E00         
  3630 0000325F 45534320205A757281-     bm_page_back_hint:   db "ESC  Zur",0x81,"ck zum Hauptmen",0x81,0
  3630 00003268 636B207A756D204861-
  3630 00003271 7570746D656E8100   
  3631 00003279 45534320205A757281-     bm_page_back_recovery_hint: db "ESC  Zur",0x81,"ck zum Recovery-Men",0x81,0
  3631 00003282 636B207A756D205265-
  3631 0000328B 636F766572792D4D65-
  3631 00003294 6E8100             
  3632 00003297 426F6F746D616E6167-     bm_help_heading:     db "Bootmanager bedienen",0
  3632 000032A0 65722062656469656E-
  3632 000032A9 656E00             
  3633 000032AC 506665696C74617374-     bm_help_navigation:  db "Pfeiltasten / Maus       Auswahl bewegen",0
  3633 000032B5 656E202F204D617573-
  3633 000032BE 202020202020204175-
  3633 000032C7 737761686C20626577-
  3633 000032D0 6567656E00         
  3634 000032D5 454E544552202F204D-     bm_help_actions:     db "ENTER / Mausklick        Auswahl ausf",0x81,"hren",0
  3634 000032DE 6175736B6C69636B20-
  3634 000032E7 202020202020204175-
  3634 000032F0 737761686C20617573-
  3634 000032F9 66816872656E00     
  3635 00003300 4420446961676E6F73-     bm_help_shortcuts:   db "D Diagnose   R Recovery   S Einstellungen",0
  3635 00003309 652020205220526563-
  3635 00003312 6F7665727920202053-
  3635 0000331B 2045696E7374656C6C-
  3635 00003324 756E67656E00       
  3636 0000332A 48204461727374656C-     bm_help_theme:       db "H Darstellung mit hohem Kontrast umschalten",0
  3636 00003333 6C756E67206D697420-
  3636 0000333C 686F68656D204B6F6E-
  3636 00003345 747261737420756D73-
  3636 0000334E 6368616C74656E00   
  3637 00003356 455343206F64657220-     bm_help_escape:      db "ESC oder R",0x81,"cktaste bringt dich zur",0x81,"ck.",0
  3637 0000335F 5281636B7461737465-
  3637 00003368 206272696E67742064-
  3637 00003371 696368207A75728163-
  3637 0000337A 6B2E00             
  3638 0000337D 4E6F76614F5300          bm_details_heading:  db "NovaOS",0
  3639 00003384 56657273696F6E2020-     bm_details_version:  db "Version                  Entwicklungsversion",0
  3639 0000338D 202020202020202020-
  3639 00003396 20202020202020456E-
  3639 0000339F 747769636B6C756E67-
  3639 000033A8 7376657273696F6E00 
  3640 000033B1 4B65726E656C202020-     bm_details_kernel:   db "Kernel                   NKI v1 (ELF kompatibel)",0
  3640 000033BA 202020202020202020-
  3640 000033C3 202020202020204E4B-
  3640 000033CC 492076312028454C46-
  3640 000033D5 206B6F6D7061746962-
  3640 000033DE 656C2900           
  3641 000033E2 417263686974656B74-     bm_details_arch:     db "Architektur              x86-32",0
  3641 000033EB 757220202020202020-
  3641 000033F4 202020202020207838-
  3641 000033FD 362D333200         
  3642 00003402 4669726D776172656D-     bm_details_firmware: db "Firmwaremodus            BIOS / VBE",0
  3642 0000340B 6F6475732020202020-
  3642 00003414 202020202020204249-
  3642 0000341D 4F53202F2056424500 
  3643 00003426 537461747573202020-     bm_details_integrity: db "Status                   Bootf",0x84,"hig, Integrit",0x84,"t gepr",0x81,"ft",0
  3643 0000342F 202020202020202020-
  3643 00003438 20202020202020426F-
  3643 00003441 6F7466846869672C20-
  3643 0000344A 496E74656772697484-
  3643 00003453 742067657072816674-
  3643 0000345C 00                 
  3644 0000345D 5369676E6174757220-     bm_details_signature: db "Signatur                 Noch nicht verifiziert",0
  3644 00003466 202020202020202020-
  3644 0000346F 202020202020204E6F-
  3644 00003478 6368206E6963687420-
  3644 00003481 7665726966697A6965-
  3644 0000348A 727400             
  3645 0000348D 454E54455220537461-     bm_details_actions:  db "ENTER Starten   F3 Erweiterte Optionen   ESC Schlie",0xE1,"en",0
  3645 00003496 7274656E2020204633-
  3645 0000349F 204572776569746572-
  3645 000034A8 7465204F7074696F6E-
  3645 000034B1 656E20202045534320-
  3645 000034BA 5363686C6965E1656E-
  3645 000034C3 00                 
  3646 000034C4 4E6F76614F53205374-     bm_advanced_heading: db "NovaOS Startmodus ausw",0x84,"hlen",0
  3646 000034CD 6172746D6F64757320-
  3646 000034D6 6175737784686C656E-
  3646 000034DF 00                 
  3647 000034E0 4E6F726D616C207374-     bm_advanced_normal:  db "Normal starten",0
  3647 000034E9 617274656E00       
  3648 000034EF 5265636F7665727920-     bm_advanced_recovery: db "Recovery starten",0
  3648 000034F8 7374617274656E00   
  3649 00003500 416267657369636865-     bm_advanced_safe:    db "Abgesicherter Modus",0
  3649 00003509 72746572204D6F6475-
  3649 00003512 7300               
  3650 00003514 416267657369636865-     bm_advanced_network: db "Abgesicherter Modus mit Netzwerk",0
  3650 0000351D 72746572204D6F6475-
  3650 00003526 73206D6974204E6574-
  3650 0000352F 7A7765726B00       
  3651 00003535 426F6F742D50726F74-     bm_advanced_logging: db "Boot-Protokollierung aktivieren",0
  3651 0000353E 6F6B6F6C6C69657275-
  3651 00003547 6E6720616B74697669-
  3651 00003550 6572656E00         
  3652 00003555 57617320736F6C6C20-     bm_power_heading:    db "Was soll der Computer tun?",0
  3652 0000355E 64657220436F6D7075-
  3652 00003567 7465722074756E3F00 
  3653 00003570 486572756E74657266-     bm_power_off:        db "Herunterfahren",0
  3653 00003579 616872656E00       
  3654 0000357F 4E6575207374617274-     bm_power_restart:    db "Neu starten",0
  3654 00003588 656E00             
  3655 0000358B 4E6575207374617274-     bm_power_recovery:   db "Neu starten in Recovery",0
  3655 00003594 656E20696E20526563-
  3655 0000359D 6F7665727900       
  3656 000035A3 4E6575207374617274-     bm_power_firmware:   db "Neu starten in Firmware-Einstellungen",0
  3656 000035AC 656E20696E20466972-
  3656 000035B5 6D776172652D45696E-
  3656 000035BE 7374656C6C756E6765-
  3656 000035C7 6E00               
  3657 000035C9 454E54455220626573-     bm_power_note:       db "ENTER best",0x84,"tigt die Auswahl. ESC bricht ab.",0
  3657 000035D2 748474696774206469-
  3657 000035DB 65204175737761686C-
  3657 000035E4 2E2045534320627269-
  3657 000035ED 6368742061622E00   
  3658 000035F5 426F6F746D616E6167-     bm_settings_heading: db "Bootmanager konfigurieren",0
  3658 000035FE 6572206B6F6E666967-
  3658 00003607 7572696572656E00   
  3659 0000360F 5374616E646172642D-     bm_settings_default: db "Standard-Bootziel        NovaOS",0
  3659 00003618 426F6F747A69656C20-
  3659 00003621 202020202020204E6F-
  3659 0000362A 76614F5300         
  3660 0000362F 4175746F6D61746973-     bm_settings_countdown: db "Automatischer Start       5 Sekunden",0
  3660 00003638 636865722053746172-
  3660 00003641 742020202020202035-
  3660 0000364A 2053656B756E64656E-
  3660 00003653 00                 
  3661 00003654 4461727374656C6C75-     bm_settings_theme_prefix: db "Darstellung",0
  3661 0000365D 6E6700             
  3662 00003660 44756E6B6C6573204E-     bm_settings_theme_dark:   db "Dunkles Nova-Theme",0
  3662 00003669 6F76612D5468656D65-
  3662 00003672 00                 
  3663 00003673 486F686572204B6F6E-     bm_settings_theme_high:   db "Hoher Kontrast",0
  3663 0000367C 747261737400       
  3664 00003682 45696E676162652020-     bm_settings_input:   db "Eingabe                   Tastatur aktiv",0
  3664 0000368B 202020202020202020-
  3664 00003694 202020202020202054-
  3664 0000369D 617374617475722061-
  3664 000036A6 6B74697600         
  3665 000036AB 53706569636865726E-     bm_settings_note:    db "Speichern ist verf",0x81,"gbar, sobald NovaFS im Bootmanager eingebunden ist.",0
  3665 000036B4 206973742076657266-
  3665 000036BD 81676261722C20736F-
  3665 000036C6 62616C64204E6F7661-
  3665 000036CF 465320696D20426F6F-
  3665 000036D8 746D616E6167657220-
  3665 000036E1 65696E676562756E64-
  3665 000036EA 656E206973742E00   
  3666 000036F2 416C6C65206772756E-     bm_diag_heading:     db "Alle grundlegenden Pr",0x81,"fungen bestanden",0
  3666 000036FB 646C6567656E64656E-
  3666 00003704 2050728166756E6765-
  3666 0000370D 6E2062657374616E64-
  3666 00003716 656E00             
  3667 00003719 4E424850202F204249-     bm_diag_nbhp:        db "NBHP / BIB               Version 1.0 validiert",0
  3667 00003722 422020202020202020-
  3667 0000372B 202020202020205665-
  3667 00003734 7273696F6E20312E30-
  3667 0000373D 2076616C6964696572-
  3667 00003746 7400               
  3668 00003748 53706569636865726B-     bm_diag_memory:      db "Speicherkarte             Verf",0x81,"gbar",0
  3668 00003751 617274652020202020-
  3668 0000375A 202020202020202056-
  3668 00003763 657266816762617200 
  3669 0000376C 47726166696B617573-     bm_diag_graphics:    db "Grafikausgabe             VBE-Framebuffer aktiv",0
  3669 00003775 676162652020202020-
  3669 0000377E 202020202020202056-
  3669 00003787 42452D4672616D6562-
  3669 00003790 756666657220616B74-
  3669 00003799 697600             
  3670 0000379C 4B65726E656C616262-     bm_diag_kernel:      db "Kernelabbild              NKI / CRC32 g",0x81,"ltig",0
  3670 000037A5 696C64202020202020-
  3670 000037AE 20202020202020204E-
  3670 000037B7 4B49202F2043524333-
  3670 000037C0 322067816C74696700 
  3671 000037C9 536963686572686569-     bm_diag_security:    db "Sicherheitsstatus         Signatur noch nicht verifiziert",0
  3671 000037D2 747373746174757320-
  3671 000037DB 202020202020202053-
  3671 000037E4 69676E61747572206E-
  3671 000037ED 6F6368206E69636874-
  3671 000037F6 207665726966697A69-
  3671 000037FF 65727400           
  3672 00003803 4E6F76614F53205769-     bm_recovery_heading: db "NovaOS Wiederherstellung",0
  3672 0000380C 656465726865727374-
  3672 00003815 656C6C756E6700     
  3673 0000381C 446961676E6F736520-     bm_recovery_explanation: db "Diagnose und Reparatur von Startproblemen. Es werden keine Benutzerdaten ver",0x84,"ndert.",0
  3673 00003825 756E64205265706172-
  3673 0000382E 6174757220766F6E20-
  3673 00003837 537461727470726F62-
  3673 00003840 6C656D656E2E204573-
  3673 00003849 2077657264656E206B-
  3673 00003852 65696E652042656E75-
  3673 0000385B 747A6572646174656E-
  3673 00003864 20766572846E646572-
  3673 0000386D 742E00             
  3674 00003870 4175746F6D61746973-     bm_recovery_action_auto: db "Automatische Reparatur    Noch nicht verf",0x81,"gbar",0
  3674 00003879 636865205265706172-
  3674 00003882 61747572202020204E-
  3674 0000388B 6F6368206E69636874-
  3674 00003894 207665726681676261-
  3674 0000389D 7200               
  3675 0000389F 536E617073686F7420-     bm_recovery_action_snapshot: db "Snapshot wiederherstellen Noch nicht verf",0x81,"gbar",0
  3675 000038A8 776965646572686572-
  3675 000038B1 7374656C6C656E204E-
  3675 000038BA 6F6368206E69636874-
  3675 000038C3 207665726681676261-
  3675 000038CC 7200               
  3676 000038CE 537065696368657220-     bm_recovery_action_memory: db "Speicher testen",0
  3676 000038D7 74657374656E00     
  3677 000038DE 446174656E74728467-     bm_recovery_action_disk: db "Datentr",0x84,"ger und Partitionen pr",0x81,"fen",0
  3677 000038E7 657220756E64205061-
  3677 000038F0 72746974696F6E656E-
  3677 000038F9 2070728166656E00   
  3678 00003901 4E6F76614F53206572-     bm_recovery_status: db "NovaOS erkannt | Integrit",0x84,"t OK | Recovery v1",0
  3678 0000390A 6B616E6E74207C2049-
  3678 00003913 6E7465677269748474-
  3678 0000391C 204F4B207C20526563-
  3678 00003925 6F7665727920763100 
  3679 0000392E 53797374656D7A7573-     bm_heal_heading: db "Systemzustand und Reparatur",0
  3679 00003937 74616E6420756E6420-
  3679 00003940 526570617261747572-
  3679 00003949 00                 
  3680 0000394A 496E74656772697484-     bm_heal_integrity: db "Integrit",0x84,"t              Gepr",0x81,"ft",0
  3680 00003953 742020202020202020-
  3680 0000395C 202020202020476570-
  3680 00003965 7281667400         
  3681 0000396A 4B65726E656C616262-     bm_heal_kernel: db "Kernelabbild             G",0x81,"ltig",0
  3681 00003973 696C64202020202020-
  3681 0000397C 202020202020204781-
  3681 00003985 6C74696700         
  3682 0000398A 426F6F746C6F616465-     bm_heal_bootloader: db "Bootloader               Startbereit",0
  3682 00003993 722020202020202020-
  3682 0000399C 202020202020205374-
  3682 000039A5 617274626572656974-
  3682 000039AE 00                 
  3683 000039AF 446174656973797374-     bm_heal_filesystem: db "Dateisystem              Offline-Pr",0x81,"fung erforderlich",0
  3683 000039B8 656D20202020202020-
  3683 000039C1 202020202020204F66-
  3683 000039CA 666C696E652D507281-
  3683 000039D3 66756E67206572666F-
  3683 000039DC 726465726C69636800 
  3684 000039E5 53636872656962656E-     bm_heal_note: db "Schreibende Reparaturen bleiben gesperrt, bis NovaFS und ein validierter Recovery-Snapshot verf",0x81,"gbar sind.",0
  3684 000039EE 646520526570617261-
  3684 000039F7 747572656E20626C65-
  3684 00003A00 6962656E2067657370-
  3684 00003A09 657272742C20626973-
  3684 00003A12 204E6F766146532075-
  3684 00003A1B 6E642065696E207661-
  3684 00003A24 6C6964696572746572-
  3684 00003A2D 205265636F76657279-
  3684 00003A36 2D536E617073686F74-
  3684 00003A3F 207665726681676261-
  3684 00003A48 722073696E642E00   
  3685 00003A50 4B65696E6520536E61-     bm_snap_heading: db "Keine Snapshots gefunden",0
  3685 00003A59 7073686F7473206765-
  3685 00003A62 66756E64656E00     
  3686 00003A69 566572668167626172-     bm_snap_count: db "Verf",0x81,"gbare Snapshots      0",0
  3686 00003A72 6520536E617073686F-
  3686 00003A7B 747320202020202030-
  3686 00003A84 00                 
  3687 00003A85 44696520536E617073-     bm_snap_reason: db "Die Snapshotliste wird aktiviert, sobald das NovaFS-Recovery-Modul einen gepr",0x81,"ften Snapshot-Katalog bereitstellt.",0
  3687 00003A8E 686F746C6973746520-
  3687 00003A97 7769726420616B7469-
  3687 00003AA0 76696572742C20736F-
  3687 00003AA9 62616C642064617320-
  3687 00003AB2 4E6F766146532D5265-
  3687 00003ABB 636F766572792D4D6F-
  3687 00003AC4 64756C2065696E656E-
  3687 00003ACD 206765707281667465-
  3687 00003AD6 6E20536E617073686F-
  3687 00003ADF 742D4B6174616C6F67-
  3687 00003AE8 206265726569747374-
  3687 00003AF1 656C6C742E00       
  3688 00003AF7 5363686E656C6C6572-     bm_memory_heading: db "Schneller Speichertest",0
  3688 00003B00 205370656963686572-
  3688 00003B09 7465737400         
  3689 00003B0E 53706569636865726B-     bm_memory_map: db "Speicherkarte            E820 erkannt",0
  3689 00003B17 617274652020202020-
  3689 00003B20 202020202020204538-
  3689 00003B29 32302065726B616E6E-
  3689 00003B32 7400               
  3690 00003B34 507281666D75737465-     bm_memory_algorithm: db "Pr",0x81,"fmuster               AA55 / 55AA",0
  3690 00003B3D 722020202020202020-
  3690 00003B46 202020202020204141-
  3690 00003B4F 3535202F2035354141-
  3690 00003B58 00                 
  3691 00003B59 537461747573202020-     bm_memory_ready: db "Status                   Bereit",0
  3691 00003B62 202020202020202020-
  3691 00003B6B 202020202020204265-
  3691 00003B74 7265697400         
  3692 00003B79 537461747573202020-     bm_memory_passed: db "Status                   Test ohne Fehler abgeschlossen",0
  3692 00003B82 202020202020202020-
  3692 00003B8B 202020202020205465-
  3692 00003B94 7374206F686E652046-
  3692 00003B9D 65686C657220616267-
  3692 00003BA6 657363686C6F737365-
  3692 00003BAF 6E00               
  3693 00003BB1 537461747573202020-     bm_memory_failed: db "Status                   Speicherfehler erkannt",0
  3693 00003BBA 202020202020202020-
  3693 00003BC3 202020202020205370-
  3693 00003BCC 656963686572666568-
  3693 00003BD5 6C65722065726B616E-
  3693 00003BDE 6E7400             
  3694 00003BE1 454E54455220737461-     bm_memory_hint: db "ENTER startet den sicheren Bootmanager-Schnelltest",0
  3694 00003BEA 727465742064656E20-
  3694 00003BF3 736963686572656E20-
  3694 00003BFC 426F6F746D616E6167-
  3694 00003C05 65722D5363686E656C-
  3694 00003C0E 6C7465737400       
  3695 00003C14 45726B616E6E746572-     bm_disk_heading: db "Erkannter Startdatentr",0x84,"ger",0
  3695 00003C1D 205374617274646174-
  3695 00003C26 656E74728467657200 
  3696 00003C2F 476572847420202020-     bm_disk_device: db "Ger",0x84,"t                    BIOS-Laufwerk 0x80",0
  3696 00003C38 202020202020202020-
  3696 00003C41 202020202020204249-
  3696 00003C4A 4F532D4C6175667765-
  3696 00003C53 726B203078383000   
  3697 00003C5B 53746172746C61796F-     bm_disk_layout: db "Startlayout              Nova BIOS Image",0
  3697 00003C64 757420202020202020-
  3697 00003C6D 202020202020204E6F-
  3697 00003C76 76612042494F532049-
  3697 00003C7F 6D61676500         
  3698 00003C84 4C6573657374617475-     bm_disk_health: db "Lesestatus               Bootsektoren lesbar",0
  3698 00003C8D 732020202020202020-
  3698 00003C96 20202020202020426F-
  3698 00003C9F 6F7473656B746F7265-
  3698 00003CA8 6E206C657362617200 
  3699 00003CB1 53636872656962656E-     bm_disk_note: db "Schreibende Partitionsaktionen sind gesperrt. GPT/MBR- und SMART-Details ben",0x94,"tigen das noch nicht eingebundene Storage-Modul.",0
  3699 00003CBA 646520506172746974-
  3699 00003CC3 696F6E73616B74696F-
  3699 00003CCC 6E656E2073696E6420-
  3699 00003CD5 67657370657272742E-
  3699 00003CDE 204750542F4D42522D-
  3699 00003CE7 20756E6420534D4152-
  3699 00003CF0 542D44657461696C73-
  3699 00003CF9 2062656E9474696765-
  3699 00003D02 6E20646173206E6F63-
  3699 00003D0B 68206E696368742065-
  3699 00003D14 696E676562756E6465-
  3699 00003D1D 6E652053746F726167-
  3699 00003D26 652D4D6F64756C2E00 
  3700 00003D2F 4E6F76614F5320566F-     bm_encryption_heading: db "NovaOS Volume-Sicherheit",0
  3700 00003D38 6C756D652D53696368-
  3700 00003D41 65726865697400     
  3701 00003D48 5374617274766F6C75-     bm_encryption_volume: db "Startvolume              NovaOS System",0
  3701 00003D51 6D6520202020202020-
  3701 00003D5A 202020202020204E6F-
  3701 00003D63 76614F532053797374-
  3701 00003D6C 656D00             
  3702 00003D6F 5665727363686C8173-     bm_encryption_state: db "Verschl",0x81,"sselung           Nicht erforderlich",0
  3702 00003D78 73656C756E67202020-
  3702 00003D81 20202020202020204E-
  3702 00003D8A 69636874206572666F-
  3702 00003D93 726465726C69636800 
  3703 00003D9C 457320777572646520-     bm_encryption_note: db "Es wurde kein verschl",0x81,"sseltes Startvolume angefordert. Passwort-, TPM- und Recovery-Key-Eingabe bleiben deshalb sicher deaktiviert.",0
  3703 00003DA5 6B65696E2076657273-
  3703 00003DAE 63686C817373656C74-
  3703 00003DB7 657320537461727476-
  3703 00003DC0 6F6C756D6520616E67-
  3703 00003DC9 65666F72646572742E-
  3703 00003DD2 2050617373776F7274-
  3703 00003DDB 2D2C2054504D2D2075-
  3703 00003DE4 6E64205265636F7665-
  3703 00003DED 72792D4B65792D4569-
  3703 00003DF6 6E6761626520626C65-
  3703 00003DFF 6962656E2064657368-
  3703 00003E08 616C62207369636865-
  3703 00003E11 72206465616B746976-
  3703 00003E1A 696572742E00       
  3704 00003E20 4B65696E20426F6F74-     bm_network_heading: db "Kein Bootserver gefunden",0
  3704 00003E29 736572766572206765-
  3704 00003E32 66756E64656E00     
  3705 00003E39 4E65747A7765726B61-     bm_network_adapter: db "Netzwerkadapter          Nicht initialisiert",0
  3705 00003E42 646170746572202020-
  3705 00003E4B 202020202020204E69-
  3705 00003E54 63687420696E697469-
  3705 00003E5D 616C69736965727400 
  3706 00003E66 505845202F20485454-     bm_network_server: db "PXE / HTTP Boot          Nicht verf",0x81,"gbar",0
  3706 00003E6F 5020426F6F74202020-
  3706 00003E78 202020202020204E69-
  3706 00003E81 636874207665726681-
  3706 00003E8A 6762617200         
  3707 00003E8F 4465722042494F532D-     bm_network_note: db "Der BIOS-Pfad besitzt aktuell keinen PXE-UNDI-Treiber. Netzwerk-Boot wird erst nach validierter Adapter- und DHCP-Initialisierung freigegeben.",0
  3707 00003E98 506661642062657369-
  3707 00003EA1 747A7420616B747565-
  3707 00003EAA 6C6C206B65696E656E-
  3707 00003EB3 205058452D554E4449-
  3707 00003EBC 2D547265696265722E-
  3707 00003EC5 204E65747A7765726B-
  3707 00003ECE 2D426F6F7420776972-
  3707 00003ED7 642065727374206E61-
  3707 00003EE0 63682076616C696469-
  3707 00003EE9 657274657220416461-
  3707 00003EF2 707465722D20756E64-
  3707 00003EFB 20444843502D496E69-
  3707 00003F04 7469616C6973696572-
  3707 00003F0D 756E67206672656967-
  3707 00003F16 65676562656E2E00   
  3708 00003F1E 506C617474666F726D-     bm_firmware_heading: db "Plattforminformationen",0
  3708 00003F27 696E666F726D617469-
  3708 00003F30 6F6E656E00         
  3709 00003F35 4669726D776172656D-     bm_firmware_mode: db "Firmwaremodus            Legacy BIOS",0
  3709 00003F3E 6F6475732020202020-
  3709 00003F47 202020202020204C65-
  3709 00003F50 676163792042494F53-
  3709 00003F59 00                 
  3710 00003F5A 53656375726520426F-     bm_firmware_secure: db "Secure Boot              Nicht verf",0x81,"gbar",0
  3710 00003F63 6F7420202020202020-
  3710 00003F6C 202020202020204E69-
  3710 00003F75 636874207665726681-
  3710 00003F7E 6762617200         
  3711 00003F83 4C6567616379204249-     bm_firmware_note: db "Legacy BIOS bietet keinen standardisierten Neustart in das Setup. Verwende beim Einschalten die Setup-Taste des Ger",0x84,"teherstellers.",0
  3711 00003F8C 4F5320626965746574-
  3711 00003F95 206B65696E656E2073-
  3711 00003F9E 74616E646172646973-
  3711 00003FA7 69657274656E204E65-
  3711 00003FB0 75737461727420696E-
  3711 00003FB9 206461732053657475-
  3711 00003FC2 702E2056657277656E-
  3711 00003FCB 6465206265696D2045-
  3711 00003FD4 696E736368616C7465-
  3711 00003FDD 6E2064696520536574-
  3711 00003FE6 75702D546173746520-
  3711 00003FEF 646573204765728474-
  3711 00003FF8 656865727374656C6C-
  3711 00004001 6572732E00         
  3712 00004006 46756E6B74696F6E20-     bm_text_unavailable_title: db "Funktion noch nicht verf",0x81,"gbar",0
  3712 0000400F 6E6F6368206E696368-
  3712 00004018 742076657266816762-
  3712 00004021 617200             
  3713 00004024 446965736520416E73-     bm_text_unavailable_hint: db "Diese Ansicht ist vorbereitet, ben",0x94,"tigt aber ein Installationsmodul.",0
  3713 0000402D 696368742069737420-
  3713 00004036 766F72626572656974-
  3713 0000403F 65742C2062656E9474-
  3713 00004048 696774206162657220-
  3713 00004051 65696E20496E737461-
  3713 0000405A 6C6C6174696F6E736D-
  3713 00004063 6F64756C2E00       
  3714 00004069 4E6F76614F53207374-     bm_menu_start:       db "NovaOS starten",0
  3714 00004072 617274656E00       
  3715 00004078 4E6F76614F5320696E-     bm_menu_install:     db "NovaOS installieren",0
  3715 00004081 7374616C6C69657265-
  3715 0000408A 6E00               
  3716 0000408C 45696E7374656C6C75-     bm_menu_settings:    db "Einstellungen",0
  3716 00004095 6E67656E00         
  3717 0000409A 446961676E6F736500      bm_menu_diagnostics: db "Diagnose",0
  3718 000040A3 5265636F76657200        bm_menu_recover:     db "Recover",0
  3719 000040AB 417573736368616C74-     bm_menu_poweroff:    db "Ausschalten",0
  3719 000040B4 656E00             
  3720 000040B7 90                      align 4
  3721                                  bm_menu_entries:
  3722 000040B8 [69400000]                  dd bm_menu_start
  3722          ******************       warning: 32-bit absolute section-crossing relocation [-w+reloc-abs-dword]
  3723 000040BC 0000                        db 0, BM_ACTION_START
  3724 000040BE 0000                        dw 0
  3725 000040C0 [78400000]                  dd bm_menu_install
  3725          ******************       warning: 32-bit absolute section-crossing relocation [-w+reloc-abs-dword]
  3726 000040C4 0101                        db 1, BM_ACTION_UNAVAILABLE
  3727 000040C6 0000                        dw 0
  3728 000040C8 [8C400000]                  dd bm_menu_settings
  3728          ******************       warning: 32-bit absolute section-crossing relocation [-w+reloc-abs-dword]
  3729 000040CC 0205                        db 2, BM_ACTION_SETTINGS
  3730 000040CE 0000                        dw 0
  3731 000040D0 [9A400000]                  dd bm_menu_diagnostics
  3731          ******************       warning: 32-bit absolute section-crossing relocation [-w+reloc-abs-dword]
  3732 000040D4 0302                        db 3, BM_ACTION_DIAGNOSTICS
  3733 000040D6 0000                        dw 0
  3734 000040D8 [A3400000]                  dd bm_menu_recover
  3734          ******************       warning: 32-bit absolute section-crossing relocation [-w+reloc-abs-dword]
  3735 000040DC 0403                        db 4, BM_ACTION_RECOVERY
  3736 000040DE 0000                        dw 0
  3737 000040E0 [AB400000]                  dd bm_menu_poweroff
  3737          ******************       warning: 32-bit absolute section-crossing relocation [-w+reloc-abs-dword]
  3738 000040E4 0504                        db 5, BM_ACTION_POWEROFF
  3739 000040E6 0000                        dw 0
  3740                                  BM_MENU_ENTRY_COUNT equ ($ - bm_menu_entries) / BM_ENTRY_SIZE
  3741 000040E8 4175737761686C2073-     bm_text_countdown:   db "Auswahl startet in "
  3741 000040F1 74617274657420696E-
  3741 000040FA 20                 
  3742 000040FB 35                      bm_countdown_digit:  db "5"
  3743 000040FC 2053656B2E00                                 db " Sek.",0
  3744 00004102 44696573652046756E-     bm_text_unavailable: db "Diese Funktion ist noch nicht verf",0x81,"gbar",0
  3744 0000410B 6B74696F6E20697374-
  3744 00004114 206E6F6368206E6963-
  3744 0000411D 687420766572668167-
  3744 00004126 62617200           
  3745 0000412A 4E6F76614F5300          bm_error_brand:         db "NovaOS",0
  3746 00004131 5374617274206E6963-     bm_error_title:         db "Start nicht m",0x94,"glich",0
  3746 0000413A 6874206D94676C6963-
  3746 00004143 6800               
  3747 00004145 4E6F76614F53206861-     bm_error_explanation_1: db "NovaOS hat eine besch",0x84,"digte oder unvollst",0x84,"ndige Datei gefunden",0
  3747 0000414E 742065696E65206265-
  3747 00004157 736368846469677465-
  3747 00004160 206F64657220756E76-
  3747 00004169 6F6C6C7374846E6469-
  3747 00004172 676520446174656920-
  3747 0000417B 676566756E64656E00 
  3748 00004184 5A7520496872657220-     bm_error_explanation_2: db "Zu Ihrer Sicherheit wurde sie nicht gestartet",0
  3748 0000418D 536963686572686569-
  3748 00004196 742077757264652073-
  3748 0000419F 6965206E6963687420-
  3748 000041A8 676573746172746574-
  3748 000041B1 00                 
  3749 000041B2 00                      bm_error_explanation_3: db 0
  3750 000041B3 426974746520646173-     bm_error_action_1:      db "Bitte das Installationsmedium neu erstellen",0
  3750 000041BC 20496E7374616C6C61-
  3750 000041C5 74696F6E736D656469-
  3750 000041CE 756D206E6575206572-
  3750 000041D7 7374656C6C656E00   
  3751 000041DF 6F64657200              bm_error_action_2:      db "oder",0
  3752 000041E4 45696E6520616E6465-     bm_error_action_3:      db "Eine andere Kopie von NovaOS verwenden",0
  3752 000041ED 7265204B6F70696520-
  3752 000041F6 766F6E204E6F76614F-
  3752 000041FF 532076657277656E64-
  3752 00004208 656E00             
  3753 0000420B 4645484C4552434F44-     bm_error_checksum_code: db "FEHLERCODE: BOOT-1002 | Pr",0x81,"fsumme Ung",0x81,"ltig",0
  3753 00004214 453A20424F4F542D31-
  3753 0000421D 303032207C20507281-
  3753 00004226 6673756D6D6520556E-
  3753 0000422F 67816C74696700     
  3754 00004236 4645484C4552434F44-     bm_error_header_code:   db "FEHLERCODE: BOOT-1001 | Dateiformat Ung",0x81,"ltig",0
  3754 0000423F 453A20424F4F542D31-
  3754 00004248 303031207C20446174-
  3754 00004251 6569666F726D617420-
  3754 0000425A 556E67816C74696700 
  3755 00004263 424D3A444941474E4F-     bm_event_diagnostics: db "BM:DIAGNOSTICS",10,0
  3755 0000426C 53544943530A00     
  3756 00004273 424D3A5245434F5645-     bm_event_recovery:    db "BM:RECOVERY-UNAVAILABLE",10,0
  3756 0000427C 52592D554E41564149-
  3756 00004285 4C41424C450A00     
  3757 0000428C 424D3A53544152540A-     bm_event_start:       db "BM:START",10,0
  3757 00004295 00                 
  3758 00004296 424D3A53455454494E-     bm_event_settings:    db "BM:SETTINGS",10,0
  3758 0000429F 47530A00           
  3759 000042A3 424D3A4241434B0A00      bm_event_back:        db "BM:BACK",10,0
  3760 000042AC 424D3A48454C500A00      bm_event_help:        db "BM:HELP",10,0
  3761 000042B5 424D3A44455441494C-     bm_event_details:     db "BM:DETAILS",10,0
  3761 000042BE 530A00             
  3762 000042C1 424D3A414456414E43-     bm_event_advanced:    db "BM:ADVANCED",10,0
  3762 000042CA 45440A00           
  3763 000042CE 424D3A414456414E43-     bm_event_advanced_base: db "BM:ADVANCED-BASE",10,0
  3763 000042D7 45442D424153450A00 
  3764 000042E0 424D3A414456414E43-     bm_event_advanced_list: db "BM:ADVANCED-LIST",10,0
  3764 000042E9 45442D4C4953540A00 
  3765 000042F2 424D3A414456414E43-     bm_event_advanced_ready: db "BM:ADVANCED-READY",10,0
  3765 000042FB 45442D52454144590A-
  3765 00004304 00                 
  3766 00004305 424D3A504F5745522D-     bm_event_power_dialog: db "BM:POWER-DIALOG",10,0
  3766 0000430E 4449414C4F470A00   
  3767 00004316 424D3A53454C462D48-     bm_event_self_healing: db "BM:SELF-HEALING",10,0
  3767 0000431F 45414C494E470A00   
  3768 00004327 424D3A534E41505348-     bm_event_snapshots: db "BM:SNAPSHOTS",10,0
  3768 00004330 4F54530A00         
  3769 00004335 424D3A4D454D4F5259-     bm_event_memory_test: db "BM:MEMORY-TEST",10,0
  3769 0000433E 2D544553540A00     
  3770 00004345 424D3A4D454D4F5259-     bm_event_memory_passed: db "BM:MEMORY-PASSED",10,0
  3770 0000434E 2D5041535345440A00 
  3771 00004357 424D3A4D454D4F5259-     bm_event_memory_failed: db "BM:MEMORY-FAILED",10,0
  3771 00004360 2D4641494C45440A00 
  3772 00004369 424D3A4449534B2D54-     bm_event_disk_tools: db "BM:DISK-TOOLS",10,0
  3772 00004372 4F4F4C530A00       
  3773 00004378 424D3A454E43525950-     bm_event_encryption: db "BM:ENCRYPTION",10,0
  3773 00004381 54494F4E0A00       
  3774 00004387 424D3A4E4554574F52-     bm_event_network: db "BM:NETWORK",10,0
  3774 00004390 4B0A00             
  3775 00004393 424D3A4649524D5741-     bm_event_firmware: db "BM:FIRMWARE",10,0
  3775 0000439C 52450A00           
  3776 000043A0 424D3A5448454D452D-     bm_event_high_contrast: db "BM:THEME-HIGH-CONTRAST",10,0
  3776 000043A9 484947482D434F4E54-
  3776 000043B2 524153540A00       
  3777 000043B8 424D3A5448454D452D-     bm_event_dark_theme:    db "BM:THEME-DARK",10,0
  3777 000043C1 4441524B0A00       
  3778                                  
  3779                                  %include "boot-font-aa.inc"
     1                              <1> ; Generated by scripts/generate-boot-font.ps1
     2                              <1> ; Segoe UI Semibold, 15 px, 2-bit grayscale coverage, four pixels per byte.
     3                              <1> BM_FONT_WIDTH equ 14
     4                              <1> BM_FONT_HEIGHT equ 20
     5                              <1> BM_FONT_BYTES_PER_GLYPH equ 70
     6 000043C7 414243444546474849- <1> bm_font_characters: db 0x41,0x42,0x43,0x44,0x45,0x46,0x47,0x48,0x49,0x4A,0x4B,0x4C,0x4D,0x4E,0x4F,0x50,0x51,0x52,0x53,0x54,0x55,0x56,0x57,0x58,0x59,0x5A,0x61,0x62,0x63,0x64,0x65,0x66,0x67,0x68,0x69,0x6A,0x6B,0x6C,0x6D,0x6E,0x6F,0x70,0x71,0x72,0x73,0x74,0x75,0x76,0x77,0x78,0x79,0x7A,0x30,0x31,0x32,0x33,0x34,0x35,0x36,0x37,0x38,0x39,0x2D,0x2E,0x2F,0x3A,0x7C,0x3B,0x28,0x29,0x84,0x94,0x81,0x8E,0x99,0x9A,0xE1,0
     6 000043D0 4A4B4C4D4E4F505152- <1>
     6 000043D9 535455565758595A61- <1>
     6 000043E2 62636465666768696A- <1>
     6 000043EB 6B6C6D6E6F70717273- <1>
     6 000043F4 7475767778797A3031- <1>
     6 000043FD 32333435363738392D- <1>
     6 00004406 2E2F3A7C3B28298494- <1>
     6 0000440F 818E999AE100        <1>
     7                              <1> bm_font_widths:
     8 00004415 0C0B0B0C09090C0D06- <1>     db 12,11,11,12,9,9,12,13,6,7,11,9,14,13,13,10,13,11,10,10,12,11,14,11,10,10,9,11,9,11,9,7,11,10,5,5,9,5,14,10,10,11,11,7,8,7,10,9,13,9,9,8,10,8,10,10,10,10,10,10,10,10,8,5,8,5,6,5,6,6,9,10,10,12,13,12,10
     8 0000441E 070B090E0D0D0A0D0B- <1>
     8 00004427 0A0A0C0B0E0B0A0A09- <1>
     8 00004430 0B090B09070B0A0505- <1>
     8 00004439 09050E0A0A0B0B0708- <1>
     8 00004442 070A090D0909080A08- <1>
     8 0000444B 0A0A0A0A0A0A0A0A08- <1>
     8 00004454 05080506050606090A- <1>
     8 0000445D 0A0C0D0C0A          <1>
     9                              <1> bm_font_bitmap:
    10 00004462 000000000000000000- <1>     db 0x00,0x00,0x00,0x00,0x00,0x00,0x00,0x00,0x00,0x00,0x00,0x00,0x00,0x00,0x00,0x00,0x00,0x00,0xF0,0x00,0x00,0x40,0x1F,0x00,0x00,0xAC,0x03,0x00,0xC0,0x75,0x00,0x00,0x0D,0x0B,0x00,0xF0,0xF0,0x00,0x40,0x07,0x1D,0x00,0xF8,0xFF,0x02,0xC0,0x02,0x38,0x00,0x1D,0x40,0x07,0xE0,0x00,0xB0,0x00,0x00,0x00,0x00,0x00,0x00,0x00,0x00,0x00,0x00,0x00,0x00,0x00,0x00,0x00 ; A
    10 0000446B 000000000000000000- <1>
    10 00004474 F00000401F0000AC03- <1>
    10 0000447D 00C07500000D0B00F0- <1>
    10 00004486 F00040071D00F8FF02- <1>
    10 0000448F C00238001D4007E000- <1>
    10 00004498 B00000000000000000- <1>
    10 000044A1 00000000000000      <1>
    11 000044A8 000000000000000000- <1>     db 0x00,0x00,0x00,0x00,0x00,0x00,0x00,0x00,0x00,0x00,0x00,0x00,0x00,0x00,0x00,0x00,0x00,0x80,0xFF,0x01,0x00,0x38,0x74,0x00,0x80,0x03,0x0B,0x00,0x38,0xB0,0x00,0x80,0x43,0x03,0x00,0xF8,0x1F,0x00,0x80,0x43,0x0B,0x00,0x38,0xD0,0x01,0x80,0x03,0x0D,0x00,0x38,0xB4,0x00,0x80,0xFF,0x02,0x00,0x00,0x00,0x00,0x00,0x00,0x00,0x00,0x00,0x00,0x00,0x00,0x00,0x00,0x00 ; B
    11 000044B1 000000000000000080- <1>
    11 000044BA FF010038740080030B- <1>
    11 000044C3 0038B00080430300F8- <1>
    11 000044CC 1F0080430B0038D001- <1>
    11 000044D5 80030D0038B40080FF- <1>
    11 000044DE 020000000000000000- <1>
    11 000044E7 00000000000000      <1>
    12 000044EE 000000000000000000- <1>     db 0x00,0x00,0x00,0x00,0x00,0x00,0x00,0x00,0x00,0x00,0x00,0x00,0x00,0x00,0x00,0x00,0x00,0x00,0xE4,0x1F,0x00,0xE0,0x41,0x01,0x40,0x03,0x00,0x00,0x2C,0x00,0x00,0xD0,0x01,0x00,0x00,0x1D,0x00,0x00,0xD0,0x01,0x00,0x00,0x2C,0x00,0x00,0x80,0x03,0x00,0x00,0xF0,0x41,0x01,0x00,0xF8,0x1B,0x00,0x00,0x00,0x00,0x00,0x00,0x00,0x00,0x00,0x00,0x00,0x00,0x00,0x00,0x00 ; C
    12 000044F7 000000000000000000- <1>
    12 00004500 E41F00E04101400300- <1>
    12 00004509 002C0000D00100001D- <1>
    12 00004512 0000D00100002C0000- <1>
    12 0000451B 80030000F0410100F8- <1>
    12 00004524 1B0000000000000000- <1>
    12 0000452D 00000000000000      <1>
    13 00004534 000000000000000000- <1>     db 0x00,0x00,0x00,0x00,0x00,0x00,0x00,0x00,0x00,0x00,0x00,0x00,0x00,0x00,0x00,0x00,0x00,0x80,0xFF,0x06,0x00,0x38,0xD0,0x02,0x80,0x03,0x74,0x00,0x38,0x00,0x0B,0x80,0x03,0xE0,0x00,0x38,0x00,0x0E,0x80,0x03,0xE0,0x00,0x38,0x00,0x0B,0x80,0x03,0x34,0x00,0x38,0xD0,0x01,0x80,0xFF,0x02,0x00,0x00,0x00,0x00,0x00,0x00,0x00,0x00,0x00,0x00,0x00,0x00,0x00,0x00,0x00 ; D
    13 0000453D 000000000000000080- <1>
    13 00004546 FF060038D002800374- <1>
    13 0000454F 0038000B8003E00038- <1>
    13 00004558 000E8003E00038000B- <1>
    13 00004561 8003340038D00180FF- <1>
    13 0000456A 020000000000000000- <1>
    13 00004573 00000000000000      <1>
    14 0000457A 000000000000000000- <1>     db 0x00,0x00,0x00,0x00,0x00,0x00,0x00,0x00,0x00,0x00,0x00,0x00,0x00,0x00,0x00,0x00,0x00,0x80,0xFF,0x03,0x00,0x38,0x00,0x00,0x80,0x03,0x00,0x00,0x38,0x00,0x00,0x80,0x03,0x00,0x00,0xF8,0x2F,0x00,0x80,0x03,0x00,0x00,0x38,0x00,0x00,0x80,0x03,0x00,0x00,0x38,0x00,0x00,0x80,0xFF,0x07,0x00,0x00,0x00,0x00,0x00,0x00,0x00,0x00,0x00,0x00,0x00,0x00,0x00,0x00,0x00 ; E
    14 00004583 000000000000000080- <1>
    14 0000458C FF0300380000800300- <1>
    14 00004595 0038000080030000F8- <1>
    14 0000459E 2F0080030000380000- <1>
    14 000045A7 8003000038000080FF- <1>
    14 000045B0 070000000000000000- <1>
    14 000045B9 00000000000000      <1>
    15 000045C0 000000000000000000- <1>     db 0x00,0x00,0x00,0x00,0x00,0x00,0x00,0x00,0x00,0x00,0x00,0x00,0x00,0x00,0x00,0x00,0x00,0x80,0xFF,0x03,0x00,0x38,0x00,0x00,0x80,0x03,0x00,0x00,0x38,0x00,0x00,0x80,0x03,0x00,0x00,0xF8,0x2F,0x00,0x80,0x03,0x00,0x00,0x38,0x00,0x00,0x80,0x03,0x00,0x00,0x38,0x00,0x00,0x80,0x03,0x00,0x00,0x00,0x00,0x00,0x00,0x00,0x00,0x00,0x00,0x00,0x00,0x00,0x00,0x00,0x00 ; F
    15 000045C9 000000000000000080- <1>
    15 000045D2 FF0300380000800300- <1>
    15 000045DB 0038000080030000F8- <1>
    15 000045E4 2F0080030000380000- <1>
    15 000045ED 800300003800008003- <1>
    15 000045F6 000000000000000000- <1>
    15 000045FF 00000000000000      <1>
    16 00004606 000000000000000000- <1>     db 0x00,0x00,0x00,0x00,0x00,0x00,0x00,0x00,0x00,0x00,0x00,0x00,0x00,0x00,0x00,0x00,0x00,0x00,0xE4,0x2F,0x00,0xE0,0x01,0x06,0x40,0x07,0x00,0x00,0x2C,0x00,0x00,0xD0,0x01,0x00,0x00,0x1D,0xF4,0x07,0xD0,0x01,0x74,0x00,0x1C,0x40,0x07,0x80,0x03,0x74,0x00,0xA0,0x41,0x07,0x00,0xF4,0x6F,0x00,0x00,0x00,0x00,0x00,0x00,0x00,0x00,0x00,0x00,0x00,0x00,0x00,0x00,0x00 ; G
    16 0000460F 000000000000000000- <1>
    16 00004618 E42F00E00106400700- <1>
    16 00004621 002C0000D00100001D- <1>
    16 0000462A F407D00174001C4007- <1>
    16 00004633 80037400A0410700F4- <1>
    16 0000463C 6F0000000000000000- <1>
    16 00004645 00000000000000      <1>
    17 0000464C 000000000000000000- <1>     db 0x00,0x00,0x00,0x00,0x00,0x00,0x00,0x00,0x00,0x00,0x00,0x00,0x00,0x00,0x00,0x00,0x00,0x80,0x03,0xB0,0x00,0x38,0x00,0x0B,0x80,0x03,0xB0,0x00,0x38,0x00,0x0B,0x80,0x03,0xB0,0x00,0xF8,0xFF,0x0B,0x80,0x03,0xB0,0x00,0x38,0x00,0x0B,0x80,0x03,0xB0,0x00,0x38,0x00,0x0B,0x80,0x03,0xB0,0x00,0x00,0x00,0x00,0x00,0x00,0x00,0x00,0x00,0x00,0x00,0x00,0x00,0x00,0x00 ; H
    17 00004655 000000000000000080- <1>
    17 0000465E 03B00038000B8003B0- <1>
    17 00004667 0038000B8003B000F8- <1>
    17 00004670 FF0B8003B00038000B- <1>
    17 00004679 8003B00038000B8003- <1>
    17 00004682 B00000000000000000- <1>
    17 0000468B 00000000000000      <1>
    18 00004692 000000000000000000- <1>     db 0x00,0x00,0x00,0x00,0x00,0x00,0x00,0x00,0x00,0x00,0x00,0x00,0x00,0x00,0x00,0x00,0x00,0x80,0x03,0x00,0x00,0x38,0x00,0x00,0x80,0x03,0x00,0x00,0x38,0x00,0x00,0x80,0x03,0x00,0x00,0x38,0x00,0x00,0x80,0x03,0x00,0x00,0x38,0x00,0x00,0x80,0x03,0x00,0x00,0x38,0x00,0x00,0x80,0x03,0x00,0x00,0x00,0x00,0x00,0x00,0x00,0x00,0x00,0x00,0x00,0x00,0x00,0x00,0x00,0x00 ; I
    18 0000469B 000000000000000080- <1>
    18 000046A4 030000380000800300- <1>
    18 000046AD 003800008003000038- <1>
    18 000046B6 000080030000380000- <1>
    18 000046BF 800300003800008003- <1>
    18 000046C8 000000000000000000- <1>
    18 000046D1 00000000000000      <1>
    19 000046D8 000000000000000000- <1>     db 0x00,0x00,0x00,0x00,0x00,0x00,0x00,0x00,0x00,0x00,0x00,0x00,0x00,0x00,0x00,0x00,0x00,0x00,0x2C,0x00,0x00,0xC0,0x02,0x00,0x00,0x2C,0x00,0x00,0xC0,0x02,0x00,0x00,0x2C,0x00,0x00,0xC0,0x02,0x00,0x00,0x2C,0x00,0x00,0xC0,0x02,0x00,0x00,0x1C,0x00,0x00,0xE0,0x00,0x00,0xF0,0x02,0x00,0x00,0x00,0x00,0x00,0x00,0x00,0x00,0x00,0x00,0x00,0x00,0x00,0x00,0x00,0x00 ; J
    19 000046E1 000000000000000000- <1>
    19 000046EA 2C0000C00200002C00- <1>
    19 000046F3 00C00200002C0000C0- <1>
    19 000046FC 0200002C0000C00200- <1>
    19 00004705 001C0000E00000F002- <1>
    19 0000470E 000000000000000000- <1>
    19 00004717 00000000000000      <1>
    20 0000471E 000000000000000000- <1>     db 0x00,0x00,0x00,0x00,0x00,0x00,0x00,0x00,0x00,0x00,0x00,0x00,0x00,0x00,0x00,0x00,0x00,0x80,0x03,0x2D,0x00,0x38,0xB0,0x00,0x80,0xC3,0x03,0x00,0x38,0x0E,0x00,0x80,0x77,0x00,0x00,0xF8,0x03,0x00,0x80,0xB7,0x00,0x00,0x38,0x1D,0x00,0x80,0x83,0x07,0x00,0x38,0xF0,0x00,0x80,0x03,0x2D,0x00,0x00,0x00,0x00,0x00,0x00,0x00,0x00,0x00,0x00,0x00,0x00,0x00,0x00,0x00 ; K
    20 00004727 000000000000000080- <1>
    20 00004730 032D0038B00080C303- <1>
    20 00004739 00380E0080770000F8- <1>
    20 00004742 030080B70000381D00- <1>
    20 0000474B 8083070038F0008003- <1>
    20 00004754 2D0000000000000000- <1>
    20 0000475D 00000000000000      <1>
    21 00004764 000000000000000000- <1>     db 0x00,0x00,0x00,0x00,0x00,0x00,0x00,0x00,0x00,0x00,0x00,0x00,0x00,0x00,0x00,0x00,0x00,0x80,0x03,0x00,0x00,0x38,0x00,0x00,0x80,0x03,0x00,0x00,0x38,0x00,0x00,0x80,0x03,0x00,0x00,0x38,0x00,0x00,0x80,0x03,0x00,0x00,0x38,0x00,0x00,0x80,0x03,0x00,0x00,0x38,0x00,0x00,0x80,0xFF,0x07,0x00,0x00,0x00,0x00,0x00,0x00,0x00,0x00,0x00,0x00,0x00,0x00,0x00,0x00,0x00 ; L
    21 0000476D 000000000000000080- <1>
    21 00004776 030000380000800300- <1>
    21 0000477F 003800008003000038- <1>
    21 00004788 000080030000380000- <1>
    21 00004791 8003000038000080FF- <1>
    21 0000479A 070000000000000000- <1>
    21 000047A3 00000000000000      <1>
    22 000047AA 000000000000000000- <1>     db 0x00,0x00,0x00,0x00,0x00,0x00,0x00,0x00,0x00,0x00,0x00,0x00,0x00,0x00,0x00,0x00,0x00,0x80,0x0F,0x00,0x1F,0xF8,0x01,0xF4,0x81,0x2F,0x80,0x1E,0x78,0x03,0xDC,0x81,0x73,0xD0,0x1D,0x38,0x0E,0xDB,0x81,0xD3,0x75,0x1D,0x38,0xAC,0xD3,0x81,0x83,0x1F,0x1D,0x38,0xF0,0xD0,0x81,0x03,0x0B,0x1D,0x00,0x00,0x00,0x00,0x00,0x00,0x00,0x00,0x00,0x00,0x00,0x00,0x00,0x00 ; M
    22 000047B3 000000000000000080- <1>
    22 000047BC 0F001FF801F4812F80- <1>
    22 000047C5 1E7803DC8173D01D38- <1>
    22 000047CE 0EDB81D3751D38ACD3- <1>
    22 000047D7 81831F1D38F0D08103- <1>
    22 000047E0 0B1D00000000000000- <1>
    22 000047E9 00000000000000      <1>
    23 000047F0 000000000000000000- <1>     db 0x00,0x00,0x00,0x00,0x00,0x00,0x00,0x00,0x00,0x00,0x00,0x00,0x00,0x00,0x00,0x00,0x00,0x80,0x0B,0xD0,0x01,0xF8,0x01,0x1D,0x80,0x3F,0xD0,0x01,0x78,0x07,0x1D,0x80,0xE3,0xD0,0x01,0x38,0x2C,0x1D,0x80,0x43,0xD7,0x01,0x38,0xE0,0x1D,0x80,0x03,0xFD,0x01,0x38,0x40,0x1F,0x80,0x03,0xF0,0x01,0x00,0x00,0x00,0x00,0x00,0x00,0x00,0x00,0x00,0x00,0x00,0x00,0x00,0x00 ; N
    23 000047F9 000000000000000080- <1>
    23 00004802 0BD001F8011D803FD0- <1>
    23 0000480B 0178071D80E3D00138- <1>
    23 00004814 2C1D8043D70138E01D- <1>
    23 0000481D 8003FD0138401F8003- <1>
    23 00004826 F00100000000000000- <1>
    23 0000482F 00000000000000      <1>
    24 00004836 000000000000000000- <1>     db 0x00,0x00,0x00,0x00,0x00,0x00,0x00,0x00,0x00,0x00,0x00,0x00,0x00,0x00,0x00,0x00,0x00,0x00,0xF4,0x0B,0x00,0xA0,0x81,0x07,0x80,0x03,0xE0,0x00,0x2C,0x00,0x1D,0xD0,0x01,0xC0,0x01,0x1D,0x00,0x1C,0xD0,0x01,0xC0,0x01,0x2C,0x00,0x1D,0x80,0x03,0xE0,0x00,0xB0,0x81,0x03,0x00,0xF8,0x0B,0x00,0x00,0x00,0x00,0x00,0x00,0x00,0x00,0x00,0x00,0x00,0x00,0x00,0x00,0x00 ; O
    24 0000483F 000000000000000000- <1>
    24 00004848 F40B00A081078003E0- <1>
    24 00004851 002C001DD001C0011D- <1>
    24 0000485A 001CD001C0012C001D- <1>
    24 00004863 8003E000B0810300F8- <1>
    24 0000486C 0B0000000000000000- <1>
    24 00004875 00000000000000      <1>
    25 0000487C 000000000000000000- <1>     db 0x00,0x00,0x00,0x00,0x00,0x00,0x00,0x00,0x00,0x00,0x00,0x00,0x00,0x00,0x00,0x00,0x00,0x80,0xFF,0x01,0x00,0x38,0xB4,0x00,0x80,0x03,0x0E,0x00,0x38,0xD0,0x00,0x80,0x03,0x0E,0x00,0x38,0x74,0x00,0x80,0xFF,0x01,0x00,0x38,0x00,0x00,0x80,0x03,0x00,0x00,0x38,0x00,0x00,0x80,0x03,0x00,0x00,0x00,0x00,0x00,0x00,0x00,0x00,0x00,0x00,0x00,0x00,0x00,0x00,0x00,0x00 ; P
    25 00004885 000000000000000080- <1>
    25 0000488E FF010038B40080030E- <1>
    25 00004897 0038D00080030E0038- <1>
    25 000048A0 740080FF0100380000- <1>
    25 000048A9 800300003800008003- <1>
    25 000048B2 000000000000000000- <1>
    25 000048BB 00000000000000      <1>
    26 000048C2 000000000000000000- <1>     db 0x00,0x00,0x00,0x00,0x00,0x00,0x00,0x00,0x00,0x00,0x00,0x00,0x00,0x00,0x00,0x00,0x00,0x00,0xF4,0x0B,0x00,0xA0,0x81,0x07,0x80,0x03,0xE0,0x00,0x2C,0x00,0x1D,0xD0,0x01,0xC0,0x01,0x1D,0x00,0x1C,0xD0,0x01,0xC0,0x01,0x2C,0x00,0x1D,0x80,0x03,0xE0,0x00,0xB0,0x81,0x03,0x00,0xF8,0x7F,0x00,0x00,0x00,0x2E,0x00,0x00,0x00,0x00,0x00,0x00,0x00,0x00,0x00,0x00,0x00 ; Q
    26 000048CB 000000000000000000- <1>
    26 000048D4 F40B00A081078003E0- <1>
    26 000048DD 002C001DD001C0011D- <1>
    26 000048E6 001CD001C0012C001D- <1>
    26 000048EF 8003E000B0810300F8- <1>
    26 000048F8 7F0000002E00000000- <1>
    26 00004901 00000000000000      <1>
    27 00004908 000000000000000000- <1>     db 0x00,0x00,0x00,0x00,0x00,0x00,0x00,0x00,0x00,0x00,0x00,0x00,0x00,0x00,0x00,0x00,0x00,0x80,0xFF,0x02,0x00,0x38,0xF0,0x00,0x80,0x03,0x1D,0x00,0x38,0xD0,0x00,0x80,0x43,0x0B,0x00,0xF8,0x1F,0x00,0x80,0xC3,0x02,0x00,0x38,0x74,0x00,0x80,0x03,0x0F,0x00,0x38,0xD0,0x02,0x80,0x03,0x3C,0x00,0x00,0x00,0x00,0x00,0x00,0x00,0x00,0x00,0x00,0x00,0x00,0x00,0x00,0x00 ; R
    27 00004911 000000000000000080- <1>
    27 0000491A FF020038F00080031D- <1>
    27 00004923 0038D00080430B00F8- <1>
    27 0000492C 1F0080C30200387400- <1>
    27 00004935 80030F0038D0028003- <1>
    27 0000493E 3C0000000000000000- <1>
    27 00004947 00000000000000      <1>
    28 0000494E 000000000000000000- <1>     db 0x00,0x00,0x00,0x00,0x00,0x00,0x00,0x00,0x00,0x00,0x00,0x00,0x00,0x00,0x00,0x00,0x00,0x00,0xFD,0x02,0x00,0x78,0x10,0x00,0xC0,0x01,0x00,0x00,0x2C,0x00,0x00,0x80,0x1B,0x00,0x00,0xD0,0x0B,0x00,0x00,0xE0,0x02,0x00,0x00,0x74,0x00,0x00,0x40,0x07,0x00,0x05,0x38,0x00,0x80,0xBF,0x00,0x00,0x00,0x00,0x00,0x00,0x00,0x00,0x00,0x00,0x00,0x00,0x00,0x00,0x00,0x00 ; S
    28 00004957 000000000000000000- <1>
    28 00004960 FD0200781000C00100- <1>
    28 00004969 002C0000801B0000D0- <1>
    28 00004972 0B0000E00200007400- <1>
    28 0000497B 0040070005380080BF- <1>
    28 00004984 000000000000000000- <1>
    28 0000498D 00000000000000      <1>
    29 00004994 000000000000000000- <1>     db 0x00,0x00,0x00,0x00,0x00,0x00,0x00,0x00,0x00,0x00,0x00,0x00,0x00,0x00,0x00,0x00,0x00,0xE0,0xFF,0x0F,0x00,0x80,0x03,0x00,0x00,0x38,0x00,0x00,0x80,0x03,0x00,0x00,0x38,0x00,0x00,0x80,0x03,0x00,0x00,0x38,0x00,0x00,0x80,0x03,0x00,0x00,0x38,0x00,0x00,0x80,0x03,0x00,0x00,0x38,0x00,0x00,0x00,0x00,0x00,0x00,0x00,0x00,0x00,0x00,0x00,0x00,0x00,0x00,0x00,0x00 ; T
    29 0000499D 0000000000000000E0- <1>
    29 000049A6 FF0F00800300003800- <1>
    29 000049AF 008003000038000080- <1>
    29 000049B8 030000380000800300- <1>
    29 000049C1 003800008003000038- <1>
    29 000049CA 000000000000000000- <1>
    29 000049D3 00000000000000      <1>
    30 000049DA 000000000000000000- <1>     db 0x00,0x00,0x00,0x00,0x00,0x00,0x00,0x00,0x00,0x00,0x00,0x00,0x00,0x00,0x00,0x00,0x00,0x80,0x03,0x74,0x00,0x38,0x40,0x07,0x80,0x03,0x74,0x00,0x38,0x40,0x07,0x80,0x03,0x74,0x00,0x38,0x40,0x07,0x80,0x03,0x74,0x00,0x38,0x40,0x07,0x40,0x03,0x38,0x00,0xB0,0xD0,0x01,0x00,0xF8,0x07,0x00,0x00,0x00,0x00,0x00,0x00,0x00,0x00,0x00,0x00,0x00,0x00,0x00,0x00,0x00 ; U
    30 000049E3 000000000000000080- <1>
    30 000049EC 037400384007800374- <1>
    30 000049F5 003840078003740038- <1>
    30 000049FE 400780037400384007- <1>
    30 00004A07 40033800B0D00100F8- <1>
    30 00004A10 070000000000000000- <1>
    30 00004A19 00000000000000      <1>
    31 00004A20 000000000000000000- <1>     db 0x00,0x00,0x00,0x00,0x00,0x00,0x00,0x00,0x00,0x00,0x00,0x00,0x00,0x00,0x00,0x00,0x00,0xE0,0x00,0x74,0x00,0x1D,0x80,0x03,0xC0,0x02,0x2C,0x00,0x38,0xD0,0x01,0x40,0x07,0x0E,0x00,0xB0,0xB0,0x00,0x00,0x4E,0x07,0x00,0xD0,0x39,0x00,0x00,0xEC,0x02,0x00,0x80,0x1F,0x00,0x00,0xF4,0x00,0x00,0x00,0x00,0x00,0x00,0x00,0x00,0x00,0x00,0x00,0x00,0x00,0x00,0x00,0x00 ; V
    31 00004A29 0000000000000000E0- <1>
    31 00004A32 0074001D8003C0022C- <1>
    31 00004A3B 0038D00140070E00B0- <1>
    31 00004A44 B000004E0700D03900- <1>
    31 00004A4D 00EC0200801F0000F4- <1>
    31 00004A56 000000000000000000- <1>
    31 00004A5F 00000000000000      <1>
    32 00004A66 000000000000000000- <1>     db 0x00,0x00,0x00,0x00,0x00,0x00,0x00,0x00,0x00,0x00,0x00,0x00,0x00,0x00,0x00,0x00,0x00,0xE0,0x01,0x1D,0xD0,0x1D,0xF0,0x02,0xCE,0x02,0x3F,0xB0,0x3C,0x74,0x43,0x87,0x83,0x72,0x34,0x74,0x1C,0x8B,0x03,0xCB,0xE1,0x2C,0xE0,0x0D,0xDD,0x01,0xAD,0xC0,0x0E,0xD0,0x07,0xFC,0x00,0x7C,0x80,0x0B,0x00,0x00,0x00,0x00,0x00,0x00,0x00,0x00,0x00,0x00,0x00,0x00,0x00,0x00 ; W
    32 00004A6F 0000000000000000E0- <1>
    32 00004A78 011DD01DF002CE023F- <1>
    32 00004A81 B03C74438783723474- <1>
    32 00004A8A 1C8B03CBE12CE00DDD- <1>
    32 00004A93 01ADC00ED007FC007C- <1>
    32 00004A9C 800B00000000000000- <1>
    32 00004AA5 00000000000000      <1>
    33 00004AAC 000000000000000000- <1>     db 0x00,0x00,0x00,0x00,0x00,0x00,0x00,0x00,0x00,0x00,0x00,0x00,0x00,0x00,0x00,0x00,0x00,0xD0,0x03,0x2C,0x00,0x78,0xE0,0x01,0x00,0x0F,0x0B,0x00,0xD0,0x39,0x00,0x00,0xFC,0x01,0x00,0x40,0x0F,0x00,0x00,0xEC,0x01,0x00,0xE0,0x38,0x00,0x40,0x4B,0x0B,0x00,0x3C,0xE0,0x01,0xD0,0x01,0x3C,0x00,0x00,0x00,0x00,0x00,0x00,0x00,0x00,0x00,0x00,0x00,0x00,0x00,0x00,0x00 ; X
    33 00004AB5 0000000000000000D0- <1>
    33 00004ABE 032C0078E001000F0B- <1>
    33 00004AC7 00D0390000FC010040- <1>
    33 00004AD0 0F0000EC0100E03800- <1>
    33 00004AD9 404B0B003CE001D001- <1>
    33 00004AE2 3C0000000000000000- <1>
    33 00004AEB 00000000000000      <1>
    34 00004AF2 000000000000000000- <1>     db 0x00,0x00,0x00,0x00,0x00,0x00,0x00,0x00,0x00,0x00,0x00,0x00,0x00,0x00,0x00,0x00,0x00,0xE0,0x01,0x1D,0x00,0x2D,0xF0,0x00,0x80,0x47,0x07,0x00,0xB4,0x3C,0x00,0x00,0xDE,0x01,0x00,0xD0,0x0F,0x00,0x00,0x78,0x00,0x00,0x40,0x07,0x00,0x00,0x74,0x00,0x00,0x40,0x07,0x00,0x00,0x74,0x00,0x00,0x00,0x00,0x00,0x00,0x00,0x00,0x00,0x00,0x00,0x00,0x00,0x00,0x00,0x00 ; Y
    34 00004AFB 0000000000000000E0- <1>
    34 00004B04 011D002DF000804707- <1>
    34 00004B0D 00B43C0000DE0100D0- <1>
    34 00004B16 0F0000780000400700- <1>
    34 00004B1F 007400004007000074- <1>
    34 00004B28 000000000000000000- <1>
    34 00004B31 00000000000000      <1>
    35 00004B38 000000000000000000- <1>     db 0x00,0x00,0x00,0x00,0x00,0x00,0x00,0x00,0x00,0x00,0x00,0x00,0x00,0x00,0x00,0x00,0x00,0xD0,0xFF,0x1F,0x00,0x00,0xF4,0x00,0x00,0xC0,0x07,0x00,0x00,0x2D,0x00,0x00,0xF0,0x00,0x00,0x80,0x07,0x00,0x00,0x2D,0x00,0x00,0xF0,0x01,0x00,0x40,0x0B,0x00,0x00,0x3C,0x00,0x00,0xE0,0xFF,0x1F,0x00,0x00,0x00,0x00,0x00,0x00,0x00,0x00,0x00,0x00,0x00,0x00,0x00,0x00,0x00 ; Z
    35 00004B41 0000000000000000D0- <1>
    35 00004B4A FF1F0000F40000C007- <1>
    35 00004B53 00002D0000F0000080- <1>
    35 00004B5C 0700002D0000F00100- <1>
    35 00004B65 400B00003C0000E0FF- <1>
    35 00004B6E 1F0000000000000000- <1>
    35 00004B77 00000000000000      <1>
    36 00004B7E 000000000000000000- <1>     db 0x00,0x00,0x00,0x00,0x00,0x00,0x00,0x00,0x00,0x00,0x00,0x00,0x00,0x00,0x00,0x00,0x00,0x00,0x00,0x00,0x00,0x00,0x00,0x00,0x00,0x00,0x00,0x00,0xE4,0x0B,0x00,0x40,0xD0,0x02,0x00,0x00,0x28,0x00,0x00,0xF9,0x03,0x00,0x6C,0x38,0x00,0xD0,0xC1,0x03,0x00,0x1D,0x3D,0x00,0x40,0x9F,0x03,0x00,0x00,0x00,0x00,0x00,0x00,0x00,0x00,0x00,0x00,0x00,0x00,0x00,0x00,0x00 ; a
    36 00004B87 000000000000000000- <1>
    36 00004B90 000000000000000000- <1>
    36 00004B99 00E40B0040D0020000- <1>
    36 00004BA2 280000F903006C3800- <1>
    36 00004BAB D0C103001D3D00409F- <1>
    36 00004BB4 030000000000000000- <1>
    36 00004BBD 00000000000000      <1>
    37 00004BC4 000000000000000000- <1>     db 0x00,0x00,0x00,0x00,0x00,0x00,0x00,0x00,0x00,0x00,0x00,0x00,0x00,0x00,0x00,0x00,0x00,0xC0,0x02,0x00,0x00,0x2C,0x00,0x00,0xC0,0x02,0x00,0x00,0x6C,0x2F,0x00,0xC0,0x0B,0x0F,0x00,0x3C,0xD0,0x01,0xC0,0x02,0x1D,0x00,0x2C,0xD0,0x01,0xC0,0x03,0x0D,0x00,0x7C,0xB4,0x00,0xC0,0xF6,0x02,0x00,0x00,0x00,0x00,0x00,0x00,0x00,0x00,0x00,0x00,0x00,0x00,0x00,0x00,0x00 ; b
    37 00004BCD 0000000000000000C0- <1>
    37 00004BD6 0200002C0000C00200- <1>
    37 00004BDF 006C2F00C00B0F003C- <1>
    37 00004BE8 D001C0021D002CD001- <1>
    37 00004BF1 C0030D007CB400C0F6- <1>
    37 00004BFA 020000000000000000- <1>
    37 00004C03 00000000000000      <1>
    38 00004C0A 000000000000000000- <1>     db 0x00,0x00,0x00,0x00,0x00,0x00,0x00,0x00,0x00,0x00,0x00,0x00,0x00,0x00,0x00,0x00,0x00,0x00,0x00,0x00,0x00,0x00,0x00,0x00,0x00,0x00,0x00,0x00,0xD0,0x1F,0x00,0x40,0x07,0x01,0x00,0x2C,0x00,0x00,0xD0,0x01,0x00,0x00,0x1D,0x00,0x00,0xC0,0x01,0x00,0x00,0x78,0x10,0x00,0x00,0xFD,0x01,0x00,0x00,0x00,0x00,0x00,0x00,0x00,0x00,0x00,0x00,0x00,0x00,0x00,0x00,0x00 ; c
    38 00004C13 000000000000000000- <1>
    38 00004C1C 000000000000000000- <1>
    38 00004C25 00D01F00400701002C- <1>
    38 00004C2E 0000D00100001D0000- <1>
    38 00004C37 C001000078100000FD- <1>
    38 00004C40 010000000000000000- <1>
    38 00004C49 00000000000000      <1>
    39 00004C50 000000000000000000- <1>     db 0x00,0x00,0x00,0x00,0x00,0x00,0x00,0x00,0x00,0x00,0x00,0x00,0x00,0x00,0x00,0x00,0x00,0x00,0x00,0x0E,0x00,0x00,0xE0,0x00,0x00,0x00,0x0E,0x00,0xE0,0xEB,0x00,0x80,0x47,0x0F,0x00,0x1C,0xE0,0x00,0xD0,0x01,0x0E,0x00,0x1D,0xE0,0x00,0xD0,0x01,0x0F,0x00,0x38,0xF4,0x00,0x00,0x7E,0x0E,0x00,0x00,0x00,0x00,0x00,0x00,0x00,0x00,0x00,0x00,0x00,0x00,0x00,0x00,0x00 ; d
    39 00004C59 000000000000000000- <1>
    39 00004C62 000E0000E00000000E- <1>
    39 00004C6B 00E0EB0080470F001C- <1>
    39 00004C74 E000D0010E001DE000- <1>
    39 00004C7D D0010F0038F400007E- <1>
    39 00004C86 0E0000000000000000- <1>
    39 00004C8F 00000000000000      <1>
    40 00004C96 000000000000000000- <1>     db 0x00,0x00,0x00,0x00,0x00,0x00,0x00,0x00,0x00,0x00,0x00,0x00,0x00,0x00,0x00,0x00,0x00,0x00,0x00,0x00,0x00,0x00,0x00,0x00,0x00,0x00,0x00,0x00,0xD0,0x1B,0x00,0x40,0x83,0x03,0x00,0x1C,0x74,0x00,0xD0,0xFF,0x07,0x00,0x1D,0x00,0x00,0xC0,0x01,0x00,0x00,0x78,0x20,0x00,0x00,0xFE,0x02,0x00,0x00,0x00,0x00,0x00,0x00,0x00,0x00,0x00,0x00,0x00,0x00,0x00,0x00,0x00 ; e
    40 00004C9F 000000000000000000- <1>
    40 00004CA8 000000000000000000- <1>
    40 00004CB1 00D01B00408303001C- <1>
    40 00004CBA 7400D0FF07001D0000- <1>
    40 00004CC3 C001000078200000FE- <1>
    40 00004CCC 020000000000000000- <1>
    40 00004CD5 00000000000000      <1>
    41 00004CDC 000000000000000000- <1>     db 0x00,0x00,0x00,0x00,0x00,0x00,0x00,0x00,0x00,0x00,0x00,0x00,0x00,0x00,0x00,0x00,0x00,0x00,0x7D,0x00,0x00,0x74,0x00,0x00,0x40,0x07,0x00,0x00,0xFE,0x03,0x00,0x40,0x07,0x00,0x00,0x74,0x00,0x00,0x40,0x07,0x00,0x00,0x74,0x00,0x00,0x40,0x07,0x00,0x00,0x74,0x00,0x00,0x40,0x07,0x00,0x00,0x00,0x00,0x00,0x00,0x00,0x00,0x00,0x00,0x00,0x00,0x00,0x00,0x00,0x00 ; f
    41 00004CE5 000000000000000000- <1>
    41 00004CEE 7D0000740000400700- <1>
    41 00004CF7 00FE03004007000074- <1>
    41 00004D00 000040070000740000- <1>
    41 00004D09 400700007400004007- <1>
    41 00004D12 000000000000000000- <1>
    41 00004D1B 00000000000000      <1>
    42 00004D22 000000000000000000- <1>     db 0x00,0x00,0x00,0x00,0x00,0x00,0x00,0x00,0x00,0x00,0x00,0x00,0x00,0x00,0x00,0x00,0x00,0x00,0x00,0x00,0x00,0x00,0x00,0x00,0x00,0x00,0x00,0x00,0xE0,0xEB,0x00,0x80,0x47,0x0F,0x00,0x1C,0xE0,0x00,0xD0,0x01,0x0E,0x00,0x1D,0xE0,0x00,0xD0,0x01,0x0F,0x00,0x38,0xF8,0x00,0x00,0x7E,0x0E,0x00,0x00,0xB0,0x00,0x40,0x81,0x07,0x00,0xF4,0x1B,0x00,0x00,0x00,0x00,0x00 ; g
    42 00004D2B 000000000000000000- <1>
    42 00004D34 000000000000000000- <1>
    42 00004D3D 00E0EB0080470F001C- <1>
    42 00004D46 E000D0010E001DE000- <1>
    42 00004D4F D0010F0038F800007E- <1>
    42 00004D58 0E0000B00040810700- <1>
    42 00004D61 F41B0000000000      <1>
    43 00004D68 000000000000000000- <1>     db 0x00,0x00,0x00,0x00,0x00,0x00,0x00,0x00,0x00,0x00,0x00,0x00,0x00,0x00,0x00,0x00,0x00,0xC0,0x02,0x00,0x00,0x2C,0x00,0x00,0xC0,0x02,0x00,0x00,0x6C,0x2F,0x00,0xC0,0x4B,0x07,0x00,0x3C,0xB0,0x00,0xC0,0x02,0x0B,0x00,0x2C,0xB0,0x00,0xC0,0x02,0x0B,0x00,0x2C,0xB0,0x00,0xC0,0x02,0x0B,0x00,0x00,0x00,0x00,0x00,0x00,0x00,0x00,0x00,0x00,0x00,0x00,0x00,0x00,0x00 ; h
    43 00004D71 0000000000000000C0- <1>
    43 00004D7A 0200002C0000C00200- <1>
    43 00004D83 006C2F00C04B07003C- <1>
    43 00004D8C B000C0020B002CB000- <1>
    43 00004D95 C0020B002CB000C002- <1>
    43 00004D9E 0B0000000000000000- <1>
    43 00004DA7 00000000000000      <1>
    44 00004DAE 000000000000000000- <1>     db 0x00,0x00,0x00,0x00,0x00,0x00,0x00,0x00,0x00,0x00,0x00,0x00,0x00,0x00,0x00,0x00,0x00,0x80,0x02,0x00,0x00,0x28,0x00,0x00,0x00,0x00,0x00,0x00,0x2C,0x00,0x00,0xC0,0x02,0x00,0x00,0x2C,0x00,0x00,0xC0,0x02,0x00,0x00,0x2C,0x00,0x00,0xC0,0x02,0x00,0x00,0x2C,0x00,0x00,0xC0,0x02,0x00,0x00,0x00,0x00,0x00,0x00,0x00,0x00,0x00,0x00,0x00,0x00,0x00,0x00,0x00,0x00 ; i
    44 00004DB7 000000000000000080- <1>
    44 00004DC0 020000280000000000- <1>
    44 00004DC9 002C0000C00200002C- <1>
    44 00004DD2 0000C00200002C0000- <1>
    44 00004DDB C00200002C0000C002- <1>
    44 00004DE4 000000000000000000- <1>
    44 00004DED 00000000000000      <1>
    45 00004DF4 000000000000000000- <1>     db 0x00,0x00,0x00,0x00,0x00,0x00,0x00,0x00,0x00,0x00,0x00,0x00,0x00,0x00,0x28,0x00,0x00,0x80,0x02,0x00,0x00,0x00,0x00,0x00,0x00,0x00,0x00,0x00,0x2C,0x00,0x00,0xC0,0x02,0x00,0x00,0x2C,0x00,0x00,0xC0,0x02,0x00,0x00,0x2C,0x00,0x00,0xC0,0x02,0x00,0x00,0x2C,0x00,0x00,0xC0,0x02,0x00,0x00,0x2C,0x00,0x00,0xD0,0x01,0x00,0x00,0x07,0x00,0x00,0x00,0x00,0x00,0x00 ; j
    45 00004DFD 000000000028000080- <1>
    45 00004E06 020000000000000000- <1>
    45 00004E0F 002C0000C00200002C- <1>
    45 00004E18 0000C00200002C0000- <1>
    45 00004E21 C00200002C0000C002- <1>
    45 00004E2A 00002C0000D0010000- <1>
    45 00004E33 07000000000000      <1>
    46 00004E3A 000000000000000000- <1>     db 0x00,0x00,0x00,0x00,0x00,0x00,0x00,0x00,0x00,0x00,0x00,0x00,0x00,0x00,0x00,0x00,0x00,0xC0,0x02,0x00,0x00,0x2C,0x00,0x00,0xC0,0x02,0x00,0x00,0x2C,0x78,0x00,0xC0,0xD2,0x01,0x00,0x6C,0x0B,0x00,0xC0,0x2F,0x00,0x00,0xAC,0x03,0x00,0xC0,0xB2,0x00,0x00,0x2C,0x2D,0x00,0xC0,0x82,0x07,0x00,0x00,0x00,0x00,0x00,0x00,0x00,0x00,0x00,0x00,0x00,0x00,0x00,0x00,0x00 ; k
    46 00004E43 0000000000000000C0- <1>
    46 00004E4C 0200002C0000C00200- <1>
    46 00004E55 002C7800C0D201006C- <1>
    46 00004E5E 0B00C02F0000AC0300- <1>
    46 00004E67 C0B200002C2D00C082- <1>
    46 00004E70 070000000000000000- <1>
    46 00004E79 00000000000000      <1>
    47 00004E80 000000000000000000- <1>     db 0x00,0x00,0x00,0x00,0x00,0x00,0x00,0x00,0x00,0x00,0x00,0x00,0x00,0x00,0x00,0x00,0x00,0xC0,0x02,0x00,0x00,0x2C,0x00,0x00,0xC0,0x02,0x00,0x00,0x2C,0x00,0x00,0xC0,0x02,0x00,0x00,0x2C,0x00,0x00,0xC0,0x02,0x00,0x00,0x2C,0x00,0x00,0xC0,0x02,0x00,0x00,0x2C,0x00,0x00,0xC0,0x02,0x00,0x00,0x00,0x00,0x00,0x00,0x00,0x00,0x00,0x00,0x00,0x00,0x00,0x00,0x00,0x00 ; l
    47 00004E89 0000000000000000C0- <1>
    47 00004E92 0200002C0000C00200- <1>
    47 00004E9B 002C0000C00200002C- <1>
    47 00004EA4 0000C00200002C0000- <1>
    47 00004EAD C00200002C0000C002- <1>
    47 00004EB6 000000000000000000- <1>
    47 00004EBF 00000000000000      <1>
    48 00004EC6 000000000000000000- <1>     db 0x00,0x00,0x00,0x00,0x00,0x00,0x00,0x00,0x00,0x00,0x00,0x00,0x00,0x00,0x00,0x00,0x00,0x00,0x00,0x00,0x00,0x00,0x00,0x00,0x00,0x00,0x00,0x00,0x6C,0x2F,0x7E,0xC0,0x87,0x1F,0x0E,0x3C,0xB4,0xD0,0xC1,0x42,0x07,0x1D,0x2C,0x74,0xD0,0xC1,0x42,0x07,0x1D,0x2C,0x74,0xD0,0xC1,0x42,0x07,0x1D,0x00,0x00,0x00,0x00,0x00,0x00,0x00,0x00,0x00,0x00,0x00,0x00,0x00,0x00 ; m
    48 00004ECF 000000000000000000- <1>
    48 00004ED8 000000000000000000- <1>
    48 00004EE1 006C2F7EC0871F0E3C- <1>
    48 00004EEA B4D0C142071D2C74D0- <1>
    48 00004EF3 C142071D2C74D0C142- <1>
    48 00004EFC 071D00000000000000- <1>
    48 00004F05 00000000000000      <1>
    49 00004F0C 000000000000000000- <1>     db 0x00,0x00,0x00,0x00,0x00,0x00,0x00,0x00,0x00,0x00,0x00,0x00,0x00,0x00,0x00,0x00,0x00,0x00,0x00,0x00,0x00,0x00,0x00,0x00,0x00,0x00,0x00,0x00,0x6C,0x2F,0x00,0xC0,0x47,0x07,0x00,0x3C,0xB0,0x00,0xC0,0x02,0x0B,0x00,0x2C,0xB0,0x00,0xC0,0x02,0x0B,0x00,0x2C,0xB0,0x00,0xC0,0x02,0x0B,0x00,0x00,0x00,0x00,0x00,0x00,0x00,0x00,0x00,0x00,0x00,0x00,0x00,0x00,0x00 ; n
    49 00004F15 000000000000000000- <1>
    49 00004F1E 000000000000000000- <1>
    49 00004F27 006C2F00C04707003C- <1>
    49 00004F30 B000C0020B002CB000- <1>
    49 00004F39 C0020B002CB000C002- <1>
    49 00004F42 0B0000000000000000- <1>
    49 00004F4B 00000000000000      <1>
    50 00004F52 000000000000000000- <1>     db 0x00,0x00,0x00,0x00,0x00,0x00,0x00,0x00,0x00,0x00,0x00,0x00,0x00,0x00,0x00,0x00,0x00,0x00,0x00,0x00,0x00,0x00,0x00,0x00,0x00,0x00,0x00,0x00,0xD0,0x1F,0x00,0x80,0x47,0x07,0x00,0x1C,0xE0,0x00,0xD0,0x01,0x1D,0x00,0x1D,0xD0,0x01,0xC0,0x01,0x0E,0x00,0x78,0x74,0x00,0x00,0xFD,0x01,0x00,0x00,0x00,0x00,0x00,0x00,0x00,0x00,0x00,0x00,0x00,0x00,0x00,0x00,0x00 ; o
    50 00004F5B 000000000000000000- <1>
    50 00004F64 000000000000000000- <1>
    50 00004F6D 00D01F00804707001C- <1>
    50 00004F76 E000D0011D001DD001- <1>
    50 00004F7F C0010E0078740000FD- <1>
    50 00004F88 010000000000000000- <1>
    50 00004F91 00000000000000      <1>
    51 00004F98 000000000000000000- <1>     db 0x00,0x00,0x00,0x00,0x00,0x00,0x00,0x00,0x00,0x00,0x00,0x00,0x00,0x00,0x00,0x00,0x00,0x00,0x00,0x00,0x00,0x00,0x00,0x00,0x00,0x00,0x00,0x00,0x6C,0x2F,0x00,0xC0,0x0B,0x0F,0x00,0x3C,0xD0,0x01,0xC0,0x02,0x1D,0x00,0x2C,0xD0,0x01,0xC0,0x03,0x0D,0x00,0x7C,0xB4,0x00,0xC0,0xF6,0x02,0x00,0x2C,0x00,0x00,0xC0,0x02,0x00,0x00,0x2C,0x00,0x00,0x00,0x00,0x00,0x00 ; p
    51 00004FA1 000000000000000000- <1>
    51 00004FAA 000000000000000000- <1>
    51 00004FB3 006C2F00C00B0F003C- <1>
    51 00004FBC D001C0021D002CD001- <1>
    51 00004FC5 C0030D007CB400C0F6- <1>
    51 00004FCE 02002C0000C0020000- <1>
    51 00004FD7 2C000000000000      <1>
    52 00004FDE 000000000000000000- <1>     db 0x00,0x00,0x00,0x00,0x00,0x00,0x00,0x00,0x00,0x00,0x00,0x00,0x00,0x00,0x00,0x00,0x00,0x00,0x00,0x00,0x00,0x00,0x00,0x00,0x00,0x00,0x00,0x00,0xE0,0xEB,0x00,0x80,0x47,0x0F,0x00,0x1C,0xE0,0x00,0xD0,0x01,0x0E,0x00,0x1D,0xE0,0x00,0xD0,0x01,0x0F,0x00,0x38,0xF4,0x00,0x00,0x7E,0x0E,0x00,0x00,0xE0,0x00,0x00,0x00,0x0E,0x00,0x00,0xE0,0x00,0x00,0x00,0x00,0x00 ; q
    52 00004FE7 000000000000000000- <1>
    52 00004FF0 000000000000000000- <1>
    52 00004FF9 00E0EB0080470F001C- <1>
    52 00005002 E000D0010E001DE000- <1>
    52 0000500B D0010F0038F400007E- <1>
    52 00005014 0E0000E00000000E00- <1>
    52 0000501D 00E00000000000      <1>
    53 00005024 000000000000000000- <1>     db 0x00,0x00,0x00,0x00,0x00,0x00,0x00,0x00,0x00,0x00,0x00,0x00,0x00,0x00,0x00,0x00,0x00,0x00,0x00,0x00,0x00,0x00,0x00,0x00,0x00,0x00,0x00,0x00,0x6C,0x07,0x00,0xC0,0x0B,0x00,0x00,0x3C,0x00,0x00,0xC0,0x02,0x00,0x00,0x2C,0x00,0x00,0xC0,0x02,0x00,0x00,0x2C,0x00,0x00,0xC0,0x02,0x00,0x00,0x00,0x00,0x00,0x00,0x00,0x00,0x00,0x00,0x00,0x00,0x00,0x00,0x00,0x00 ; r
    53 0000502D 000000000000000000- <1>
    53 00005036 000000000000000000- <1>
    53 0000503F 006C0700C00B00003C- <1>
    53 00005048 0000C00200002C0000- <1>
    53 00005051 C00200002C0000C002- <1>
    53 0000505A 000000000000000000- <1>
    53 00005063 00000000000000      <1>
    54 0000506A 000000000000000000- <1>     db 0x00,0x00,0x00,0x00,0x00,0x00,0x00,0x00,0x00,0x00,0x00,0x00,0x00,0x00,0x00,0x00,0x00,0x00,0x00,0x00,0x00,0x00,0x00,0x00,0x00,0x00,0x00,0x00,0xE4,0x07,0x00,0xC0,0x42,0x00,0x00,0x1D,0x00,0x00,0xC0,0x1B,0x00,0x00,0xD0,0x07,0x00,0x00,0xE0,0x00,0x00,0x05,0x0F,0x00,0xD0,0x2F,0x00,0x00,0x00,0x00,0x00,0x00,0x00,0x00,0x00,0x00,0x00,0x00,0x00,0x00,0x00,0x00 ; s
    54 00005073 000000000000000000- <1>
    54 0000507C 000000000000000000- <1>
    54 00005085 00E40700C04200001D- <1>
    54 0000508E 0000C01B0000D00700- <1>
    54 00005097 00E00000050F00D02F- <1>
    54 000050A0 000000000000000000- <1>
    54 000050A9 00000000000000      <1>
    55 000050B0 000000000000000000- <1>     db 0x00,0x00,0x00,0x00,0x00,0x00,0x00,0x00,0x00,0x00,0x00,0x00,0x00,0x00,0x00,0x00,0x00,0x00,0x00,0x00,0x00,0x64,0x00,0x00,0x40,0x07,0x00,0x00,0xFE,0x03,0x00,0x40,0x07,0x00,0x00,0x74,0x00,0x00,0x40,0x07,0x00,0x00,0x74,0x00,0x00,0x40,0x07,0x00,0x00,0x74,0x00,0x00,0x00,0x3E,0x00,0x00,0x00,0x00,0x00,0x00,0x00,0x00,0x00,0x00,0x00,0x00,0x00,0x00,0x00,0x00 ; t
    55 000050B9 000000000000000000- <1>
    55 000050C2 000000640000400700- <1>
    55 000050CB 00FE03004007000074- <1>
    55 000050D4 000040070000740000- <1>
    55 000050DD 40070000740000003E- <1>
    55 000050E6 000000000000000000- <1>
    55 000050EF 00000000000000      <1>
    56 000050F6 000000000000000000- <1>     db 0x00,0x00,0x00,0x00,0x00,0x00,0x00,0x00,0x00,0x00,0x00,0x00,0x00,0x00,0x00,0x00,0x00,0x00,0x00,0x00,0x00,0x00,0x00,0x00,0x00,0x00,0x00,0x00,0x2C,0xB0,0x00,0xC0,0x02,0x0B,0x00,0x2C,0xB0,0x00,0xC0,0x02,0x0B,0x00,0x2C,0xB0,0x00,0xC0,0x02,0x0B,0x00,0x38,0xB8,0x00,0x00,0x7E,0x0B,0x00,0x00,0x00,0x00,0x00,0x00,0x00,0x00,0x00,0x00,0x00,0x00,0x00,0x00,0x00 ; u
    56 000050FF 000000000000000000- <1>
    56 00005108 000000000000000000- <1>
    56 00005111 002CB000C0020B002C- <1>
    56 0000511A B000C0020B002CB000- <1>
    56 00005123 C0020B0038B800007E- <1>
    56 0000512C 0B0000000000000000- <1>
    56 00005135 00000000000000      <1>
    57 0000513C 000000000000000000- <1>     db 0x00,0x00,0x00,0x00,0x00,0x00,0x00,0x00,0x00,0x00,0x00,0x00,0x00,0x00,0x00,0x00,0x00,0x00,0x00,0x00,0x00,0x00,0x00,0x00,0x00,0x00,0x00,0x00,0x0E,0x74,0x00,0xD0,0x81,0x03,0x00,0x2C,0x2C,0x00,0x80,0xD3,0x01,0x00,0x74,0x0E,0x00,0x00,0x77,0x00,0x00,0xE0,0x03,0x00,0x00,0x3D,0x00,0x00,0x00,0x00,0x00,0x00,0x00,0x00,0x00,0x00,0x00,0x00,0x00,0x00,0x00,0x00 ; v
    57 00005145 000000000000000000- <1>
    57 0000514E 000000000000000000- <1>
    57 00005157 000E7400D08103002C- <1>
    57 00005160 2C0080D30100740E00- <1>
    57 00005169 00770000E00300003D- <1>
    57 00005172 000000000000000000- <1>
    57 0000517B 00000000000000      <1>
    58 00005182 000000000000000000- <1>     db 0x00,0x00,0x00,0x00,0x00,0x00,0x00,0x00,0x00,0x00,0x00,0x00,0x00,0x00,0x00,0x00,0x00,0x00,0x00,0x00,0x00,0x00,0x00,0x00,0x00,0x00,0x00,0x00,0x0E,0x2C,0x34,0xD0,0xD1,0x83,0x02,0x1C,0x7A,0x1C,0xC0,0x72,0xC7,0x01,0x38,0xA3,0x0D,0x40,0x27,0xAD,0x00,0xF0,0xC1,0x07,0x00,0x1E,0x3C,0x00,0x00,0x00,0x00,0x00,0x00,0x00,0x00,0x00,0x00,0x00,0x00,0x00,0x00,0x00 ; w
    58 0000518B 000000000000000000- <1>
    58 00005194 000000000000000000- <1>
    58 0000519D 000E2C34D0D183021C- <1>
    58 000051A6 7A1CC072C70138A30D- <1>
    58 000051AF 4027AD00F0C107001E- <1>
    58 000051B8 3C0000000000000000- <1>
    58 000051C1 00000000000000      <1>
    59 000051C8 000000000000000000- <1>     db 0x00,0x00,0x00,0x00,0x00,0x00,0x00,0x00,0x00,0x00,0x00,0x00,0x00,0x00,0x00,0x00,0x00,0x00,0x00,0x00,0x00,0x00,0x00,0x00,0x00,0x00,0x00,0x00,0x1D,0x38,0x00,0xC0,0xD3,0x01,0x00,0x74,0x0A,0x00,0x00,0x3E,0x00,0x00,0xD0,0x03,0x00,0x40,0xB7,0x00,0x00,0x3C,0x1D,0x00,0xD0,0xC1,0x03,0x00,0x00,0x00,0x00,0x00,0x00,0x00,0x00,0x00,0x00,0x00,0x00,0x00,0x00,0x00 ; x
    59 000051D1 000000000000000000- <1>
    59 000051DA 000000000000000000- <1>
    59 000051E3 001D3800C0D3010074- <1>
    59 000051EC 0A00003E0000D00300- <1>
    59 000051F5 40B700003C1D00D0C1- <1>
    59 000051FE 030000000000000000- <1>
    59 00005207 00000000000000      <1>
    60 0000520E 000000000000000000- <1>     db 0x00,0x00,0x00,0x00,0x00,0x00,0x00,0x00,0x00,0x00,0x00,0x00,0x00,0x00,0x00,0x00,0x00,0x00,0x00,0x00,0x00,0x00,0x00,0x00,0x00,0x00,0x00,0x00,0x0E,0x74,0x00,0xD0,0x41,0x03,0x00,0x2C,0x2C,0x00,0x80,0xC3,0x01,0x00,0x74,0x0D,0x00,0x00,0xAB,0x00,0x00,0xD0,0x03,0x00,0x00,0x3C,0x00,0x00,0xC0,0x01,0x00,0x00,0x0E,0x00,0x00,0x2E,0x00,0x00,0x00,0x00,0x00,0x00 ; y
    60 00005217 000000000000000000- <1>
    60 00005220 000000000000000000- <1>
    60 00005229 000E7400D04103002C- <1>
    60 00005232 2C0080C30100740D00- <1>
    60 0000523B 00AB0000D00300003C- <1>
    60 00005244 0000C00100000E0000- <1>
    60 0000524D 2E000000000000      <1>
    61 00005254 000000000000000000- <1>     db 0x00,0x00,0x00,0x00,0x00,0x00,0x00,0x00,0x00,0x00,0x00,0x00,0x00,0x00,0x00,0x00,0x00,0x00,0x00,0x00,0x00,0x00,0x00,0x00,0x00,0x00,0x00,0x00,0xFD,0x2F,0x00,0x00,0xF0,0x00,0x00,0x40,0x07,0x00,0x00,0x2C,0x00,0x00,0xE0,0x01,0x00,0x40,0x07,0x00,0x00,0x3C,0x00,0x00,0xE0,0xFF,0x02,0x00,0x00,0x00,0x00,0x00,0x00,0x00,0x00,0x00,0x00,0x00,0x00,0x00,0x00,0x00 ; z
    61 0000525D 000000000000000000- <1>
    61 00005266 000000000000000000- <1>
    61 0000526F 00FD2F0000F0000040- <1>
    61 00005278 0700002C0000E00100- <1>
    61 00005281 400700003C0000E0FF- <1>
    61 0000528A 020000000000000000- <1>
    61 00005293 00000000000000      <1>
    62 0000529A 000000000000000000- <1>     db 0x00,0x00,0x00,0x00,0x00,0x00,0x00,0x00,0x00,0x00,0x00,0x00,0x00,0x00,0x00,0x00,0x00,0x00,0xBD,0x00,0x00,0x34,0x38,0x00,0xC0,0x42,0x07,0x00,0x1D,0xB0,0x00,0xD0,0x01,0x0B,0x00,0x1D,0xB0,0x00,0xD0,0x01,0x0B,0x00,0x1D,0x70,0x00,0xC0,0x41,0x07,0x00,0x34,0x28,0x00,0x00,0xBD,0x00,0x00,0x00,0x00,0x00,0x00,0x00,0x00,0x00,0x00,0x00,0x00,0x00,0x00,0x00,0x00 ; 0
    62 000052A3 000000000000000000- <1>
    62 000052AC BD0000343800C04207- <1>
    62 000052B5 001DB000D0010B001D- <1>
    62 000052BE B000D0010B001D7000- <1>
    62 000052C7 C041070034280000BD- <1>
    62 000052D0 000000000000000000- <1>
    62 000052D9 00000000000000      <1>
    63 000052E0 000000000000000000- <1>     db 0x00,0x00,0x00,0x00,0x00,0x00,0x00,0x00,0x00,0x00,0x00,0x00,0x00,0x00,0x00,0x00,0x00,0x00,0x18,0x00,0x00,0xF4,0x01,0x00,0x90,0x1D,0x00,0x00,0xD0,0x01,0x00,0x00,0x1D,0x00,0x00,0xD0,0x01,0x00,0x00,0x1D,0x00,0x00,0xD0,0x01,0x00,0x00,0x1D,0x00,0x00,0xD0,0x01,0x00,0x00,0x1D,0x00,0x00,0x00,0x00,0x00,0x00,0x00,0x00,0x00,0x00,0x00,0x00,0x00,0x00,0x00,0x00 ; 1
    63 000052E9 000000000000000000- <1>
    63 000052F2 180000F40100901D00- <1>
    63 000052FB 00D00100001D0000D0- <1>
    63 00005304 0100001D0000D00100- <1>
    63 0000530D 001D0000D00100001D- <1>
    63 00005316 000000000000000000- <1>
    63 0000531F 00000000000000      <1>
    64 00005326 000000000000000000- <1>     db 0x00,0x00,0x00,0x00,0x00,0x00,0x00,0x00,0x00,0x00,0x00,0x00,0x00,0x00,0x00,0x00,0x00,0x40,0xBE,0x00,0x00,0x1C,0x2D,0x00,0x40,0x80,0x03,0x00,0x00,0x34,0x00,0x00,0xC0,0x03,0x00,0x00,0x1E,0x00,0x00,0xB8,0x00,0x00,0xE0,0x02,0x00,0x40,0x07,0x00,0x00,0x2C,0x00,0x00,0xD0,0xFF,0x07,0x00,0x00,0x00,0x00,0x00,0x00,0x00,0x00,0x00,0x00,0x00,0x00,0x00,0x00,0x00 ; 2
    64 0000532F 000000000000000040- <1>
    64 00005338 BE00001C2D00408003- <1>
    64 00005341 0000340000C0030000- <1>
    64 0000534A 1E0000B80000E00200- <1>
    64 00005353 400700002C0000D0FF- <1>
    64 0000535C 070000000000000000- <1>
    64 00005365 00000000000000      <1>
    65 0000536C 000000000000000000- <1>     db 0x00,0x00,0x00,0x00,0x00,0x00,0x00,0x00,0x00,0x00,0x00,0x00,0x00,0x00,0x00,0x00,0x00,0x40,0xBE,0x00,0x00,0x18,0x2D,0x00,0x00,0x80,0x02,0x00,0x00,0x2C,0x00,0x00,0xD0,0x01,0x00,0xF0,0x07,0x00,0x00,0xD0,0x02,0x00,0x00,0x34,0x00,0x00,0x40,0x03,0x00,0x08,0x2D,0x00,0x80,0x7F,0x00,0x00,0x00,0x00,0x00,0x00,0x00,0x00,0x00,0x00,0x00,0x00,0x00,0x00,0x00,0x00 ; 3
    65 00005375 000000000000000040- <1>
    65 0000537E BE0000182D00008002- <1>
    65 00005387 00002C0000D00100F0- <1>
    65 00005390 070000D00200003400- <1>
    65 00005399 00400300082D00807F- <1>
    65 000053A2 000000000000000000- <1>
    65 000053AB 00000000000000      <1>
    66 000053B2 000000000000000000- <1>     db 0x00,0x00,0x00,0x00,0x00,0x00,0x00,0x00,0x00,0x00,0x00,0x00,0x00,0x00,0x00,0x00,0x00,0x00,0xC0,0x02,0x00,0x00,0x2E,0x00,0x00,0xF4,0x02,0x00,0xC0,0x2D,0x00,0x00,0xCE,0x02,0x00,0x34,0x2C,0x00,0xC0,0xC1,0x02,0x00,0xFE,0xFF,0x01,0x00,0xC0,0x02,0x00,0x00,0x2C,0x00,0x00,0xC0,0x02,0x00,0x00,0x00,0x00,0x00,0x00,0x00,0x00,0x00,0x00,0x00,0x00,0x00,0x00,0x00 ; 4
    66 000053BB 000000000000000000- <1>
    66 000053C4 C00200002E0000F402- <1>
    66 000053CD 00C02D0000CE020034- <1>
    66 000053D6 2C00C0C10200FEFF01- <1>
    66 000053DF 00C00200002C0000C0- <1>
    66 000053E8 020000000000000000- <1>
    66 000053F1 00000000000000      <1>
    67 000053F8 000000000000000000- <1>     db 0x00,0x00,0x00,0x00,0x00,0x00,0x00,0x00,0x00,0x00,0x00,0x00,0x00,0x00,0x00,0x00,0x00,0x40,0xFF,0x02,0x00,0x34,0x00,0x00,0x40,0x03,0x00,0x00,0x34,0x00,0x00,0x80,0xBF,0x00,0x00,0x00,0x2D,0x00,0x00,0x40,0x07,0x00,0x00,0x74,0x00,0x00,0x40,0x03,0x00,0x08,0x2D,0x00,0x80,0x7F,0x00,0x00,0x00,0x00,0x00,0x00,0x00,0x00,0x00,0x00,0x00,0x00,0x00,0x00,0x00,0x00 ; 5
    67 00005401 000000000000000040- <1>
    67 0000540A FF0200340000400300- <1>
    67 00005413 0034000080BF000000- <1>
    67 0000541C 2D0000400700007400- <1>
    67 00005425 00400300082D00807F- <1>
    67 0000542E 000000000000000000- <1>
    67 00005437 00000000000000      <1>
    68 0000543E 000000000000000000- <1>     db 0x00,0x00,0x00,0x00,0x00,0x00,0x00,0x00,0x00,0x00,0x00,0x00,0x00,0x00,0x00,0x00,0x00,0x00,0xF8,0x03,0x00,0xA0,0x10,0x00,0x40,0x03,0x00,0x00,0x2C,0x00,0x00,0xC0,0xF9,0x01,0x00,0x7D,0x74,0x00,0xD0,0x01,0x0B,0x00,0x1C,0xB0,0x00,0xC0,0x02,0x0B,0x00,0x74,0x78,0x00,0x00,0xBD,0x01,0x00,0x00,0x00,0x00,0x00,0x00,0x00,0x00,0x00,0x00,0x00,0x00,0x00,0x00,0x00 ; 6
    68 00005447 000000000000000000- <1>
    68 00005450 F80300A01000400300- <1>
    68 00005459 002C0000C0F901007D- <1>
    68 00005462 7400D0010B001CB000- <1>
    68 0000546B C0020B0074780000BD- <1>
    68 00005474 010000000000000000- <1>
    68 0000547D 00000000000000      <1>
    69 00005484 000000000000000000- <1>     db 0x00,0x00,0x00,0x00,0x00,0x00,0x00,0x00,0x00,0x00,0x00,0x00,0x00,0x00,0x00,0x00,0x00,0xD0,0xFF,0x07,0x00,0x00,0x38,0x00,0x00,0xD0,0x01,0x00,0x00,0x0E,0x00,0x00,0xB0,0x00,0x00,0x40,0x07,0x00,0x00,0x38,0x00,0x00,0xC0,0x02,0x00,0x00,0x1D,0x00,0x00,0xE0,0x00,0x00,0x00,0x0F,0x00,0x00,0x00,0x00,0x00,0x00,0x00,0x00,0x00,0x00,0x00,0x00,0x00,0x00,0x00,0x00 ; 7
    69 0000548D 0000000000000000D0- <1>
    69 00005496 FF070000380000D001- <1>
    69 0000549F 00000E0000B0000040- <1>
    69 000054A8 070000380000C00200- <1>
    69 000054B1 001D0000E00000000F- <1>
    69 000054BA 000000000000000000- <1>
    69 000054C3 00000000000000      <1>
    70 000054CA 000000000000000000- <1>     db 0x00,0x00,0x00,0x00,0x00,0x00,0x00,0x00,0x00,0x00,0x00,0x00,0x00,0x00,0x00,0x00,0x00,0x00,0xBE,0x01,0x00,0x38,0x38,0x00,0xC0,0x42,0x07,0x00,0x34,0x38,0x00,0x00,0xFE,0x00,0x00,0x38,0x38,0x00,0xC0,0x01,0x07,0x00,0x1D,0xB0,0x00,0xC0,0x01,0x07,0x00,0x38,0x38,0x00,0x00,0xBE,0x01,0x00,0x00,0x00,0x00,0x00,0x00,0x00,0x00,0x00,0x00,0x00,0x00,0x00,0x00,0x00 ; 8
    70 000054D3 000000000000000000- <1>
    70 000054DC BE0100383800C04207- <1>
    70 000054E5 0034380000FE000038- <1>
    70 000054EE 3800C00107001DB000- <1>
    70 000054F7 C001070038380000BE- <1>
    70 00005500 010000000000000000- <1>
    70 00005509 00000000000000      <1>
    71 00005510 000000000000000000- <1>     db 0x00,0x00,0x00,0x00,0x00,0x00,0x00,0x00,0x00,0x00,0x00,0x00,0x00,0x00,0x00,0x00,0x00,0x00,0xBE,0x00,0x00,0x38,0x28,0x00,0xC0,0x41,0x07,0x00,0x1D,0x74,0x00,0xD0,0x41,0x07,0x00,0x3C,0x78,0x00,0x00,0x7E,0x07,0x00,0x00,0x74,0x00,0x00,0x40,0x03,0x00,0x04,0x1D,0x00,0x40,0x6F,0x00,0x00,0x00,0x00,0x00,0x00,0x00,0x00,0x00,0x00,0x00,0x00,0x00,0x00,0x00,0x00 ; 9
    71 00005519 000000000000000000- <1>
    71 00005522 BE0000382800C04107- <1>
    71 0000552B 001D7400D04107003C- <1>
    71 00005534 7800007E0700007400- <1>
    71 0000553D 00400300041D00406F- <1>
    71 00005546 000000000000000000- <1>
    71 0000554F 00000000000000      <1>
    72 00005556 000000000000000000- <1>     db 0x00,0x00,0x00,0x00,0x00,0x00,0x00,0x00,0x00,0x00,0x00,0x00,0x00,0x00,0x00,0x00,0x00,0x00,0x00,0x00,0x00,0x00,0x00,0x00,0x00,0x00,0x00,0x00,0x00,0x00,0x00,0x00,0x00,0x00,0x00,0x00,0x00,0x00,0xC0,0x3F,0x00,0x00,0x00,0x00,0x00,0x00,0x00,0x00,0x00,0x00,0x00,0x00,0x00,0x00,0x00,0x00,0x00,0x00,0x00,0x00,0x00,0x00,0x00,0x00,0x00,0x00,0x00,0x00,0x00,0x00 ; -
    72 0000555F 000000000000000000- <1>
    72 00005568 000000000000000000- <1>
    72 00005571 000000000000000000- <1>
    72 0000557A 0000C03F0000000000- <1>
    72 00005583 000000000000000000- <1>
    72 0000558C 000000000000000000- <1>
    72 00005595 00000000000000      <1>
    73 0000559C 000000000000000000- <1>     db 0x00,0x00,0x00,0x00,0x00,0x00,0x00,0x00,0x00,0x00,0x00,0x00,0x00,0x00,0x00,0x00,0x00,0x00,0x00,0x00,0x00,0x00,0x00,0x00,0x00,0x00,0x00,0x00,0x00,0x00,0x00,0x00,0x00,0x00,0x00,0x00,0x00,0x00,0x00,0x00,0x00,0x00,0x00,0x00,0x00,0x00,0x00,0x00,0x00,0x2C,0x00,0x00,0xC0,0x02,0x00,0x00,0x00,0x00,0x00,0x00,0x00,0x00,0x00,0x00,0x00,0x00,0x00,0x00,0x00,0x00 ; .
    73 000055A5 000000000000000000- <1>
    73 000055AE 000000000000000000- <1>
    73 000055B7 000000000000000000- <1>
    73 000055C0 000000000000000000- <1>
    73 000055C9 000000002C0000C002- <1>
    73 000055D2 000000000000000000- <1>
    73 000055DB 00000000000000      <1>
    74 000055E2 000000000000000000- <1>     db 0x00,0x00,0x00,0x00,0x00,0x00,0x00,0x00,0x00,0x00,0x00,0x00,0x00,0x00,0x00,0x00,0x00,0x00,0xD0,0x00,0x00,0x00,0x0A,0x00,0x00,0x70,0x00,0x00,0x40,0x03,0x00,0x00,0x2C,0x00,0x00,0xD0,0x00,0x00,0x00,0x0E,0x00,0x00,0x70,0x00,0x00,0x40,0x03,0x00,0x00,0x2C,0x00,0x00,0xD0,0x01,0x00,0x00,0x0E,0x00,0x00,0x70,0x00,0x00,0x00,0x00,0x00,0x00,0x00,0x00,0x00,0x00 ; /
    74 000055EB 000000000000000000- <1>
    74 000055F4 D00000000A00007000- <1>
    74 000055FD 00400300002C0000D0- <1>
    74 00005606 0000000E0000700000- <1>
    74 0000560F 400300002C0000D001- <1>
    74 00005618 00000E000070000000- <1>
    74 00005621 00000000000000      <1>
    75 00005628 000000000000000000- <1>     db 0x00,0x00,0x00,0x00,0x00,0x00,0x00,0x00,0x00,0x00,0x00,0x00,0x00,0x00,0x00,0x00,0x00,0x00,0x00,0x00,0x00,0x00,0x00,0x00,0x00,0x00,0x00,0x00,0x2C,0x00,0x00,0xC0,0x02,0x00,0x00,0x00,0x00,0x00,0x00,0x00,0x00,0x00,0x00,0x00,0x00,0x00,0x00,0x00,0x00,0x2C,0x00,0x00,0xC0,0x02,0x00,0x00,0x00,0x00,0x00,0x00,0x00,0x00,0x00,0x00,0x00,0x00,0x00,0x00,0x00,0x00 ; :
    75 00005631 000000000000000000- <1>
    75 0000563A 000000000000000000- <1>
    75 00005643 002C0000C002000000- <1>
    75 0000564C 000000000000000000- <1>
    75 00005655 000000002C0000C002- <1>
    75 0000565E 000000000000000000- <1>
    75 00005667 00000000000000      <1>
    76 0000566E 000000000000000000- <1>     db 0x00,0x00,0x00,0x00,0x00,0x00,0x00,0x00,0x00,0x00,0x00,0x00,0x00,0x00,0x00,0x00,0x00,0x80,0x02,0x00,0x00,0x28,0x00,0x00,0x80,0x02,0x00,0x00,0x28,0x00,0x00,0x80,0x02,0x00,0x00,0x28,0x00,0x00,0x80,0x02,0x00,0x00,0x28,0x00,0x00,0x80,0x02,0x00,0x00,0x28,0x00,0x00,0x80,0x02,0x00,0x00,0x28,0x00,0x00,0x80,0x02,0x00,0x00,0x28,0x00,0x00,0x00,0x00,0x00,0x00 ; |
    76 00005677 000000000000000080- <1>
    76 00005680 020000280000800200- <1>
    76 00005689 002800008002000028- <1>
    76 00005692 000080020000280000- <1>
    76 0000569B 800200002800008002- <1>
    76 000056A4 000028000080020000- <1>
    76 000056AD 28000000000000      <1>
    77 000056B4 000000000000000000- <1>     db 0x00,0x00,0x00,0x00,0x00,0x00,0x00,0x00,0x00,0x00,0x00,0x00,0x00,0x00,0x00,0x00,0x00,0x00,0x00,0x00,0x00,0x00,0x00,0x00,0x00,0x00,0x00,0x00,0x2C,0x00,0x00,0xC0,0x02,0x00,0x00,0x00,0x00,0x00,0x00,0x00,0x00,0x00,0x00,0x00,0x00,0x00,0x00,0x00,0x00,0x2C,0x00,0x00,0xC0,0x01,0x00,0x00,0x0D,0x00,0x00,0x90,0x00,0x00,0x00,0x00,0x00,0x00,0x00,0x00,0x00,0x00 ; ;
    77 000056BD 000000000000000000- <1>
    77 000056C6 000000000000000000- <1>
    77 000056CF 002C0000C002000000- <1>
    77 000056D8 000000000000000000- <1>
    77 000056E1 000000002C0000C001- <1>
    77 000056EA 00000D000090000000- <1>
    77 000056F3 00000000000000      <1>
    78 000056FA 000000000000000000- <1>     db 0x00,0x00,0x00,0x00,0x00,0x00,0x00,0x00,0x00,0x00,0x00,0x00,0x00,0x00,0x00,0x00,0x00,0x00,0x1C,0x00,0x00,0xE0,0x00,0x00,0x00,0x07,0x00,0x00,0x34,0x00,0x00,0x80,0x02,0x00,0x00,0x1C,0x00,0x00,0xC0,0x01,0x00,0x00,0x1C,0x00,0x00,0x80,0x02,0x00,0x00,0x34,0x00,0x00,0x00,0x07,0x00,0x00,0xE0,0x00,0x00,0x00,0x1C,0x00,0x00,0x00,0x00,0x00,0x00,0x00,0x00,0x00 ; (
    78 00005703 000000000000000000- <1>
    78 0000570C 1C0000E00000000700- <1>
    78 00005715 00340000800200001C- <1>
    78 0000571E 0000C00100001C0000- <1>
    78 00005727 800200003400000007- <1>
    78 00005730 0000E00000001C0000- <1>
    78 00005739 00000000000000      <1>
    79 00005740 000000000000000000- <1>     db 0x00,0x00,0x00,0x00,0x00,0x00,0x00,0x00,0x00,0x00,0x00,0x00,0x00,0x00,0x00,0x00,0x00,0xD0,0x00,0x00,0x00,0x28,0x00,0x00,0x40,0x03,0x00,0x00,0x70,0x00,0x00,0x00,0x0A,0x00,0x00,0xD0,0x00,0x00,0x00,0x0D,0x00,0x00,0xD0,0x00,0x00,0x00,0x0A,0x00,0x00,0x70,0x00,0x00,0x40,0x03,0x00,0x00,0x28,0x00,0x00,0xD0,0x00,0x00,0x00,0x00,0x00,0x00,0x00,0x00,0x00,0x00 ; )
    79 00005749 0000000000000000D0- <1>
    79 00005752 000000280000400300- <1>
    79 0000575B 00700000000A0000D0- <1>
    79 00005764 0000000D0000D00000- <1>
    79 0000576D 000A00007000004003- <1>
    79 00005776 0000280000D0000000- <1>
    79 0000577F 00000000000000      <1>
    80 00005786 000000000000000000- <1>     db 0x00,0x00,0x00,0x00,0x00,0x00,0x00,0x00,0x00,0x00,0x00,0x00,0x00,0x00,0x00,0x00,0x00,0x00,0xC7,0x01,0x00,0x70,0x1C,0x00,0x00,0x00,0x00,0x00,0xE4,0x0B,0x00,0x40,0xD0,0x02,0x00,0x00,0x28,0x00,0x00,0xF9,0x03,0x00,0x6C,0x38,0x00,0xD0,0xC1,0x03,0x00,0x1D,0x3D,0x00,0x40,0x9F,0x03,0x00,0x00,0x00,0x00,0x00,0x00,0x00,0x00,0x00,0x00,0x00,0x00,0x00,0x00,0x00 ; ä
    80 0000578F 000000000000000000- <1>
    80 00005798 C70100701C00000000- <1>
    80 000057A1 00E40B0040D0020000- <1>
    80 000057AA 280000F903006C3800- <1>
    80 000057B3 D0C103001D3D00409F- <1>
    80 000057BC 030000000000000000- <1>
    80 000057C5 00000000000000      <1>
    81 000057CC 000000000000000000- <1>     db 0x00,0x00,0x00,0x00,0x00,0x00,0x00,0x00,0x00,0x00,0x00,0x00,0x00,0x00,0x00,0x00,0x00,0x00,0x49,0x03,0x00,0x90,0x34,0x00,0x00,0x00,0x00,0x00,0xD0,0x1F,0x00,0x80,0x47,0x07,0x00,0x1C,0xE0,0x00,0xD0,0x01,0x1D,0x00,0x1D,0xD0,0x01,0xC0,0x01,0x0E,0x00,0x78,0x74,0x00,0x00,0xFD,0x01,0x00,0x00,0x00,0x00,0x00,0x00,0x00,0x00,0x00,0x00,0x00,0x00,0x00,0x00,0x00 ; ö
    81 000057D5 000000000000000000- <1>
    81 000057DE 490300903400000000- <1>
    81 000057E7 00D01F00804707001C- <1>
    81 000057F0 E000D0011D001DD001- <1>
    81 000057F9 C0010E0078740000FD- <1>
    81 00005802 010000000000000000- <1>
    81 0000580B 00000000000000      <1>
    82 00005812 000000000000000000- <1>     db 0x00,0x00,0x00,0x00,0x00,0x00,0x00,0x00,0x00,0x00,0x00,0x00,0x00,0x00,0x00,0x00,0x00,0x00,0x8A,0x02,0x00,0xA0,0x24,0x00,0x00,0x00,0x00,0x00,0x2C,0xB0,0x00,0xC0,0x02,0x0B,0x00,0x2C,0xB0,0x00,0xC0,0x02,0x0B,0x00,0x2C,0xB0,0x00,0xC0,0x02,0x0B,0x00,0x38,0xB8,0x00,0x00,0x7E,0x0B,0x00,0x00,0x00,0x00,0x00,0x00,0x00,0x00,0x00,0x00,0x00,0x00,0x00,0x00,0x00 ; ü
    82 0000581B 000000000000000000- <1>
    82 00005824 8A0200A02400000000- <1>
    82 0000582D 002CB000C0020B002C- <1>
    82 00005836 B000C0020B002CB000- <1>
    82 0000583F C0020B0038B800007E- <1>
    82 00005848 0B0000000000000000- <1>
    82 00005851 00000000000000      <1>
    83 00005858 00000000000000C071- <1>     db 0x00,0x00,0x00,0x00,0x00,0x00,0x00,0xC0,0x71,0x00,0x00,0x1C,0x07,0x00,0x00,0x00,0x00,0x00,0xF0,0x00,0x00,0x40,0x1F,0x00,0x00,0xAC,0x03,0x00,0xC0,0x75,0x00,0x00,0x0D,0x0B,0x00,0xF0,0xF0,0x00,0x40,0x07,0x1D,0x00,0xF8,0xFF,0x02,0xC0,0x02,0x38,0x00,0x1D,0x40,0x07,0xE0,0x00,0xB0,0x00,0x00,0x00,0x00,0x00,0x00,0x00,0x00,0x00,0x00,0x00,0x00,0x00,0x00,0x00 ; Ä
    83 00005861 00001C070000000000- <1>
    83 0000586A F00000401F0000AC03- <1>
    83 00005873 00C07500000D0B00F0- <1>
    83 0000587C F00040071D00F8FF02- <1>
    83 00005885 C00238001D4007E000- <1>
    83 0000588E B00000000000000000- <1>
    83 00005897 00000000000000      <1>
    84 0000589E 0000000000000040D3- <1>     db 0x00,0x00,0x00,0x00,0x00,0x00,0x00,0x40,0xD3,0x00,0x00,0x34,0x0D,0x00,0x00,0x00,0x00,0x00,0xF4,0x0B,0x00,0xA0,0x81,0x07,0x80,0x03,0xE0,0x00,0x2C,0x00,0x1D,0xD0,0x01,0xC0,0x01,0x1D,0x00,0x1C,0xD0,0x01,0xC0,0x01,0x2C,0x00,0x1D,0x80,0x03,0xE0,0x00,0xB0,0x81,0x03,0x00,0xF8,0x0B,0x00,0x00,0x00,0x00,0x00,0x00,0x00,0x00,0x00,0x00,0x00,0x00,0x00,0x00,0x00 ; Ö
    84 000058A7 0000340D0000000000- <1>
    84 000058B0 F40B00A081078003E0- <1>
    84 000058B9 002C001DD001C0011D- <1>
    84 000058C2 001CD001C0012C001D- <1>
    84 000058CB 8003E000B0810300F8- <1>
    84 000058D4 0B0000000000000000- <1>
    84 000058DD 00000000000000      <1>
    85 000058E4 0000000000000080A2- <1>     db 0x00,0x00,0x00,0x00,0x00,0x00,0x00,0x80,0xA2,0x00,0x00,0x28,0x0A,0x00,0x00,0x00,0x00,0x80,0x03,0x74,0x00,0x38,0x40,0x07,0x80,0x03,0x74,0x00,0x38,0x40,0x07,0x80,0x03,0x74,0x00,0x38,0x40,0x07,0x80,0x03,0x74,0x00,0x38,0x40,0x07,0x40,0x03,0x38,0x00,0xB0,0xD0,0x01,0x00,0xF8,0x07,0x00,0x00,0x00,0x00,0x00,0x00,0x00,0x00,0x00,0x00,0x00,0x00,0x00,0x00,0x00 ; Ü
    85 000058ED 0000280A0000000080- <1>
    85 000058F6 037400384007800374- <1>
    85 000058FF 003840078003740038- <1>
    85 00005908 400780037400384007- <1>
    85 00005911 40033800B0D00100F8- <1>
    85 0000591A 070000000000000000- <1>
    85 00005923 00000000000000      <1>
    86 0000592A 000000000000000000- <1>     db 0x00,0x00,0x00,0x00,0x00,0x00,0x00,0x00,0x00,0x00,0x00,0x00,0x00,0x00,0x00,0x00,0x00,0x00,0xFD,0x01,0x00,0x74,0x78,0x00,0x80,0x42,0x07,0x00,0x2C,0x74,0x00,0xC0,0xD2,0x02,0x00,0x2C,0x1F,0x00,0xC0,0x42,0x0B,0x00,0x2C,0xD0,0x00,0xC0,0x02,0x1D,0x00,0x2C,0xE0,0x00,0xC0,0xF6,0x02,0x00,0x00,0x00,0x00,0x00,0x00,0x00,0x00,0x00,0x00,0x00,0x00,0x00,0x00,0x00 ; ß
    86 00005933 000000000000000000- <1>
    86 0000593C FD0100747800804207- <1>
    86 00005945 002C7400C0D202002C- <1>
    86 0000594E 1F00C0420B002CD000- <1>
    86 00005957 C0021D002CE000C0F6- <1>
    86 00005960 020000000000000000- <1>
    86 00005969 00000000000000      <1>
  3780                                  %include "nova-art.inc"
     1                              <1> ; Generated by scripts/generate-boot-art.ps1 from the checked-in UI sources.
     2                              <1> NOVA_LOGO_WIDTH equ 160
     3                              <1> NOVA_LOGO_HEIGHT equ 150
     4                              <1> NOVA_LOGO_ROW_BYTES equ 40
     5                              <1> NOVA_ERROR_MARK_WIDTH equ 82
     6                              <1> NOVA_ERROR_MARK_HEIGHT equ 90
     7                              <1> NOVA_ERROR_MARK_ROW_BYTES equ 21
     8                              <1> nova_logo_bitmap:
     9 00005970 000000000000000000- <1>     db 0x00,0x00,0x00,0x00,0x00,0x00,0x00,0x00,0x00,0x00,0x00,0x00,0x00,0x00,0x00,0x00,0x00,0x00,0x00,0x00,0x00,0x00,0x00,0x00
     9 00005979 000000000000000000- <1>
     9 00005982 000000000000        <1>
    10 00005988 00000090BE01000000- <1>     db 0x00,0x00,0x00,0x90,0xBE,0x01,0x00,0x00,0x00,0x00,0x00,0x00,0x00,0x00,0x00,0x00,0x00,0x00,0x00,0x00,0x00,0x00,0x00,0x00
    10 00005991 000000000000000000- <1>
    10 0000599A 000000000000        <1>
    11 000059A0 000000000000000000- <1>     db 0x00,0x00,0x00,0x00,0x00,0x00,0x00,0x00,0x00,0x00,0x00,0x00,0x00,0x00,0x00,0x00,0x00,0x00,0x00,0xFE,0xFF,0x0B,0x00,0x00
    11 000059A9 000000000000000000- <1>
    11 000059B2 00FEFF0B0000        <1>
    12 000059B8 000000000000000000- <1>     db 0x00,0x00,0x00,0x00,0x00,0x00,0x00,0x00,0x00,0x00,0x00,0x00,0x00,0x00,0x00,0x00,0x00,0x00,0x00,0x00,0x00,0x00,0x00,0x00
    12 000059C1 000000000000000000- <1>
    12 000059CA 000000000000        <1>
    13 000059D0 000000000000000000- <1>     db 0x00,0x00,0x00,0x00,0x00,0x00,0x00,0x00,0x00,0x00,0xE0,0x6F,0x91,0x0F,0x00,0x00,0x00,0x00,0x00,0x00,0x00,0x00,0x00,0x00
    13 000059D9 00E06F910F00000000- <1>
    13 000059E2 000000000000        <1>
    14 000059E8 000000000000000000- <1>     db 0x00,0x00,0x00,0x00,0x00,0x00,0x00,0x00,0x00,0x00,0x00,0x00,0x00,0x00,0x00,0x00,0x00,0x00,0x00,0x00,0x00,0x00,0x00,0x00
    14 000059F1 000000000000000000- <1>
    14 000059FA 000000000000        <1>
    15 00005A00 0000FE02001E000000- <1>     db 0x00,0x00,0xFE,0x02,0x00,0x1E,0x00,0x00,0x00,0x00,0x00,0x00,0x00,0x00,0x00,0x00,0x00,0x00,0x00,0x00,0x00,0x00,0x00,0x00
    15 00005A09 000000000000000000- <1>
    15 00005A12 000000000000        <1>
    16 00005A18 000000000000000000- <1>     db 0x00,0x00,0x00,0x00,0x00,0x00,0x00,0x00,0x00,0x00,0x00,0x00,0x00,0x00,0x00,0x00,0x00,0xD0,0x2F,0x00,0x00,0x2D,0x00,0x00
    16 00005A21 0000000000000000D0- <1>
    16 00005A2A 2F00002D0000        <1>
    17 00005A30 000000000000000000- <1>     db 0x00,0x00,0x00,0x00,0x00,0x00,0x00,0x00,0x00,0x00,0x00,0x00,0x00,0x00,0x00,0x00,0x00,0x00,0x00,0x00,0x00,0x00,0x00,0x00
    17 00005A39 000000000000000000- <1>
    17 00005A42 000000000000        <1>
    18 00005A48 000000000000000000- <1>     db 0x00,0x00,0x00,0x00,0x00,0x00,0x00,0x00,0x00,0xF4,0x07,0x00,0x00,0x2C,0x00,0x00,0x00,0x00,0x00,0x00,0x00,0x00,0x00,0x00
    18 00005A51 F40700002C00000000- <1>
    18 00005A5A 000000000000        <1>
    19 00005A60 000000000000000000- <1>     db 0x00,0x00,0x00,0x00,0x00,0x00,0x00,0x00,0x00,0x00,0x00,0x00,0x00,0x00,0x00,0x00,0x00,0x00,0x00,0x00,0x00,0x00,0x00,0x00
    19 00005A69 000000000000000000- <1>
    19 00005A72 000000000000        <1>
    20 00005A78 00FE0000002C000000- <1>     db 0x00,0xFE,0x00,0x00,0x00,0x2C,0x00,0x00,0x00,0x00,0x00,0x00,0x00,0x00,0x00,0x00,0x00,0x00,0x00,0x00,0x00,0x00,0x00,0x00
    20 00005A81 000000000000000000- <1>
    20 00005A8A 000000000000        <1>
    21 00005A90 000000000000000000- <1>     db 0x00,0x00,0x00,0x00,0x00,0x00,0x00,0x00,0x00,0x00,0x00,0x00,0x00,0x00,0x00,0x00,0xC0,0x2F,0x01,0x00,0x00,0x38,0x00,0x00
    21 00005A99 00000000000000C02F- <1>
    21 00005AA2 010000380000        <1>
    22 00005AA8 000000000000000000- <1>     db 0x00,0x00,0x00,0x00,0x00,0x00,0x00,0x00,0x00,0x00,0x00,0x00,0x00,0x00,0x00,0x00,0x00,0x00,0x00,0x00,0x00,0x00,0x00,0x00
    22 00005AB1 000000000000000000- <1>
    22 00005ABA 000000000000        <1>
    23 00005AC0 0000000000000000F4- <1>     db 0x00,0x00,0x00,0x00,0x00,0x00,0x00,0x00,0xF4,0x4B,0x00,0x00,0x00,0x38,0x00,0x00,0x00,0x00,0x00,0x00,0x00,0x00,0x00,0x00
    23 00005AC9 4B0000003800000000- <1>
    23 00005AD2 000000000000        <1>
    24 00005AD8 000000000000000000- <1>     db 0x00,0x00,0x00,0x00,0x00,0x00,0x00,0x00,0x00,0x00,0x00,0x00,0x00,0x00,0x00,0x00,0x00,0x00,0x00,0x00,0x00,0x00,0x00,0x00
    24 00005AE1 000000000000000000- <1>
    24 00005AEA 000000000000        <1>
    25 00005AF0 FD2100000038000000- <1>     db 0xFD,0x21,0x00,0x00,0x00,0x38,0x00,0x00,0x00,0x00,0x00,0x00,0x00,0x00,0x00,0x00,0x00,0x00,0x00,0x00,0x00,0x00,0x00,0x00
    25 00005AF9 000000000000000000- <1>
    25 00005B02 000000000000        <1>
    26 00005B08 000000000000000000- <1>     db 0x00,0x00,0x00,0x00,0x00,0x00,0x00,0x00,0x00,0x00,0x00,0x00,0x00,0x00,0x00,0x40,0x7F,0x08,0x00,0x00,0x00,0x28,0x00,0x00
    26 00005B11 000000000000407F08- <1>
    26 00005B1A 000000280000        <1>
    27 00005B20 000000000000000000- <1>     db 0x00,0x00,0x00,0x00,0x00,0x00,0x00,0x00,0x00,0x00,0x00,0x00,0x00,0x00,0x00,0x00,0x00,0x00,0x00,0x00,0x00,0x00,0x00,0x00
    27 00005B29 000000000000000000- <1>
    27 00005B32 000000000000        <1>
    28 00005B38 00000000000000E01F- <1>     db 0x00,0x00,0x00,0x00,0x00,0x00,0x00,0xE0,0x1F,0x02,0x00,0x00,0x50,0x28,0x00,0x00,0x00,0x00,0x00,0x00,0x00,0x00,0x00,0x00
    28 00005B41 020000502800000000- <1>
    28 00005B4A 000000000000        <1>
    29 00005B50 000000000000000000- <1>     db 0x00,0x00,0x00,0x00,0x00,0x00,0x00,0x00,0x00,0x00,0x00,0x00,0x00,0x00,0x00,0x00,0x00,0x00,0x00,0x00,0x00,0x00,0x00,0xF8
    29 00005B59 000000000000000000- <1>
    29 00005B62 0000000000F8        <1>
    30 00005B68 870000002028000000- <1>     db 0x87,0x00,0x00,0x00,0x20,0x28,0x00,0x00,0x00,0x00,0x00,0x00,0x00,0x00,0x00,0x00,0x00,0x00,0x00,0x00,0x00,0x00,0x00,0x00
    30 00005B71 000000000000000000- <1>
    30 00005B7A 000000000000        <1>
    31 00005B80 000000000000000000- <1>     db 0x00,0x00,0x00,0x00,0x00,0x00,0x00,0x00,0x00,0x00,0x00,0x00,0x00,0x00,0x00,0xFE,0x61,0x01,0x00,0x00,0x14,0x28,0x00,0x00
    31 00005B89 000000000000FE6101- <1>
    31 00005B92 000014280000        <1>
    32 00005B98 000000000000000000- <1>     db 0x00,0x00,0x00,0x00,0x00,0x00,0x00,0x00,0x00,0x00,0x00,0x00,0x00,0x00,0x00,0x00,0x00,0x00,0x00,0x00,0x00,0x00,0x00,0x00
    32 00005BA1 000000000000000000- <1>
    32 00005BAA 000000000000        <1>
    33 00005BB0 00000000000080BF68- <1>     db 0x00,0x00,0x00,0x00,0x00,0x00,0x80,0xBF,0x68,0x00,0x00,0x00,0x18,0x28,0x00,0x00,0x00,0x00,0x00,0x00,0x00,0x00,0x00,0x00
    33 00005BB9 000000182800000000- <1>
    33 00005BC2 000000000000        <1>
    34 00005BC8 000000000000000000- <1>     db 0x00,0x00,0x00,0x00,0x00,0x00,0x00,0x00,0x00,0x00,0x00,0x00,0x00,0x00,0x00,0x00,0x00,0x00,0x00,0x00,0x00,0x00,0xE0,0x2F
    34 00005BD1 000000000000000000- <1>
    34 00005BDA 00000000E02F        <1>
    35 00005BE0 1E0000002E18000000- <1>     db 0x1E,0x00,0x00,0x00,0x2E,0x18,0x00,0x00,0x00,0x00,0x00,0x00,0x00,0x00,0x00,0x00,0x00,0x00,0x00,0x00,0x00,0x00,0x00,0x00
    35 00005BE9 000000000000000000- <1>
    35 00005BF2 000000000000        <1>
    36 00005BF8 000000000000000000- <1>     db 0x00,0x00,0x00,0x00,0x00,0x00,0x00,0x00,0x00,0x00,0x00,0x00,0x00,0x00,0xF8,0x4F,0x03,0x00,0x00,0x00,0x58,0x1C,0x00,0x00
    36 00005C01 0000000000F84F0300- <1>
    36 00005C0A 0000581C0000        <1>
    37 00005C10 000000000000000000- <1>     db 0x00,0x00,0x00,0x00,0x00,0x00,0x00,0x00,0x00,0x00,0x00,0x00,0x00,0x00,0x00,0x00,0x00,0x00,0x00,0x00,0x00,0x00,0x00,0x00
    37 00005C19 000000000000000000- <1>
    37 00005C22 000000000000        <1>
    38 00005C28 000000000000FD9300- <1>     db 0x00,0x00,0x00,0x00,0x00,0x00,0xFD,0x93,0x00,0x00,0x00,0x00,0x2D,0x1C,0x00,0x00,0x00,0x00,0x00,0x00,0x00,0x00,0x00,0x00
    38 00005C31 0000002D1C00000000- <1>
    38 00005C3A 000000000000        <1>
    39 00005C40 000000000000000000- <1>     db 0x00,0x00,0x00,0x00,0x00,0x00,0x00,0x00,0x00,0x00,0x00,0x00,0x00,0x00,0x00,0x00,0x00,0x00,0x00,0x00,0x00,0x40,0xFF,0x31
    39 00005C49 000000000000000000- <1>
    39 00005C52 00000040FF31        <1>
    40 00005C58 000000000F0C000000- <1>     db 0x00,0x00,0x00,0x00,0x0F,0x0C,0x00,0x00,0x00,0x00,0x00,0x00,0x00,0x00,0x00,0x00,0x00,0x00,0x00,0x00,0x00,0x00,0x00,0x00
    40 00005C61 000000000000000000- <1>
    40 00005C6A 000000000000        <1>
    41 00005C70 000000000000000000- <1>     db 0x00,0x00,0x00,0x00,0x00,0x00,0x00,0x00,0x00,0x00,0x00,0x00,0x00,0xD0,0x7F,0x18,0x05,0x00,0x00,0x80,0x07,0x0D,0x00,0x00
    41 00005C79 00000000D07F180500- <1>
    41 00005C82 0080070D0000        <1>
    42 00005C88 000000000000000000- <1>     db 0x00,0x00,0x00,0x00,0x00,0x00,0x00,0x00,0x00,0x00,0x00,0x00,0x00,0x00,0x00,0x00,0x00,0x00,0x00,0x00,0x00,0x00,0x00,0x00
    42 00005C91 000000000000000000- <1>
    42 00005C9A 000000000000        <1>
    43 00005CA0 0000000000F02F9900- <1>     db 0x00,0x00,0x00,0x00,0x00,0xF0,0x2F,0x99,0x00,0x00,0x00,0xF0,0x17,0x09,0x00,0x00,0x00,0x00,0x00,0x00,0x00,0x00,0x00,0x00
    43 00005CA9 0000F0170900000000- <1>
    43 00005CB2 000000000000        <1>
    44 00005CB8 000000000000000000- <1>     db 0x00,0x00,0x00,0x00,0x00,0x00,0x00,0x00,0x00,0x00,0x00,0x00,0x00,0x00,0x00,0x00,0x00,0x00,0x00,0x00,0x00,0xF8,0x4A,0x1A
    44 00005CC1 000000000000000000- <1>
    44 00005CCA 000000F84A1A        <1>
    45 00005CD0 000000E80F09000000- <1>     db 0x00,0x00,0x00,0xE8,0x0F,0x09,0x00,0x00,0x00,0x00,0x00,0x00,0x00,0x00,0x00,0x00,0x00,0x00,0x00,0x00,0x00,0x00,0x00,0x00
    45 00005CD9 000000000000000000- <1>
    45 00005CE2 000000000000        <1>
    46 00005CE8 000000000000000000- <1>     db 0x00,0x00,0x00,0x00,0x00,0x00,0x00,0x00,0x00,0x00,0x00,0x00,0x00,0xFE,0x81,0x07,0x00,0x00,0x00,0xD0,0x07,0x06,0x00,0x00
    46 00005CF1 00000000FE81070000- <1>
    46 00005CFA 00D007060000        <1>
    47 00005D00 000000000000000000- <1>     db 0x00,0x00,0x00,0x00,0x00,0x00,0x00,0x00,0x00,0x00,0x00,0x00,0x00,0x00,0x00,0x00,0x00,0x00,0x00,0x00,0x00,0x00,0x00,0x00
    47 00005D09 000000000000000000- <1>
    47 00005D12 000000000000        <1>
    48 00005D18 00000000407FD00100- <1>     db 0x00,0x00,0x00,0x00,0x40,0x7F,0xD0,0x01,0x00,0x00,0x00,0xF4,0x02,0x06,0x00,0x00,0x00,0x00,0x00,0x00,0x00,0x00,0x00,0x00
    48 00005D21 0000F4020600000000- <1>
    48 00005D2A 000000000000        <1>
    49 00005D30 000000000000000000- <1>     db 0x00,0x00,0x00,0x00,0x00,0x00,0x00,0x00,0x00,0x00,0x00,0x00,0x00,0x00,0x00,0x00,0x00,0x00,0x00,0x00,0xC4,0x1F,0x70,0x10
    49 00005D39 000000000000000000- <1>
    49 00005D42 0000C41F7010        <1>
    50 00005D48 000000BC0403000000- <1>     db 0x00,0x00,0x00,0xBC,0x04,0x03,0x00,0x00,0x00,0x00,0x00,0x00,0x00,0x00,0x00,0x00,0x00,0x00,0x00,0x00,0x00,0x00,0x00,0x00
    50 00005D51 000000000000000000- <1>
    50 00005D5A 000000000000        <1>
    51 00005D60 000000000000000000- <1>     db 0x00,0x00,0x00,0x00,0x00,0x00,0x00,0x00,0x00,0x00,0x00,0x00,0xE2,0x0B,0x68,0x0A,0x00,0x00,0x00,0xBE,0x0B,0x03,0x00,0x00
    51 00005D69 000000E20B680A0000- <1>
    51 00005D72 00BE0B030000        <1>
    52 00005D78 000000000000000400- <1>     db 0x00,0x00,0x00,0x00,0x00,0x00,0x00,0x04,0x00,0x00,0x00,0x00,0x00,0x00,0x00,0x00,0x00,0x00,0x00,0x00,0x00,0x00,0x00,0x00
    52 00005D81 000000000000000000- <1>
    52 00005D8A 000000000000        <1>
    53 00005D90 00000080F503FC0100- <1>     db 0x00,0x00,0x00,0x80,0xF5,0x03,0xFC,0x01,0x00,0x00,0x40,0xFE,0x42,0x02,0x00,0x00,0x00,0x00,0x00,0x00,0x00,0x00,0x00,0x07
    53 00005D99 0040FE420200000000- <1>
    53 00005DA2 000000000007        <1>
    54 00005DA8 000000000000000000- <1>     db 0x00,0x00,0x00,0x00,0x00,0x00,0x00,0x00,0x00,0x00,0x00,0x00,0x00,0x00,0x00,0x00,0x00,0x00,0x00,0xA0,0xFD,0x01,0x7E,0x00
    54 00005DB1 000000000000000000- <1>
    54 00005DBA 00A0FD017E00        <1>
    55 00005DC0 000000BF4001000000- <1>     db 0x00,0x00,0x00,0xBF,0x40,0x01,0x00,0x00,0x00,0x00,0x00,0x18,0x00,0x00,0x40,0x01,0x00,0x00,0x00,0x00,0x00,0x00,0x00,0x00
    55 00005DC9 000018000040010000- <1>
    55 00005DD2 000000000000        <1>
    56 00005DD8 000000000000000000- <1>     db 0x00,0x00,0x00,0x00,0x00,0x00,0x00,0x00,0x00,0x00,0x00,0x38,0xBF,0x40,0x1F,0x00,0x00,0x00,0x80,0x1F,0x80,0x01,0x00,0x00
    56 00005DE1 000038BF401F000000- <1>
    56 00005DEA 801F80010000        <1>
    57 00005DF0 0000000E0000000000- <1>     db 0x00,0x00,0x00,0x0E,0x00,0x00,0x00,0x00,0x00,0x00,0x00,0x00,0x00,0x00,0x00,0x00,0x00,0x00,0x00,0x00,0x00,0x00,0x00,0x00
    57 00005DF9 000000000000000000- <1>
    57 00005E02 000000000000        <1>
    58 00005E08 0000009E3F801B0000- <1>     db 0x00,0x00,0x00,0x9E,0x3F,0x80,0x1B,0x00,0x00,0x00,0xE0,0x07,0x80,0x00,0x00,0x00,0x00,0x00,0x40,0x07,0x00,0x00,0x00,0x00
    58 00005E11 00E007800000000000- <1>
    58 00005E1A 400700000000        <1>
    59 00005E20 000000000000000000- <1>     db 0x00,0x00,0x00,0x00,0x00,0x00,0x00,0x00,0x00,0x00,0x00,0x00,0x00,0x00,0x00,0x00,0x00,0x00,0x80,0xCB,0x2F,0x90,0xA6,0x00
    59 00005E29 000000000000000000- <1>
    59 00005E32 80CB2F90A600        <1>
    60 00005E38 0000FC4B8000000000- <1>     db 0x00,0x00,0xFC,0x4B,0x80,0x00,0x00,0x00,0x00,0x00,0x80,0x01,0x00,0x00,0x00,0x00,0x00,0x00,0x00,0x00,0x00,0x00,0x00,0x00
    60 00005E41 008001000000000000- <1>
    60 00005E4A 000000000000        <1>
    61 00005E50 000000000000000000- <1>     db 0x00,0x00,0x00,0x00,0x00,0x00,0x00,0x00,0x00,0x00,0xD0,0xE6,0x07,0xD0,0x1F,0x00,0x00,0x40,0xFF,0x67,0x90,0x00,0x00,0x00
    61 00005E59 00D0E607D01F000040- <1>
    61 00005E62 FF6790000000        <1>
    62 00005E68 000000000000000000- <1>     db 0x00,0x00,0x00,0x00,0x00,0x00,0x00,0x00,0x00,0x00,0x00,0x00,0x00,0x00,0x00,0x00,0x00,0x00,0x00,0x00,0x00,0x00,0x00,0x00
    62 00005E71 000000000000000000- <1>
    62 00005E7A 000000000000        <1>
    63 00005E80 0000F4F102F0030000- <1>     db 0x00,0x00,0xF4,0xF1,0x02,0xF0,0x03,0x00,0x00,0x00,0xF8,0x1F,0x50,0x00,0x00,0x00,0x00,0x00,0x00,0x00,0x00,0x00,0x00,0x00
    63 00005E89 00F81F500000000000- <1>
    63 00005E92 000000000000        <1>
    64 00005E98 000000000000000000- <1>     db 0x00,0x00,0x00,0x00,0x00,0x00,0x00,0x00,0x00,0x00,0x00,0x00,0x00,0x00,0x00,0x00,0x00,0x00,0xBD,0xF4,0x01,0xA8,0x06,0x00
    64 00005EA1 000000000000000000- <1>
    64 00005EAA BDF401A80600        <1>
    65 00005EB0 0000FD022000000000- <1>     db 0x00,0x00,0xFD,0x02,0x20,0x00,0x00,0x00,0x00,0x00,0x00,0x00,0x00,0x00,0x00,0x00,0x00,0x00,0x00,0x00,0x00,0x00,0x00,0x00
    65 00005EB9 000000000000000000- <1>
    65 00005EC2 000000000000        <1>
    66 00005EC8 000000000000000000- <1>     db 0x00,0x00,0x00,0x00,0x00,0x00,0x00,0x00,0x00,0x00,0x3F,0xBD,0x00,0xE9,0x50,0x00,0x00,0x40,0xBF,0x06,0x30,0x00,0x00,0x00
    66 00005ED1 003FBD00E950000040- <1>
    66 00005EDA BF0630000000        <1>
    67 00005EE0 000000000000000000- <1>     db 0x00,0x00,0x00,0x00,0x00,0x00,0x00,0x00,0x00,0x00,0x00,0x00,0x00,0x00,0x00,0x00,0x00,0x00,0x00,0x00,0x00,0x00,0x00,0x00
    67 00005EE9 000000000000000000- <1>
    67 00005EF2 000000000000        <1>
    68 00005EF8 00801F7F00B51F0000- <1>     db 0x00,0x80,0x1F,0x7F,0x00,0xB5,0x1F,0x00,0x00,0xC0,0xFF,0x01,0x24,0x00,0x00,0x00,0x00,0x00,0x00,0x00,0x00,0x00,0x00,0x00
    68 00005F01 C0FF01240000000000- <1>
    68 00005F0A 000000000000        <1>
    69 00005F10 000000000000000000- <1>     db 0x00,0x00,0x00,0x00,0x00,0x00,0x00,0x00,0x00,0x00,0x00,0x00,0x00,0x00,0x00,0x00,0x00,0xE0,0x4B,0x3F,0x00,0xFC,0x02,0x00
    69 00005F19 0000000000000000E0- <1>
    69 00005F22 4B3F00FC0200        <1>
    70 00005F28 00F47F002400000000- <1>     db 0x00,0xF4,0x7F,0x00,0x24,0x00,0x00,0x00,0x00,0x00,0x00,0x00,0x00,0x00,0x00,0x00,0x00,0x00,0x00,0x00,0x00,0x00,0x00,0x00
    70 00005F31 000000000000000000- <1>
    70 00005F3A 000000000000        <1>
    71 00005F40 000000000000000000- <1>     db 0x00,0x00,0x00,0x00,0x00,0x00,0x00,0x00,0x00,0xF8,0x87,0x1F,0x00,0x7A,0x00,0x00,0x00,0xFD,0x0B,0x00,0x24,0x00,0x00,0x00
    71 00005F49 F8871F007A000000FD- <1>
    71 00005F52 0B0024000000        <1>
    72 00005F58 000000004002000000- <1>     db 0x00,0x00,0x00,0x00,0x40,0x02,0x00,0x00,0x00,0x00,0x00,0x00,0x00,0x00,0x00,0x00,0x00,0x00,0x00,0x00,0x00,0x00,0x00,0x00
    72 00005F61 000000000000000000- <1>
    72 00005F6A 000000000000        <1>
    73 00005F70 00FDC20F4059000000- <1>     db 0x00,0xFD,0xC2,0x0F,0x40,0x59,0x00,0x00,0x00,0xF9,0x1B,0x01,0x18,0x00,0x00,0x00,0x00,0x00,0x00,0x00,0xD0,0x01,0x00,0x00
    73 00005F79 F91B01180000000000- <1>
    73 00005F82 0000D0010000        <1>
    74 00005F88 000000000000000000- <1>     db 0x00,0x00,0x00,0x00,0x00,0x00,0x00,0x00,0x00,0x00,0x00,0x00,0x00,0x00,0x00,0x00,0x80,0x7F,0xD1,0x07,0x00,0x2D,0x00,0x00
    74 00005F91 00000000000000807F- <1>
    74 00005F9A D107002D0000        <1>
    75 00005FA0 00F89F010C00000000- <1>     db 0x00,0xF8,0x9F,0x01,0x0C,0x00,0x00,0x00,0x00,0x00,0x01,0x00,0x10,0x00,0x00,0x00,0x00,0x00,0x00,0x00,0x00,0x00,0x00,0x00
    75 00005FA9 000100100000000000- <1>
    75 00005FB2 000000000000        <1>
    76 00005FB8 0000000000000000E0- <1>     db 0x00,0x00,0x00,0x00,0x00,0x00,0x00,0x00,0xE0,0x1F,0xE0,0x03,0x00,0x5B,0x00,0x00,0x00,0xFE,0x7F,0x00,0x0D,0x00,0x20,0x00
    76 00005FC1 1FE003005B000000FE- <1>
    76 00005FCA 7F000D002000        <1>
    77 00005FD0 00D001000000000000- <1>     db 0x00,0xD0,0x01,0x00,0x00,0x00,0x00,0x00,0x00,0x00,0x00,0x00,0x00,0x00,0x00,0x00,0x00,0x00,0x00,0x00,0x00,0x00,0x00,0x00
    77 00005FD9 000000000000000000- <1>
    77 00005FE2 000000000000        <1>
    78 00005FE8 F90BF003401B000080- <1>     db 0xF9,0x0B,0xF0,0x03,0x40,0x1B,0x00,0x00,0x80,0xFF,0x0F,0x00,0x0A,0x00,0x28,0x00,0x00,0xF8,0x00,0x00,0x00,0x00,0x00,0x00
    78 00005FF1 FF0F000A00280000F8- <1>
    78 00005FFA 000000000000        <1>
    79 00006000 000000000000000000- <1>     db 0x00,0x00,0x00,0x00,0x00,0x00,0x00,0x00,0x00,0x00,0x00,0x00,0x00,0x00,0x00,0x80,0xFF,0x02,0xB8,0x02,0xC0,0x01,0x00,0x00
    79 00006009 00000000000080FF02- <1>
    79 00006012 B802C0010000        <1>
    80 00006018 E0FF024007000D0040- <1>     db 0xE0,0xFF,0x02,0x40,0x07,0x00,0x0D,0x00,0x40,0xBF,0x00,0x00,0x00,0x00,0x00,0x00,0x00,0x00,0x00,0x00,0x00,0x00,0x00,0x00
    80 00006021 BF0000000000000000- <1>
    80 0000602A 000000000000        <1>
    81 00006030 00000000000000F4BF- <1>     db 0x00,0x00,0x00,0x00,0x00,0x00,0x00,0xF4,0xBF,0x04,0x78,0x02,0x50,0x05,0x00,0x00,0xF8,0x7F,0x00,0x40,0x03,0x00,0x00,0x00
    81 00006039 04780250050000F87F- <1>
    81 00006042 004003000000        <1>
    82 00006048 E07F00000000000000- <1>     db 0xE0,0x7F,0x00,0x00,0x00,0x00,0x00,0x00,0x00,0x00,0x00,0x00,0x00,0x00,0x00,0x00,0x00,0x00,0x00,0x00,0x00,0x00,0x00,0xFE
    82 00006051 000000000000000000- <1>
    82 0000605A 0000000000FE        <1>
    83 00006060 6F067501000B0000F5- <1>     db 0x6F,0x06,0x75,0x01,0x00,0x0B,0x00,0x00,0xF5,0xFF,0x15,0xC0,0x02,0x00,0x00,0x00,0xF4,0x3F,0x00,0x00,0x00,0x00,0x00,0x00
    83 00006069 FF15C002000000F43F- <1>
    83 00006072 000000000000        <1>
    84 00006078 000000000000000000- <1>     db 0x00,0x00,0x00,0x00,0x00,0x00,0x00,0x00,0x00,0x00,0x00,0x00,0x00,0x00,0xD0,0xFF,0xAB,0x00,0x68,0x01,0x80,0x01,0x00,0x00
    84 00006081 0000000000D0FFAB00- <1>
    84 0000608A 680180010000        <1>
    85 00006090 F9FF0BD001000000F8- <1>     db 0xF9,0xFF,0x0B,0xD0,0x01,0x00,0x00,0x00,0xF8,0x1F,0x00,0x00,0x00,0x00,0x00,0x00,0x00,0x00,0x00,0x00,0x00,0x00,0x00,0x00
    85 00006099 1F0000000000000000- <1>
    85 000060A2 000000000000        <1>
    86 000060A8 000000000000F8FF2F- <1>     db 0x00,0x00,0x00,0x00,0x00,0x00,0xF8,0xFF,0x2F,0x00,0x58,0x00,0x80,0x00,0x00,0x00,0xF4,0xFF,0x01,0xF0,0x00,0x00,0x00,0x00
    86 000060B1 00580080000000F4FF- <1>
    86 000060BA 01F000000000        <1>
    87 000060C0 FC0F00000000000000- <1>     db 0xFC,0x0F,0x00,0x00,0x00,0x00,0x00,0x00,0x00,0x00,0x00,0x00,0x00,0x00,0x00,0x00,0x00,0x00,0x00,0x00,0x00,0x00,0xFE,0xFF
    87 000060C9 000000000000000000- <1>
    87 000060D2 00000000FEFF        <1>
    88 000060D8 0B00080010000000FE- <1>     db 0x0B,0x00,0x08,0x00,0x10,0x00,0x00,0x00,0xFE,0x2F,0x00,0xB4,0x00,0x00,0x00,0x00,0xFD,0x06,0x00,0x00,0x00,0x00,0x00,0x00
    88 000060E1 2F00B400000000FD06- <1>
    88 000060EA 000000000000        <1>
    89 000060F0 000000000000000000- <1>     db 0x00,0x00,0x00,0x00,0x00,0x00,0x00,0x00,0x00,0x00,0x00,0x00,0x00,0xD0,0xFF,0xF6,0x02,0x00,0x08,0x00,0x00,0x00,0x00,0xE4
    89 000060F9 00000000D0FFF60200- <1>
    89 00006102 0800000000E4        <1>
    90 00006108 FF02003C00000000BF- <1>     db 0xFF,0x02,0x00,0x3C,0x00,0x00,0x00,0x00,0xBF,0x00,0x00,0x00,0x00,0x00,0x00,0x00,0x00,0x00,0x00,0x00,0x00,0x00,0x00,0x00
    90 00006111 000000000000000000- <1>
    90 0000611A 000000000000        <1>
    91 00006120 0000000000F86FBD00- <1>     db 0x00,0x00,0x00,0x00,0x00,0xF8,0x6F,0xBD,0x00,0x00,0x04,0x00,0x00,0x00,0x40,0xFA,0x2F,0x00,0x00,0x2D,0x00,0x00,0x00,0x40
    91 00006129 000400000040FA2F00- <1>
    91 00006132 002D00000040        <1>
    92 00006138 1B0000000800000000- <1>     db 0x1B,0x00,0x00,0x00,0x08,0x00,0x00,0x00,0x00,0x00,0x00,0x00,0x00,0x00,0x00,0x00,0x00,0x00,0x00,0x00,0x00,0xFE,0x4B,0x5E
    92 00006141 000000000000000000- <1>
    92 0000614A 000000FE4B5E        <1>
    93 00006150 1900000000000090FF- <1>     db 0x19,0x00,0x00,0x00,0x00,0x00,0x00,0x90,0xFF,0x16,0x00,0x1F,0x00,0x00,0x00,0x80,0x01,0x00,0x00,0x00,0x02,0x00,0x00,0x00
    93 00006159 16001F000000800100- <1>
    93 00006162 000002000000        <1>
    94 00006168 000000000000000000- <1>     db 0x00,0x00,0x00,0x00,0x00,0x00,0x00,0x00,0x00,0x00,0x00,0x00,0xD0,0xBF,0x41,0xAB,0x07,0x00,0x00,0x00,0x00,0x00,0x00,0xE8
    94 00006171 000000D0BF41AB0700- <1>
    94 0000617A 0000000000E8        <1>
    95 00006180 FF1B800B0000000000- <1>     db 0xFF,0x1B,0x80,0x0B,0x00,0x00,0x00,0x00,0x00,0x00,0x00,0x00,0x00,0x00,0x00,0x50,0x00,0x00,0x00,0x00,0x00,0x00,0x00,0x00
    95 00006189 000000000000500000- <1>
    95 00006192 000000000000        <1>
    96 00006198 00000000F45F908100- <1>     db 0x00,0x00,0x00,0x00,0xF4,0x5F,0x90,0x81,0x00,0x00,0x00,0x00,0x00,0x00,0x00,0x80,0x7F,0x00,0xD0,0x07,0x00,0x00,0x00,0x00
    96 000061A1 000000000000807F00- <1>
    96 000061AA D00700000000        <1>
    97 000061B0 000000000000402E00- <1>     db 0x00,0x00,0x00,0x00,0x00,0x00,0x40,0x2E,0x00,0x00,0x00,0x00,0x00,0x00,0x00,0x00,0x00,0x00,0x00,0x00,0xFD,0x02,0x04,0x10
    97 000061B9 000000000000000000- <1>
    97 000061C2 0000FD020410        <1>
    98 000061C8 00000000000040EA7F- <1>     db 0x00,0x00,0x00,0x00,0x00,0x00,0x40,0xEA,0x7F,0x00,0xE0,0x01,0x00,0x00,0x00,0x00,0x00,0x00,0x00,0x00,0x00,0x00,0xE0,0x0B
    98 000061D1 00E001000000000000- <1>
    98 000061DA 00000000E00B        <1>
    99 000061E0 000000000000000000- <1>     db 0x00,0x00,0x00,0x00,0x00,0x00,0x00,0x00,0x00,0x00,0x00,0x80,0x7F,0x00,0x00,0x00,0x00,0x00,0x00,0x00,0x00,0x00,0x00,0xE5
    99 000061E9 0000807F0000000000- <1>
    99 000061F2 0000000000E5        <1>
   100 000061F8 0B00F4000004000000- <1>     db 0x0B,0x00,0xF4,0x00,0x00,0x04,0x00,0x00,0x00,0x00,0x00,0x00,0x00,0x00,0xFC,0x02,0x00,0x00,0x00,0x00,0x00,0x00,0x00,0x00
   100 00006201 0000000000FC020000- <1>
   100 0000620A 000000000000        <1>
   101 00006210 000000E00F00000000- <1>     db 0x00,0x00,0x00,0xE0,0x0F,0x00,0x00,0x00,0x00,0x00,0x00,0x00,0x00,0x00,0x00,0xE8,0x6F,0x00,0x78,0x00,0x00,0x0A,0x00,0x00
   101 00006219 000000000000E86F00- <1>
   101 00006222 7800000A0000        <1>
   102 00006228 0000000000006F0000- <1>     db 0x00,0x00,0x00,0x00,0x00,0x00,0x6F,0x00,0x00,0x00,0x00,0x00,0x00,0x00,0x00,0x00,0x00,0x00,0x00,0xF8,0x02,0x00,0x00,0x00
   102 00006231 000000000000000000- <1>
   102 0000623A 00F802000000        <1>
   103 00006240 00000000000040A0AA- <1>     db 0x00,0x00,0x00,0x00,0x00,0x00,0x40,0xA0,0xAA,0x01,0x3A,0x00,0xD0,0x07,0x00,0x00,0x00,0x00,0x00,0x00,0x00,0x40,0x01,0x00
   103 00006249 013A00D00700000000- <1>
   103 00006252 000000400100        <1>
   104 00006258 000000000000000000- <1>     db 0x00,0x00,0x00,0x00,0x00,0x00,0x00,0x00,0x00,0x00,0x00,0x7E,0x00,0x00,0x00,0x00,0x00,0x00,0x00,0x00,0x00,0x00,0x40,0xA5
   104 00006261 00007E000000000000- <1>
   104 0000626A 0000000040A5        <1>
   105 00006270 00401C00E003000100- <1>     db 0x00,0x40,0x1C,0x00,0xE0,0x03,0x00,0x01,0x00,0x00,0x00,0x00,0x00,0x00,0x00,0x00,0x00,0x00,0x00,0x00,0x00,0x00,0x00,0x00
   105 00006279 000000000000000000- <1>
   105 00006282 000000000000        <1>
   106 00006288 0000802F0000000000- <1>     db 0x00,0x00,0x80,0x2F,0x00,0x00,0x00,0x00,0x00,0x00,0x00,0x00,0x00,0x00,0x00,0x96,0x02,0x00,0x0B,0x00,0xF0,0x02,0x40,0x02
   106 00006291 000000000000960200- <1>
   106 0000629A 0B00F0024002        <1>
   107 000062A0 000000000000000000- <1>     db 0x00,0x00,0x00,0x00,0x00,0x00,0x00,0x00,0x00,0x00,0x00,0x00,0x00,0x00,0x00,0x00,0x00,0x00,0xE0,0x07,0x00,0x00,0x00,0x00
   107 000062A9 000000000000000000- <1>
   107 000062B2 E00700000000        <1>
   108 000062B8 000000000000000900- <1>     db 0x00,0x00,0x00,0x00,0x00,0x00,0x00,0x09,0x00,0x40,0x02,0x00,0x74,0x00,0x00,0x00,0x00,0x10,0x00,0x00,0x00,0x00,0x00,0x00
   108 000062C1 400200740000000010- <1>
   108 000062CA 000000000000        <1>
   109 000062D0 000000000000000000- <1>     db 0x00,0x00,0x00,0x00,0x00,0x00,0x00,0x00,0x00,0x00,0xF8,0x01,0x00,0x00,0x00,0x00,0x00,0x00,0x00,0x00,0x00,0x00,0x00,0x2D
   109 000062D9 00F801000000000000- <1>
   109 000062E2 00000000002D        <1>
   110 000062E8 004000000400000000- <1>     db 0x00,0x40,0x00,0x00,0x04,0x00,0x00,0x00,0x00,0x1E,0x00,0x00,0x00,0x00,0x00,0x00,0x00,0x00,0x00,0x00,0x00,0x00,0x00,0x00
   110 000062F1 1E0000000000000000- <1>
   110 000062FA 000000000000        <1>
   111 00006300 0000BD000000000000- <1>     db 0x00,0x00,0xBD,0x00,0x00,0x00,0x00,0x00,0x00,0x00,0x00,0x00,0x00,0x00,0x00,0x74,0x00,0x00,0x00,0x00,0x00,0x00,0x00,0x00
   111 00006309 000000000000740000- <1>
   111 00006312 000000000000        <1>
   112 00006318 E40B00000000000000- <1>     db 0xE4,0x0B,0x00,0x00,0x00,0x00,0x00,0x00,0x00,0x00,0x00,0x00,0x00,0x00,0x00,0x00,0x00,0x80,0x2F,0x00,0x00,0x00,0x00,0x00
   112 00006321 000000000000000080- <1>
   112 0000632A 2F0000000000        <1>
   113 00006330 000000000000005400- <1>     db 0x00,0x00,0x00,0x00,0x00,0x00,0x00,0x54,0x00,0x00,0x00,0x00,0x00,0x00,0x00,0x40,0xFE,0x03,0x00,0x09,0x00,0x00,0x00,0x00
   113 00006339 00000000000040FE03- <1>
   113 00006342 000900000000        <1>
   114 00006348 000000000000000000- <1>     db 0x00,0x00,0x00,0x00,0x00,0x00,0x00,0x00,0x00,0xD0,0x1B,0x00,0x00,0x54,0x00,0x00,0x00,0x00,0x00,0x00,0x00,0x00,0x00,0x54
   114 00006351 D01B00005400000000- <1>
   114 0000635A 000000000054        <1>
   115 00006360 01000000000000E4FF- <1>     db 0x01,0x00,0x00,0x00,0x00,0x00,0x00,0xE4,0xFF,0x01,0x00,0x01,0x00,0x00,0x00,0x00,0x00,0x00,0x00,0x00,0x00,0x00,0x00,0x00
   115 00006369 010001000000000000- <1>
   115 00006372 000000000000        <1>
   116 00006378 00F00200901A000000- <1>     db 0x00,0xF0,0x02,0x00,0x90,0x1A,0x00,0x00,0x00,0x00,0x00,0x00,0x00,0x00,0x00,0x04,0x00,0x00,0x00,0x00,0x00,0x00,0x40,0xFF
   116 00006381 000000000000040000- <1>
   116 0000638A 0000000040FF        <1>
   117 00006390 BF0000000000000000- <1>     db 0xBF,0x00,0x00,0x00,0x00,0x00,0x00,0x00,0x00,0x00,0x00,0x00,0x00,0x00,0x00,0x00,0x00,0xB8,0x00,0x14,0xFA,0x5B,0x01,0x00
   117 00006399 0000000000000000B8- <1>
   117 000063A2 0014FA5B0100        <1>
   118 000063A8 000000000000000000- <1>     db 0x00,0x00,0x00,0x00,0x00,0x00,0x00,0x00,0x00,0x00,0x00,0x00,0x00,0x00,0xE0,0xFF,0x3F,0x00,0x00,0x00,0x00,0x00,0x00,0x00
   118 000063B1 0000000000E0FF3F00- <1>
   118 000063BA 000000000000        <1>
   119 000063C0 000000000000000000- <1>     db 0x00,0x00,0x00,0x00,0x00,0x00,0x00,0x00,0x00,0x7E,0x00,0x99,0xFF,0xFF,0x5A,0x00,0x00,0x00,0x00,0x00,0x00,0x00,0x00,0x00
   119 000063C9 7E0099FFFF5A000000- <1>
   119 000063D2 000000000000        <1>
   120 000063D8 000000000600F4FF1F- <1>     db 0x00,0x00,0x00,0x00,0x06,0x00,0xF4,0xFF,0x1F,0x00,0x00,0x00,0x00,0x00,0x00,0x00,0x00,0x00,0x00,0x00,0x00,0x00,0x00,0x00
   120 000063E1 000000000000000000- <1>
   120 000063EA 000000000000        <1>
   121 000063F0 401F00EBFFFF6F0000- <1>     db 0x40,0x1F,0x00,0xEB,0xFF,0xFF,0x6F,0x00,0x00,0x00,0x00,0x00,0x00,0x00,0x00,0x00,0x00,0x00,0x00,0x40,0x01,0x00,0xF8,0xFF
   121 000063F9 000000000000000000- <1>
   121 00006402 00400100F8FF        <1>
   122 00006408 0B0000000000000000- <1>     db 0x0B,0x00,0x00,0x00,0x00,0x00,0x00,0x00,0x00,0x00,0x00,0x00,0x00,0x00,0x00,0x00,0xC0,0x17,0x80,0xE6,0x06,0x94,0xFE,0x06
   122 00006411 00000000000000C017- <1>
   122 0000641A 80E60694FE06        <1>
   123 00006420 000000000000000000- <1>     db 0x00,0x00,0x00,0x00,0x00,0x00,0x00,0x00,0x00,0x10,0x00,0x00,0x00,0x00,0xFD,0xFF,0x07,0x00,0x00,0x00,0x00,0x00,0x00,0x00
   123 00006429 1000000000FDFF0700- <1>
   123 00006432 000000000000        <1>
   124 00006438 0000000000000000E0- <1>     db 0x00,0x00,0x00,0x00,0x00,0x00,0x00,0x00,0xE0,0x03,0x40,0x14,0x00,0x00,0x50,0x02,0x00,0x00,0x00,0x00,0x00,0x00,0x00,0x00
   124 00006441 034014000050020000- <1>
   124 0000644A 000000000000        <1>
   125 00006450 002800000000FFFF02- <1>     db 0x00,0x28,0x00,0x00,0x00,0x00,0xFF,0xFF,0x02,0x00,0x00,0x00,0x00,0x00,0x00,0x00,0x00,0x00,0x00,0x00,0x00,0x00,0x00,0x00
   125 00006459 000000000000000000- <1>
   125 00006462 000000000000        <1>
   126 00006468 F40100000000000000- <1>     db 0xF4,0x01,0x00,0x00,0x00,0x00,0x00,0x00,0x00,0x00,0x00,0x00,0x00,0x00,0x00,0x00,0x00,0x1E,0x00,0x00,0x00,0x80,0xFF,0xFF
   126 00006471 00000000000000001E- <1>
   126 0000647A 00000080FFFF        <1>
   127 00006480 000020000000000000- <1>     db 0x00,0x00,0x20,0x00,0x00,0x00,0x00,0x00,0x00,0x00,0x00,0x00,0x00,0x00,0x00,0x00,0xF8,0x00,0x00,0x00,0x69,0x00,0x00,0x00
   127 00006489 00000000000000F800- <1>
   127 00006492 000069000000        <1>
   128 00006498 000000000000000000- <1>     db 0x00,0x00,0x00,0x00,0x00,0x00,0x00,0x00,0x00,0x0B,0x00,0x00,0x00,0xC0,0xFF,0x7F,0x00,0x00,0x09,0x00,0x00,0x00,0x00,0x00
   128 000064A1 0B000000C0FF7F0000- <1>
   128 000064AA 090000000000        <1>
   129 000064B0 0000000000000000BD- <1>     db 0x00,0x00,0x00,0x00,0x00,0x00,0x00,0x00,0xBD,0x00,0x50,0x00,0xBE,0x40,0xD0,0x57,0x00,0x00,0x00,0x00,0x00,0x54,0x00,0x00
   129 000064B9 005000BE40D0570000- <1>
   129 000064C2 000000540000        <1>
   130 000064C8 4002000D00E0FF1B00- <1>     db 0x40,0x02,0x00,0x0D,0x00,0xE0,0xFF,0x1B,0x00,0x00,0x00,0x00,0x00,0x00,0x00,0x00,0x00,0x00,0x00,0x00,0x00,0x00,0x00,0x00
   130 000064D1 000000000000000000- <1>
   130 000064DA 000000000000        <1>
   131 000064E0 7F00B4001940F41B00- <1>     db 0x7F,0x00,0xB4,0x00,0x19,0x40,0xF4,0x1B,0x00,0x00,0x00,0x00,0x00,0x01,0x00,0x00,0x00,0x00,0x80,0x0B,0x04,0xF4,0xBF,0x00
   131 000064E9 000000000100000000- <1>
   131 000064F2 800B04F4BF00        <1>
   132 000064F8 000000000000000000- <1>     db 0x00,0x00,0x00,0x00,0x00,0x00,0x00,0x00,0x00,0x00,0x00,0x00,0x00,0x00,0x00,0x80,0x7B,0x00,0x78,0x00,0x00,0x00,0xFC,0x01
   132 00006501 000000000000807B00- <1>
   132 0000650A 78000000FC01        <1>
   133 00006510 0000000000BD060000- <1>     db 0x00,0x00,0x00,0x00,0x00,0xBD,0x06,0x00,0x00,0x00,0xF4,0x07,0x08,0xF8,0x07,0x00,0x00,0x00,0x00,0x00,0x00,0x00,0x00,0x00
   133 00006519 00F40708F807000000- <1>
   133 00006522 000000000000        <1>
   134 00006528 00000000000000D01B- <1>     db 0x00,0x00,0x00,0x00,0x00,0x00,0x00,0xD0,0x1B,0x00,0x2C,0x00,0x40,0x02,0xBE,0x01,0x00,0x00,0x00,0x00,0x00,0x90,0x00,0x00
   134 00006531 002C004002BE010000- <1>
   134 0000653A 000000900000        <1>
   135 00006540 0000FC03006D000000- <1>     db 0x00,0x00,0xFC,0x03,0x00,0x6D,0x00,0x00,0x00,0x00,0x00,0x00,0x40,0x00,0x00,0x00,0x00,0x00,0x00,0x00,0x00,0x00,0x00,0xF0
   135 00006549 000000400000000000- <1>
   135 00006552 0000000000F0        <1>
   136 00006558 0A000E44D0417F0000- <1>     db 0x0A,0x00,0x0E,0x44,0xD0,0x41,0x7F,0x00,0x00,0x00,0x00,0x00,0x00,0x00,0x06,0x00,0x00,0x00,0xFD,0x01,0x00,0x01,0x00,0x00
   136 00006561 000000000006000000- <1>
   136 0000656A FD0100010000        <1>
   137 00006570 000000407E00000000- <1>     db 0x00,0x00,0x00,0x40,0x7E,0x00,0x00,0x00,0x00,0x00,0x00,0x00,0x00,0x00,0x00,0xB8,0x02,0x00,0x87,0x4E,0x42,0xC4,0x1F,0x00
   137 00006579 000000000000B80200- <1>
   137 00006582 874E42C41F00        <1>
   138 00006588 0000000000502E0000- <1>     db 0x00,0x00,0x00,0x00,0x00,0x50,0x2E,0x00,0x00,0x00,0xBE,0x00,0x00,0x00,0x00,0x00,0x00,0x00,0x00,0xF4,0x0B,0x00,0x00,0x00
   138 00006591 00BE00000000000000- <1>
   138 0000659A 00F40B000000        <1>
   139 000065A0 00000000000000BD00- <1>     db 0x00,0x00,0x00,0x00,0x00,0x00,0x00,0xBD,0x00,0x40,0x01,0x10,0x40,0xF5,0x0B,0x00,0x00,0x00,0x00,0x00,0x00,0x00,0xA4,0x01
   139 000065A9 40011040F50B000000- <1>
   139 000065B2 00000000A401        <1>
   140 000065B8 04001F000000000000- <1>     db 0x04,0x00,0x1F,0x00,0x00,0x00,0x00,0x00,0x00,0x00,0x00,0xFD,0x02,0x00,0x00,0x00,0x00,0x00,0x00,0x00,0x00,0x00,0x40,0x1F
   140 000065C1 0000FD020000000000- <1>
   140 000065CA 00000000401F        <1>
   141 000065D0 0040004059FE020000- <1>     db 0x00,0x40,0x00,0x40,0x59,0xFE,0x02,0x00,0x00,0x00,0x00,0x00,0x00,0x00,0x00,0x00,0x08,0x40,0x02,0x00,0x00,0x00,0x00,0x00
   141 000065D9 000000000000000840- <1>
   141 000065E2 020000000000        <1>
   142 000065E8 000040160000000000- <1>     db 0x00,0x00,0x40,0x16,0x00,0x00,0x00,0x00,0x00,0x00,0x00,0x00,0x00,0x00,0xD0,0x07,0x00,0x00,0xE4,0xBF,0xFA,0x7F,0x00,0x00
   142 000065F1 0000000000D0070000- <1>
   142 000065FA E4BFFA7F0000        <1>
   143 00006600 000000000000000000- <1>     db 0x00,0x00,0x00,0x00,0x00,0x00,0x00,0x00,0x00,0x00,0x00,0x00,0x00,0x50,0x00,0x00,0x00,0x00,0x00,0x00,0x00,0x00,0x00,0x00
   143 00006609 000000005000000000- <1>
   143 00006612 000000000000        <1>
   144 00006618 000000000000B40100- <1>     db 0x00,0x00,0x00,0x00,0x00,0x00,0xB4,0x01,0x00,0x00,0xF9,0xFF,0xFF,0x6B,0x00,0x00,0x00,0x00,0x00,0x00,0x00,0x00,0x00,0x00
   144 00006621 00F9FFFF6B00000000- <1>
   144 0000662A 000000000000        <1>
   145 00006630 000000000038000000- <1>     db 0x00,0x00,0x00,0x00,0x00,0x38,0x00,0x00,0x00,0x00,0x00,0x00,0x00,0x00,0x00,0x00,0x00,0x00,0x00,0x00,0x00,0x00,0x7E,0x00
   145 00006639 000000000000000000- <1>
   145 00006642 000000007E00        <1>
   146 00006648 0000A5FFFF0A000000- <1>     db 0x00,0x00,0xA5,0xFF,0xFF,0x0A,0x00,0x00,0x00,0x00,0x00,0x00,0x00,0x00,0x00,0x01,0x00,0x00,0x00,0x00,0x01,0x04,0x00,0x00
   146 00006651 000000000000010000- <1>
   146 0000665A 000001040000        <1>
   147 00006660 000000000000000000- <1>     db 0x00,0x00,0x00,0x00,0x00,0x00,0x00,0x00,0x00,0x00,0x00,0x00,0x00,0x80,0x1F,0x00,0x00,0x00,0xE9,0xEE,0x5A,0x00,0x00,0x00
   147 00006669 00000000801F000000- <1>
   147 00006672 E9EE5A000000        <1>
   148 00006678 000000000000900B00- <1>     db 0x00,0x00,0x00,0x00,0x00,0x00,0x90,0x0B,0x00,0x00,0x00,0xE4,0x01,0x00,0x00,0x00,0x04,0x00,0x00,0x00,0x00,0x00,0x00,0x00
   148 00006681 0000E4010000000400- <1>
   148 0000668A 000000000000        <1>
   149 00006690 0000000000E0020000- <1>     db 0x00,0x00,0x00,0x00,0x00,0xE0,0x02,0x00,0x00,0x00,0x65,0x56,0x01,0x00,0x00,0x00,0x00,0x00,0x00,0x00,0x00,0x00,0x40,0x7F
   149 00006699 006556010000000000- <1>
   149 000066A2 00000000407F        <1>
   150 000066A8 004040BF000000A407- <1>     db 0x00,0x40,0x40,0xBF,0x00,0x00,0x00,0xA4,0x07,0x00,0x00,0x00,0x00,0x00,0x00,0x00,0x00,0x00,0x00,0x00,0x00,0xBD,0x00,0x00
   150 000066B1 000000000000000000- <1>
   150 000066BA 000000BD0000        <1>
   151 000066C0 000040010000000000- <1>     db 0x00,0x00,0x40,0x01,0x00,0x00,0x00,0x00,0x00,0x00,0x00,0x00,0x00,0x00,0x00,0xF8,0x00,0x70,0xE0,0x3F,0x00,0x00,0x90,0xFF
   151 000066C9 000000000000F80070- <1>
   151 000066D2 E03F000090FF        <1>
   152 000066D8 010000000000000000- <1>     db 0x01,0x00,0x00,0x00,0x00,0x00,0x00,0x00,0x00,0x00,0x00,0x00,0x40,0x1F,0x00,0x00,0x00,0x00,0x00,0x00,0x00,0x00,0x00,0x00
   152 000066E1 000000401F00000000- <1>
   152 000066EA 000000000000        <1>
   153 000066F0 00000000000000E401- <1>     db 0x00,0x00,0x00,0x00,0x00,0x00,0x00,0xE4,0x01,0x14,0xF4,0x1F,0x00,0x00,0xFE,0x7F,0x00,0x00,0x00,0x00,0x00,0x00,0x00,0x00
   153 000066F9 14F41F0000FE7F0000- <1>
   153 00006702 000000000000        <1>
   154 00006708 00000000E002000000- <1>     db 0x00,0x00,0x00,0x00,0xE0,0x02,0x00,0x00,0x00,0x00,0x00,0x00,0x00,0x00,0x00,0x00,0x00,0x00,0x00,0x00,0x00,0x00,0x00,0x00
   154 00006711 000000000000000000- <1>
   154 0000671A 000000000000        <1>
   155 00006720 0100FD0700C0FF1F00- <1>     db 0x01,0x00,0xFD,0x07,0x00,0xC0,0xFF,0x1F,0x00,0x00,0x00,0x00,0x00,0x00,0x00,0x00,0x00,0x00,0x00,0x00,0xBC,0x00,0x00,0x00
   155 00006729 000000000000000000- <1>
   155 00006732 0000BC000000        <1>
   156 00006738 000000000000000000- <1>     db 0x00,0x00,0x00,0x00,0x00,0x00,0x00,0x00,0x00,0x00,0x00,0x00,0x00,0x00,0x00,0x00,0x00,0x00,0xFF,0x02,0x00,0xF0,0xFF,0x07
   156 00006741 000000000000000000- <1>
   156 0000674A FF0200F0FF07        <1>
   157 00006750 000000000000000000- <1>     db 0x00,0x00,0x00,0x00,0x00,0x00,0x00,0x00,0x00,0x00,0x00,0x40,0x1F,0x00,0x00,0x00,0x00,0x00,0x00,0x00,0x00,0x00,0x00,0x00
   157 00006759 0000401F0000000000- <1>
   157 00006762 000000000000        <1>
   158 00006768 000000000000000000- <1>     db 0x00,0x00,0x00,0x00,0x00,0x00,0x00,0x00,0x00,0x80,0xBF,0x00,0x00,0xF8,0xFF,0x01,0x00,0x00,0x00,0x00,0x00,0x00,0x00,0x00
   158 00006771 80BF0000F8FF010000- <1>
   158 0000677A 000000000000        <1>
   159 00006780 000000D00600000000- <1>     db 0x00,0x00,0x00,0xD0,0x06,0x00,0x00,0x00,0x00,0x00,0x00,0x00,0x00,0x00,0x00,0x00,0x00,0x00,0x00,0x00,0x00,0x00,0x00,0x00
   159 00006789 000000000000000000- <1>
   159 00006792 000000000000        <1>
   160 00006798 00D03F0000FE7F0000- <1>     db 0x00,0xD0,0x3F,0x00,0x00,0xFE,0x7F,0x00,0x00,0x00,0x00,0x00,0x00,0x00,0x00,0x00,0x00,0x00,0x00,0xF8,0x01,0x00,0x00,0x00
   160 000067A1 000000000000000000- <1>
   160 000067AA 00F801000000        <1>
   161 000067B0 000000000000000000- <1>     db 0x00,0x00,0x00,0x00,0x00,0x00,0x00,0x00,0x00,0x00,0x00,0x00,0x00,0x00,0x00,0x00,0x00,0xF0,0x1F,0x00,0x80,0xBF,0x16,0x00
   161 000067B9 0000000000000000F0- <1>
   161 000067C2 1F0080BF1600        <1>
   162 000067C8 000000000000000000- <1>     db 0x00,0x00,0x00,0x00,0x00,0x00,0x00,0x00,0x00,0x00,0x00,0xAE,0x55,0x00,0x00,0x00,0x00,0x00,0x00,0x00,0x00,0x00,0x00,0x00
   162 000067D1 0000AE550000000000- <1>
   162 000067DA 000000000000        <1>
   163 000067E0 000000000000000000- <1>     db 0x00,0x00,0x00,0x00,0x00,0x00,0x00,0x00,0x00,0xF8,0x07,0x00,0x90,0x05,0x00,0x00,0x40,0x05,0x00,0x00,0x00,0x00,0x00,0x00
   163 000067E9 F80700900500004005- <1>
   163 000067F2 000000000000        <1>
   164 000067F8 0000D0FF1B00000000- <1>     db 0x00,0x00,0xD0,0xFF,0x1B,0x00,0x00,0x00,0x00,0x00,0x00,0x00,0x00,0x00,0x00,0x00,0x00,0x00,0x00,0x00,0x00,0x00,0x00,0x00
   164 00006801 000000000000000000- <1>
   164 0000680A 000000000000        <1>
   165 00006810 00FE02190000000080- <1>     db 0x00,0xFE,0x02,0x19,0x00,0x00,0x00,0x00,0x80,0x06,0x00,0x00,0x00,0x00,0x00,0x00,0x00,0x00,0xF4,0xBF,0x01,0x00,0x00,0x00
   165 00006819 060000000000000000- <1>
   165 00006822 F4BF01000000        <1>
   166 00006828 000000000000000000- <1>     db 0x00,0x00,0x00,0x00,0x00,0x00,0x00,0x00,0x00,0x00,0x00,0x00,0x00,0x00,0x40,0x00,0x40,0xBF,0x40,0x06,0x00,0x00,0x00,0x00
   166 00006831 0000000000400040BF- <1>
   166 0000683A 400600000000        <1>
   167 00006840 000000000000000000- <1>     db 0x00,0x00,0x00,0x00,0x00,0x00,0x00,0x00,0x00,0x00,0xBE,0x7F,0x00,0x00,0x00,0x00,0x00,0x00,0x00,0x00,0x00,0x00,0x00,0x00
   167 00006849 00BE7F000000000000- <1>
   167 00006852 000000000000        <1>
   168 00006858 0000000000008001C0- <1>     db 0x00,0x00,0x00,0x00,0x00,0x00,0x80,0x01,0xC0,0x1B,0x00,0x00,0x00,0x00,0x00,0x00,0x00,0x00,0x00,0x00,0x00,0x00,0x00,0x00
   168 00006861 1B0000000000000000- <1>
   168 0000686A 000000000000        <1>
   169 00006870 00809B1B0000000000- <1>     db 0x00,0x80,0x9B,0x1B,0x00,0x00,0x00,0x00,0x00,0x00,0x00,0x00,0x00,0x00,0x00,0x00,0x00,0x00,0x00,0x00,0x00,0x00,0x00,0x07
   169 00006879 000000000000000000- <1>
   169 00006882 000000000007        <1>
   170 00006888 500000000000000000- <1>     db 0x50,0x00,0x00,0x00,0x00,0x00,0x00,0x00,0x00,0x00,0x00,0x00,0x00,0x00,0x00,0x00,0x00,0xE0,0xB5,0x09,0x00,0x00,0x00,0x00
   170 00006891 0000000000000000E0- <1>
   170 0000689A B50900000000        <1>
   171 000068A0 000000000000000000- <1>     db 0x00,0x00,0x00,0x00,0x00,0x00,0x00,0x00,0x00,0x00,0x00,0x00,0x00,0x40,0x50,0x0E,0x00,0x00,0x00,0x00,0x00,0x00,0x00,0x00
   171 000068A9 0000000040500E0000- <1>
   171 000068B2 000000000000        <1>
   172 000068B8 000000000000000000- <1>     db 0x00,0x00,0x00,0x00,0x00,0x00,0x00,0x00,0x00,0x64,0x14,0x00,0x00,0x00,0x00,0x00,0x00,0x00,0x00,0x00,0x00,0x00,0x00,0x00
   172 000068C1 641400000000000000- <1>
   172 000068CA 000000000000        <1>
   173 000068D0 000000000000862F00- <1>     db 0x00,0x00,0x00,0x00,0x00,0x00,0x86,0x2F,0x00,0x04,0x00,0x00,0x00,0x6A,0x00,0x00,0x00,0x00,0x00,0x00,0x00,0x00,0x00,0x00
   173 000068D9 040000006A00000000- <1>
   173 000068E2 000000000000        <1>
   174 000068E8 40EB07020000000000- <1>     db 0x40,0xEB,0x07,0x02,0x00,0x00,0x00,0x00,0x00,0x00,0x00,0x00,0x00,0x00,0x00,0x00,0x00,0x00,0x00,0x00,0x00,0x00,0x1C,0x3F
   174 000068F1 000000000000000000- <1>
   174 000068FA 000000001C3F        <1>
   175 00006900 0000000000A9010000- <1>     db 0x00,0x00,0x00,0x00,0x00,0xA9,0x01,0x00,0x00,0x00,0x15,0x00,0x00,0x00,0x00,0x00,0xD0,0xFF,0xC6,0x01,0x00,0x00,0x00,0x00
   175 00006909 00150000000000D0FF- <1>
   175 00006912 C60100000000        <1>
   176 00006918 000000000000000000- <1>     db 0x00,0x00,0x00,0x00,0x00,0x00,0x00,0x00,0x00,0x00,0x00,0x00,0x00,0x40,0xB5,0xBE,0x00,0xA4,0x6A,0x00,0x00,0x00,0x00,0x00
   176 00006921 0000000040B5BE00A4- <1>
   176 0000692A 6A0000000000        <1>
   177 00006930 00402A0000000000F4- <1>     db 0x00,0x40,0x2A,0x00,0x00,0x00,0x00,0x00,0xF4,0x7F,0xD0,0x01,0x00,0x00,0x00,0x00,0x00,0x00,0x00,0x00,0x00,0x00,0x00,0x00
   177 00006939 7FD001000000000000- <1>
   177 00006942 000000000000        <1>
   178 00006948 000000000001EBFE00- <1>     db 0x00,0x00,0x00,0x00,0x00,0x01,0xEB,0xFE,0x00,0xE4,0xFF,0x06,0x00,0x00,0x00,0x00,0x00,0x00,0x00,0x00,0x00,0x00,0x00,0x00
   178 00006951 E4FF06000000000000- <1>
   178 0000695A 000000000000        <1>
   179 00006960 1C00E0000040150000- <1>     db 0x1C,0x00,0xE0,0x00,0x00,0x40,0x15,0x00,0x00,0x00,0x00,0x00,0x00,0x00,0x00,0x05,0x00,0x00,0x00,0x00,0x00,0x19,0xFE,0xDB
   179 00006969 000000000000050000- <1>
   179 00006972 00000019FEDB        <1>
   180 00006978 0280FF2F0000000000- <1>     db 0x02,0x80,0xFF,0x2F,0x00,0x00,0x00,0x00,0x00,0x00,0x00,0x00,0x00,0x00,0x00,0x00,0x06,0x00,0x74,0x00,0x00,0x04,0xBD,0x05
   180 00006981 000000000000000600- <1>
   180 0000698A 74000004BD05        <1>
   181 00006990 00000000000000A411- <1>     db 0x00,0x00,0x00,0x00,0x00,0x00,0x00,0xA4,0x11,0x00,0x00,0x00,0x00,0xB8,0xFC,0x0F,0x02,0x00,0xA9,0x6A,0x00,0x00,0x00,0x00
   181 00006999 00000000B8FC0F0200- <1>
   181 000069A2 A96A00000000        <1>
   182 000069A8 000000000000000002- <1>     db 0x00,0x00,0x00,0x00,0x00,0x00,0x00,0x00,0x02,0x00,0x78,0x00,0x00,0xE0,0xBA,0x01,0x00,0x00,0x00,0x00,0x00,0x00,0xA9,0xEA
   182 000069B1 00780000E0BA010000- <1>
   182 000069BA 00000000A9EA        <1>
   183 000069C0 EB5B000000E0FE1F04- <1>     db 0xEB,0x5B,0x00,0x00,0x00,0xE0,0xFE,0x1F,0x04,0x00,0x00,0x00,0x00,0x00,0x00,0x00,0x00,0x00,0x00,0x00,0x00,0x00,0x00,0x00
   183 000069C9 000000000000000000- <1>
   183 000069D2 000000000000        <1>
   184 000069D8 02002C000054E60700- <1>     db 0x02,0x00,0x2C,0x00,0x00,0x54,0xE6,0x07,0x00,0x00,0x00,0x00,0x00,0x54,0xFA,0xFF,0xFF,0x97,0x1A,0x00,0x00,0x50,0x7F,0x2F
   184 000069E1 0000000054FAFFFF97- <1>
   184 000069EA 1A0000507F2F        <1>
   185 000069F0 400100000000000000- <1>     db 0x40,0x01,0x00,0x00,0x00,0x00,0x00,0x00,0x00,0x00,0x00,0x00,0x00,0x00,0x00,0x00,0x02,0x00,0x09,0x00,0x00,0xF4,0xEF,0x6A
   185 000069F9 000000000000000200- <1>
   185 00006A02 090000F4EF6A        <1>
   186 00006A08 446E01000094FF9B56- <1>     db 0x44,0x6E,0x01,0x00,0x00,0x94,0xFF,0x9B,0x56,0x1A,0x00,0x00,0x00,0x00,0x7E,0x3D,0x00,0x02,0x00,0x00,0x00,0x00,0x00,0x00
   186 00006A11 1A000000007E3D0002- <1>
   186 00006A1A 000000000000        <1>
   187 00006A20 000000000000000085- <1>     db 0x00,0x00,0x00,0x00,0x00,0x00,0x00,0x00,0x85,0x05,0x00,0x00,0x00,0x59,0xFF,0x01,0xA0,0x14,0x00,0x00,0x90,0xFF,0xAB,0x2A
   187 00006A29 0500000059FF01A014- <1>
   187 00006A32 000090FFAB2A        <1>
   188 00006A38 000000000000BC7800- <1>     db 0x00,0x00,0x00,0x00,0x00,0x00,0xBC,0x78,0x00,0x00,0x00,0x00,0x00,0x00,0x00,0x00,0x00,0x00,0x00,0x00,0x00,0x00,0x00,0x00
   188 00006A41 000000000000000000- <1>
   188 00006A4A 000000000000        <1>
   189 00006A50 0802000000E5EB4615- <1>     db 0x08,0x02,0x00,0x00,0x00,0xE5,0xEB,0x46,0x15,0x00,0x00,0x00,0xF9,0x1A,0x00,0x00,0x00,0x00,0x00,0x00,0x00,0x00,0xF8,0x70
   189 00006A59 000000F91A00000000- <1>
   189 00006A62 00000000F870        <1>
   190 00006A68 000000000000000000- <1>     db 0x00,0x00,0x00,0x00,0x00,0x00,0x00,0x00,0x00,0x00,0x00,0x00,0x00,0x00,0x00,0x00,0x24,0x00,0x00,0x00,0x00,0x54,0x0F,0x41
   190 00006A71 000000000000002400- <1>
   190 00006A7A 000000540F41        <1>
   191 00006A80 1B0000E41B00000000- <1>     db 0x1B,0x00,0x00,0xE4,0x1B,0x00,0x00,0x00,0x00,0x00,0x00,0x00,0x00,0x00,0xF4,0xA0,0x00,0x00,0x00,0x00,0x00,0x00,0x00,0x00
   191 00006A89 0000000000F4A00000- <1>
   191 00006A92 000000000000        <1>
   192 00006A98 000000000000000060- <1>     db 0x00,0x00,0x00,0x00,0x00,0x00,0x00,0x00,0x60,0x00,0x00,0x00,0x00,0x64,0x14,0x55,0x01,0x00,0x00,0x6E,0x00,0x00,0x00,0x00
   192 00006AA1 000000006414550100- <1>
   192 00006AAA 006E00000000        <1>
   193 00006AB0 000000000000F09000- <1>     db 0x00,0x00,0x00,0x00,0x00,0x00,0xF0,0x90,0x00,0x00,0x00,0x00,0x68,0x00,0x00,0x00,0x00,0x00,0x00,0x00,0x00,0x00,0x00,0x00
   193 00006AB9 000000680000000000- <1>
   193 00006AC2 000000000000        <1>
   194 00006AC8 D06100004000E02500- <1>     db 0xD0,0x61,0x00,0x00,0x40,0x00,0xE0,0x25,0x00,0x00,0xE4,0x06,0x00,0x00,0x00,0x00,0x00,0x00,0x00,0x00,0x00,0x00,0xF0,0x80
   194 00006AD1 00E406000000000000- <1>
   194 00006ADA 00000000F080        <1>
   195 00006AE0 00000000F407000000- <1>     db 0x00,0x00,0x00,0x00,0xF4,0x07,0x00,0x00,0x00,0x00,0x00,0x00,0x00,0x00,0x00,0x00,0x40,0xEB,0x5B,0x01,0x40,0x01,0x59,0x00
   195 00006AE9 0000000000000040EB- <1>
   195 00006AF2 5B0140015900        <1>
   196 00006AF8 00402E000000000000- <1>     db 0x00,0x40,0x2E,0x00,0x00,0x00,0x00,0x00,0x00,0x00,0x00,0x00,0x00,0x00,0xE0,0x40,0x00,0xC0,0x01,0x00,0xD0,0x1F,0x00,0x00
   196 00006B01 0000000000E04000C0- <1>
   196 00006B0A 0100D01F0000        <1>
   197 00006B10 000000000000000000- <1>     db 0x00,0x00,0x00,0x00,0x00,0x00,0x00,0x00,0x00,0xE8,0xEA,0xFF,0xAA,0x7A,0x01,0x09,0x00,0x50,0x01,0x00,0x00,0x55,0x40,0x00
   197 00006B19 E8EAFFAA7A01090050- <1>
   197 00006B22 010000554000        <1>
   198 00006B28 000000000000E00000- <1>     db 0x00,0x00,0x00,0x00,0x00,0x00,0xE0,0x00,0x00,0x40,0x0B,0x00,0x40,0x7E,0x00,0x00,0x00,0x00,0x00,0x00,0x00,0x00,0x00,0x00
   198 00006B31 400B00407E00000000- <1>
   198 00006B3A 000000000000        <1>
   199 00006B40 00004465A902D02F00- <1>     db 0x00,0x00,0x44,0x65,0xA9,0x02,0xD0,0x2F,0x00,0x04,0x00,0x40,0x15,0x50,0x01,0x15,0x00,0x00,0x00,0x00,0x00,0x00,0xA0,0x00
   199 00006B49 040040155001150000- <1>
   199 00006B52 00000000A000        <1>
   200 00006B58 00001E000090010000- <1>     db 0x00,0x00,0x1E,0x00,0x00,0x90,0x01,0x00,0x00,0x00,0x00,0x00,0x00,0x00,0x00,0x00,0x00,0x00,0x18,0x00,0x00,0x01,0xD0,0x7F
   200 00006B61 000000000000000000- <1>
   200 00006B6A 18000001D07F        <1>
   201 00006B70 00004015000000600A- <1>     db 0x00,0x00,0x40,0x15,0x00,0x00,0x00,0x60,0x0A,0x00,0x00,0x00,0x00,0x00,0xA0,0x00,0x00,0x00,0x24,0x00,0x00,0x00,0x00,0x00
   201 00006B79 0000000000A0000000- <1>
   201 00006B82 240000000000        <1>
   202 00006B88 000000000000000000- <1>     db 0x00,0x00,0x00,0x00,0x00,0x00,0x00,0x00,0x00,0x00,0x74,0x00,0x00,0x04,0x80,0xFF,0x00,0x00,0x69,0x00,0x00,0x00,0x00,0x00
   202 00006B91 007400000480FF0000- <1>
   202 00006B9A 690000000000        <1>
   203 00006BA0 3D0800000000600000- <1>     db 0x3D,0x08,0x00,0x00,0x00,0x00,0x60,0x00,0x00,0x00,0x00,0x00,0x00,0x00,0x00,0x00,0x00,0x00,0x00,0x00,0x00,0x00,0x00,0x00
   203 00006BA9 000000000000000000- <1>
   203 00006BB2 000000000000        <1>
   204 00006BB8 0000E042000400FE02- <1>     db 0x00,0x00,0xE0,0x42,0x00,0x04,0x00,0xFE,0x02,0x64,0x01,0x00,0x00,0x00,0x00,0x00,0xF0,0x14,0x00,0x00,0x00,0x00,0x20,0x00
   204 00006BC1 64010000000000F014- <1>
   204 00006BCA 000000002000        <1>
   205 00006BD0 000000000000000000- <1>     db 0x00,0x00,0x00,0x00,0x00,0x00,0x00,0x00,0x00,0x00,0x00,0x00,0x00,0x00,0x00,0x00,0x00,0x00,0x80,0xAF,0x04,0x00,0x00,0xFC
   205 00006BD9 000000000000000000- <1>
   205 00006BE2 80AF040000FC        <1>
   206 00006BE8 4B05000000000000D0- <1>     db 0x4B,0x05,0x00,0x00,0x00,0x00,0x00,0x00,0xD0,0x36,0x00,0x00,0x00,0x00,0x20,0x00,0x00,0x00,0x00,0x00,0x00,0x00,0x00,0x00
   206 00006BF1 360000000020000000- <1>
   206 00006BFA 000000000000        <1>
   207 00006C00 000000000000000000- <1>     db 0x00,0x00,0x00,0x00,0x00,0x00,0x00,0x00,0x00,0x00,0x00,0xFD,0x5E,0x15,0x00,0xF4,0x1F,0x00,0x00,0x00,0x00,0x00,0x00,0x00
   207 00006C09 0000FD5E1500F41F00- <1>
   207 00006C12 000000000000        <1>
   208 00006C18 80B700000000100000- <1>     db 0x80,0xB7,0x00,0x00,0x00,0x00,0x10,0x00,0x00,0x00,0x00,0x00,0x00,0x00,0x00,0x00,0x00,0x00,0x00,0x00,0x00,0x00,0x00,0x00
   208 00006C21 000000000000000000- <1>
   208 00006C2A 000000000000        <1>
   209 00006C30 00000090FFFF06D07F- <1>     db 0x00,0x00,0x00,0x90,0xFF,0xFF,0x06,0xD0,0x7F,0x00,0x00,0x00,0x00,0x00,0x00,0x00,0x40,0xFE,0x00,0x00,0x00,0x00,0x00,0x00
   209 00006C39 0000000000000040FE- <1>
   209 00006C42 000000000000        <1>
   210 00006C48 000000000000000000- <1>     db 0x00,0x00,0x00,0x00,0x00,0x00,0x00,0x00,0x00,0x00,0x00,0x00,0x00,0x00,0x00,0x00,0x00,0x00,0x00,0x00,0x91,0x56,0x00,0x52
   210 00006C51 000000000000000000- <1>
   210 00006C5A 000091560052        <1>
   211 00006C60 FF0100000000000000- <1>     db 0xFF,0x01,0x00,0x00,0x00,0x00,0x00,0x00,0x00,0xFE,0x01,0x00,0x00,0x00,0x00,0x00,0x00,0x00,0x00,0x00,0x00,0x00,0x00,0x00
   211 00006C69 FE0100000000000000- <1>
   211 00006C72 000000000000        <1>
   212 00006C78 000000000000000000- <1>     db 0x00,0x00,0x00,0x00,0x00,0x00,0x00,0x00,0x00,0x00,0x00,0x00,0x00,0x00,0x00,0xD8,0xFD,0x07,0x00,0x00,0x00,0x00,0x00,0x00
   212 00006C81 000000000000D8FD07- <1>
   212 00006C8A 000000000000        <1>
   213 00006C90 00F902000000000000- <1>     db 0x00,0xF9,0x02,0x00,0x00,0x00,0x00,0x00,0x00,0x00,0x00,0x00,0x00,0x00,0x00,0x00,0x00,0x00,0x00,0x00,0x00,0x00,0x00,0x00
   213 00006C99 000000000000000000- <1>
   213 00006CA2 000000000000        <1>
   214 00006CA8 00000000000000A0F6- <1>     db 0x00,0x00,0x00,0x00,0x00,0x00,0x00,0xA0,0xF6,0x1F,0x00,0x00,0x00,0x00,0x00,0x00,0x00,0xF4,0x12,0x00,0x00,0x00,0x00,0x00
   214 00006CB1 1F00000000000000F4- <1>
   214 00006CBA 120000000000        <1>
   215 00006CC0 000000090000000000- <1>     db 0x00,0x00,0x00,0x09,0x00,0x00,0x00,0x00,0x00,0x00,0x00,0x00,0x00,0x00,0x00,0x00,0x00,0x00,0x00,0x00,0x00,0x00,0x00,0x80
   215 00006CC9 000000000000000000- <1>
   215 00006CD2 000000000080        <1>
   216 00006CD8 8B7F00000000000000- <1>     db 0x8B,0x7F,0x00,0x00,0x00,0x00,0x00,0x00,0x00,0xF4,0x23,0x00,0x00,0x00,0x00,0x00,0x00,0x00,0x00,0x28,0x00,0x00,0x00,0x00
   216 00006CE1 F42300000000000000- <1>
   216 00006CEA 002800000000        <1>
   217 00006CF0 000000000000000000- <1>     db 0x00,0x00,0x00,0x00,0x00,0x00,0x00,0x00,0x00,0x00,0x00,0x00,0x00,0x00,0x00,0x00,0x1E,0xFD,0x02,0x00,0x00,0x00,0x00,0x00
   217 00006CF9 000000000000001EFD- <1>
   217 00006D02 020000000000        <1>
   218 00006D08 00F433000000000000- <1>     db 0x00,0xF4,0x33,0x00,0x00,0x00,0x00,0x00,0x00,0x00,0x00,0x10,0x00,0x00,0x00,0x00,0x00,0x00,0x00,0x00,0x00,0x00,0x00,0x00
   218 00006D11 000010000000000000- <1>
   218 00006D1A 000000000000        <1>
   219 00006D20 000000000000000074- <1>     db 0x00,0x00,0x00,0x00,0x00,0x00,0x00,0x00,0x74,0xE4,0x0B,0x00,0x00,0x00,0x00,0x00,0x00,0xF4,0x37,0x00,0x00,0x00,0x00,0x00
   219 00006D29 E40B000000000000F4- <1>
   219 00006D32 370000000000        <1>
   220 00006D38 000000000000000000- <1>     db 0x00,0x00,0x00,0x00,0x00,0x00,0x00,0x00,0x00,0x00,0x00,0x00,0x00,0x00,0x00,0x00,0x00,0x00,0x00,0x00,0x00,0x00,0x00,0x00
   220 00006D41 000000000000000000- <1>
   220 00006D4A 000000000000        <1>
   221 00006D50 80417F000000000000- <1>     db 0x80,0x41,0x7F,0x00,0x00,0x00,0x00,0x00,0x00,0xB4,0x3B,0x00,0x00,0x00,0x00,0x00,0x00,0x00,0x00,0x00,0x00,0x00,0x00,0x00
   221 00006D59 B43B00000000000000- <1>
   221 00006D62 000000000000        <1>
   222 00006D68 000000000000000000- <1>     db 0x00,0x00,0x00,0x00,0x00,0x00,0x00,0x00,0x00,0x00,0x00,0x00,0x00,0x00,0x00,0x00,0x00,0x05,0xF4,0x02,0x00,0x00,0x00,0x00
   222 00006D71 000000000000000005- <1>
   222 00006D7A F40200000000        <1>
   223 00006D80 00742F100000000000- <1>     db 0x00,0x74,0x2F,0x10,0x00,0x00,0x00,0x00,0x00,0x00,0x00,0x00,0x00,0x00,0x00,0x00,0x00,0x00,0x00,0x00,0x00,0x00,0x00,0x00
   223 00006D89 000000000000000000- <1>
   223 00006D92 000000000000        <1>
   224 00006D98 000000000000000000- <1>     db 0x00,0x00,0x00,0x00,0x00,0x00,0x00,0x00,0x00,0x00,0x40,0x2E,0x00,0x00,0x00,0x00,0x00,0x68,0x1F,0x20,0x00,0x00,0x00,0x00
   224 00006DA1 00402E000000000068- <1>
   224 00006DAA 1F2000000000        <1>
   225 00006DB0 000000000000000000- <1>     db 0x00,0x00,0x00,0x00,0x00,0x00,0x00,0x00,0x00,0x00,0x00,0x00,0x00,0x00,0x00,0x00,0x00,0x00,0x00,0x00,0x00,0x00,0x00,0x00
   225 00006DB9 000000000000000000- <1>
   225 00006DC2 000000000000        <1>
   226 00006DC8 000080910100000000- <1>     db 0x00,0x00,0x80,0x91,0x01,0x00,0x00,0x00,0x00,0x88,0x1F,0x18,0x00,0x00,0x00,0x00,0x00,0x00,0x00,0x00,0x00,0x00,0x00,0x00
   226 00006DD1 881F18000000000000- <1>
   226 00006DDA 000000000000        <1>
   227 00006DE0 000000000000000000- <1>     db 0x00,0x00,0x00,0x00,0x00,0x00,0x00,0x00,0x00,0x00,0x00,0x00,0x00,0x00,0x00,0x00,0x00,0x00,0x00,0x02,0x00,0x00,0x00,0x00
   227 00006DE9 000000000000000000- <1>
   227 00006DF2 000200000000        <1>
   228 00006DF8 00850F0D0000000000- <1>     db 0x00,0x85,0x0F,0x0D,0x00,0x00,0x00,0x00,0x00,0x00,0x00,0x00,0x00,0x00,0x00,0x00,0x00,0x00,0x00,0x00,0x00,0x00,0x00,0x00
   228 00006E01 000000000000000000- <1>
   228 00006E0A 000000000000        <1>
   229 00006E10 000000000000000000- <1>     db 0x00,0x00,0x00,0x00,0x00,0x00,0x00,0x00,0x00,0x00,0x00,0x08,0x00,0x00,0x00,0x00,0x00,0xC1,0x0B,0x07,0x00,0x00,0x00,0x00
   229 00006E19 0000080000000000C1- <1>
   229 00006E22 0B0700000000        <1>
   230 00006E28 000000000000000000- <1>     db 0x00,0x00,0x00,0x00,0x00,0x00,0x00,0x00,0x00,0x00,0x00,0x00,0x00,0x00,0x00,0x00,0x00,0x00,0x00,0x00,0x00,0x00,0x00,0x00
   230 00006E31 000000000000000000- <1>
   230 00006E3A 000000000000        <1>
   231 00006E40 000000100000000000- <1>     db 0x00,0x00,0x00,0x10,0x00,0x00,0x00,0x00,0x00,0xD0,0x87,0x03,0x00,0x00,0x00,0x00,0x00,0x00,0x00,0x00,0x00,0x00,0x00,0x00
   231 00006E49 D08703000000000000- <1>
   231 00006E52 000000000000        <1>
   232 00006E58 000000000000000000- <1>     db 0x00,0x00,0x00,0x00,0x00,0x00,0x00,0x00,0x00,0x00,0x00,0x00,0x00,0x00,0x00,0x00,0x00,0x00,0x00,0x40,0x00,0x00,0x00,0x00
   232 00006E61 000000000000000000- <1>
   232 00006E6A 004000000000        <1>
   233 00006E70 00E0E3010000000000- <1>     db 0x00,0xE0,0xE3,0x01,0x00,0x00,0x00,0x00,0x00,0x00,0x00,0x00,0x00,0x00,0x00,0x00,0x00,0x00,0x00,0x00,0x00,0x00,0x00,0x00
   233 00006E79 000000000000000000- <1>
   233 00006E82 000000000000        <1>
   234 00006E88 000000000000000000- <1>     db 0x00,0x00,0x00,0x00,0x00,0x00,0x00,0x00,0x00,0x00,0x00,0x00,0x00,0x00,0x00,0x00,0x00,0xF0,0xB9,0x00,0x00,0x00,0x00,0x00
   234 00006E91 0000000000000000F0- <1>
   234 00006E9A B90000000000        <1>
   235 00006EA0 000000000000000000- <1>     db 0x00,0x00,0x00,0x00,0x00,0x00,0x00,0x00,0x00,0x00,0x00,0x00,0x00,0x00,0x00,0x00,0x00,0x00,0x00,0x00,0x00,0x00,0x00,0x00
   235 00006EA9 000000000000000000- <1>
   235 00006EB2 000000000000        <1>
   236 00006EB8 000000000000000000- <1>     db 0x00,0x00,0x00,0x00,0x00,0x00,0x00,0x00,0x00,0xF4,0x2E,0x00,0x00,0x00,0x00,0x00,0x00,0x00,0x00,0x00,0x00,0x00,0x00,0x00
   236 00006EC1 F42E00000000000000- <1>
   236 00006ECA 000000000000        <1>
   237 00006ED0 000000000000000000- <1>     db 0x00,0x00,0x00,0x00,0x00,0x00,0x00,0x00,0x00,0x00,0x00,0x00,0x00,0x00,0x00,0x00,0x00,0x00,0x00,0x00,0x00,0x00,0x00,0x00
   237 00006ED9 000000000000000000- <1>
   237 00006EE2 000000000000        <1>
   238 00006EE8 00F80F000000000000- <1>     db 0x00,0xF8,0x0F,0x00,0x00,0x00,0x00,0x00,0x00,0x00,0x00,0x00,0x00,0x00,0x00,0x00,0x00,0x00,0x00,0x00,0x00,0x00,0x00,0x00
   238 00006EF1 000000000000000000- <1>
   238 00006EFA 000000000000        <1>
   239 00006F00 000000000000000000- <1>     db 0x00,0x00,0x00,0x00,0x00,0x00,0x00,0x00,0x00,0x00,0x00,0x00,0x00,0x00,0x00,0x00,0x00,0xFD,0x07,0x00,0x00,0x00,0x00,0x00
   239 00006F09 0000000000000000FD- <1>
   239 00006F12 070000000000        <1>
   240 00006F18 000000000000000000- <1>     db 0x00,0x00,0x00,0x00,0x00,0x00,0x00,0x00,0x00,0x00,0x00,0x00,0x00,0x00,0x00,0x00,0x00,0x00,0x00,0x00,0x00,0x00,0x00,0x00
   240 00006F21 000000000000000000- <1>
   240 00006F2A 000000000000        <1>
   241 00006F30 000000000000000000- <1>     db 0x00,0x00,0x00,0x00,0x00,0x00,0x00,0x00,0x00,0xFE,0x01,0x00,0x00,0x00,0x00,0x00,0x00,0x00,0x00,0x00,0x00,0x00,0x00,0x00
   241 00006F39 FE0100000000000000- <1>
   241 00006F42 000000000000        <1>
   242 00006F48 000000000000000000- <1>     db 0x00,0x00,0x00,0x00,0x00,0x00,0x00,0x00,0x00,0x00,0x00,0x00,0x00,0x00,0x00,0x00,0x00,0x00,0x00,0x00,0x00,0x00,0x00,0x00
   242 00006F51 000000000000000000- <1>
   242 00006F5A 000000000000        <1>
   243 00006F60 407F00000000000000- <1>     db 0x40,0x7F,0x00,0x00,0x00,0x00,0x00,0x00,0x00,0x00,0x00,0x00,0x00,0x00,0x00,0x00,0x00,0x00,0x00,0x00,0x00,0x00,0x00,0x00
   243 00006F69 000000000000000000- <1>
   243 00006F72 000000000000        <1>
   244 00006F78 000000000000000000- <1>     db 0x00,0x00,0x00,0x00,0x00,0x00,0x00,0x00,0x00,0x00,0x00,0x00,0x00,0x00,0x00,0x00,0xD0,0x0B,0x00,0x00,0x00,0x00,0x00,0x00
   244 00006F81 00000000000000D00B- <1>
   244 00006F8A 000000000000        <1>
   245 00006F90 000000000000000000- <1>     db 0x00,0x00,0x00,0x00,0x00,0x00,0x00,0x00,0x00,0x00,0x00,0x00,0x00,0x00,0x00,0x00,0x00,0x00,0x00,0x00,0x00,0x00,0x00,0x00
   245 00006F99 000000000000000000- <1>
   245 00006FA2 000000000000        <1>
   246 00006FA8 0000000000000000F0- <1>     db 0x00,0x00,0x00,0x00,0x00,0x00,0x00,0x00,0xF0,0x02,0x00,0x00,0x00,0x00,0x00,0x00,0x00,0x00,0x00,0x00,0x00,0x00,0x00,0x00
   246 00006FB1 020000000000000000- <1>
   246 00006FBA 000000000000        <1>
   247 00006FC0 000000000000000000- <1>     db 0x00,0x00,0x00,0x00,0x00,0x00,0x00,0x00,0x00,0x00,0x00,0x00,0x00,0x00,0x00,0x00,0x00,0x00,0x00,0x00,0x00,0x00,0x00,0x00
   247 00006FC9 000000000000000000- <1>
   247 00006FD2 000000000000        <1>
   248 00006FD8 781800000000000000- <1>     db 0x78,0x18,0x00,0x00,0x00,0x00,0x00,0x00,0x00,0x00,0x00,0x00,0x00,0x00,0x00,0x00,0x00,0x00,0x00,0x00,0x00,0x00,0x00,0x00
   248 00006FE1 000000000000000000- <1>
   248 00006FEA 000000000000        <1>
   249 00006FF0 000000000000000000- <1>     db 0x00,0x00,0x00,0x00,0x00,0x00,0x00,0x00,0x00,0x00,0x00,0x00,0x00,0x00,0x00,0x00,0x46,0x06,0x00,0x00,0x00,0x00,0x00,0x00
   249 00006FF9 000000000000004606- <1>
   249 00007002 000000000000        <1>
   250 00007008 000000000000000000- <1>     db 0x00,0x00,0x00,0x00,0x00,0x00,0x00,0x00,0x00,0x00,0x00,0x00,0x00,0x00,0x00,0x00,0x00,0x00,0x00,0x00,0x00,0x00,0x00,0x00
   250 00007011 000000000000000000- <1>
   250 0000701A 000000000000        <1>
   251 00007020 0000000000000000D0- <1>     db 0x00,0x00,0x00,0x00,0x00,0x00,0x00,0x00,0xD0,0x01,0x00,0x00,0x00,0x00,0x00,0x00,0x00,0x00,0x00,0x00,0x00,0x00,0x00,0x00
   251 00007029 010000000000000000- <1>
   251 00007032 000000000000        <1>
   252 00007038 000000000000000000- <1>     db 0x00,0x00,0x00,0x00,0x00,0x00,0x00,0x00,0x00,0x00,0x00,0x00,0x00,0x00,0x00,0x00,0x00,0x00,0x00,0x00,0x00,0x00,0x00,0x00
   252 00007041 000000000000000000- <1>
   252 0000704A 000000000000        <1>
   253 00007050 740000000000000000- <1>     db 0x74,0x00,0x00,0x00,0x00,0x00,0x00,0x00,0x00,0x00,0x00,0x00,0x00,0x00,0x00,0x00,0x00,0x00,0x00,0x00,0x00,0x00,0x00,0x00
   253 00007059 000000000000000000- <1>
   253 00007062 000000000000        <1>
   254 00007068 000000000000000000- <1>     db 0x00,0x00,0x00,0x00,0x00,0x00,0x00,0x00,0x00,0x00,0x00,0x00,0x00,0x00,0x00,0x00,0x09,0x00,0x00,0x00,0x00,0x00,0x00,0x00
   254 00007071 000000000000000900- <1>
   254 0000707A 000000000000        <1>
   255 00007080 000000000000000000- <1>     db 0x00,0x00,0x00,0x00,0x00,0x00,0x00,0x00,0x00,0x00,0x00,0x00,0x00,0x00,0x00,0x00,0x00,0x00,0x00,0x00,0x00,0x00,0x00,0x00
   255 00007089 000000000000000000- <1>
   255 00007092 000000000000        <1>
   256 00007098 000000000000008001- <1>     db 0x00,0x00,0x00,0x00,0x00,0x00,0x00,0x80,0x01,0x00,0x00,0x00,0x00,0x00,0x00,0x00,0x00,0x00,0x00,0x00,0x00,0x00,0x00,0x00
   256 000070A1 000000000000000000- <1>
   256 000070AA 000000000000        <1>
   257 000070B0 000000000000000000- <1>     db 0x00,0x00,0x00,0x00,0x00,0x00,0x00,0x00,0x00,0x00,0x00,0x00,0x00,0x00,0x00,0x00,0x00,0x00,0x00,0x00,0x00,0x00,0x00,0x14
   257 000070B9 000000000000000000- <1>
   257 000070C2 000000000014        <1>
   258 000070C8 000000000000000000- <1>     db 0x00,0x00,0x00,0x00,0x00,0x00,0x00,0x00,0x00,0x00,0x00,0x00,0x00,0x00,0x00,0x00,0x00,0x00,0x00,0x00,0x00,0x00,0x00,0x00
   258 000070D1 000000000000000000- <1>
   258 000070DA 000000000000        <1>
   259                              <1> nova_error_mark_bitmap:
   260 000070E0 000000000000000000- <1>     db 0x00,0x00,0x00,0x00,0x00,0x00,0x00,0x00,0x00,0x00,0x00,0x00,0x00,0x00,0x00,0x00,0x00,0x00,0x00,0x00,0x00,0x00,0x00,0x00
   260 000070E9 000000000000000000- <1>
   260 000070F2 000000000000        <1>
   261 000070F8 000000000000000000- <1>     db 0x00,0x00,0x00,0x00,0x00,0x00,0x00,0x00,0x00,0x00,0x00,0x00,0x00,0x00,0x00,0x00,0x00,0x00,0x00,0x00,0x00,0x00,0x00,0x00
   261 00007101 000000000000000000- <1>
   261 0000710A 000000000000        <1>
   262 00007110 000000000000000000- <1>     db 0x00,0x00,0x00,0x00,0x00,0x00,0x00,0x00,0x00,0x00,0x00,0x00,0x00,0x00,0x00,0x00,0x00,0x00,0x00,0x00,0x00,0x00,0x00,0x00
   262 00007119 000000000000000000- <1>
   262 00007122 000000000000        <1>
   263 00007128 000000000000000000- <1>     db 0x00,0x00,0x00,0x00,0x00,0x00,0x00,0x00,0x00,0x00,0x00,0x00,0x00,0x00,0x00,0x00,0x00,0x00,0x00,0x00,0x00,0x00,0x00,0x00
   263 00007131 000000000000000000- <1>
   263 0000713A 000000000000        <1>
   264 00007140 000000000000000000- <1>     db 0x00,0x00,0x00,0x00,0x00,0x00,0x00,0x00,0x00,0x00,0x00,0x00,0x00,0x00,0x00,0x00,0x00,0x00,0x00,0x00,0x00,0x00,0x00,0x00
   264 00007149 000000000000000000- <1>
   264 00007152 000000000000        <1>
   265 00007158 000000000000000000- <1>     db 0x00,0x00,0x00,0x00,0x00,0x00,0x00,0x00,0x00,0x00,0x00,0x00,0x00,0x00,0x00,0x00,0x00,0x00,0x00,0x00,0x00,0x00,0x00,0xA8
   265 00007161 000000000000000000- <1>
   265 0000716A 0000000000A8        <1>
   266 00007170 6A0000000000000000- <1>     db 0x6A,0x00,0x00,0x00,0x00,0x00,0x00,0x00,0x00,0x00,0x00,0x00,0x00,0x00,0x00,0x00,0x00,0x00,0x00,0x00,0xFE,0x3F,0x00,0x00
   266 00007179 000000000000000000- <1>
   266 00007182 0000FE3F0000        <1>
   267 00007188 000000000000000000- <1>     db 0x00,0x00,0x00,0x00,0x00,0x00,0x00,0x00,0x00,0x00,0x00,0x00,0x00,0x00,0x00,0x00,0x80,0xFF,0x1F,0x00,0x00,0x00,0x00,0x00
   267 00007191 0000000000000080FF- <1>
   267 0000719A 1F0000000000        <1>
   268 000071A0 000000000000000000- <1>     db 0x00,0x00,0x00,0x00,0x00,0x00,0x00,0x00,0x00,0x00,0x00,0x00,0x00,0xD0,0xFF,0x07,0x00,0x00,0x00,0x00,0x00,0x00,0x00,0x00
   268 000071A9 00000000D0FF070000- <1>
   268 000071B2 000000000000        <1>
   269 000071B8 000000000000000000- <1>     db 0x00,0x00,0x00,0x00,0x00,0x00,0x00,0x00,0x00,0x00,0xF0,0xFF,0x02,0x00,0x00,0x00,0x00,0x00,0x00,0x00,0x00,0x00,0x00,0x00
   269 000071C1 00F0FF020000000000- <1>
   269 000071CA 000000000000        <1>
   270 000071D0 00000000000000F8FF- <1>     db 0x00,0x00,0x00,0x00,0x00,0x00,0x00,0xF8,0xFF,0x00,0x00,0x00,0x00,0x00,0x00,0x00,0x00,0x00,0x00,0x00,0x00,0x00,0x00,0x00
   270 000071D9 000000000000000000- <1>
   270 000071E2 000000000000        <1>
   271 000071E8 00000000FD7F000000- <1>     db 0x00,0x00,0x00,0x00,0xFD,0x7F,0x00,0x00,0x00,0x00,0x00,0x00,0x00,0x00,0x00,0x00,0x00,0x00,0x00,0x00,0x00,0x00,0x00,0x00
   271 000071F1 000000000000000000- <1>
   271 000071FA 000000000000        <1>
   272 00007200 00FF2F000000000000- <1>     db 0x00,0xFF,0x2F,0x00,0x00,0x00,0x00,0x00,0x00,0x00,0x00,0x00,0x00,0x00,0x00,0x00,0x00,0x00,0x00,0x00,0x00,0x80,0xFF,0x1F
   272 00007209 000000000000000000- <1>
   272 00007212 00000080FF1F        <1>
   273 00007218 000000000000000000- <1>     db 0x00,0x00,0x00,0x00,0x00,0x00,0x00,0x00,0x00,0x00,0x00,0x00,0x00,0x00,0x00,0x00,0x00,0x00,0xD0,0xFF,0x0B,0x00,0x00,0x00
   273 00007221 000000000000000000- <1>
   273 0000722A D0FF0B000000        <1>
   274 00007230 000000000000000000- <1>     db 0x00,0x00,0x00,0x00,0x00,0x00,0x00,0x00,0x00,0x00,0x00,0x00,0x00,0x00,0x00,0xE0,0xFF,0x03,0x00,0x00,0x00,0x00,0x00,0x00
   274 00007239 000000000000E0FF03- <1>
   274 00007242 000000000000        <1>
   275 00007248 000000000000000000- <1>     db 0x00,0x00,0x00,0x00,0x00,0x00,0x00,0x00,0x00,0x00,0x00,0x00,0xF4,0xFF,0x01,0x00,0x00,0x00,0x00,0x00,0x00,0x00,0x00,0x00
   275 00007251 000000F4FF01000000- <1>
   275 0000725A 000000000000        <1>
   276 00007260 000000000000000000- <1>     db 0x00,0x00,0x00,0x00,0x00,0x00,0x00,0x00,0x00,0xF8,0xFF,0x00,0x00,0x00,0x00,0x00,0x00,0x00,0x00,0x00,0x00,0x00,0x00,0x00
   276 00007269 F8FF00000000000000- <1>
   276 00007272 000000000000        <1>
   277 00007278 000000000000FD7F00- <1>     db 0x00,0x00,0x00,0x00,0x00,0x00,0xFD,0x7F,0x00,0x00,0x00,0x00,0x00,0x00,0x00,0x00,0x00,0x00,0x00,0x00,0x00,0x00,0x00,0x00
   277 00007281 000000000000000000- <1>
   277 0000728A 000000000000        <1>
   278 00007290 000000FE3F00000000- <1>     db 0x00,0x00,0x00,0xFE,0x3F,0x00,0x00,0x00,0x00,0x00,0x00,0x00,0x00,0x00,0x00,0x00,0x00,0x00,0x00,0x00,0x00,0x00,0x00,0x40
   278 00007299 000000000000000000- <1>
   278 000072A2 000000000040        <1>
   279 000072A8 FF2F00000000000000- <1>     db 0xFF,0x2F,0x00,0x00,0x00,0x00,0x00,0x00,0x00,0x00,0x00,0x00,0x00,0x00,0x00,0x00,0x00,0x00,0x00,0x00,0x80,0xFF,0x1F,0x00
   279 000072B1 000000000000000000- <1>
   279 000072BA 000080FF1F00        <1>
   280 000072C0 000000000000000000- <1>     db 0x00,0x00,0x00,0x00,0x00,0x00,0x00,0x00,0x00,0x00,0x00,0x00,0x00,0x00,0x00,0x00,0x00,0x80,0xFF,0x0B,0x00,0x00,0x00,0x00
   280 000072C9 000000000000000080- <1>
   280 000072D2 FF0B00000000        <1>
   281 000072D8 0000A06F0000000000- <1>     db 0x00,0x00,0xA0,0x6F,0x00,0x00,0x00,0x00,0x00,0x00,0x00,0x00,0x00,0x00,0xD0,0xFF,0x07,0x00,0x00,0x00,0x00,0x00,0x00,0xF8
   281 000072E1 0000000000D0FF0700- <1>
   281 000072EA 0000000000F8        <1>
   282 000072F0 FF0100000000000000- <1>     db 0xFF,0x01,0x00,0x00,0x00,0x00,0x00,0x00,0x00,0x00,0x00,0xE0,0xFF,0x03,0x00,0x00,0x00,0x00,0x00,0x00,0xFE,0xFF,0x03,0x00
   282 000072F9 0000E0FF0300000000- <1>
   282 00007302 0000FEFF0300        <1>
   283 00007308 0000000000000000E0- <1>     db 0x00,0x00,0x00,0x00,0x00,0x00,0x00,0x00,0xE0,0xFF,0x02,0x00,0x00,0x00,0x00,0x00,0x40,0xFF,0xFF,0x07,0x00,0x00,0x00,0x00
   283 00007311 FF02000000000040FF- <1>
   283 0000731A FF0700000000        <1>
   284 00007320 0000000000F4FF0100- <1>     db 0x00,0x00,0x00,0x00,0x00,0xF4,0xFF,0x01,0x00,0x00,0x00,0x00,0x00,0x40,0xFF,0xFF,0x0B,0x00,0x00,0x00,0x00,0x00,0x00,0x00
   284 00007329 0000000040FFFF0B00- <1>
   284 00007332 000000000000        <1>
   285 00007338 0000F4FF0000000000- <1>     db 0x00,0x00,0xF4,0xFF,0x00,0x00,0x00,0x00,0x00,0x00,0x40,0xFF,0xFF,0x0B,0x00,0x00,0x00,0x00,0x00,0x00,0x00,0x00,0x00,0xF8
   285 00007341 0040FFFF0B00000000- <1>
   285 0000734A 0000000000F8        <1>
   286 00007350 BF00000000000040FF- <1>     db 0xBF,0x00,0x00,0x00,0x00,0x00,0x00,0x40,0xFF,0xFF,0x07,0x00,0x00,0x00,0x00,0x00,0x00,0x00,0x00,0x00,0xFC,0xBF,0x00,0x00
   286 00007359 FF0700000000000000- <1>
   286 00007362 0000FCBF0000        <1>
   287 00007368 0000000000FEFF0200- <1>     db 0x00,0x00,0x00,0x00,0x00,0xFE,0xFF,0x02,0x00,0x00,0x00,0x00,0x00,0x00,0x00,0x00,0x00,0xFD,0x7F,0x00,0x00,0x00,0x00,0x00
   287 00007371 0000000000000000FD- <1>
   287 0000737A 7F0000000000        <1>
   288 00007380 0000F8FF0100000000- <1>     db 0x00,0x00,0xF8,0xFF,0x01,0x00,0x00,0x00,0x00,0x00,0x00,0x00,0x00,0x00,0xFD,0x7F,0x00,0x00,0x00,0x00,0x00,0x00,0x00,0x90
   288 00007389 0000000000FD7F0000- <1>
   288 00007392 000000000090        <1>
   289 00007398 2A0000000000000000- <1>     db 0x2A,0x00,0x00,0x00,0x00,0x00,0x00,0x00,0x00,0x00,0x00,0xFE,0x2F,0x00,0x00,0x00,0x00,0x00,0x00,0x00,0x00,0x00,0x00,0x00
   289 000073A1 0000FE2F0000000000- <1>
   289 000073AA 000000000000        <1>
   290 000073B0 0000000000000000FE- <1>     db 0x00,0x00,0x00,0x00,0x00,0x00,0x00,0x00,0xFE,0x2F,0x00,0x00,0x00,0x00,0x00,0x00,0x00,0x00,0x00,0x00,0x00,0x00,0x00,0x00
   290 000073B9 2F0000000000000000- <1>
   290 000073C2 000000000000        <1>
   291 000073C8 0000000000FF1F0000- <1>     db 0x00,0x00,0x00,0x00,0x00,0xFF,0x1F,0x00,0x00,0x00,0x00,0x00,0x00,0x00,0x00,0x00,0x00,0x00,0x00,0x00,0x00,0x00,0x00,0x00
   291 000073D1 000000000000000000- <1>
   291 000073DA 000000000000        <1>
   292 000073E0 0040FF1F0000000000- <1>     db 0x00,0x40,0xFF,0x1F,0x00,0x00,0x00,0x00,0x00,0x00,0x00,0x00,0x00,0x00,0x00,0x00,0x00,0x00,0x00,0x00,0x00,0x00,0x40,0xFF
   292 000073E9 000000000000000000- <1>
   292 000073F2 0000000040FF        <1>
   293 000073F8 1F0000000000000000- <1>     db 0x1F,0x00,0x00,0x00,0x00,0x00,0x00,0x00,0x00,0x00,0x00,0x00,0x00,0x00,0x00,0x00,0x00,0x00,0x00,0x40,0xFF,0x1F,0x00,0x00
   293 00007401 000000000000000000- <1>
   293 0000740A 0040FF1F0000        <1>
   294 00007410 000000000000000000- <1>     db 0x00,0x00,0x00,0x00,0x00,0x00,0x00,0x00,0x00,0x00,0x00,0x00,0x00,0x00,0x00,0x00,0x40,0xFF,0x0F,0x00,0x00,0x00,0x00,0x00
   294 00007419 0000000000000040FF- <1>
   294 00007422 0F0000000000        <1>
   295 00007428 000000000000000000- <1>     db 0x00,0x00,0x00,0x00,0x00,0x00,0x00,0x00,0x00,0x00,0x00,0x00,0x00,0x80,0xFF,0x0B,0x00,0x00,0x00,0x00,0x00,0x00,0x00,0x00
   295 00007431 0000000080FF0B0000- <1>
   295 0000743A 000000000000        <1>
   296 00007440 000000000000000000- <1>     db 0x00,0x00,0x00,0x00,0x00,0x00,0x00,0x00,0x00,0x00,0x80,0xFF,0x0B,0x00,0x00,0x00,0x00,0x00,0x00,0x00,0x00,0x00,0x00,0x00
   296 00007449 0080FF0B0000000000- <1>
   296 00007452 000000000000        <1>
   297 00007458 0000000000000080FF- <1>     db 0x00,0x00,0x00,0x00,0x00,0x00,0x00,0x80,0xFF,0x0B,0x00,0x00,0x00,0x00,0x00,0x00,0x00,0x00,0x00,0x00,0x00,0x00,0x00,0x00
   297 00007461 0B0000000000000000- <1>
   297 0000746A 000000000000        <1>
   298 00007470 0000000080FF0B0000- <1>     db 0x00,0x00,0x00,0x00,0x80,0xFF,0x0B,0x00,0x00,0x00,0x00,0x00,0x00,0x00,0x00,0x00,0x00,0x00,0x00,0x00,0x00,0x00,0x00,0x00
   298 00007479 000000000000000000- <1>
   298 00007482 000000000000        <1>
   299 00007488 0080FF0B0000000000- <1>     db 0x00,0x80,0xFF,0x0B,0x00,0x00,0x00,0x00,0x00,0x00,0x00,0x00,0x00,0x00,0x00,0x00,0x00,0x00,0x00,0x00,0x00,0x00,0x80,0xFF
   299 00007491 000000000000000000- <1>
   299 0000749A 0000000080FF        <1>
   300 000074A0 0B0000000000000000- <1>     db 0x0B,0x00,0x00,0x00,0x00,0x00,0x00,0x00,0x00,0x00,0x00,0x00,0x00,0x00,0x00,0x00,0x00,0x00,0x00,0x80,0xFF,0x0B,0x00,0x00
   300 000074A9 000000000000000000- <1>
   300 000074B2 0080FF0B0000        <1>
   301 000074B8 000000000000000000- <1>     db 0x00,0x00,0x00,0x00,0x00,0x00,0x00,0x00,0x00,0x00,0x00,0x00,0x00,0x00,0x00,0x00,0x80,0xFF,0x0B,0x00,0x00,0x00,0x00,0x00
   301 000074C1 0000000000000080FF- <1>
   301 000074CA 0B0000000000        <1>
   302 000074D0 000000000000000000- <1>     db 0x00,0x00,0x00,0x00,0x00,0x00,0x00,0x00,0x00,0x00,0x00,0x00,0x00,0x80,0xFF,0x0B,0x00,0x00,0x00,0x00,0x00,0x00,0x00,0x00
   302 000074D9 0000000080FF0B0000- <1>
   302 000074E2 000000000000        <1>
   303 000074E8 000000000000000000- <1>     db 0x00,0x00,0x00,0x00,0x00,0x00,0x00,0x00,0x00,0x00,0x80,0xFF,0x0B,0x00,0x00,0x00,0x00,0x00,0x00,0x00,0x00,0x00,0x00,0x00
   303 000074F1 0080FF0B0000000000- <1>
   303 000074FA 000000000000        <1>
   304 00007500 0000000000000080FF- <1>     db 0x00,0x00,0x00,0x00,0x00,0x00,0x00,0x80,0xFF,0x0B,0x00,0x00,0x00,0x00,0x00,0x00,0x00,0x00,0x00,0x00,0x00,0x00,0x00,0x00
   304 00007509 0B0000000000000000- <1>
   304 00007512 000000000000        <1>
   305 00007518 0000000080FF0B0000- <1>     db 0x00,0x00,0x00,0x00,0x80,0xFF,0x0B,0x00,0x00,0x00,0x00,0x00,0x00,0x00,0x00,0x00,0x00,0x00,0x00,0x00,0x00,0x00,0x00,0x00
   305 00007521 000000000000000000- <1>
   305 0000752A 000000000000        <1>
   306 00007530 0080FF0B0000000000- <1>     db 0x00,0x80,0xFF,0x0B,0x00,0x00,0x00,0x00,0x00,0x00,0x00,0x00,0x00,0x00,0x00,0x00,0x00,0x00,0x00,0x00,0x00,0x00,0x40,0xFF
   306 00007539 000000000000000000- <1>
   306 00007542 0000000040FF        <1>
   307 00007548 1F0000000000000000- <1>     db 0x1F,0x00,0x00,0x00,0x00,0x00,0x00,0x00,0x00,0x00,0x00,0x00,0x00,0x00,0x00,0x00,0x00,0x00,0x00,0x40,0xFF,0x1F,0x00,0x00
   307 00007551 000000000000000000- <1>
   307 0000755A 0040FF1F0000        <1>
   308 00007560 000000000000000000- <1>     db 0x00,0x00,0x00,0x00,0x00,0x00,0x00,0x00,0x00,0x00,0x00,0x00,0x00,0x00,0x00,0x00,0x40,0xFF,0x1F,0x00,0x00,0x00,0x00,0x00
   308 00007569 0000000000000040FF- <1>
   308 00007572 1F0000000000        <1>
   309 00007578 000000000000000000- <1>     db 0x00,0x00,0x00,0x00,0x00,0x00,0x00,0x00,0x00,0x00,0x00,0x00,0x00,0x40,0xFF,0x1F,0x00,0x00,0x00,0x00,0x00,0x00,0x00,0x00
   309 00007581 0000000040FF1F0000- <1>
   309 0000758A 000000000000        <1>
   310 00007590 000000000000000000- <1>     db 0x00,0x00,0x00,0x00,0x00,0x00,0x00,0x00,0x00,0x00,0x00,0xFE,0x2F,0x00,0x00,0x00,0x00,0x00,0x00,0x00,0x00,0x00,0x00,0x00
   310 00007599 0000FE2F0000000000- <1>
   310 000075A2 000000000000        <1>
   311 000075A8 0000000000000000FE- <1>     db 0x00,0x00,0x00,0x00,0x00,0x00,0x00,0x00,0xFE,0x2F,0x00,0x00,0x00,0x00,0x00,0x00,0x00,0x00,0x00,0x00,0x00,0x00,0x00,0x00
   311 000075B1 2F0000000000000000- <1>
   311 000075BA 000000000000        <1>
   312 000075C0 0000000000FE3F0000- <1>     db 0x00,0x00,0x00,0x00,0x00,0xFE,0x3F,0x00,0x00,0x00,0x00,0x00,0x00,0x00,0x50,0x55,0x01,0x00,0x00,0x00,0x00,0x00,0x00,0x00
   312 000075C9 000000000050550100- <1>
   312 000075D2 000000000000        <1>
   313 000075D8 0000FD7F0000000000- <1>     db 0x00,0x00,0xFD,0x7F,0x00,0x00,0x00,0x00,0x00,0x00,0x00,0xF8,0xFF,0x01,0x00,0x00,0x00,0x00,0x00,0x00,0x00,0x00,0x00,0xFD
   313 000075E1 0000F8FF0100000000- <1>
   313 000075EA 0000000000FD        <1>
   314 000075F0 7F00000000000000F8- <1>     db 0x7F,0x00,0x00,0x00,0x00,0x00,0x00,0x00,0xF8,0xFF,0x01,0x00,0x00,0x00,0x00,0x00,0x00,0x00,0x00,0x00,0xFC,0xBF,0x00,0x00
   314 000075F9 FF0100000000000000- <1>
   314 00007602 0000FCBF0000        <1>
   315 00007608 0000000000FDBF0000- <1>     db 0x00,0x00,0x00,0x00,0x00,0xFD,0xBF,0x00,0x00,0x00,0x00,0x00,0x00,0x00,0x00,0x00,0x00,0xF8,0xFF,0x00,0x00,0x00,0x00,0x00
   315 00007611 0000000000000000F8- <1>
   315 0000761A FF0000000000        <1>
   316 00007620 0000FDBF0000000000- <1>     db 0x00,0x00,0xFD,0xBF,0x00,0x00,0x00,0x00,0x00,0x00,0x00,0x00,0x00,0x00,0xF4,0xFF,0x01,0x00,0x00,0x00,0x00,0x00,0x00,0xFE
   316 00007629 0000000000F4FF0100- <1>
   316 00007632 0000000000FE        <1>
   317 00007638 7F0000000000000000- <1>     db 0x7F,0x00,0x00,0x00,0x00,0x00,0x00,0x00,0x00,0x00,0x00,0xF4,0xFF,0x02,0x00,0x00,0x00,0x00,0x00,0x00,0xFE,0x2F,0x00,0x00
   317 00007641 0000F4FF0200000000- <1>
   317 0000764A 0000FE2F0000        <1>
   318 00007650 0000000000000000E0- <1>     db 0x00,0x00,0x00,0x00,0x00,0x00,0x00,0x00,0xE0,0xFF,0x02,0x00,0x00,0x00,0x00,0x00,0x00,0xFF,0x2F,0x00,0x00,0x00,0x00,0x00
   318 00007659 FF02000000000000FF- <1>
   318 00007662 2F0000000000        <1>
   319 00007668 0000000000D0FF0700- <1>     db 0x00,0x00,0x00,0x00,0x00,0xD0,0xFF,0x07,0x00,0x00,0x00,0x00,0x00,0x40,0xFF,0x1F,0x00,0x00,0x00,0x00,0x00,0x00,0x00,0x00
   319 00007671 0000000040FF1F0000- <1>
   319 0000767A 000000000000        <1>
   320 00007680 0000D0FF0B00000000- <1>     db 0x00,0x00,0xD0,0xFF,0x0B,0x00,0x00,0x00,0x00,0x00,0x80,0xFF,0x0B,0x00,0x00,0x00,0x00,0x00,0x00,0x00,0x00,0x00,0x00,0x80
   320 00007689 0080FF0B0000000000- <1>
   320 00007692 000000000080        <1>
   321 00007698 FF0F000000000080FF- <1>     db 0xFF,0x0F,0x00,0x00,0x00,0x00,0x00,0x80,0xFF,0x0B,0x00,0x00,0x00,0x00,0x00,0x00,0x00,0x00,0x00,0x00,0x40,0xFF,0x1F,0x00
   321 000076A1 0B0000000000000000- <1>
   321 000076AA 000040FF1F00        <1>
   322 000076B0 00000000C0FF070000- <1>     db 0x00,0x00,0x00,0x00,0xC0,0xFF,0x07,0x00,0x00,0x00,0x00,0x00,0x00,0x00,0x00,0x00,0x00,0x00,0xFE,0x2F,0x00,0x00,0x00,0x00
   322 000076B9 000000000000000000- <1>
   322 000076C2 FE2F00000000        <1>
   323 000076C8 00D0FF020000000000- <1>     db 0x00,0xD0,0xFF,0x02,0x00,0x00,0x00,0x00,0x00,0x00,0x00,0x00,0x00,0x00,0x00,0xFD,0x7F,0x00,0x00,0x00,0x00,0x00,0xE0,0xFF
   323 000076D1 000000000000FD7F00- <1>
   323 000076DA 00000000E0FF        <1>
   324 000076E0 020000000000000000- <1>     db 0x02,0x00,0x00,0x00,0x00,0x00,0x00,0x00,0x00,0x00,0x00,0x00,0xFC,0xBF,0x00,0x00,0x00,0x00,0x00,0xE0,0xFF,0x01,0x00,0x00
   324 000076E9 000000FCBF00000000- <1>
   324 000076F2 00E0FF010000        <1>
   325 000076F8 000000000000000000- <1>     db 0x00,0x00,0x00,0x00,0x00,0x00,0x00,0x00,0x00,0xF4,0xFF,0x01,0x00,0x00,0x00,0x00,0xF0,0xBF,0x00,0x00,0x00,0x00,0x00,0x00
   325 00007701 F4FF0100000000F0BF- <1>
   325 0000770A 000000000000        <1>
   326 00007710 000000000000E0FF02- <1>     db 0x00,0x00,0x00,0x00,0x00,0x00,0xE0,0xFF,0x02,0x00,0x00,0x00,0x00,0xF4,0xBF,0x00,0x00,0x00,0x00,0x00,0x00,0x00,0x00,0x00
   326 00007719 00000000F4BF000000- <1>
   326 00007722 000000000000        <1>
   327 00007728 000000D0FF07000000- <1>     db 0x00,0x00,0x00,0xD0,0xFF,0x07,0x00,0x00,0x00,0x00,0xF4,0x7F,0x00,0x00,0x00,0x00,0x00,0x00,0x00,0x00,0x00,0x00,0x00,0x00
   327 00007731 00F47F000000000000- <1>
   327 0000773A 000000000000        <1>
   328 00007740 80FF0B00000000F83F- <1>     db 0x80,0xFF,0x0B,0x00,0x00,0x00,0x00,0xF8,0x3F,0x00,0x00,0x00,0x00,0x00,0x00,0x00,0x00,0x00,0x00,0x00,0x00,0x40,0xFF,0x2F
   328 00007749 000000000000000000- <1>
   328 00007752 00000040FF2F        <1>
   329 00007758 00000000F82F000000- <1>     db 0x00,0x00,0x00,0x00,0xF8,0x2F,0x00,0x00,0x00,0x00,0x00,0x00,0x00,0x00,0x00,0x00,0x00,0x00,0x00,0xFE,0x7F,0x00,0x00,0x00
   329 00007761 000000000000000000- <1>
   329 0000776A 00FE7F000000        <1>
   330 00007770 00FD1F000000000000- <1>     db 0x00,0xFD,0x1F,0x00,0x00,0x00,0x00,0x00,0x00,0x00,0x00,0x00,0x00,0x00,0x00,0x00,0xF8,0xBF,0x00,0x00,0x00,0x00,0xFD,0x0F
   330 00007779 00000000000000F8BF- <1>
   330 00007782 00000000FD0F        <1>
   331 00007788 000000000000000000- <1>     db 0x00,0x00,0x00,0x00,0x00,0x00,0x00,0x00,0x00,0x00,0x00,0x00,0x00,0xF4,0xFF,0x02,0x00,0x00,0x00,0xAD,0x0B,0x00,0x00,0x00
   331 00007791 00000000F4FF020000- <1>
   331 0000779A 00AD0B000000        <1>
   332 000077A0 000000000000000000- <1>     db 0x00,0x00,0x00,0x00,0x00,0x00,0x00,0x00,0x00,0x00,0xD0,0xFF,0x07,0x00,0x00,0x00,0x00,0x00,0x00,0x00,0x00,0x00,0x00,0x00
   332 000077A9 00D0FF070000000000- <1>
   332 000077B2 000000000000        <1>
   333 000077B8 0000000000000080FF- <1>     db 0x00,0x00,0x00,0x00,0x00,0x00,0x00,0x80,0xFF,0x0F,0x00,0x00,0x00,0x00,0x00,0x00,0x00,0x00,0x00,0x00,0x00,0x00,0x00,0x00
   333 000077C1 0F0000000000000000- <1>
   333 000077CA 000000000000        <1>
   334 000077D0 0000000000FE2F0000- <1>     db 0x00,0x00,0x00,0x00,0x00,0xFE,0x2F,0x00,0x00,0x00,0x00,0x00,0x00,0x00,0x00,0x00,0x00,0x00,0x00,0x00,0x00,0x00,0x00,0x00
   334 000077D9 000000000000000000- <1>
   334 000077E2 000000000000        <1>
   335 000077E8 0000A86A0000000000- <1>     db 0x00,0x00,0xA8,0x6A,0x00,0x00,0x00,0x00,0x00,0x00,0x00,0x00,0x00,0x00,0x00,0x00,0x00,0x00,0x00,0x00,0x00,0x00,0x00,0x00
   335 000077F1 000000000000000000- <1>
   335 000077FA 000000000000        <1>
   336 00007800 000000000000000000- <1>     db 0x00,0x00,0x00,0x00,0x00,0x00,0x00,0x00,0x00,0x00,0x00,0x00,0x00,0x00,0x00,0x00,0x00,0x00,0x00,0x00,0x00,0x00,0x00,0x00
   336 00007809 000000000000000000- <1>
   336 00007812 000000000000        <1>
   337 00007818 000000000000000000- <1>     db 0x00,0x00,0x00,0x00,0x00,0x00,0x00,0x00,0x00,0x00,0x00,0x00,0x00,0x00,0x00,0x00,0x00,0x00,0x00,0x00,0x00,0x00,0x00,0x00
   337 00007821 000000000000000000- <1>
   337 0000782A 000000000000        <1>
   338 00007830 000000000000000000- <1>     db 0x00,0x00,0x00,0x00,0x00,0x00,0x00,0x00,0x00,0x00,0x00,0x00,0x00,0x00,0x00,0x00,0x00,0x00
   338 00007839 000000000000000000  <1>
  3781                                  %include "boot-icons-aa.inc"
     1                              <1> ; 20x20 Pixel, 2 Bit Alpha, vier Pixel pro Byte.
     2                              <1> bm_icon_home:
     3 00007842 000000000000000000- <1>     db 0x00,0x00,0x00,0x00,0x00,0x00,0x00,0x00,0x00,0x00,0x00,0x00,0x28,0x00,0x00,0x00,0x00,0xBE,0x01,0x00
     3 0000784B 0000002800000000BE- <1>
     3 00007854 0100                <1>
     4 00007856 0080EB070000F4821F- <1>     db 0x00,0x80,0xEB,0x07,0x00,0x00,0xF4,0x82,0x1F,0x00,0x00,0xBD,0x00,0xBD,0x00,0x40,0x2F,0x00,0xF4,0x02
     4 0000785F 0000BD00BD00402F00- <1>
     4 00007868 F402                <1>
     5 0000786A E01F00F00B901F00F0- <1>     db 0xE0,0x1F,0x00,0xF0,0x0B,0x90,0x1F,0x00,0xF0,0x06,0x00,0x1E,0x00,0xF0,0x00,0x00,0x1E,0x54,0xF0,0x00
     5 00007873 06001E00F000001E54- <1>
     5 0000787C F000                <1>
     6 0000787E 001EEEF200001E4AF2- <1>     db 0x00,0x1E,0xEE,0xF2,0x00,0x00,0x1E,0x4A,0xF2,0x00,0x00,0x1E,0x4A,0xF2,0x00,0x00,0x1E,0x4A,0xF2,0x00
     6 00007887 00001E4AF200001E4A- <1>
     6 00007890 F200                <1>
     7 00007892 00AEEFFB0000FEFFBF- <1>     db 0x00,0xAE,0xEF,0xFB,0x00,0x00,0xFE,0xFF,0xBF,0x00,0x00,0x54,0x55,0x15,0x00,0x00,0x00,0x00,0x00,0x00
     7 0000789B 000054551500000000- <1>
     7 000078A4 0000                <1>
     8                              <1> bm_icon_install:
     9 000078A6 000000000000001000- <1>     db 0x00,0x00,0x00,0x00,0x00,0x00,0x00,0x10,0x00,0x00,0x00,0x00,0xAA,0x00,0x00,0x00,0x90,0x82,0x0B,0x00
     9 000078AF 000000AA0000009082- <1>
     9 000078B8 0B00                <1>
    10 000078BA 00E902690080062E90- <1>     db 0x00,0xE9,0x02,0x69,0x00,0x80,0x06,0x2E,0x90,0x06,0xD0,0x02,0xA0,0x81,0x0B,0x90,0x2D,0x40,0xAA,0x0A
    10 000078C3 06D002A0810B902D40- <1>
    10 000078CC AA0A                <1>
    11 000078CE 90A0421A0A9040AA01- <1>     db 0x90,0xA0,0x42,0x1A,0x0A,0x90,0x40,0xAA,0x01,0x0A,0x90,0x00,0x38,0x00,0x0A,0x90,0x00,0x24,0x00,0x0A
    11 000078D7 0A900038000A900024- <1>
    11 000078E0 000A                <1>
    12 000078E2 900024000AD0002400- <1>     db 0x90,0x00,0x24,0x00,0x0A,0xD0,0x00,0x24,0x00,0x0A,0xC0,0x02,0x24,0x80,0x07,0x00,0x2E,0x24,0xA4,0x00
    12 000078EB 0AC002248007002E24- <1>
    12 000078F4 A400                <1>
    13 000078F6 00A0651A000040BE01- <1>     db 0x00,0xA0,0x65,0x1A,0x00,0x00,0x40,0xBE,0x01,0x00,0x00,0x00,0x24,0x00,0x00,0x00,0x00,0x00,0x00,0x00
    13 000078FF 000000240000000000- <1>
    13 00007908 0000                <1>
    14                              <1> bm_icon_settings:
    15 0000790A 000000000000002D00- <1>     db 0x00,0x00,0x00,0x00,0x00,0x00,0x00,0x2D,0x00,0x00,0x40,0x00,0x3D,0x10,0x00,0xD0,0x02,0xB8,0xB4,0x00
    15 00007913 0040003D1000D002B8- <1>
    15 0000791C B400                <1>
    16 0000791E 904BFEE60200FEFF9B- <1>     db 0x90,0x4B,0xFE,0xE6,0x02,0x00,0xFE,0xFF,0x9B,0x0B,0x00,0xFC,0x41,0x7E,0x06,0x00,0x3D,0x00,0xB8,0x00
    16 00007927 0B00FC417E06003D00- <1>
    16 00007930 B800                <1>
    17 00007932 141E7DF401BC0FD7E1- <1>     db 0x14,0x1E,0x7D,0xF4,0x01,0xBC,0x0F,0xD7,0xE1,0x1B,0xF8,0x0F,0xC3,0xE1,0xBF,0x80,0x1F,0xAD,0xF0,0x79
    17 0000793B 1BF80FC3E1BF801FAD- <1>
    17 00007944 F079                <1>
    18 00007946 002E14B80040BD017E- <1>     db 0x00,0x2E,0x14,0xB8,0x00,0x40,0xBD,0x01,0x7E,0x00,0xD0,0xF6,0xEB,0xBF,0x00,0x90,0x9B,0xFF,0xE6,0x02
    18 0000794F 00D0F6EBBF00909BFF- <1>
    18 00007958 E602                <1>
    19 0000795A 002E7D800B0018B800- <1>     db 0x00,0x2E,0x7D,0x80,0x0B,0x00,0x18,0xB8,0x00,0x06,0x00,0x00,0xF4,0x00,0x00,0x00,0x00,0x60,0x00,0x00
    19 00007963 060000F40000000060- <1>
    19 0000796C 0000                <1>
    20                              <1> bm_icon_diagnostics:
    21 0000796E 000000000000000000- <1>     db 0x00,0x00,0x00,0x00,0x00,0x00,0x00,0x00,0x00,0x00,0x00,0x00,0x00,0x00,0x00,0x00,0x00,0x00,0x00,0x00
    21 00007977 000000000000000000- <1>
    21 00007980 0000                <1>
    22 00007982 E00B000000701C5555- <1>     db 0xE0,0x0B,0x00,0x00,0x00,0x70,0x1C,0x55,0x55,0x05,0x30,0x18,0xAA,0xAA,0x1A,0xA0,0x1E,0x00,0x00,0x00
    22 0000798B 053018AAAA1AA01E00- <1>
    22 00007994 0000                <1>
    23 00007996 4005000000A00A0000- <1>     db 0x40,0x05,0x00,0x00,0x00,0xA0,0x0A,0x00,0x00,0x00,0x70,0x1C,0x55,0x55,0x05,0x30,0x18,0xAA,0xAA,0x1A
    23 0000799F 00701C5555053018AA- <1>
    23 000079A8 AA1A                <1>
    24 000079AA A01E00000040050000- <1>     db 0xA0,0x1E,0x00,0x00,0x00,0x40,0x05,0x00,0x00,0x00,0xA0,0x0A,0x00,0x00,0x00,0x70,0x1C,0x55,0x55,0x05
    24 000079B3 00A00A000000701C55- <1>
    24 000079BC 5505                <1>
    25 000079BE 3018AAAA1AE01E0000- <1>     db 0x30,0x18,0xAA,0xAA,0x1A,0xE0,0x1E,0x00,0x00,0x00,0x40,0x05,0x00,0x00,0x00,0x00,0x00,0x00,0x00,0x00
    25 000079C7 004005000000000000- <1>
    25 000079D0 0000                <1>
    26                              <1> bm_icon_recover:
    27 000079D2 000000000000000000- <1>     db 0x00,0x00,0x00,0x00,0x00,0x00,0x00,0x00,0x00,0x00,0x00,0x00,0x00,0x00,0x00,0x00,0x80,0xFF,0x02,0x00
    27 000079DB 0000000000000080FF- <1>
    27 000079E4 0200                <1>
    28 000079E6 00C001070000D00006- <1>     db 0x00,0xC0,0x01,0x07,0x00,0x00,0xD0,0x00,0x06,0x00,0xD0,0xFF,0xFF,0xFF,0x07,0x70,0x00,0x55,0x01,0x1D
    28 000079EF 00D0FFFFFF07700055- <1>
    28 000079F8 011D                <1>
    29 000079FA 300000001830000000- <1>     db 0x30,0x00,0x00,0x00,0x18,0x30,0x00,0x00,0x00,0x18,0x70,0x55,0xBD,0x55,0x1D,0xB0,0xAA,0xFE,0xAA,0x1E
    29 00007A03 187055BD551DB0AAFE- <1>
    29 00007A0C AA1E                <1>
    30 00007A0E 30007C001830001400- <1>     db 0x30,0x00,0x7C,0x00,0x18,0x30,0x00,0x14,0x00,0x18,0x30,0x00,0x00,0x00,0x18,0x70,0x00,0x00,0x00,0x1C
    30 00007A17 183000000018700000- <1>
    30 00007A20 001C                <1>
    31 00007A22 D0AAAAAA0B40555555- <1>     db 0xD0,0xAA,0xAA,0xAA,0x0B,0x40,0x55,0x55,0x55,0x01,0x00,0x00,0x00,0x00,0x00,0x00,0x00,0x00,0x00,0x00
    31 00007A2B 010000000000000000- <1>
    31 00007A34 0000                <1>
    32                              <1> bm_icon_power:
    33 00007A36 000000000000000000- <1>     db 0x00,0x00,0x00,0x00,0x00,0x00,0x00,0x00,0x00,0x00,0x00,0x00,0x78,0x00,0x00,0x00,0x00,0x78,0x00,0x00
    33 00007A3F 000000780000000078- <1>
    33 00007A48 0000                <1>
    34 00007A4A 0000780000000978A0- <1>     db 0x00,0x00,0x78,0x00,0x00,0x00,0x09,0x78,0xA0,0x00,0x00,0x1F,0x78,0xF0,0x01,0x80,0x0B,0x78,0xE0,0x02
    34 00007A53 00001F78F001800B78- <1>
    34 00007A5C E002                <1>
    35 00007A5E 800778C003C0037880- <1>     db 0x80,0x07,0x78,0xC0,0x03,0xC0,0x03,0x78,0x80,0x07,0xC0,0x03,0x14,0x80,0x07,0xC0,0x07,0x00,0xC0,0x07
    35 00007A67 07C003148007C00700- <1>
    35 00007A70 C007                <1>
    36 00007A72 800B00D003401F00F0- <1>     db 0x80,0x0B,0x00,0xD0,0x03,0x40,0x1F,0x00,0xF0,0x01,0x00,0xBD,0x00,0xBD,0x00,0x00,0xF8,0xEB,0x2F,0x00
    36 00007A7B 0100BD00BD0000F8EB- <1>
    36 00007A84 2F00                <1>
    37 00007A86 0090FF060000005400- <1>     db 0x00,0x90,0xFF,0x06,0x00,0x00,0x00,0x54,0x00,0x00,0x00,0x00,0x00,0x00,0x00,0x00,0x00,0x00,0x00,0x00
    37 00007A8F 000000000000000000- <1>
    37 00007A98 0000                <1>
  3782                                  
  3783 00007A9A 90<rep 6h>              align 8
  3784                                  gdt_start:
  3785 00007AA0 0000000000000000            dq 0
  3786 00007AA8 FFFF0000009ACF00            dq 0x00CF9A000000FFFF
  3787 00007AB0 FFFF00000092CF00            dq 0x00CF92000000FFFF
  3788 00007AB8 FFFF0000009AAF00            dq 0x00AF9A000000FFFF
  3789                                  gdt_end:
  3790                                  gdt_descriptor:
  3791 00007AC0 1F00                        dw gdt_end - gdt_start - 1
  3792 00007AC2 [A07A0000]                  dd gdt_start
  3792          ******************       warning: 32-bit absolute section-crossing relocation [-w+reloc-abs-dword]
  3793                                  
  3794                                  [bits 16]
  3795                                  print_string:
  3796 00007AC6 AC                          lodsb
  3797 00007AC7 84C0                        test al, al
  3798 00007AC9 7410                        jz .done
  3799 00007ACB 52                          push dx
  3800 00007ACC BAE900                      mov dx, 0x00E9
  3801 00007ACF EE                          out dx, al
  3802 00007AD0 5A                          pop dx
  3803 00007AD1 B40E                        mov ah, 0x0E
  3804 00007AD3 30FF                        xor bh, bh
  3805 00007AD5 B307                        mov bl, 0x07
  3806 00007AD7 CD10                        int 0x10
  3807 00007AD9 EBEB                        jmp print_string
  3808                                  .done:
  3809 00007ADB C3                          ret
  3810                                  
  3811                                  fatal_halt:
  3812 00007ADC FA                          cli
  3813                                  .loop:
  3814 00007ADD F4                          hlt
  3815 00007ADE EBFD                        jmp .loop
  3816                                  
  3817                                  kernel_load_error:
  3818 00007AE0 BE[507C]                    mov si, message_kernel_load_error
  3818          ******************       warning: 16-bit absolute section-crossing relocation [-w+reloc-abs-word]
  3819 00007AE3 E8E0FF                      call print_string
  3820 00007AE6 EBF4                        jmp fatal_halt
  3821                                  
  3822 00007AE8 00                      boot_drive:                 db 0
  3823 00007AE9 00                      boot_error_code:            db 0
  3824 00007AEA 00                      kernel_payload_format:      db 0
  3825 00007AEB 00                      retry_count:                db 0
  3826 00007AEC 0000                    kernel_destination_offset: dw 0
  3827 00007AEE 00                      kernel_cylinder:            db 0
  3828 00007AEF 00                      kernel_head:                db 0
  3829 00007AF0 00                      kernel_sector:              db 0
  3830 00007AF1 00                      kernel_remaining:           db 0
  3831 00007AF2 12                      sectors_per_track:          db 18
  3832 00007AF3 01                      maximum_head:               db 1
  3833                                  
  3834                                  align 4
  3835 00007AF4 00000000                kernel_payload_base:        dd 0
  3836 00007AF8 00000000                kernel_payload_crc:         dd 0
  3837 00007AFC 00000000                elf_load_address:           dd 0
  3838 00007B00 00000000                elf_memory_size:            dd 0
  3839 00007B04 00000000                elf_entry_point:            dd 0
  3840 00007B08 00000000                elf_ph_pointer:             dd 0
  3841 00007B0C 00000000                elf_ph_remaining:           dd 0
  3842 00007B10 00000000                elf_min_address:            dd 0
  3843 00007B14 00000000                elf_max_address:            dd 0
  3844 00007B18 00000000                elf_segment_count:          dd 0
  3845 00007B1C 00000000                elf_current_start:          dd 0
  3846 00007B20 00000000                elf_current_end:            dd 0
  3847 00007B24 00000000                elf_note_name_size:         dd 0
  3848 00007B28 00000000                elf_note_desc_size:         dd 0
  3849 00007B2C 00000000                elf_note_next:              dd 0
  3850 00007B30 00                      elf_entry_covered:          db 0
  3851 00007B31 00                      elf_build_id_found:         db 0
  3852 00007B32 00                      elf_nova_metadata_found:    db 0
  3853                                  
  3854 00007B33 90                      align 4
  3855 00007B34 00000000<rep 5h>        elf_build_id:               times 5 dd 0
  3856 00007B48 00000000<rep 10h>       elf_segment_starts:         times 16 dd 0
  3857 00007B88 00000000<rep 10h>       elf_segment_ends:           times 16 dd 0
  3858                                  
  3859                                  align 4
  3860                                  kernel_dap:
  3861 00007BC8 1000                        db 0x10, 0
  3862 00007BCA 5100                        dw KERNEL_IMAGE_SECTOR_COUNT
  3863 00007BCC 0000                        dw KERNEL_TEMP_OFFSET
  3864 00007BCE 0010                        dw KERNEL_TEMP_SEGMENT
  3865 00007BD0 4100000000000000            dq KERNEL_FIRST_LBA
  3866                                  
  3867                                  message_start:
  3868 00007BD8 4E6F76612053746167-         db "Nova Stage 2 / NBHP v1", 13, 10, 0
  3868 00007BE1 652032202F204E4248-
  3868 00007BEA 502076310D0A00     
  3869                                  message_vbe_fallback:
  3870 00007BF1 424F4F542D57303031-         db "BOOT-W001: VBE nicht verfuegbar, Textmodus aktiv", 13, 10, 0
  3870 00007BFA 3A20564245206E6963-
  3870 00007C03 687420766572667565-
  3870 00007C0C 676261722C20546578-
  3870 00007C15 746D6F64757320616B-
  3870 00007C1E 7469760D0A00       
  3871                                  message_memory_error:
  3872 00007C24 424F4F542D32303031-         db "BOOT-2001: Speicherkarte nicht verfuegbar", 13, 10, 0
  3872 00007C2D 3A2053706569636865-
  3872 00007C36 726B61727465206E69-
  3872 00007C3F 636874207665726675-
  3872 00007C48 65676261720D0A00   
  3873                                  message_kernel_load_error:
  3874 00007C50 424F4F542D31303031-         db "BOOT-1001: Kernel nicht gefunden", 13, 10, 0
  3874 00007C59 3A204B65726E656C20-
  3874 00007C62 6E6963687420676566-
  3874 00007C6B 756E64656E0D0A00   
  3875                                  message_kernel_header_error:
  3876 00007C73 424F4F542D31303032-         db "BOOT-1002: Kernel-Header ungueltig", 13, 10, 0
  3876 00007C7C 3A204B65726E656C2D-
  3876 00007C85 48656164657220756E-
  3876 00007C8E 6775656C7469670D0A-
  3876 00007C97 00                 
  3877                                  message_kernel_checksum_error:
  3878 00007C98 424F4F542D31303032-         db "BOOT-1002: Kernel-Pruefsumme ungueltig", 13, 10, 0
  3878 00007CA1 3A204B65726E656C2D-
  3878 00007CAA 507275656673756D6D-
  3878 00007CB3 6520756E6775656C74-
  3878 00007CBC 69670D0A00         
  3879                                  message_bib_error:
  3880 00007CC1 424F4F542D31303131-         db "BOOT-1011: NBHP/BIB-Struktur ungueltig", 13, 10, 0
  3880 00007CCA 3A204E4248502F4249-
  3880 00007CD3 422D537472756B7475-
  3880 00007CDC 7220756E6775656C74-
  3880 00007CE5 69670D0A00         
  3881                                  
  3882 00007CEA 00<rep 316h>            times STAGE2_BYTE_COUNT - ($ - $$) db 0
