     1                                  ; Nova Boot Manager - BIOS Stage 2
     2                                  ; Referenzimplementierung für NKI v1 und NBHP/BIB v1.
     3                                  
     4                                  %include "layout.inc"
     1                              <1> ; Gemeinsames physisches Speicher- und Datenträgerlayout des BIOS-Bootpfads.
     2                              <1> ; Änderungen an diesen Konstanten müssen zusammen mit Image Builder,
     3                              <1> ; Kernel-Linkerskript und BootInfo-ABI erfolgen.
     4                              <1> 
     5                              <1> %ifndef NOVA_BOOT_LAYOUT_INC
     6                              <1> %define NOVA_BOOT_LAYOUT_INC
     7                              <1> 
     8                              <1> %include "nova_boot_protocol.inc"
     1                              <2> ; Öffentliche Nova Boot ABI für NASM.
     2                              <2> ; Diese Datei enthält ausschließlich versionierte, von Bootloader und Kernel
     3                              <2> ; gemeinsam verwendete Konstanten. Private Speicherlayouts gehören nicht hierher.
     4                              <2> 
     5                              <2> %ifndef NOVA_BOOT_PROTOCOL_INC
     6                              <2> %define NOVA_BOOT_PROTOCOL_INC
     7                              <2> 
     8                              <2> NOVA_NKI_VERSION              equ 1
     9                              <2> NOVA_NKI_HEADER_SIZE          equ 64
    10                              <2> NOVA_BOOT_ARCH_X86_32         equ 1
    11                              <2> NOVA_NKI_FLAG_ELF_BUILD_ID    equ 0x00000001
    12                              <2> NOVA_NKI_FLAG_NOVA_METADATA   equ 0x00000002
    13                              <2> NOVA_LOADER_ABI_VERSION       equ 0x00010000
    14                              <2> 
    15                              <2> NOVA_BIB_MAGIC_LOW            equ 0x5048424E ; "NBHP"
    16                              <2> NOVA_BIB_MAGIC_HIGH           equ 0x00424942 ; "BIB\0"
    17                              <2> NOVA_BIB_VERSION_MAJOR        equ 1
    18                              <2> NOVA_BIB_VERSION_MINOR        equ 2
    19                              <2> NOVA_BIB_VERSION_PATCH        equ 0
    20                              <2> NOVA_BIB_HEADER_SIZE          equ 32
    21                              <2> NOVA_X86_BOOT_MAGIC           equ 0x4E4F5641
    22                              <2> 
    23                              <2> NOVA_BOOT_PLATFORM_BIOS       equ 1
    24                              <2> NOVA_BOOT_FLAG_FRAMEBUFFER    equ 0x00000001
    25                              <2> 
    26                              <2> BIB_OFF_MAGIC_LOW             equ 0
    27                              <2> BIB_OFF_MAGIC_HIGH            equ 4
    28                              <2> BIB_OFF_VERSION_MAJOR         equ 8
    29                              <2> BIB_OFF_VERSION_MINOR         equ 10
    30                              <2> BIB_OFF_VERSION_PATCH         equ 12
    31                              <2> BIB_OFF_HEADER_SIZE           equ 14
    32                              <2> BIB_OFF_TOTAL_SIZE            equ 16
    33                              <2> BIB_OFF_CHECKSUM              equ 20
    34                              <2> BIB_OFF_ARCHITECTURE          equ 24
    35                              <2> BIB_OFF_FLAGS                 equ 28
    36                              <2> 
    37                              <2> BIB_TLV_HEADER_SIZE           equ 8
    38                              <2> BIB_TLV_FLAG_REQUIRED         equ 0x0001
    39                              <2> 
    40                              <2> BIB_TLV_FIRMWARE              equ 1
    41                              <2> BIB_TLV_CPU                   equ 2
    42                              <2> BIB_TLV_MEMORY                equ 3
    43                              <2> BIB_TLV_GRAPHICS              equ 4
    44                              <2> BIB_TLV_STORAGE               equ 5
    45                              <2> BIB_TLV_KERNEL                equ 6
    46                              <2> BIB_TLV_SECURITY              equ 7
    47                              <2> BIB_TLV_ACPI                  equ 8
    48                              <2> BIB_TLV_BOOT_OPTIONS          equ 9
    49                              <2> BIB_TLV_MODULES               equ 10
    50                              <2> BIB_TLV_TIMING                equ 11
    51                              <2> BIB_TLV_ENTROPY               equ 12
    52                              <2> BIB_TLV_SYSTEM                equ 13
    53                              <2> BIB_TLV_KERNEL_IDENTITY       equ 14
    54                              <2> 
    55                              <2> BIB_FIRMWARE_SIZE             equ 16
    56                              <2> BIB_CPU_SIZE                  equ 32
    57                              <2> BIB_MEMORY_SIZE               equ 16
    58                              <2> BIB_GRAPHICS_SIZE             equ 32
    59                              <2> BIB_STORAGE_SIZE              equ 24
    60                              <2> BIB_KERNEL_SIZE               equ 32
    61                              <2> BIB_SECURITY_SIZE             equ 16
    62                              <2> BIB_ACPI_SIZE                 equ 16
    63                              <2> BIB_BOOT_OPTIONS_SIZE         equ 16
    64                              <2> BIB_MODULES_SIZE              equ 16
    65                              <2> BIB_TIMING_SIZE               equ 24
    66                              <2> BIB_ENTROPY_SIZE              equ 32
    67                              <2> BIB_SYSTEM_SIZE               equ 16
    68                              <2> BIB_KERNEL_IDENTITY_SIZE      equ 32
    69                              <2> 
    70                              <2> NOVA_ENTROPY_SOURCE_NONE      equ 0
    71                              <2> NOVA_ENTROPY_SOURCE_RDTSC     equ 1
    72                              <2> NOVA_ENTROPY_QUALITY_WEAK     equ 1
    73                              <2> 
    74                              <2> NOVA_KERNEL_FORMAT_NATIVE     equ 1
    75                              <2> NOVA_KERNEL_FORMAT_ELF32      equ 2
    76                              <2> NOVA_KERNEL_FORMAT_ELF64      equ 3
    77                              <2> 
    78                              <2> ELF_MAGIC                     equ 0x464C457F
    79                              <2> ELFCLASS32                    equ 1
    80                              <2> ELFCLASS64                    equ 2
    81                              <2> ELFDATA2LSB                   equ 1
    82                              <2> ELF_ET_EXEC                   equ 2
    83                              <2> ELF_EM_386                    equ 3
    84                              <2> ELF_EM_X86_64                 equ 62
    85                              <2> ELF_PT_LOAD                   equ 1
    86                              <2> ELF_PT_DYNAMIC                equ 2
    87                              <2> ELF_PT_INTERP                 equ 3
    88                              <2> ELF_PT_NOTE                   equ 4
    89                              <2> ELF_PF_EXECUTE                equ 1
    90                              <2> ELF_PF_WRITE                  equ 2
    91                              <2> ELF_NT_GNU_BUILD_ID           equ 3
    92                              <2> ELF_NT_NOVA_REQUIREMENTS      equ 0x4E4F5601
    93                              <2> ELF32_HEADER_SIZE             equ 52
    94                              <2> ELF32_PROGRAM_HEADER_SIZE     equ 32
    95                              <2> 
    96                              <2> ELF32_OFF_ENTRY               equ 24
    97                              <2> ELF32_OFF_PHOFF               equ 28
    98                              <2> ELF32_OFF_EHSIZE              equ 40
    99                              <2> ELF32_OFF_PHENTSIZE           equ 42
   100                              <2> ELF32_OFF_PHNUM               equ 44
   101                              <2> 
   102                              <2> ELF32_PH_OFF_TYPE             equ 0
   103                              <2> ELF32_PH_OFF_OFFSET           equ 4
   104                              <2> ELF32_PH_OFF_VADDR            equ 8
   105                              <2> ELF32_PH_OFF_PADDR            equ 12
   106                              <2> ELF32_PH_OFF_FILESZ           equ 16
   107                              <2> ELF32_PH_OFF_MEMSZ            equ 20
   108                              <2> ELF32_PH_OFF_FLAGS            equ 24
   109                              <2> ELF32_PH_OFF_ALIGN            equ 28
   110                              <2> 
   111                              <2> ELF64_HEADER_SIZE             equ 64
   112                              <2> ELF64_PROGRAM_HEADER_SIZE     equ 56
   113                              <2> ELF64_OFF_ENTRY               equ 24
   114                              <2> ELF64_OFF_PHOFF               equ 32
   115                              <2> ELF64_OFF_EHSIZE              equ 52
   116                              <2> ELF64_OFF_PHENTSIZE           equ 54
   117                              <2> ELF64_OFF_PHNUM               equ 56
   118                              <2> ELF64_PH_OFF_TYPE             equ 0
   119                              <2> ELF64_PH_OFF_FLAGS            equ 4
   120                              <2> ELF64_PH_OFF_OFFSET           equ 8
   121                              <2> ELF64_PH_OFF_VADDR            equ 16
   122                              <2> ELF64_PH_OFF_PADDR            equ 24
   123                              <2> ELF64_PH_OFF_FILESZ           equ 32
   124                              <2> ELF64_PH_OFF_MEMSZ            equ 40
   125                              <2> ELF64_PH_OFF_ALIGN            equ 48
   126                              <2> 
   127                              <2> %endif
     9                              <1> 
    10                              <1> ; Datenträgerlayout
    11                              <1> STAGE2_FIRST_SECTOR        equ 2
    12                              <1> STAGE2_SECTOR_COUNT        equ 56
    13                              <1> STAGE2_BYTE_COUNT          equ STAGE2_SECTOR_COUNT * 512
    14                              <1> KERNEL_FIRST_LBA           equ 57
    15                              <1> KERNEL_PAYLOAD_MAX_SIZE    equ 40960
    16                              <1> NKI_HEADER_SIZE            equ NOVA_NKI_HEADER_SIZE
    17                              <1> KERNEL_IMAGE_SECTOR_COUNT  equ 81
    18                              <1> KERNEL_IMAGE_BYTE_COUNT    equ KERNEL_IMAGE_SECTOR_COUNT * 512
    19                              <1> 
    20                              <1> DISK_RETRY_COUNT           equ 3
    21                              <1> 
    22                              <1> ; Physisches Speicherlayout unterhalb von 1 MiB
    23                              <1> BOOT_INFO_ADDRESS          equ 0x00005000
    24                              <1> BOOT_INFO_CAPACITY         equ 0x00000800
    25                              <1> MEMORY_MAP_ADDRESS         equ 0x00005800
    26                              <1> MEMORY_MAP_ENTRY_SIZE      equ 24
    27                              <1> MEMORY_MAP_MAX_ENTRIES     equ 64
    28                              <1> VBE_MODE_INFO_ADDRESS      equ 0x00006000
    29                              <1> STAGE2_STACK_TOP           equ 0x00007800
    30                              <1> STAGE1_STACK_TOP           equ 0x00007C00
    31                              <1> STAGE2_LOAD_ADDRESS        equ 0x00007E00
    32                              <1> 
    33                              <1> KERNEL_TEMP_SEGMENT        equ 0x1000
    34                              <1> KERNEL_TEMP_OFFSET         equ 0x0000
    35                              <1> KERNEL_TEMP_ADDRESS        equ 0x00010000
    36                              <1> 
    37                              <1> ; 32-Bit-Kernel
    38                              <1> KERNEL_ENTRY_ADDRESS       equ 0x00100000
    39                              <1> KERNEL_STACK_TOP           equ 0x00090000
    40                              <1> 
    41                              <1> ; Protected-Mode-Segmente
    42                              <1> CODE_SEGMENT               equ 0x08
    43                              <1> DATA_SEGMENT               equ 0x10
    44                              <1> LONG_CODE_SEGMENT          equ 0x18
    45                              <1> LONG_MODE_PML4             equ 0x00070000
    46                              <1> LONG_MODE_PDPT             equ 0x00071000
    47                              <1> LONG_MODE_PD               equ 0x00072000
    48                              <1> 
    49                              <1> ; Grafik
    50                              <1> ; QEMU/Bochs VBE: 800 x 600 x 32 Bit mit linearem Framebuffer.
    51                              <1> ; Der klassische Modus 0x118 besitzt nur 24 Bit und darf nicht als
    52                              <1> ; BGRX8888 an den Kernel übergeben werden.
    53                              <1> VBE_REQUESTED_MODE         equ 0x0143
    54                              <1> NOVA_PIXEL_FORMAT_BGRX8888 equ 1
    55                              <1> 
    56                              <1> ; Nova Kernel Image v1 (NKI)
    57                              <1> NKI_MAGIC_LOW              equ 0x41564F4E ; "NOVA"
    58                              <1> NKI_MAGIC_HIGH             equ 0x00494B4E ; "NKI\0"
    59                              <1> NKI_VERSION                equ 1
    60                              <1> NKI_ARCH_X86_32            equ 1
    61                              <1> NKI_COMPRESSION_NONE       equ 0
    62                              <1> 
    63                              <1> NKI_OFF_MAGIC_LOW          equ 0
    64                              <1> NKI_OFF_MAGIC_HIGH         equ 4
    65                              <1> NKI_OFF_VERSION            equ 8
    66                              <1> NKI_OFF_HEADER_SIZE        equ 12
    67                              <1> NKI_OFF_ARCHITECTURE       equ 16
    68                              <1> NKI_OFF_FLAGS              equ 20
    69                              <1> NKI_OFF_ENTRY_POINT        equ 24
    70                              <1> NKI_OFF_LOAD_ADDRESS       equ 28
    71                              <1> NKI_OFF_IMAGE_SIZE         equ 32
    72                              <1> NKI_OFF_COMPRESSION        equ 36
    73                              <1> NKI_OFF_CRC32              equ 40
    74                              <1> NKI_OFF_BUILD_ID           equ 44
    75                              <1> 
    76                              <1> %endif
     5                                  %include "boot-ui-tokens.inc"
     1                              <1> ; NovaOS Boot UI – Referenz-Design-Tokens in Device Layout Units (DLU).
     2                              <1> ; Bei der 800x600-Referenzausgabe entspricht 1 DLU genau einem Pixel. Andere
     3                              <1> ; Backends rechnen DLU erst an der Präsentationsgrenze in Pixel um.
     4                              <1> 
     5                              <1> %ifndef NOVA_BOOT_UI_TOKENS_INC
     6                              <1> %define NOVA_BOOT_UI_TOKENS_INC
     7                              <1> 
     8                              <1> NOVA_UI_REFERENCE_WIDTH       equ 800
     9                              <1> NOVA_UI_REFERENCE_HEIGHT      equ 600
    10                              <1> NOVA_UI_SAFE_LEFT             equ 32
    11                              <1> NOVA_UI_SAFE_TOP              equ 24
    12                              <1> NOVA_UI_SAFE_RIGHT            equ 768
    13                              <1> NOVA_UI_SAFE_BOTTOM           equ 576
    14                              <1> NOVA_UI_PANEL_X               equ 184
    15                              <1> NOVA_UI_PANEL_Y               equ 55
    16                              <1> NOVA_UI_PANEL_WIDTH           equ 567
    17                              <1> NOVA_UI_PANEL_HEIGHT          equ 473
    18                              <1> NOVA_UI_CONTENT_X             equ 204
    19                              <1> NOVA_UI_CONTENT_RIGHT         equ 727
    20                              <1> NOVA_UI_MENU_Y                equ 77
    21                              <1> NOVA_UI_MENU_ITEM_HEIGHT      equ 62
    22                              <1> NOVA_UI_MENU_ITEM_STRIDE      equ 68
    23                              <1> NOVA_UI_MENU_ICON_X           equ 228
    24                              <1> NOVA_UI_MENU_TEXT_X           equ 278
    25                              <1> NOVA_UI_SPACE_XS              equ 4
    26                              <1> NOVA_UI_SPACE_S               equ 8
    27                              <1> NOVA_UI_SPACE_M               equ 12
    28                              <1> NOVA_UI_SPACE_L               equ 16
    29                              <1> NOVA_UI_SPACE_XL              equ 24
    30                              <1> NOVA_UI_RADIUS_CONTROL        equ 8
    31                              <1> NOVA_UI_RADIUS_PANEL          equ 12
    32                              <1> 
    33                              <1> %endif
     6                                  
     7                                  [org STAGE2_LOAD_ADDRESS]
     8                                  [bits 16]
     9                                  
    10                                  BIB_FIRMWARE_OFFSET     equ NOVA_BIB_HEADER_SIZE
    11                                  BIB_MEMORY_OFFSET       equ BIB_FIRMWARE_OFFSET + BIB_TLV_HEADER_SIZE + BIB_FIRMWARE_SIZE
    12                                  BIB_GRAPHICS_OFFSET     equ BIB_MEMORY_OFFSET + BIB_TLV_HEADER_SIZE + BIB_MEMORY_SIZE
    13                                  BIB_KERNEL_OFFSET       equ BIB_GRAPHICS_OFFSET + BIB_TLV_HEADER_SIZE + BIB_GRAPHICS_SIZE
    14                                  BIB_SECURITY_OFFSET     equ BIB_KERNEL_OFFSET + BIB_TLV_HEADER_SIZE + BIB_KERNEL_SIZE
    15                                  BIB_OPTIONS_OFFSET      equ BIB_SECURITY_OFFSET + BIB_TLV_HEADER_SIZE + BIB_SECURITY_SIZE
    16                                  BIB_CPU_OFFSET          equ BIB_OPTIONS_OFFSET + BIB_TLV_HEADER_SIZE + BIB_BOOT_OPTIONS_SIZE
    17                                  BIB_STORAGE_OFFSET      equ BIB_CPU_OFFSET + BIB_TLV_HEADER_SIZE + BIB_CPU_SIZE
    18                                  BIB_ACPI_OFFSET         equ BIB_STORAGE_OFFSET + BIB_TLV_HEADER_SIZE + BIB_STORAGE_SIZE
    19                                  BIB_MODULES_OFFSET      equ BIB_ACPI_OFFSET + BIB_TLV_HEADER_SIZE + BIB_ACPI_SIZE
    20                                  BIB_TIMING_OFFSET       equ BIB_MODULES_OFFSET + BIB_TLV_HEADER_SIZE + BIB_MODULES_SIZE
    21                                  BIB_ENTROPY_OFFSET      equ BIB_TIMING_OFFSET + BIB_TLV_HEADER_SIZE + BIB_TIMING_SIZE
    22                                  BIB_SYSTEM_OFFSET       equ BIB_ENTROPY_OFFSET + BIB_TLV_HEADER_SIZE + BIB_ENTROPY_SIZE
    23                                  BIB_KERNEL_ID_OFFSET    equ BIB_SYSTEM_OFFSET + BIB_TLV_HEADER_SIZE + BIB_SYSTEM_SIZE
    24                                  BIB_TOTAL_SIZE          equ BIB_KERNEL_ID_OFFSET + BIB_TLV_HEADER_SIZE + BIB_KERNEL_IDENTITY_SIZE
    25                                  
    26                                  BM_ENTRY_SIZE           equ 8
    27                                  BM_ENTRY_LABEL          equ 0
    28                                  BM_ENTRY_ICON           equ 4
    29                                  BM_ENTRY_ACTION         equ 5
    30                                  BM_ACTION_START         equ 0
    31                                  BM_ACTION_UNAVAILABLE   equ 1
    32                                  BM_ACTION_DIAGNOSTICS   equ 2
    33                                  BM_ACTION_RECOVERY      equ 3
    34                                  BM_ACTION_POWEROFF      equ 4
    35                                  BM_ACTION_SETTINGS      equ 5
    36                                  
    37                                  BM_VIEW_MAIN            equ 0
    38                                  BM_VIEW_SETTINGS        equ 1
    39                                  BM_VIEW_DIAGNOSTICS     equ 2
    40                                  BM_VIEW_RECOVERY        equ 3
    41                                  BM_VIEW_UNAVAILABLE     equ 4
    42                                  BM_VIEW_HELP            equ 5
    43                                  BM_VIEW_DETAILS         equ 6
    44                                  BM_VIEW_ADVANCED        equ 7
    45                                  BM_VIEW_POWER           equ 8
    46                                  
    47                                  stage2_start:
    48 00000000 FA                          cli
    49 00000001 31C0                        xor ax, ax
    50 00000003 8ED8                        mov ds, ax
    51 00000005 8EC0                        mov es, ax
    52 00000007 8ED0                        mov ss, ax
    53 00000009 BC0078                      mov sp, STAGE2_STACK_TOP
    54 0000000C FC                          cld
    55 0000000D FB                          sti
    56                                  
    57 0000000E 8816[A86B]                  mov [boot_drive], dl
    57          ******************       warning: 16-bit absolute section-crossing relocation [-w+reloc-abs-word]
    58 00000012 BE[986C]                    mov si, message_start
    58          ******************       warning: 16-bit absolute section-crossing relocation [-w+reloc-abs-word]
    59 00000015 E86E6B                      call print_string
    60                                  
    61 00000018 E81E00                      call initialize_bib
    62 0000001B E8A701                      call collect_cpu_and_entropy
    63 0000001E E83002                      call collect_memory_map
    64 00000021 E89602                      call initialize_vbe
    65 00000024 E82E03                      call load_kernel_image
    66 00000027 E84B04                      call validate_kernel_image
    67 0000002A E83E0D                      call finalize_bib
    68 0000002D E8590D                      call validate_bib
    69 00000030 E8CE0D                      call enable_a20
    70 00000033 E8DD0D                      call enter_protected_mode
    71 00000036 E9636B                      jmp fatal_halt
    72                                  
    73                                  ; ---------------------------------------------------------------------------
    74                                  ; Boot Information Block v1
    75                                  ; Alle TLVs sind 8-Byte-ausgerichtet und Little-Endian kodiert.
    76                                  ; ---------------------------------------------------------------------------
    77                                  
    78                                  initialize_bib:
    79 00000039 31C0                        xor ax, ax
    80 0000003B 8EC0                        mov es, ax
    81 0000003D BF0050                      mov di, BOOT_INFO_ADDRESS
    82 00000040 B90004                      mov cx, BOOT_INFO_CAPACITY / 2
    83 00000043 F3AB                        rep stosw
    84                                  
    85 00000045 66C70600504E424850          mov dword [BOOT_INFO_ADDRESS + BIB_OFF_MAGIC_LOW], NOVA_BIB_MAGIC_LOW
    86 0000004E 66C706045042494200          mov dword [BOOT_INFO_ADDRESS + BIB_OFF_MAGIC_HIGH], NOVA_BIB_MAGIC_HIGH
    87 00000057 C70608500100                mov word [BOOT_INFO_ADDRESS + BIB_OFF_VERSION_MAJOR], NOVA_BIB_VERSION_MAJOR
    88 0000005D C7060A500200                mov word [BOOT_INFO_ADDRESS + BIB_OFF_VERSION_MINOR], NOVA_BIB_VERSION_MINOR
    89 00000063 C7060C500000                mov word [BOOT_INFO_ADDRESS + BIB_OFF_VERSION_PATCH], NOVA_BIB_VERSION_PATCH
    90 00000069 C7060E502000                mov word [BOOT_INFO_ADDRESS + BIB_OFF_HEADER_SIZE], NOVA_BIB_HEADER_SIZE
    91 0000006F 66C7061050D0010000          mov dword [BOOT_INFO_ADDRESS + BIB_OFF_TOTAL_SIZE], BIB_TOTAL_SIZE
    92 00000078 66C706185001000000          mov dword [BOOT_INFO_ADDRESS + BIB_OFF_ARCHITECTURE], NKI_ARCH_X86_32
    93                                  
    94                                      ; Firmware TLV
    95 00000081 C70620500100                mov word [BOOT_INFO_ADDRESS + BIB_FIRMWARE_OFFSET + 0], BIB_TLV_FIRMWARE
    96 00000087 C70622500100                mov word [BOOT_INFO_ADDRESS + BIB_FIRMWARE_OFFSET + 2], BIB_TLV_FLAG_REQUIRED
    97 0000008D 66C706245010000000          mov dword [BOOT_INFO_ADDRESS + BIB_FIRMWARE_OFFSET + 4], BIB_FIRMWARE_SIZE
    98 00000096 66C706285001000000          mov dword [BOOT_INFO_ADDRESS + BIB_FIRMWARE_OFFSET + 8], NOVA_BOOT_PLATFORM_BIOS
    99 0000009F 6631C0                      xor eax, eax
   100 000000A2 A0[A86B]                    mov al, [boot_drive]
   100          ******************       warning: 16-bit absolute section-crossing relocation [-w+reloc-abs-word]
   101 000000A5 66A32C50                    mov dword [BOOT_INFO_ADDRESS + BIB_FIRMWARE_OFFSET + 12], eax
   102                                  
   103                                      ; Memory TLV
   104 000000A9 C70638500300                mov word [BOOT_INFO_ADDRESS + BIB_MEMORY_OFFSET + 0], BIB_TLV_MEMORY
   105 000000AF C7063A500100                mov word [BOOT_INFO_ADDRESS + BIB_MEMORY_OFFSET + 2], BIB_TLV_FLAG_REQUIRED
   106 000000B5 66C7063C5010000000          mov dword [BOOT_INFO_ADDRESS + BIB_MEMORY_OFFSET + 4], BIB_MEMORY_SIZE
   107 000000BE 66C706405000580000          mov dword [BOOT_INFO_ADDRESS + BIB_MEMORY_OFFSET + 8], MEMORY_MAP_ADDRESS
   108 000000C7 66C706485018000000          mov dword [BOOT_INFO_ADDRESS + BIB_MEMORY_OFFSET + 16], MEMORY_MAP_ENTRY_SIZE
   109                                  
   110                                      ; Graphics TLV
   111 000000D0 C70650500400                mov word [BOOT_INFO_ADDRESS + BIB_GRAPHICS_OFFSET + 0], BIB_TLV_GRAPHICS
   112 000000D6 66C706545020000000          mov dword [BOOT_INFO_ADDRESS + BIB_GRAPHICS_OFFSET + 4], BIB_GRAPHICS_SIZE
   113                                  
   114                                      ; Kernel TLV
   115 000000DF C70678500600                mov word [BOOT_INFO_ADDRESS + BIB_KERNEL_OFFSET + 0], BIB_TLV_KERNEL
   116 000000E5 C7067A500100                mov word [BOOT_INFO_ADDRESS + BIB_KERNEL_OFFSET + 2], BIB_TLV_FLAG_REQUIRED
   117 000000EB 66C7067C5020000000          mov dword [BOOT_INFO_ADDRESS + BIB_KERNEL_OFFSET + 4], BIB_KERNEL_SIZE
   118                                  
   119                                      ; Security TLV: Status 0 = nicht verifiziert, transparent gemeldet.
   120 000000F4 C706A0500700                mov word [BOOT_INFO_ADDRESS + BIB_SECURITY_OFFSET + 0], BIB_TLV_SECURITY
   121 000000FA C706A2500100                mov word [BOOT_INFO_ADDRESS + BIB_SECURITY_OFFSET + 2], BIB_TLV_FLAG_REQUIRED
   122 00000100 66C706A45010000000          mov dword [BOOT_INFO_ADDRESS + BIB_SECURITY_OFFSET + 4], BIB_SECURITY_SIZE
   123                                  
   124                                      ; Boot Options TLV: Standardprofil, kein Debug-/Recovery-Modus.
   125 00000109 C706B8500900                mov word [BOOT_INFO_ADDRESS + BIB_OPTIONS_OFFSET + 0], BIB_TLV_BOOT_OPTIONS
   126 0000010F C706BA500100                mov word [BOOT_INFO_ADDRESS + BIB_OPTIONS_OFFSET + 2], BIB_TLV_FLAG_REQUIRED
   127 00000115 66C706BC5010000000          mov dword [BOOT_INFO_ADDRESS + BIB_OPTIONS_OFFSET + 4], BIB_BOOT_OPTIONS_SIZE
   128                                  
   129                                      ; Erweiterte NBHP/BIB-1.1-Informationen. Nicht verfügbare optionale
   130                                      ; Zeiger bleiben null und werden dadurch nicht als gültig ausgegeben.
   131 0000011E C706D0500200                mov word [BOOT_INFO_ADDRESS + BIB_CPU_OFFSET + 0], BIB_TLV_CPU
   132 00000124 C706D2500100                mov word [BOOT_INFO_ADDRESS + BIB_CPU_OFFSET + 2], BIB_TLV_FLAG_REQUIRED
   133 0000012A 66C706D45020000000          mov dword [BOOT_INFO_ADDRESS + BIB_CPU_OFFSET + 4], BIB_CPU_SIZE
   134                                  
   135 00000133 C706F8500500                mov word [BOOT_INFO_ADDRESS + BIB_STORAGE_OFFSET + 0], BIB_TLV_STORAGE
   136 00000139 66C706FC5018000000          mov dword [BOOT_INFO_ADDRESS + BIB_STORAGE_OFFSET + 4], BIB_STORAGE_SIZE
   137 00000142 66C706005101000000          mov dword [BOOT_INFO_ADDRESS + BIB_STORAGE_OFFSET + 8], NOVA_BOOT_PLATFORM_BIOS
   138 0000014B 6631C0                      xor eax, eax
   139 0000014E A0[A86B]                    mov al, [boot_drive]
   139          ******************       warning: 16-bit absolute section-crossing relocation [-w+reloc-abs-word]
   140 00000151 66A30451                    mov dword [BOOT_INFO_ADDRESS + BIB_STORAGE_OFFSET + 12], eax
   141                                  
   142 00000155 C70618510800                mov word [BOOT_INFO_ADDRESS + BIB_ACPI_OFFSET + 0], BIB_TLV_ACPI
   143 0000015B 66C7061C5110000000          mov dword [BOOT_INFO_ADDRESS + BIB_ACPI_OFFSET + 4], BIB_ACPI_SIZE
   144                                  
   145 00000164 C70630510A00                mov word [BOOT_INFO_ADDRESS + BIB_MODULES_OFFSET + 0], BIB_TLV_MODULES
   146 0000016A 66C706345110000000          mov dword [BOOT_INFO_ADDRESS + BIB_MODULES_OFFSET + 4], BIB_MODULES_SIZE
   147                                  
   148 00000173 C70648510B00                mov word [BOOT_INFO_ADDRESS + BIB_TIMING_OFFSET + 0], BIB_TLV_TIMING
   149 00000179 66C7064C5118000000          mov dword [BOOT_INFO_ADDRESS + BIB_TIMING_OFFSET + 4], BIB_TIMING_SIZE
   150                                  
   151 00000182 C70668510C00                mov word [BOOT_INFO_ADDRESS + BIB_ENTROPY_OFFSET + 0], BIB_TLV_ENTROPY
   152 00000188 C7066A510100                mov word [BOOT_INFO_ADDRESS + BIB_ENTROPY_OFFSET + 2], BIB_TLV_FLAG_REQUIRED
   153 0000018E 66C7066C5120000000          mov dword [BOOT_INFO_ADDRESS + BIB_ENTROPY_OFFSET + 4], BIB_ENTROPY_SIZE
   154                                  
   155 00000197 C70690510D00                mov word [BOOT_INFO_ADDRESS + BIB_SYSTEM_OFFSET + 0], BIB_TLV_SYSTEM
   156 0000019D C70692510100                mov word [BOOT_INFO_ADDRESS + BIB_SYSTEM_OFFSET + 2], BIB_TLV_FLAG_REQUIRED
   157 000001A3 66C706945110000000          mov dword [BOOT_INFO_ADDRESS + BIB_SYSTEM_OFFSET + 4], BIB_SYSTEM_SIZE
   158 000001AC 66C706A05101000000          mov dword [BOOT_INFO_ADDRESS + BIB_SYSTEM_OFFSET + 16], 1 ; erster Bootversuch
   159 000001B5 C706A8510E00                mov word [BOOT_INFO_ADDRESS + BIB_KERNEL_ID_OFFSET + 0], BIB_TLV_KERNEL_IDENTITY
   160 000001BB 66C706AC5120000000          mov dword [BOOT_INFO_ADDRESS + BIB_KERNEL_ID_OFFSET + 4], BIB_KERNEL_IDENTITY_SIZE
   161 000001C4 C3                          ret
   162                                  
   163                                  collect_cpu_and_entropy:
   164 000001C5 6631C0                      xor eax, eax
   165 000001C8 0FA2                        cpuid
   166 000001CA 66891ED850                  mov dword [BOOT_INFO_ADDRESS + BIB_CPU_OFFSET + 8], ebx
   167 000001CF 668916DC50                  mov dword [BOOT_INFO_ADDRESS + BIB_CPU_OFFSET + 12], edx
   168 000001D4 66890EE050                  mov dword [BOOT_INFO_ADDRESS + BIB_CPU_OFFSET + 16], ecx
   169 000001D9 66A3E450                    mov dword [BOOT_INFO_ADDRESS + BIB_CPU_OFFSET + 20], eax
   170 000001DD 66B801000000                mov eax, 1
   171 000001E3 0FA2                        cpuid
   172 000001E5 668916E850                  mov dword [BOOT_INFO_ADDRESS + BIB_CPU_OFFSET + 24], edx
   173 000001EA 66890EEC50                  mov dword [BOOT_INFO_ADDRESS + BIB_CPU_OFFSET + 28], ecx
   174                                  
   175 000001EF 0F31                        rdtsc
   176 000001F1 66A35051                    mov dword [BOOT_INFO_ADDRESS + BIB_TIMING_OFFSET + 8], eax
   177 000001F5 6689165451                  mov dword [BOOT_INFO_ADDRESS + BIB_TIMING_OFFSET + 12], edx
   178 000001FA 6633066C04                  xor eax, dword [0x046C]       ; BIOS-Tickzähler beim Eintritt
   179 000001FF 66C1C20D                    rol edx, 13
   180 00000203 6631C2                      xor edx, eax
   181 00000206 66A37051                    mov dword [BOOT_INFO_ADDRESS + BIB_ENTROPY_OFFSET + 8], eax
   182 0000020A 6689167451                  mov dword [BOOT_INFO_ADDRESS + BIB_ENTROPY_OFFSET + 12], edx
   183 0000020F 66F7D0                      not eax
   184 00000212 663541564F4E                xor eax, 0x4E4F5641
   185 00000218 66A37851                    mov dword [BOOT_INFO_ADDRESS + BIB_ENTROPY_OFFSET + 16], eax
   186 0000021C 66C1C207                    rol edx, 7
   187 00000220 6681F2544F4F42              xor edx, 0x424F4F54
   188 00000227 6689167C51                  mov dword [BOOT_INFO_ADDRESS + BIB_ENTROPY_OFFSET + 20], edx
   189 0000022C 66C706805101000000          mov dword [BOOT_INFO_ADDRESS + BIB_ENTROPY_OFFSET + 24], NOVA_ENTROPY_SOURCE_RDTSC
   190 00000235 66C706845101000000          mov dword [BOOT_INFO_ADDRESS + BIB_ENTROPY_OFFSET + 28], NOVA_ENTROPY_QUALITY_WEAK
   191 0000023E 66C706885110000000          mov dword [BOOT_INFO_ADDRESS + BIB_ENTROPY_OFFSET + 32], 16
   192 00000247 66C706B05001000000          mov dword [BOOT_INFO_ADDRESS + BIB_SECURITY_OFFSET + 16], NOVA_ENTROPY_QUALITY_WEAK
   193 00000250 C3                          ret
   194                                  
   195                                  collect_memory_map:
   196 00000251 31C0                        xor ax, ax
   197 00000253 8EC0                        mov es, ax
   198 00000255 BF0058                      mov di, MEMORY_MAP_ADDRESS
   199 00000258 6631DB                      xor ebx, ebx
   200 0000025B 31ED                        xor bp, bp
   201                                  
   202                                  .next:
   203 0000025D 83FD40                      cmp bp, MEMORY_MAP_MAX_ENTRIES
   204 00000260 733C                        jae .done
   205                                  
   206 00000262 66B820E80000                mov eax, 0x0000E820
   207 00000268 66BA50414D53                mov edx, 0x534D4150             ; "SMAP"
   208 0000026E 66B918000000                mov ecx, MEMORY_MAP_ENTRY_SIZE
   209 00000274 CD15                        int 0x15
   210 00000276 7226                        jc .done
   211 00000278 663D50414D53                cmp eax, 0x534D4150
   212 0000027E 751E                        jne .done
   213 00000280 6683F914                    cmp ecx, 20
   214 00000284 7218                        jb .done
   215                                  
   216 00000286 6683F918                    cmp ecx, MEMORY_MAP_ENTRY_SIZE
   217 0000028A 7309                        jae .entry_complete
   218 0000028C 2666C7451401000000          mov dword [es:di + 20], 1
   219                                  
   220                                  .entry_complete:
   221 00000295 45                          inc bp
   222 00000296 83C718                      add di, MEMORY_MAP_ENTRY_SIZE
   223 00000299 6685DB                      test ebx, ebx
   224 0000029C 75BF                        jnz .next
   225                                  
   226                                  .done:
   227 0000029E 31C0                        xor ax, ax
   228 000002A0 8ED8                        mov ds, ax
   229 000002A2 8EC0                        mov es, ax
   230 000002A4 660FB7C5                    movzx eax, bp
   231 000002A8 66A34450                    mov dword [BOOT_INFO_ADDRESS + BIB_MEMORY_OFFSET + 12], eax
   232 000002AC 85ED                        test bp, bp
   233 000002AE 7509                        jnz .success
   234 000002B0 BE[E46C]                    mov si, message_memory_error
   234          ******************       warning: 16-bit absolute section-crossing relocation [-w+reloc-abs-word]
   235 000002B3 E8D068                      call print_string
   236 000002B6 E9E368                      jmp fatal_halt
   237                                  
   238                                  .success:
   239 000002B9 C3                          ret
   240                                  
   241                                  ; ---------------------------------------------------------------------------
   242                                  ; VBE. Ein Fehler ist recoverable und aktiviert den Textmodus-Fallback.
   243                                  ; ---------------------------------------------------------------------------
   244                                  
   245                                  initialize_vbe:
   246 000002BA B8014F                      mov ax, 0x4F01
   247 000002BD B94301                      mov cx, VBE_REQUESTED_MODE
   248 000002C0 31DB                        xor bx, bx
   249 000002C2 8EC3                        mov es, bx
   250 000002C4 BF0060                      mov di, VBE_MODE_INFO_ADDRESS
   251 000002C7 CD10                        int 0x10
   252 000002C9 83F84F                      cmp ax, 0x004F
   253 000002CC 7575                        jne .fallback
   254                                  
   255 000002CE 31C0                        xor ax, ax
   256 000002D0 8ED8                        mov ds, ax
   257 000002D2 8EC0                        mov es, ax
   258 000002D4 A10060                      mov ax, [VBE_MODE_INFO_ADDRESS]
   259 000002D7 A90100                      test ax, 0x0001
   260 000002DA 7467                        jz .fallback
   261 000002DC A98000                      test ax, 0x0080
   262 000002DF 7462                        jz .fallback
   263 000002E1 803E196020                  cmp byte [VBE_MODE_INFO_ADDRESS + 25], 32
   264 000002E6 755B                        jne .fallback
   265 000002E8 66833E286000                cmp dword [VBE_MODE_INFO_ADDRESS + 40], 0
   266 000002EE 7453                        je .fallback
   267                                  
   268 000002F0 B8024F                      mov ax, 0x4F02
   269 000002F3 BB4341                      mov bx, VBE_REQUESTED_MODE | 0x4000
   270 000002F6 CD10                        int 0x10
   271 000002F8 83F84F                      cmp ax, 0x004F
   272 000002FB 7546                        jne .fallback
   273                                  
   274 000002FD 31C0                        xor ax, ax
   275 000002FF 8ED8                        mov ds, ax
   276 00000301 8EC0                        mov es, ax
   277 00000303 66830E1C5001                or dword [BOOT_INFO_ADDRESS + BIB_OFF_FLAGS], NOVA_BOOT_FLAG_FRAMEBUFFER
   278                                  
   279 00000309 66A12860                    mov eax, [VBE_MODE_INFO_ADDRESS + 40]
   280 0000030D 66A35850                    mov dword [BOOT_INFO_ADDRESS + BIB_GRAPHICS_OFFSET + 8], eax
   281 00000311 6631C0                      xor eax, eax
   282 00000314 A11060                      mov ax, [VBE_MODE_INFO_ADDRESS + 16]
   283 00000317 66A35C50                    mov dword [BOOT_INFO_ADDRESS + BIB_GRAPHICS_OFFSET + 12], eax
   284 0000031B 6631C0                      xor eax, eax
   285 0000031E A11260                      mov ax, [VBE_MODE_INFO_ADDRESS + 18]
   286 00000321 66A36050                    mov dword [BOOT_INFO_ADDRESS + BIB_GRAPHICS_OFFSET + 16], eax
   287 00000325 6631C0                      xor eax, eax
   288 00000328 A11460                      mov ax, [VBE_MODE_INFO_ADDRESS + 20]
   289 0000032B 66A36450                    mov dword [BOOT_INFO_ADDRESS + BIB_GRAPHICS_OFFSET + 20], eax
   290 0000032F 6631C0                      xor eax, eax
   291 00000332 A01960                      mov al, [VBE_MODE_INFO_ADDRESS + 25]
   292 00000335 66A36850                    mov dword [BOOT_INFO_ADDRESS + BIB_GRAPHICS_OFFSET + 24], eax
   293 00000339 66C7066C5001000000          mov dword [BOOT_INFO_ADDRESS + BIB_GRAPHICS_OFFSET + 28], NOVA_PIXEL_FORMAT_BGRX8888
   294 00000342 C3                          ret
   295                                  
   296                                  .fallback:
   297 00000343 B80300                      mov ax, 0x0003
   298 00000346 CD10                        int 0x10
   299 00000348 31C0                        xor ax, ax
   300 0000034A 8ED8                        mov ds, ax
   301 0000034C 8EC0                        mov es, ax
   302 0000034E BE[B16C]                    mov si, message_vbe_fallback
   302          ******************       warning: 16-bit absolute section-crossing relocation [-w+reloc-abs-word]
   303 00000351 E83268                      call print_string
   304 00000354 C3                          ret
   305                                  
   306                                  ; ---------------------------------------------------------------------------
   307                                  ; Kernel Image Loader
   308                                  ; ---------------------------------------------------------------------------
   309                                  
   310                                  load_kernel_image:
   311 00000355 E82B00                      call detect_bios_extensions
   312 00000358 721B                        jc .chs
   313 0000035A C606[AB6B]03                mov byte [retry_count], DISK_RETRY_COUNT
   313          ******************       warning: 16-bit absolute section-crossing relocation [-w+reloc-abs-word]
   314                                  
   315                                  .lba_retry:
   316 0000035F BE[886C]                    mov si, kernel_dap
   316          ******************       warning: 16-bit absolute section-crossing relocation [-w+reloc-abs-word]
   317 00000362 B442                        mov ah, 0x42
   318 00000364 8A16[A86B]                  mov dl, [boot_drive]
   318          ******************       warning: 16-bit absolute section-crossing relocation [-w+reloc-abs-word]
   319 00000368 CD13                        int 0x13
   320 0000036A 7310                        jnc .done
   321 0000036C E8F900                      call reset_disk
   322 0000036F FE0E[AB6B]                  dec byte [retry_count]
   322          ******************       warning: 16-bit absolute section-crossing relocation [-w+reloc-abs-word]
   323 00000373 75EA                        jnz .lba_retry
   324                                  
   325                                  .chs:
   326 00000375 E82800                      call load_kernel_chs
   327 00000378 0F822468                    jc kernel_load_error
   328                                  
   329                                  .done:
   330 0000037C 31C0                        xor ax, ax
   331 0000037E 8ED8                        mov ds, ax
   332 00000380 8EC0                        mov es, ax
   333 00000382 C3                          ret
   334                                  
   335                                  detect_bios_extensions:
   336 00000383 B441                        mov ah, 0x41
   337 00000385 BBAA55                      mov bx, 0x55AA
   338 00000388 8A16[A86B]                  mov dl, [boot_drive]
   338          ******************       warning: 16-bit absolute section-crossing relocation [-w+reloc-abs-word]
   339 0000038C CD13                        int 0x13
   340 0000038E 720E                        jc .missing
   341 00000390 81FB55AA                    cmp bx, 0xAA55
   342 00000394 7508                        jne .missing
   343 00000396 F7C10100                    test cx, 1
   344 0000039A 7402                        jz .missing
   345 0000039C F8                          clc
   346 0000039D C3                          ret
   347                                  .missing:
   348 0000039E F9                          stc
   349 0000039F C3                          ret
   350                                  
   351                                  load_kernel_chs:
   352 000003A0 E87900                      call get_disk_geometry
   353 000003A3 C706[AC6B]0000              mov word [kernel_destination_offset], KERNEL_TEMP_OFFSET
   353          ******************       warning: 16-bit absolute section-crossing relocation [-w+reloc-abs-word]
   354                                  
   355                                      ; KERNEL_FIRST_LBA in die vom BIOS gemeldete CHS-Geometrie umrechnen.
   356 000003A9 B83900                      mov ax, KERNEL_FIRST_LBA
   357 000003AC 31D2                        xor dx, dx
   358 000003AE 31DB                        xor bx, bx
   359 000003B0 8A1E[B26B]                  mov bl, [sectors_per_track]
   359          ******************       warning: 16-bit absolute section-crossing relocation [-w+reloc-abs-word]
   360 000003B4 F7F3                        div bx
   361 000003B6 FEC2                        inc dl
   362 000003B8 8816[B06B]                  mov [kernel_sector], dl
   362          ******************       warning: 16-bit absolute section-crossing relocation [-w+reloc-abs-word]
   363 000003BC 31D2                        xor dx, dx
   364 000003BE 31DB                        xor bx, bx
   365 000003C0 8A1E[B36B]                  mov bl, [maximum_head]
   365          ******************       warning: 16-bit absolute section-crossing relocation [-w+reloc-abs-word]
   366 000003C4 43                          inc bx
   367 000003C5 F7F3                        div bx
   368 000003C7 A2[AE6B]                    mov [kernel_cylinder], al
   368          ******************       warning: 16-bit absolute section-crossing relocation [-w+reloc-abs-word]
   369 000003CA 8816[AF6B]                  mov [kernel_head], dl
   369          ******************       warning: 16-bit absolute section-crossing relocation [-w+reloc-abs-word]
   370 000003CE C606[B16B]51                mov byte [kernel_remaining], KERNEL_IMAGE_SECTOR_COUNT
   370          ******************       warning: 16-bit absolute section-crossing relocation [-w+reloc-abs-word]
   371                                  
   372                                  .next_sector:
   373 000003D3 803E[B16B]00                cmp byte [kernel_remaining], 0
   373          ******************       warning: 16-bit absolute section-crossing relocation [-w+reloc-abs-word]
   374 000003D8 7440                        je .success
   375 000003DA C606[AB6B]03                mov byte [retry_count], DISK_RETRY_COUNT
   375          ******************       warning: 16-bit absolute section-crossing relocation [-w+reloc-abs-word]
   376                                  .retry:
   377 000003DF B80010                      mov ax, KERNEL_TEMP_SEGMENT
   378 000003E2 8EC0                        mov es, ax
   379 000003E4 8B1E[AC6B]                  mov bx, [kernel_destination_offset]
   379          ******************       warning: 16-bit absolute section-crossing relocation [-w+reloc-abs-word]
   380 000003E8 B402                        mov ah, 0x02
   381 000003EA B001                        mov al, 1
   382 000003EC 8A2E[AE6B]                  mov ch, [kernel_cylinder]
   382          ******************       warning: 16-bit absolute section-crossing relocation [-w+reloc-abs-word]
   383 000003F0 8A0E[B06B]                  mov cl, [kernel_sector]
   383          ******************       warning: 16-bit absolute section-crossing relocation [-w+reloc-abs-word]
   384 000003F4 8A36[AF6B]                  mov dh, [kernel_head]
   384          ******************       warning: 16-bit absolute section-crossing relocation [-w+reloc-abs-word]
   385 000003F8 8A16[A86B]                  mov dl, [boot_drive]
   385          ******************       warning: 16-bit absolute section-crossing relocation [-w+reloc-abs-word]
   386 000003FC CD13                        int 0x13
   387 000003FE 730B                        jnc .loaded
   388 00000400 E86500                      call reset_disk
   389 00000403 FE0E[AB6B]                  dec byte [retry_count]
   389          ******************       warning: 16-bit absolute section-crossing relocation [-w+reloc-abs-word]
   390 00000407 75D6                        jnz .retry
   391 00000409 F9                          stc
   392 0000040A C3                          ret
   393                                  .loaded:
   394 0000040B 8106[AC6B]0002              add word [kernel_destination_offset], 512
   394          ******************       warning: 16-bit absolute section-crossing relocation [-w+reloc-abs-word]
   395 00000411 E82A00                      call advance_chs
   396 00000414 FE0E[B16B]                  dec byte [kernel_remaining]
   396          ******************       warning: 16-bit absolute section-crossing relocation [-w+reloc-abs-word]
   397 00000418 EBB9                        jmp .next_sector
   398                                  .success:
   399 0000041A F8                          clc
   400 0000041B C3                          ret
   401                                  
   402                                  get_disk_geometry:
   403 0000041C C606[B26B]12                mov byte [sectors_per_track], 18
   403          ******************       warning: 16-bit absolute section-crossing relocation [-w+reloc-abs-word]
   404 00000421 C606[B36B]01                mov byte [maximum_head], 1
   404          ******************       warning: 16-bit absolute section-crossing relocation [-w+reloc-abs-word]
   405 00000426 B408                        mov ah, 0x08
   406 00000428 8A16[A86B]                  mov dl, [boot_drive]
   406          ******************       warning: 16-bit absolute section-crossing relocation [-w+reloc-abs-word]
   407 0000042C CD13                        int 0x13
   408 0000042E 720D                        jc .done
   409 00000430 88C8                        mov al, cl
   410 00000432 243F                        and al, 0x3F
   411 00000434 7407                        jz .done
   412 00000436 A2[B26B]                    mov [sectors_per_track], al
   412          ******************       warning: 16-bit absolute section-crossing relocation [-w+reloc-abs-word]
   413 00000439 8836[B36B]                  mov [maximum_head], dh
   413          ******************       warning: 16-bit absolute section-crossing relocation [-w+reloc-abs-word]
   414                                  .done:
   415 0000043D C3                          ret
   416                                  
   417                                  advance_chs:
   418 0000043E FE06[B06B]                  inc byte [kernel_sector]
   418          ******************       warning: 16-bit absolute section-crossing relocation [-w+reloc-abs-word]
   419 00000442 A0[B26B]                    mov al, [sectors_per_track]
   419          ******************       warning: 16-bit absolute section-crossing relocation [-w+reloc-abs-word]
   420 00000445 3806[B06B]                  cmp byte [kernel_sector], al
   420          ******************       warning: 16-bit absolute section-crossing relocation [-w+reloc-abs-word]
   421 00000449 761C                        jbe .done
   422 0000044B C606[B06B]01                mov byte [kernel_sector], 1
   422          ******************       warning: 16-bit absolute section-crossing relocation [-w+reloc-abs-word]
   423 00000450 A0[B36B]                    mov al, [maximum_head]
   423          ******************       warning: 16-bit absolute section-crossing relocation [-w+reloc-abs-word]
   424 00000453 3806[AF6B]                  cmp byte [kernel_head], al
   424          ******************       warning: 16-bit absolute section-crossing relocation [-w+reloc-abs-word]
   425 00000457 720A                        jb .next_head
   426 00000459 C606[AF6B]00                mov byte [kernel_head], 0
   426          ******************       warning: 16-bit absolute section-crossing relocation [-w+reloc-abs-word]
   427 0000045E FE06[AE6B]                  inc byte [kernel_cylinder]
   427          ******************       warning: 16-bit absolute section-crossing relocation [-w+reloc-abs-word]
   428 00000462 C3                          ret
   429                                  .next_head:
   430 00000463 FE06[AF6B]                  inc byte [kernel_head]
   430          ******************       warning: 16-bit absolute section-crossing relocation [-w+reloc-abs-word]
   431                                  .done:
   432 00000467 C3                          ret
   433                                  
   434                                  reset_disk:
   435 00000468 50                          push ax
   436 00000469 52                          push dx
   437 0000046A 31C0                        xor ax, ax
   438 0000046C 8A16[A86B]                  mov dl, [boot_drive]
   438          ******************       warning: 16-bit absolute section-crossing relocation [-w+reloc-abs-word]
   439 00000470 CD13                        int 0x13
   440 00000472 5A                          pop dx
   441 00000473 58                          pop ax
   442 00000474 C3                          ret
   443                                  
   444                                  validate_kernel_image:
   445 00000475 1E                          push ds
   446 00000476 B80010                      mov ax, KERNEL_TEMP_SEGMENT
   447 00000479 8ED8                        mov ds, ax
   448                                  
   449 0000047B 66813E00004E4F5641          cmp dword [NKI_OFF_MAGIC_LOW], NKI_MAGIC_LOW
   450 00000484 0F852D01                    jne .try_direct_elf
   451 00000488 66813E04004E4B4900          cmp dword [NKI_OFF_MAGIC_HIGH], NKI_MAGIC_HIGH
   452 00000491 0F85B301                    jne .invalid_header
   453 00000495 66833E080001                cmp dword [NKI_OFF_VERSION], NKI_VERSION
   454 0000049B 0F85A901                    jne .invalid_header
   455 0000049F 66833E0C0040                cmp dword [NKI_OFF_HEADER_SIZE], NKI_HEADER_SIZE
   456 000004A5 0F859F01                    jne .invalid_header
   457 000004A9 66833E100001                cmp dword [NKI_OFF_ARCHITECTURE], NKI_ARCH_X86_32
   458 000004AF 0F859501                    jne .invalid_header
   459 000004B3 66A11400                    mov eax, [NKI_OFF_FLAGS]
   460 000004B7 66A9FCFFFFFF                test eax, ~(NOVA_NKI_FLAG_ELF_BUILD_ID | NOVA_NKI_FLAG_NOVA_METADATA)
   461 000004BD 0F858701                    jnz .invalid_header
   462 000004C1 66833E240000                cmp dword [NKI_OFF_COMPRESSION], NKI_COMPRESSION_NONE
   463 000004C7 0F857D01                    jne .invalid_header
   464 000004CB 66813E180000001000          cmp dword [NKI_OFF_ENTRY_POINT], KERNEL_ENTRY_ADDRESS
   465 000004D4 0F857001                    jne .invalid_header
   466 000004D8 66813E1C0000001000          cmp dword [NKI_OFF_LOAD_ADDRESS], KERNEL_ENTRY_ADDRESS
   467 000004E1 0F856301                    jne .invalid_header
   468                                  
   469 000004E5 668B0E2000                  mov ecx, [NKI_OFF_IMAGE_SIZE]
   470 000004EA 6685C9                      test ecx, ecx
   471 000004ED 0F845701                    jz .invalid_header
   472 000004F1 6681F900A00000              cmp ecx, KERNEL_PAYLOAD_MAX_SIZE
   473 000004F8 0F874C01                    ja .invalid_header
   474                                  
   475 000004FC BE4000                      mov si, NKI_HEADER_SIZE
   476 000004FF E84108                      call crc32_ds_si
   477 00000502 663B062800                  cmp eax, [NKI_OFF_CRC32]
   478 00000507 0F854A01                    jne .invalid_checksum
   479 0000050B 2E66A3[B86B]                mov [cs:kernel_payload_crc], eax
   479          ******************       warning: 16-bit absolute section-crossing relocation [-w+reloc-abs-word]
   480 00000510 2E66C706[B46B]4000-         mov dword [cs:kernel_payload_base], KERNEL_TEMP_ADDRESS + NKI_HEADER_SIZE
   480          ******************       warning: 16-bit absolute section-crossing relocation [-w+reloc-abs-word]
   480 00000518 0100               
   481                                  
   482 0000051A 66813E40007F454C46          cmp dword [NKI_HEADER_SIZE], ELF_MAGIC
   483 00000523 756D                        jne .native_nki
   484 00000525 BE4000                      mov si, NKI_HEADER_SIZE
   485 00000528 668B0E2000                  mov ecx, [NKI_OFF_IMAGE_SIZE]
   486 0000052D E83201                      call validate_elf_ds_si
   487 00000530 0F821401                    jc .invalid_header
   488 00000534 66F706140001000000          test dword [NKI_OFF_FLAGS], NOVA_NKI_FLAG_ELF_BUILD_ID
   489 0000053D 0F840701                    jz .invalid_header
   490 00000541 66F706140002000000          test dword [NKI_OFF_FLAGS], NOVA_NKI_FLAG_NOVA_METADATA
   491 0000054A 0F84FA00                    jz .invalid_header
   492 0000054E 2E803E[F26B]01              cmp byte [cs:elf_nova_metadata_found], 1
   492          ******************       warning: 16-bit absolute section-crossing relocation [-w+reloc-abs-word]
   493 00000554 0F85F000                    jne .invalid_header
   494 00000558 66A12C00                    mov eax, [NKI_OFF_BUILD_ID + 0]
   495 0000055C 2E663B06[F46B]              cmp eax, [cs:elf_build_id + 0]
   495          ******************       warning: 16-bit absolute section-crossing relocation [-w+reloc-abs-word]
   496 00000562 0F85E200                    jne .invalid_header
   497 00000566 66A13000                    mov eax, [NKI_OFF_BUILD_ID + 4]
   498 0000056A 2E663B06[F86B]              cmp eax, [cs:elf_build_id + 4]
   498          ******************       warning: 16-bit absolute section-crossing relocation [-w+reloc-abs-word]
   499 00000570 0F85D400                    jne .invalid_header
   500 00000574 66A13400                    mov eax, [NKI_OFF_BUILD_ID + 8]
   501 00000578 2E663B06[FC6B]              cmp eax, [cs:elf_build_id + 8]
   501          ******************       warning: 16-bit absolute section-crossing relocation [-w+reloc-abs-word]
   502 0000057E 0F85C600                    jne .invalid_header
   503 00000582 66A13800                    mov eax, [NKI_OFF_BUILD_ID + 12]
   504 00000586 2E663B06[006C]              cmp eax, [cs:elf_build_id + 12]
   504          ******************       warning: 16-bit absolute section-crossing relocation [-w+reloc-abs-word]
   505 0000058C 0F85B800                    jne .invalid_header
   506 00000590 EB52                        jmp .publish
   507                                  
   508                                  .native_nki:
   509 00000592 2EC606[AA6B]01              mov byte [cs:kernel_payload_format], NOVA_KERNEL_FORMAT_NATIVE
   509          ******************       warning: 16-bit absolute section-crossing relocation [-w+reloc-abs-word]
   510 00000598 66A11C00                    mov eax, [NKI_OFF_LOAD_ADDRESS]
   511 0000059C 2E66A3[BC6B]                mov [cs:elf_load_address], eax
   511          ******************       warning: 16-bit absolute section-crossing relocation [-w+reloc-abs-word]
   512 000005A1 66A12000                    mov eax, [NKI_OFF_IMAGE_SIZE]
   513 000005A5 2E66A3[C06B]                mov [cs:elf_memory_size], eax
   513          ******************       warning: 16-bit absolute section-crossing relocation [-w+reloc-abs-word]
   514 000005AA 66A11800                    mov eax, [NKI_OFF_ENTRY_POINT]
   515 000005AE 2E66A3[C46B]                mov [cs:elf_entry_point], eax
   515          ******************       warning: 16-bit absolute section-crossing relocation [-w+reloc-abs-word]
   516 000005B3 EB2F                        jmp .publish
   517                                  
   518                                  .try_direct_elf:
   519 000005B5 66813E00007F454C46          cmp dword [0], ELF_MAGIC
   520 000005BE 0F858600                    jne .invalid_header
   521 000005C2 BE0000                      mov si, 0
   522 000005C5 66B900A20000                mov ecx, KERNEL_IMAGE_BYTE_COUNT
   523 000005CB E89400                      call validate_elf_ds_si
   524 000005CE 7278                        jc .invalid_header
   525 000005D0 2E66C706[B46B]0000-         mov dword [cs:kernel_payload_base], KERNEL_TEMP_ADDRESS
   525          ******************       warning: 16-bit absolute section-crossing relocation [-w+reloc-abs-word]
   525 000005D8 0100               
   526 000005DA 2E66C706[B86B]0000-         mov dword [cs:kernel_payload_crc], 0
   526          ******************       warning: 16-bit absolute section-crossing relocation [-w+reloc-abs-word]
   526 000005E2 0000               
   527                                  
   528                                  .publish:
   529 000005E4 1F                          pop ds
   530 000005E5 66A1[BC6B]                  mov eax, [elf_load_address]
   530          ******************       warning: 16-bit absolute section-crossing relocation [-w+reloc-abs-word]
   531 000005E9 668B16[C06B]                mov edx, [elf_memory_size]
   531          ******************       warning: 16-bit absolute section-crossing relocation [-w+reloc-abs-word]
   532 000005EE 668B0E[C46B]                mov ecx, [elf_entry_point]
   532          ******************       warning: 16-bit absolute section-crossing relocation [-w+reloc-abs-word]
   533 000005F3 668B2E[B86B]                mov ebp, [kernel_payload_crc]
   533          ******************       warning: 16-bit absolute section-crossing relocation [-w+reloc-abs-word]
   534 000005F8 66A38050                    mov dword [BOOT_INFO_ADDRESS + BIB_KERNEL_OFFSET + 8], eax
   535 000005FC 6689168450                  mov dword [BOOT_INFO_ADDRESS + BIB_KERNEL_OFFSET + 12], edx
   536 00000601 66890E8850                  mov dword [BOOT_INFO_ADDRESS + BIB_KERNEL_OFFSET + 16], ecx
   537 00000606 660FB606[AA6B]              movzx eax, byte [kernel_payload_format]
   537          ******************       warning: 16-bit absolute section-crossing relocation [-w+reloc-abs-word]
   538 0000060C 66A38C50                    mov dword [BOOT_INFO_ADDRESS + BIB_KERNEL_OFFSET + 20], eax
   539 00000610 66892E9050                  mov dword [BOOT_INFO_ADDRESS + BIB_KERNEL_OFFSET + 24], ebp
   540 00000615 66A1[F46B]                  mov eax, [elf_build_id + 0]
   540          ******************       warning: 16-bit absolute section-crossing relocation [-w+reloc-abs-word]
   541 00000619 66A3B051                    mov [BOOT_INFO_ADDRESS + BIB_KERNEL_ID_OFFSET + 8], eax
   542 0000061D 66A1[F86B]                  mov eax, [elf_build_id + 4]
   542          ******************       warning: 16-bit absolute section-crossing relocation [-w+reloc-abs-word]
   543 00000621 66A3B451                    mov [BOOT_INFO_ADDRESS + BIB_KERNEL_ID_OFFSET + 12], eax
   544 00000625 66A1[FC6B]                  mov eax, [elf_build_id + 8]
   544          ******************       warning: 16-bit absolute section-crossing relocation [-w+reloc-abs-word]
   545 00000629 66A3B851                    mov [BOOT_INFO_ADDRESS + BIB_KERNEL_ID_OFFSET + 16], eax
   546 0000062D 66A1[006C]                  mov eax, [elf_build_id + 12]
   546          ******************       warning: 16-bit absolute section-crossing relocation [-w+reloc-abs-word]
   547 00000631 66A3BC51                    mov [BOOT_INFO_ADDRESS + BIB_KERNEL_ID_OFFSET + 20], eax
   548 00000635 66A1[046C]                  mov eax, [elf_build_id + 16]
   548          ******************       warning: 16-bit absolute section-crossing relocation [-w+reloc-abs-word]
   549 00000639 66A3C051                    mov [BOOT_INFO_ADDRESS + BIB_KERNEL_ID_OFFSET + 24], eax
   550 0000063D 660FB606[AA6B]              movzx eax, byte [kernel_payload_format]
   550          ******************       warning: 16-bit absolute section-crossing relocation [-w+reloc-abs-word]
   551 00000643 66A3C451                    mov [BOOT_INFO_ADDRESS + BIB_KERNEL_ID_OFFSET + 28], eax
   552 00000647 C3                          ret
   553                                  
   554                                  .invalid_header:
   555 00000648 1F                          pop ds
   556 00000649 BE[336D]                    mov si, message_kernel_header_error
   556          ******************       warning: 16-bit absolute section-crossing relocation [-w+reloc-abs-word]
   557 0000064C E83765                      call print_string
   558 0000064F C606[A96B]01                mov byte [boot_error_code], 1
   558          ******************       warning: 16-bit absolute section-crossing relocation [-w+reloc-abs-word]
   559 00000654 C3                          ret
   560                                  .invalid_checksum:
   561 00000655 1F                          pop ds
   562 00000656 BE[586D]                    mov si, message_kernel_checksum_error
   562          ******************       warning: 16-bit absolute section-crossing relocation [-w+reloc-abs-word]
   563 00000659 E82A65                      call print_string
   564 0000065C C606[A96B]02                mov byte [boot_error_code], 2
   564          ******************       warning: 16-bit absolute section-crossing relocation [-w+reloc-abs-word]
   565 00000661 C3                          ret
   566                                  
   567                                  ; DS:SI zeigt auf ein ELF32-Image, ECX enthält die verfügbare Dateigröße.
   568                                  ; Alle PT_LOAD-Segmente werden vor dem späteren Kopieren vollständig geprüft.
   569                                  validate_elf_ds_si:
   570 00000662 807C0401                    cmp byte [si + 4], ELFCLASS32
   571 00000666 7408                        je .elf32
   572 00000668 807C0402                    cmp byte [si + 4], ELFCLASS64
   573 0000066C 740E                        je .elf64
   574 0000066E F9                          stc
   575 0000066F C3                          ret
   576                                  .elf32:
   577 00000670 E81500                      call validate_elf32_ds_si
   578 00000673 7206                        jc .done
   579 00000675 2EC606[AA6B]02              mov byte [cs:kernel_payload_format], NOVA_KERNEL_FORMAT_ELF32
   579          ******************       warning: 16-bit absolute section-crossing relocation [-w+reloc-abs-word]
   580                                  .done:
   581 0000067B C3                          ret
   582                                  .elf64:
   583 0000067C E88B02                      call validate_elf64_ds_si
   584 0000067F 72FA                        jc .done
   585 00000681 2EC606[AA6B]03              mov byte [cs:kernel_payload_format], NOVA_KERNEL_FORMAT_ELF64
   585          ******************       warning: 16-bit absolute section-crossing relocation [-w+reloc-abs-word]
   586 00000687 C3                          ret
   587                                  
   588                                  validate_elf32_ds_si:
   589 00000688 6660                        pushad
   590 0000068A 660FB7F6                    movzx esi, si
   591 0000068E 6689CF                      mov edi, ecx
   592 00000691 6683FF34                    cmp edi, ELF32_HEADER_SIZE
   593 00000695 0F826D02                    jb .invalid
   594 00000699 6766813E7F454C46            cmp dword [esi], ELF_MAGIC
   595 000006A1 0F856102                    jne .invalid
   596 000006A5 67807E0401                  cmp byte [esi + 4], ELFCLASS32
   597 000006AA 0F855802                    jne .invalid
   598 000006AE 67807E0501                  cmp byte [esi + 5], ELFDATA2LSB
   599 000006B3 0F854F02                    jne .invalid
   600 000006B7 67807E0601                  cmp byte [esi + 6], 1
   601 000006BC 0F854602                    jne .invalid
   602 000006C0 67837E1002                  cmp word [esi + 16], ELF_ET_EXEC
   603 000006C5 0F853D02                    jne .invalid
   604 000006C9 67837E1203                  cmp word [esi + 18], ELF_EM_386
   605 000006CE 0F853402                    jne .invalid
   606 000006D2 6766837E1401                cmp dword [esi + 20], 1
   607 000006D8 0F852A02                    jne .invalid
   608 000006DC 67837E2834                  cmp word [esi + ELF32_OFF_EHSIZE], ELF32_HEADER_SIZE
   609 000006E1 0F852102                    jne .invalid
   610 000006E5 67837E2A20                  cmp word [esi + ELF32_OFF_PHENTSIZE], ELF32_PROGRAM_HEADER_SIZE
   611 000006EA 0F851802                    jne .invalid
   612 000006EE 67660FB74E2C                movzx ecx, word [esi + ELF32_OFF_PHNUM]
   613 000006F4 6685C9                      test ecx, ecx
   614 000006F7 0F840B02                    jz .invalid
   615 000006FB 6683F910                    cmp ecx, 16
   616 000006FF 0F870302                    ja .invalid
   617 00000703 67668B461C                  mov eax, [esi + ELF32_OFF_PHOFF]
   618 00000708 6689CA                      mov edx, ecx
   619 0000070B 66C1E205                    shl edx, 5
   620 0000070F 6601C2                      add edx, eax
   621 00000712 0F82F001                    jc .invalid
   622 00000716 6639FA                      cmp edx, edi
   623 00000719 0F87E901                    ja .invalid
   624 0000071D 6601F0                      add eax, esi
   625 00000720 6689C2                      mov edx, eax
   626 00000723 67668B4618                  mov eax, [esi + ELF32_OFF_ENTRY]
   627 00000728 2E66A3[C46B]                mov [cs:elf_entry_point], eax
   627          ******************       warning: 16-bit absolute section-crossing relocation [-w+reloc-abs-word]
   628 0000072D 2E66C706[D06B]FFFF-         mov dword [cs:elf_min_address], 0xFFFFFFFF
   628          ******************       warning: 16-bit absolute section-crossing relocation [-w+reloc-abs-word]
   628 00000735 FFFF               
   629 00000737 2E66C706[D46B]0000-         mov dword [cs:elf_max_address], 0
   629          ******************       warning: 16-bit absolute section-crossing relocation [-w+reloc-abs-word]
   629 0000073F 0000               
   630 00000741 2E66C706[D86B]0000-         mov dword [cs:elf_segment_count], 0
   630          ******************       warning: 16-bit absolute section-crossing relocation [-w+reloc-abs-word]
   630 00000749 0000               
   631 0000074B 2EC606[F06B]00              mov byte [cs:elf_entry_covered], 0
   631          ******************       warning: 16-bit absolute section-crossing relocation [-w+reloc-abs-word]
   632 00000751 2EC606[F16B]00              mov byte [cs:elf_build_id_found], 0
   632          ******************       warning: 16-bit absolute section-crossing relocation [-w+reloc-abs-word]
   633 00000757 2EC606[F26B]00              mov byte [cs:elf_nova_metadata_found], 0
   633          ******************       warning: 16-bit absolute section-crossing relocation [-w+reloc-abs-word]
   634                                  .program_header:
   635 0000075D 67668B02                    mov eax, [edx + ELF32_PH_OFF_TYPE]
   636 00000761 6683F802                    cmp eax, ELF_PT_DYNAMIC
   637 00000765 0F849D01                    je .invalid
   638 00000769 6683F803                    cmp eax, ELF_PT_INTERP
   639 0000076D 0F849501                    je .invalid
   640 00000771 6683F804                    cmp eax, ELF_PT_NOTE
   641 00000775 750A                        jne .check_load
   642 00000777 E84204                      call validate_elf_note_segment
   643 0000077A 0F828801                    jc .invalid
   644 0000077E E94D01                      jmp .next
   645                                  .check_load:
   646 00000781 6683F801                    cmp eax, ELF_PT_LOAD
   647 00000785 0F854501                    jne .next
   648 00000789 67668B4218                  mov eax, [edx + ELF32_PH_OFF_FLAGS]
   649 0000078E 6683E003                    and eax, ELF_PF_EXECUTE | ELF_PF_WRITE
   650 00000792 6683F803                    cmp eax, ELF_PF_EXECUTE | ELF_PF_WRITE
   651 00000796 0F846C01                    je .invalid                    ; W^X bereits im Loader erzwingen
   652 0000079A 67668B4210                  mov eax, [edx + ELF32_PH_OFF_FILESZ]
   653 0000079F 67663B4214                  cmp eax, [edx + ELF32_PH_OFF_MEMSZ]
   654 000007A4 0F875E01                    ja .invalid
   655 000007A8 6766837A1400                cmp dword [edx + ELF32_PH_OFF_MEMSZ], 0
   656 000007AE 0F845401                    je .invalid
   657 000007B2 6766034204                  add eax, [edx + ELF32_PH_OFF_OFFSET]
   658 000007B7 0F824B01                    jc .invalid
   659 000007BB 6639F8                      cmp eax, edi
   660 000007BE 0F874401                    ja .invalid
   661 000007C2 67668B420C                  mov eax, [edx + ELF32_PH_OFF_PADDR]
   662 000007C7 663D00001000                cmp eax, KERNEL_ENTRY_ADDRESS
   663 000007CD 0F823501                    jb .invalid
   664 000007D1 6689C3                      mov ebx, eax
   665 000007D4 6766035A14                  add ebx, [edx + ELF32_PH_OFF_MEMSZ]
   666 000007D9 0F822901                    jc .invalid
   667 000007DD 6681FB00000001              cmp ebx, 0x01000000
   668 000007E4 0F871E01                    ja .invalid
   669                                  
   670                                      ; p_vaddr und p_offset müssen modulo p_align übereinstimmen.
   671 000007E8 67668B6A1C                  mov ebp, [edx + ELF32_PH_OFF_ALIGN]
   672 000007ED 6683FD01                    cmp ebp, 1
   673 000007F1 7627                        jbe .alignment_ok
   674 000007F3 6689E8                      mov eax, ebp
   675 000007F6 6648                        dec eax
   676 000007F8 6685C5                      test ebp, eax
   677 000007FB 0F850701                    jnz .invalid
   678 000007FF 67668B6A04                  mov ebp, [edx + ELF32_PH_OFF_OFFSET]
   679 00000804 6621C5                      and ebp, eax
   680                                      ; Der zweite AND benötigt align-1, nicht align.
   681 00000807 67668B421C                  mov eax, [edx + ELF32_PH_OFF_ALIGN]
   682 0000080C 6648                        dec eax
   683 0000080E 6766234208                  and eax, [edx + ELF32_PH_OFF_VADDR]
   684 00000813 6639C5                      cmp ebp, eax
   685 00000816 0F85EC00                    jne .invalid
   686                                  .alignment_ok:
   687 0000081A 67668B420C                  mov eax, [edx + ELF32_PH_OFF_PADDR]
   688 0000081F 6689C3                      mov ebx, eax
   689 00000822 6766035A14                  add ebx, [edx + ELF32_PH_OFF_MEMSZ]
   690 00000827 2E66A3[DC6B]                mov [cs:elf_current_start], eax
   690          ******************       warning: 16-bit absolute section-crossing relocation [-w+reloc-abs-word]
   691 0000082C 2E66891E[E06B]              mov [cs:elf_current_end], ebx
   691          ******************       warning: 16-bit absolute section-crossing relocation [-w+reloc-abs-word]
   692                                  
   693                                      ; Kein geladenes Speicherintervall darf ein früheres PT_LOAD überlappen.
   694 00000832 6631ED                      xor ebp, ebp
   695                                  .overlap_loop:
   696 00000835 2E663B2E[D86B]              cmp ebp, [cs:elf_segment_count]
   696          ******************       warning: 16-bit absolute section-crossing relocation [-w+reloc-abs-word]
   697 0000083B 7324                        jae .store_interval
   698 0000083D 2E67663B04AD-               cmp eax, [cs:elf_segment_ends + ebp * 4]
   698          ******************       warning: 32-bit absolute section-crossing relocation [-w+reloc-abs-dword]
   698 00000843 [486C0000]         
   699 00000847 7314                        jae .overlap_next
   700 00000849 2E67668B1CAD-               mov ebx, [cs:elf_segment_starts + ebp * 4]
   700          ******************       warning: 32-bit absolute section-crossing relocation [-w+reloc-abs-dword]
   700 0000084F [086C0000]         
   701 00000853 2E663B1E[E06B]              cmp ebx, [cs:elf_current_end]
   701          ******************       warning: 16-bit absolute section-crossing relocation [-w+reloc-abs-word]
   702 00000859 0F82A900                    jb .invalid
   703                                  .overlap_next:
   704 0000085D 6645                        inc ebp
   705 0000085F EBD4                        jmp .overlap_loop
   706                                  .store_interval:
   707 00000861 2E668B2E[D86B]              mov ebp, [cs:elf_segment_count]
   707          ******************       warning: 16-bit absolute section-crossing relocation [-w+reloc-abs-word]
   708 00000867 2E66A1[DC6B]                mov eax, [cs:elf_current_start]
   708          ******************       warning: 16-bit absolute section-crossing relocation [-w+reloc-abs-word]
   709 0000086C 2E67668904AD-               mov [cs:elf_segment_starts + ebp * 4], eax
   709          ******************       warning: 32-bit absolute section-crossing relocation [-w+reloc-abs-dword]
   709 00000872 [086C0000]         
   710 00000876 2E668B1E[E06B]              mov ebx, [cs:elf_current_end]
   710          ******************       warning: 16-bit absolute section-crossing relocation [-w+reloc-abs-word]
   711 0000087C 2E6766891CAD-               mov [cs:elf_segment_ends + ebp * 4], ebx
   711          ******************       warning: 32-bit absolute section-crossing relocation [-w+reloc-abs-dword]
   711 00000882 [486C0000]         
   712 00000886 2E66FF06[D86B]              inc dword [cs:elf_segment_count]
   712          ******************       warning: 16-bit absolute section-crossing relocation [-w+reloc-abs-word]
   713 0000088C 2E663B06[D06B]              cmp eax, [cs:elf_min_address]
   713          ******************       warning: 16-bit absolute section-crossing relocation [-w+reloc-abs-word]
   714 00000892 7305                        jae .minimum_ok
   715 00000894 2E66A3[D06B]                mov [cs:elf_min_address], eax
   715          ******************       warning: 16-bit absolute section-crossing relocation [-w+reloc-abs-word]
   716                                  .minimum_ok:
   717 00000899 2E663B1E[D46B]              cmp ebx, [cs:elf_max_address]
   717          ******************       warning: 16-bit absolute section-crossing relocation [-w+reloc-abs-word]
   718 0000089F 7606                        jbe .check_entry
   719 000008A1 2E66891E[D46B]              mov [cs:elf_max_address], ebx
   719          ******************       warning: 16-bit absolute section-crossing relocation [-w+reloc-abs-word]
   720                                  .check_entry:
   721 000008A7 6766F7421801000000          test dword [edx + ELF32_PH_OFF_FLAGS], ELF_PF_EXECUTE
   722 000008B0 741C                        jz .next
   723 000008B2 2E668B2E[C46B]              mov ebp, [cs:elf_entry_point]
   723          ******************       warning: 16-bit absolute section-crossing relocation [-w+reloc-abs-word]
   724 000008B8 2E663B2E[DC6B]              cmp ebp, [cs:elf_current_start]
   724          ******************       warning: 16-bit absolute section-crossing relocation [-w+reloc-abs-word]
   725 000008BE 720E                        jb .next
   726 000008C0 2E663B2E[E06B]              cmp ebp, [cs:elf_current_end]
   726          ******************       warning: 16-bit absolute section-crossing relocation [-w+reloc-abs-word]
   727 000008C6 7306                        jae .next
   728 000008C8 2EC606[F06B]01              mov byte [cs:elf_entry_covered], 1
   728          ******************       warning: 16-bit absolute section-crossing relocation [-w+reloc-abs-word]
   729                                  .next:
   730 000008CE 6683C220                    add edx, ELF32_PROGRAM_HEADER_SIZE
   731 000008D2 6649                        dec ecx
   732 000008D4 0F8585FE                    jnz .program_header
   733 000008D8 2E66833E[D86B]00            cmp dword [cs:elf_segment_count], 0
   733          ******************       warning: 16-bit absolute section-crossing relocation [-w+reloc-abs-word]
   734 000008DF 7425                        je .invalid
   735 000008E1 2E803E[F06B]01              cmp byte [cs:elf_entry_covered], 1
   735          ******************       warning: 16-bit absolute section-crossing relocation [-w+reloc-abs-word]
   736 000008E7 751D                        jne .invalid
   737 000008E9 2E66A1[D06B]                mov eax, [cs:elf_min_address]
   737          ******************       warning: 16-bit absolute section-crossing relocation [-w+reloc-abs-word]
   738 000008EE 2E66A3[BC6B]                mov [cs:elf_load_address], eax
   738          ******************       warning: 16-bit absolute section-crossing relocation [-w+reloc-abs-word]
   739 000008F3 2E668B1E[D46B]              mov ebx, [cs:elf_max_address]
   739          ******************       warning: 16-bit absolute section-crossing relocation [-w+reloc-abs-word]
   740 000008F9 6629C3                      sub ebx, eax
   741 000008FC 2E66891E[C06B]              mov [cs:elf_memory_size], ebx
   741          ******************       warning: 16-bit absolute section-crossing relocation [-w+reloc-abs-word]
   742 00000902 6661                        popad
   743 00000904 F8                          clc
   744 00000905 C3                          ret
   745                                  .invalid:
   746 00000906 6661                        popad
   747 00000908 F9                          stc
   748 00000909 C3                          ret
   749                                  
   750                                  validate_elf64_ds_si:
   751 0000090A 6660                        pushad
   752 0000090C 660FB7F6                    movzx esi, si
   753 00000910 6689CF                      mov edi, ecx
   754 00000913 6683FF40                    cmp edi, ELF64_HEADER_SIZE
   755 00000917 0F829D02                    jb .invalid
   756 0000091B 6766813E7F454C46            cmp dword [esi], ELF_MAGIC
   757 00000923 0F859102                    jne .invalid
   758 00000927 67807E0402                  cmp byte [esi + 4], ELFCLASS64
   759 0000092C 0F858802                    jne .invalid
   760 00000930 67807E0501                  cmp byte [esi + 5], ELFDATA2LSB
   761 00000935 0F857F02                    jne .invalid
   762 00000939 67837E1002                  cmp word [esi + 16], ELF_ET_EXEC
   763 0000093E 0F857602                    jne .invalid
   764 00000942 67837E123E                  cmp word [esi + 18], ELF_EM_X86_64
   765 00000947 0F856D02                    jne .invalid
   766 0000094B 6766837E1401                cmp dword [esi + 20], 1
   767 00000951 0F856302                    jne .invalid
   768 00000955 67837E3440                  cmp word [esi + ELF64_OFF_EHSIZE], ELF64_HEADER_SIZE
   769 0000095A 0F855A02                    jne .invalid
   770 0000095E 67837E3638                  cmp word [esi + ELF64_OFF_PHENTSIZE], ELF64_PROGRAM_HEADER_SIZE
   771 00000963 0F855102                    jne .invalid
   772 00000967 6766837E1C00                cmp dword [esi + ELF64_OFF_ENTRY + 4], 0
   773 0000096D 0F854702                    jne .invalid
   774 00000971 6766837E2400                cmp dword [esi + ELF64_OFF_PHOFF + 4], 0
   775 00000977 0F853D02                    jne .invalid
   776 0000097B 67660FB74E38                movzx ecx, word [esi + ELF64_OFF_PHNUM]
   777 00000981 6685C9                      test ecx, ecx
   778 00000984 0F843002                    jz .invalid
   779 00000988 6683F910                    cmp ecx, 16
   780 0000098C 0F872802                    ja .invalid
   781 00000990 67668B4620                  mov eax, [esi + ELF64_OFF_PHOFF]
   782 00000995 666BD138                    imul edx, ecx, ELF64_PROGRAM_HEADER_SIZE
   783 00000999 6601C2                      add edx, eax
   784 0000099C 0F821802                    jc .invalid
   785 000009A0 6639FA                      cmp edx, edi
   786 000009A3 0F871102                    ja .invalid
   787 000009A7 6601F0                      add eax, esi
   788 000009AA 6689C2                      mov edx, eax
   789 000009AD 67668B4618                  mov eax, [esi + ELF64_OFF_ENTRY]
   790 000009B2 2E66A3[C46B]                mov [cs:elf_entry_point], eax
   790          ******************       warning: 16-bit absolute section-crossing relocation [-w+reloc-abs-word]
   791 000009B7 2E66C706[D06B]FFFF-         mov dword [cs:elf_min_address], 0xFFFFFFFF
   791          ******************       warning: 16-bit absolute section-crossing relocation [-w+reloc-abs-word]
   791 000009BF FFFF               
   792 000009C1 2E66C706[D46B]0000-         mov dword [cs:elf_max_address], 0
   792          ******************       warning: 16-bit absolute section-crossing relocation [-w+reloc-abs-word]
   792 000009C9 0000               
   793 000009CB 2E66C706[D86B]0000-         mov dword [cs:elf_segment_count], 0
   793          ******************       warning: 16-bit absolute section-crossing relocation [-w+reloc-abs-word]
   793 000009D3 0000               
   794 000009D5 2EC606[F06B]00              mov byte [cs:elf_entry_covered], 0
   794          ******************       warning: 16-bit absolute section-crossing relocation [-w+reloc-abs-word]
   795                                  .ph:
   796 000009DB 6766833A02                  cmp dword [edx + ELF64_PH_OFF_TYPE], ELF_PT_DYNAMIC
   797 000009E0 0F84D401                    je .invalid
   798 000009E4 6766833A03                  cmp dword [edx + ELF64_PH_OFF_TYPE], ELF_PT_INTERP
   799 000009E9 0F84CB01                    je .invalid
   800 000009ED 6766833A01                  cmp dword [edx + ELF64_PH_OFF_TYPE], ELF_PT_LOAD
   801 000009F2 0F856901                    jne .next
   802 000009F6 67668B4204                  mov eax, [edx + ELF64_PH_OFF_FLAGS]
   803 000009FB 6683E003                    and eax, ELF_PF_EXECUTE | ELF_PF_WRITE
   804 000009FF 6683F803                    cmp eax, ELF_PF_EXECUTE | ELF_PF_WRITE
   805 00000A03 0F84B101                    je .invalid
   806 00000A07 6766837A0C00                cmp dword [edx + ELF64_PH_OFF_OFFSET + 4], 0
   807 00000A0D 0F85A701                    jne .invalid
   808 00000A11 6766837A1C00                cmp dword [edx + ELF64_PH_OFF_PADDR + 4], 0
   809 00000A17 0F859D01                    jne .invalid
   810 00000A1B 6766837A2400                cmp dword [edx + ELF64_PH_OFF_FILESZ + 4], 0
   811 00000A21 0F859301                    jne .invalid
   812 00000A25 6766837A2C00                cmp dword [edx + ELF64_PH_OFF_MEMSZ + 4], 0
   813 00000A2B 0F858901                    jne .invalid
   814 00000A2F 6766837A3400                cmp dword [edx + ELF64_PH_OFF_ALIGN + 4], 0
   815 00000A35 0F857F01                    jne .invalid
   816 00000A39 67668B4220                  mov eax, [edx + ELF64_PH_OFF_FILESZ]
   817 00000A3E 67663B4228                  cmp eax, [edx + ELF64_PH_OFF_MEMSZ]
   818 00000A43 0F877101                    ja .invalid
   819 00000A47 6766034208                  add eax, [edx + ELF64_PH_OFF_OFFSET]
   820 00000A4C 0F826801                    jc .invalid
   821 00000A50 6639F8                      cmp eax, edi
   822 00000A53 0F876101                    ja .invalid
   823 00000A57 67668B4218                  mov eax, [edx + ELF64_PH_OFF_PADDR]
   824 00000A5C 663D00001000                cmp eax, KERNEL_ENTRY_ADDRESS
   825 00000A62 0F825201                    jb .invalid
   826 00000A66 6689C3                      mov ebx, eax
   827 00000A69 6766035A28                  add ebx, [edx + ELF64_PH_OFF_MEMSZ]
   828 00000A6E 0F824601                    jc .invalid
   829 00000A72 6681FB00000001              cmp ebx, 0x01000000
   830 00000A79 0F873B01                    ja .invalid
   831 00000A7D 2E66A3[DC6B]                mov [cs:elf_current_start], eax
   831          ******************       warning: 16-bit absolute section-crossing relocation [-w+reloc-abs-word]
   832 00000A82 2E66891E[E06B]              mov [cs:elf_current_end], ebx
   832          ******************       warning: 16-bit absolute section-crossing relocation [-w+reloc-abs-word]
   833 00000A88 67668B6A30                  mov ebp, [edx + ELF64_PH_OFF_ALIGN]
   834 00000A8D 6683FD01                    cmp ebp, 1
   835 00000A91 7631                        jbe .alignment_ok
   836 00000A93 6689E8                      mov eax, ebp
   837 00000A96 6648                        dec eax
   838 00000A98 6685C5                      test ebp, eax
   839 00000A9B 0F851901                    jnz .invalid
   840 00000A9F 67668B6A08                  mov ebp, [edx + ELF64_PH_OFF_OFFSET]
   841 00000AA4 6621C5                      and ebp, eax
   842 00000AA7 67668B4210                  mov eax, [edx + ELF64_PH_OFF_VADDR]
   843 00000AAC 6766234230                  and eax, [edx + ELF64_PH_OFF_ALIGN]
   844                                      ; align-1 erneut bilden, damit virtuelle Adresse und Offset kongruent sind.
   845 00000AB1 67668B4230                  mov eax, [edx + ELF64_PH_OFF_ALIGN]
   846 00000AB6 6648                        dec eax
   847 00000AB8 6766234210                  and eax, [edx + ELF64_PH_OFF_VADDR]
   848 00000ABD 6639C5                      cmp ebp, eax
   849 00000AC0 0F85F400                    jne .invalid
   850                                  .alignment_ok:
   851 00000AC4 6631ED                      xor ebp, ebp
   852                                  .overlap:
   853 00000AC7 2E663B2E[D86B]              cmp ebp, [cs:elf_segment_count]
   853          ******************       warning: 16-bit absolute section-crossing relocation [-w+reloc-abs-word]
   854 00000ACD 7329                        jae .store
   855 00000ACF 2E66A1[DC6B]                mov eax, [cs:elf_current_start]
   855          ******************       warning: 16-bit absolute section-crossing relocation [-w+reloc-abs-word]
   856 00000AD4 2E67663B04AD-               cmp eax, [cs:elf_segment_ends + ebp * 4]
   856          ******************       warning: 32-bit absolute section-crossing relocation [-w+reloc-abs-dword]
   856 00000ADA [486C0000]         
   857 00000ADE 7314                        jae .overlap_next
   858 00000AE0 2E67668B04AD-               mov eax, [cs:elf_segment_starts + ebp * 4]
   858          ******************       warning: 32-bit absolute section-crossing relocation [-w+reloc-abs-dword]
   858 00000AE6 [086C0000]         
   859 00000AEA 2E663B06[E06B]              cmp eax, [cs:elf_current_end]
   859          ******************       warning: 16-bit absolute section-crossing relocation [-w+reloc-abs-word]
   860 00000AF0 0F82C400                    jb .invalid
   861                                  .overlap_next:
   862 00000AF4 6645                        inc ebp
   863 00000AF6 EBCF                        jmp .overlap
   864                                  .store:
   865 00000AF8 2E668B2E[D86B]              mov ebp, [cs:elf_segment_count]
   865          ******************       warning: 16-bit absolute section-crossing relocation [-w+reloc-abs-word]
   866 00000AFE 2E66A1[DC6B]                mov eax, [cs:elf_current_start]
   866          ******************       warning: 16-bit absolute section-crossing relocation [-w+reloc-abs-word]
   867 00000B03 2E67668904AD-               mov [cs:elf_segment_starts + ebp * 4], eax
   867          ******************       warning: 32-bit absolute section-crossing relocation [-w+reloc-abs-dword]
   867 00000B09 [086C0000]         
   868 00000B0D 2E668B1E[E06B]              mov ebx, [cs:elf_current_end]
   868          ******************       warning: 16-bit absolute section-crossing relocation [-w+reloc-abs-word]
   869 00000B13 2E6766891CAD-               mov [cs:elf_segment_ends + ebp * 4], ebx
   869          ******************       warning: 32-bit absolute section-crossing relocation [-w+reloc-abs-dword]
   869 00000B19 [486C0000]         
   870 00000B1D 2E663B06[D06B]              cmp eax, [cs:elf_min_address]
   870          ******************       warning: 16-bit absolute section-crossing relocation [-w+reloc-abs-word]
   871 00000B23 7305                        jae .min_ok
   872 00000B25 2E66A3[D06B]                mov [cs:elf_min_address], eax
   872          ******************       warning: 16-bit absolute section-crossing relocation [-w+reloc-abs-word]
   873                                  .min_ok:
   874 00000B2A 2E663B1E[D46B]              cmp ebx, [cs:elf_max_address]
   874          ******************       warning: 16-bit absolute section-crossing relocation [-w+reloc-abs-word]
   875 00000B30 7606                        jbe .entry
   876 00000B32 2E66891E[D46B]              mov [cs:elf_max_address], ebx
   876          ******************       warning: 16-bit absolute section-crossing relocation [-w+reloc-abs-word]
   877                                  .entry:
   878 00000B38 2E66FF06[D86B]              inc dword [cs:elf_segment_count]
   878          ******************       warning: 16-bit absolute section-crossing relocation [-w+reloc-abs-word]
   879 00000B3E 6766F7420401000000          test dword [edx + ELF64_PH_OFF_FLAGS], ELF_PF_EXECUTE
   880 00000B47 7416                        jz .next
   881 00000B49 2E668B2E[C46B]              mov ebp, [cs:elf_entry_point]
   881          ******************       warning: 16-bit absolute section-crossing relocation [-w+reloc-abs-word]
   882 00000B4F 6639C5                      cmp ebp, eax
   883 00000B52 720B                        jb .next
   884 00000B54 6639DD                      cmp ebp, ebx
   885 00000B57 7306                        jae .next
   886 00000B59 2EC606[F06B]01              mov byte [cs:elf_entry_covered], 1
   886          ******************       warning: 16-bit absolute section-crossing relocation [-w+reloc-abs-word]
   887                                  .next:
   888 00000B5F 6683C238                    add edx, ELF64_PROGRAM_HEADER_SIZE
   889 00000B63 6649                        dec ecx
   890 00000B65 0F8572FE                    jnz .ph
   891 00000B69 2E66833E[D86B]00            cmp dword [cs:elf_segment_count], 0
   891          ******************       warning: 16-bit absolute section-crossing relocation [-w+reloc-abs-word]
   892 00000B70 7446                        je .invalid
   893 00000B72 2E803E[F06B]01              cmp byte [cs:elf_entry_covered], 1
   893          ******************       warning: 16-bit absolute section-crossing relocation [-w+reloc-abs-word]
   894 00000B78 753E                        jne .invalid
   895 00000B7A 2E66A1[D06B]                mov eax, [cs:elf_min_address]
   895          ******************       warning: 16-bit absolute section-crossing relocation [-w+reloc-abs-word]
   896 00000B7F 2E66A3[BC6B]                mov [cs:elf_load_address], eax
   896          ******************       warning: 16-bit absolute section-crossing relocation [-w+reloc-abs-word]
   897 00000B84 2E668B1E[D46B]              mov ebx, [cs:elf_max_address]
   897          ******************       warning: 16-bit absolute section-crossing relocation [-w+reloc-abs-word]
   898 00000B8A 6629C3                      sub ebx, eax
   899 00000B8D 2E66891E[C06B]              mov [cs:elf_memory_size], ebx
   899          ******************       warning: 16-bit absolute section-crossing relocation [-w+reloc-abs-word]
   900 00000B93 66B800000080                mov eax, 0x80000000
   901 00000B99 0FA2                        cpuid
   902 00000B9B 663D01000080                cmp eax, 0x80000001
   903 00000BA1 7215                        jb .invalid
   904 00000BA3 66B801000080                mov eax, 0x80000001
   905 00000BA9 0FA2                        cpuid
   906 00000BAB 66F7C200000020              test edx, 1 << 29
   907 00000BB2 7404                        jz .invalid
   908 00000BB4 6661                        popad
   909 00000BB6 F8                          clc
   910 00000BB7 C3                          ret
   911                                  .invalid:
   912 00000BB8 6661                        popad
   913 00000BBA F9                          stc
   914 00000BBB C3                          ret
   915                                  
   916                                  ; Validiert alle ELF32-Notes eines PT_NOTE-Segments. Unbekannte Notes bleiben optional.
   917                                  validate_elf_note_segment:
   918 00000BBC 6660                        pushad
   919 00000BBE 67668B4204                  mov eax, [edx + ELF32_PH_OFF_OFFSET]
   920 00000BC3 67668B5A10                  mov ebx, [edx + ELF32_PH_OFF_FILESZ]
   921 00000BC8 6601C3                      add ebx, eax
   922 00000BCB 0F827001                    jc .invalid
   923 00000BCF 6639FB                      cmp ebx, edi
   924 00000BD2 0F876901                    ja .invalid
   925 00000BD6 6601F0                      add eax, esi
   926 00000BD9 6601F3                      add ebx, esi
   927 00000BDC 0F825F01                    jc .invalid
   928 00000BE0 6689C5                      mov ebp, eax
   929                                  .note:
   930 00000BE3 6639DD                      cmp ebp, ebx
   931 00000BE6 0F845101                    je .valid
   932 00000BEA 0F875101                    ja .invalid
   933 00000BEE 6689D8                      mov eax, ebx
   934 00000BF1 6629E8                      sub eax, ebp
   935 00000BF4 6683F80C                    cmp eax, 12
   936 00000BF8 0F824301                    jb .invalid
   937 00000BFC 3E67668B4500                mov eax, [ds:ebp]
   938 00000C02 3E67668B4D04                mov ecx, [ds:ebp + 4]
   939 00000C08 2E66A3[E46B]                mov [cs:elf_note_name_size], eax
   939          ******************       warning: 16-bit absolute section-crossing relocation [-w+reloc-abs-word]
   940 00000C0D 2E66890E[E86B]              mov [cs:elf_note_desc_size], ecx
   940          ******************       warning: 16-bit absolute section-crossing relocation [-w+reloc-abs-word]
   941 00000C13 6683C003                    add eax, 3
   942 00000C17 0F822401                    jc .invalid
   943 00000C1B 6683E0FC                    and eax, 0xFFFFFFFC
   944 00000C1F 6683C103                    add ecx, 3
   945 00000C23 0F821801                    jc .invalid
   946 00000C27 6683E1FC                    and ecx, 0xFFFFFFFC
   947 00000C2B 6601C8                      add eax, ecx
   948 00000C2E 0F820D01                    jc .invalid
   949 00000C32 6683C00C                    add eax, 12
   950 00000C36 0F820501                    jc .invalid
   951 00000C3A 6689E9                      mov ecx, ebp
   952 00000C3D 6601C1                      add ecx, eax
   953 00000C40 0F82FB00                    jc .invalid
   954 00000C44 6639D9                      cmp ecx, ebx
   955 00000C47 0F87F400                    ja .invalid
   956 00000C4B 2E66890E[EC6B]              mov [cs:elf_note_next], ecx
   956          ******************       warning: 16-bit absolute section-crossing relocation [-w+reloc-abs-word]
   957 00000C51 3E6766837D0803              cmp dword [ds:ebp + 8], ELF_NT_GNU_BUILD_ID
   958 00000C58 7563                        jne .check_nova
   959 00000C5A 2E66833E[E46B]04            cmp dword [cs:elf_note_name_size], 4
   959          ******************       warning: 16-bit absolute section-crossing relocation [-w+reloc-abs-word]
   960 00000C61 0F85CD00                    jne .advance
   961 00000C65 2E66833E[E86B]14            cmp dword [cs:elf_note_desc_size], 20
   961          ******************       warning: 16-bit absolute section-crossing relocation [-w+reloc-abs-word]
   962 00000C6C 0F85C200                    jne .advance
   963 00000C70 3E6766817D0C474E55-         cmp dword [ds:ebp + 12], 0x00554E47 ; "GNU\0"
   963 00000C79 00                 
   964 00000C7A 0F85B400                    jne .advance
   965 00000C7E 2EC606[F16B]01              mov byte [cs:elf_build_id_found], 1
   965          ******************       warning: 16-bit absolute section-crossing relocation [-w+reloc-abs-word]
   966 00000C84 3E67668B4510                mov eax, [ds:ebp + 16]
   967 00000C8A 2E66A3[F46B]                mov [cs:elf_build_id + 0], eax
   967          ******************       warning: 16-bit absolute section-crossing relocation [-w+reloc-abs-word]
   968 00000C8F 3E67668B4514                mov eax, [ds:ebp + 20]
   969 00000C95 2E66A3[F86B]                mov [cs:elf_build_id + 4], eax
   969          ******************       warning: 16-bit absolute section-crossing relocation [-w+reloc-abs-word]
   970 00000C9A 3E67668B4518                mov eax, [ds:ebp + 24]
   971 00000CA0 2E66A3[FC6B]                mov [cs:elf_build_id + 8], eax
   971          ******************       warning: 16-bit absolute section-crossing relocation [-w+reloc-abs-word]
   972 00000CA5 3E67668B451C                mov eax, [ds:ebp + 28]
   973 00000CAB 2E66A3[006C]                mov [cs:elf_build_id + 12], eax
   973          ******************       warning: 16-bit absolute section-crossing relocation [-w+reloc-abs-word]
   974 00000CB0 3E67668B4520                mov eax, [ds:ebp + 32]
   975 00000CB6 2E66A3[046C]                mov [cs:elf_build_id + 16], eax
   975          ******************       warning: 16-bit absolute section-crossing relocation [-w+reloc-abs-word]
   976 00000CBB EB75                        jmp .advance
   977                                  .check_nova:
   978 00000CBD 3E6766817D0801564F-         cmp dword [ds:ebp + 8], ELF_NT_NOVA_REQUIREMENTS
   978 00000CC6 4E                 
   979 00000CC7 7569                        jne .advance
   980 00000CC9 2E66833E[E46B]05            cmp dword [cs:elf_note_name_size], 5
   980          ******************       warning: 16-bit absolute section-crossing relocation [-w+reloc-abs-word]
   981 00000CD0 756D                        jne .invalid
   982 00000CD2 2E66833E[E86B]10            cmp dword [cs:elf_note_desc_size], 16
   982          ******************       warning: 16-bit absolute section-crossing relocation [-w+reloc-abs-word]
   983 00000CD9 7564                        jne .invalid
   984 00000CDB 3E6766817D0C4E4F56-         cmp dword [ds:ebp + 12], 0x41564F4E ; "NOVA"
   984 00000CE4 41                 
   985 00000CE5 7558                        jne .invalid
   986 00000CE7 3E67807D1000                cmp byte [ds:ebp + 16], 0
   987 00000CED 7550                        jne .invalid
   988 00000CEF 3E6766837D1401              cmp dword [ds:ebp + 20], 1
   989 00000CF6 7547                        jne .invalid
   990 00000CF8 3E6766817D18000001-         cmp dword [ds:ebp + 24], NOVA_LOADER_ABI_VERSION
   990 00000D01 00                 
   991 00000D02 773B                        ja .invalid
   992 00000D04 3E67668B451C                mov eax, [ds:ebp + 28]
   993 00000D0A 2E668B16E850                mov edx, [cs:BOOT_INFO_ADDRESS + BIB_CPU_OFFSET + 24]
   994 00000D10 66F7D2                      not edx
   995 00000D13 6685D0                      test eax, edx
   996 00000D16 7527                        jnz .invalid
   997 00000D18 3E67668B4520                mov eax, [ds:ebp + 32]
   998 00000D1E 2E668B16EC50                mov edx, [cs:BOOT_INFO_ADDRESS + BIB_CPU_OFFSET + 28]
   999 00000D24 66F7D2                      not edx
  1000 00000D27 6685D0                      test eax, edx
  1001 00000D2A 7513                        jnz .invalid
  1002 00000D2C 2EC606[F26B]01              mov byte [cs:elf_nova_metadata_found], 1
  1002          ******************       warning: 16-bit absolute section-crossing relocation [-w+reloc-abs-word]
  1003                                  .advance:
  1004 00000D32 2E668B2E[EC6B]              mov ebp, [cs:elf_note_next]
  1004          ******************       warning: 16-bit absolute section-crossing relocation [-w+reloc-abs-word]
  1005 00000D38 E9A8FE                      jmp .note
  1006                                  .valid:
  1007 00000D3B 6661                        popad
  1008 00000D3D F8                          clc
  1009 00000D3E C3                          ret
  1010                                  .invalid:
  1011 00000D3F 6661                        popad
  1012 00000D41 F9                          stc
  1013 00000D42 C3                          ret
  1014                                  
  1015                                  ; CRC32/ISO-HDLC über DS:SI, Länge ECX. Ergebnis EAX.
  1016                                  crc32_ds_si:
  1017 00000D43 66B8FFFFFFFF                mov eax, 0xFFFFFFFF
  1018                                  .byte:
  1019 00000D49 6685C9                      test ecx, ecx
  1020 00000D4C 7419                        jz .finish
  1021 00000D4E 3204                        xor al, [si]
  1022 00000D50 46                          inc si
  1023 00000D51 51                          push cx
  1024 00000D52 B90800                      mov cx, 8
  1025                                  .bit:
  1026 00000D55 66D1E8                      shr eax, 1
  1027 00000D58 7306                        jnc .next_bit
  1028 00000D5A 66352083B8ED                xor eax, 0xEDB88320
  1029                                  .next_bit:
  1030 00000D60 E2F3                        loop .bit
  1031 00000D62 59                          pop cx
  1032 00000D63 6649                        dec ecx
  1033 00000D65 EBE2                        jmp .byte
  1034                                  .finish:
  1035 00000D67 66F7D0                      not eax
  1036 00000D6A C3                          ret
  1037                                  
  1038                                  finalize_bib:
  1039 00000D6B 66C706145000000000          mov dword [BOOT_INFO_ADDRESS + BIB_OFF_CHECKSUM], 0
  1040 00000D74 31C0                        xor ax, ax
  1041 00000D76 8ED8                        mov ds, ax
  1042 00000D78 BE0050                      mov si, BOOT_INFO_ADDRESS
  1043 00000D7B 66B9D0010000                mov ecx, BIB_TOTAL_SIZE
  1044 00000D81 E8BFFF                      call crc32_ds_si
  1045 00000D84 66A31450                    mov dword [BOOT_INFO_ADDRESS + BIB_OFF_CHECKSUM], eax
  1046 00000D88 C3                          ret
  1047                                  
  1048                                  ; Stage 2 übergibt ausschließlich ein strukturell konsistentes NBHP/BIB.
  1049                                  ; Unbekannte optionale TLVs dürfte der Kernel überspringen; die von Stage 2
  1050                                  ; erzeugten Pflicht-TLVs müssen hier jedoch vollständig und geordnet sein.
  1051                                  validate_bib:
  1052 00000D89 66813E00504E424850          cmp dword [BOOT_INFO_ADDRESS + BIB_OFF_MAGIC_LOW], NOVA_BIB_MAGIC_LOW
  1053 00000D92 7564                        jne .invalid
  1054 00000D94 66813E045042494200          cmp dword [BOOT_INFO_ADDRESS + BIB_OFF_MAGIC_HIGH], NOVA_BIB_MAGIC_HIGH
  1055 00000D9D 7559                        jne .invalid
  1056 00000D9F 833E0E5020                  cmp word [BOOT_INFO_ADDRESS + BIB_OFF_HEADER_SIZE], NOVA_BIB_HEADER_SIZE
  1057 00000DA4 7552                        jne .invalid
  1058 00000DA6 66813E1050D0010000          cmp dword [BOOT_INFO_ADDRESS + BIB_OFF_TOTAL_SIZE], BIB_TOTAL_SIZE
  1059 00000DAF 7547                        jne .invalid
  1060 00000DB1 833E205001                  cmp word [BOOT_INFO_ADDRESS + BIB_FIRMWARE_OFFSET], BIB_TLV_FIRMWARE
  1061 00000DB6 7540                        jne .invalid
  1062 00000DB8 833E385003                  cmp word [BOOT_INFO_ADDRESS + BIB_MEMORY_OFFSET], BIB_TLV_MEMORY
  1063 00000DBD 7539                        jne .invalid
  1064 00000DBF 833E505004                  cmp word [BOOT_INFO_ADDRESS + BIB_GRAPHICS_OFFSET], BIB_TLV_GRAPHICS
  1065 00000DC4 7532                        jne .invalid
  1066 00000DC6 833E785006                  cmp word [BOOT_INFO_ADDRESS + BIB_KERNEL_OFFSET], BIB_TLV_KERNEL
  1067 00000DCB 752B                        jne .invalid
  1068 00000DCD 833EA05007                  cmp word [BOOT_INFO_ADDRESS + BIB_SECURITY_OFFSET], BIB_TLV_SECURITY
  1069 00000DD2 7524                        jne .invalid
  1070 00000DD4 833EB85009                  cmp word [BOOT_INFO_ADDRESS + BIB_OPTIONS_OFFSET], BIB_TLV_BOOT_OPTIONS
  1071 00000DD9 751D                        jne .invalid
  1072 00000DDB 833ED05002                  cmp word [BOOT_INFO_ADDRESS + BIB_CPU_OFFSET], BIB_TLV_CPU
  1073 00000DE0 7516                        jne .invalid
  1074 00000DE2 833E68510C                  cmp word [BOOT_INFO_ADDRESS + BIB_ENTROPY_OFFSET], BIB_TLV_ENTROPY
  1075 00000DE7 750F                        jne .invalid
  1076 00000DE9 833E90510D                  cmp word [BOOT_INFO_ADDRESS + BIB_SYSTEM_OFFSET], BIB_TLV_SYSTEM
  1077 00000DEE 7508                        jne .invalid
  1078 00000DF0 833EA8510E                  cmp word [BOOT_INFO_ADDRESS + BIB_KERNEL_ID_OFFSET], BIB_TLV_KERNEL_IDENTITY
  1079 00000DF5 7501                        jne .invalid
  1080 00000DF7 C3                          ret
  1081                                  .invalid:
  1082 00000DF8 BE[816D]                    mov si, message_bib_error
  1082          ******************       warning: 16-bit absolute section-crossing relocation [-w+reloc-abs-word]
  1083 00000DFB E8885D                      call print_string
  1084 00000DFE E99B5D                      jmp fatal_halt
  1085                                  
  1086                                  ; ---------------------------------------------------------------------------
  1087                                  ; CPU-Handoff
  1088                                  ; ---------------------------------------------------------------------------
  1089                                  
  1090                                  enable_a20:
  1091 00000E01 B80124                      mov ax, 0x2401
  1092 00000E04 CD15                        int 0x15
  1093 00000E06 E492                        in al, 0x92
  1094 00000E08 A802                        test al, 0x02
  1095 00000E0A 7506                        jnz .done
  1096 00000E0C 0C02                        or al, 0x02
  1097 00000E0E 24FE                        and al, 0xFE
  1098 00000E10 E692                        out 0x92, al
  1099                                  .done:
  1100 00000E12 C3                          ret
  1101                                  
  1102                                  enter_protected_mode:
  1103 00000E13 FA                          cli
  1104 00000E14 0F0116[806B]                lgdt [gdt_descriptor]
  1104          ******************       warning: 16-bit absolute section-crossing relocation [-w+reloc-abs-word]
  1105 00000E19 0F20C0                      mov eax, cr0
  1106 00000E1C 6683C801                    or eax, 1
  1107 00000E20 0F22C0                      mov cr0, eax
  1108 00000E23 EA[280E]0800                jmp CODE_SEGMENT:protected_mode_start
  1108          ******************       warning: 16-bit absolute section-crossing relocation [-w+reloc-abs-word]
  1109                                  
  1110                                  [bits 32]
  1111                                  protected_mode_start:
  1112 00000E28 66B81000                    mov ax, DATA_SEGMENT
  1113 00000E2C 8ED8                        mov ds, ax
  1114 00000E2E 8EC0                        mov es, ax
  1115 00000E30 8EE0                        mov fs, ax
  1116 00000E32 8EE8                        mov gs, ax
  1117 00000E34 8ED0                        mov ss, ax
  1118 00000E36 BC00000900                  mov esp, KERNEL_STACK_TOP
  1119 00000E3B FC                          cld
  1120                                  
  1121 00000E3C 803D[A96B0000]00            cmp byte [boot_error_code], 0
  1121          ******************       warning: 32-bit absolute section-crossing relocation [-w+reloc-abs-dword]
  1122 00000E43 7409                        je .kernel_valid
  1123 00000E45 E8BD010000                  call boot_error_screen
  1124                                  .error_halt:
  1125 00000E4A FA                          cli
  1126 00000E4B F4                          hlt
  1127 00000E4C EBFC                        jmp .error_halt
  1128                                  
  1129                                  .kernel_valid:
  1130 00000E4E E88A030000                  call boot_manager_run
  1131 00000E53 803D[AA6B0000]02            cmp byte [kernel_payload_format], NOVA_KERNEL_FORMAT_ELF32
  1131          ******************       warning: 32-bit absolute section-crossing relocation [-w+reloc-abs-dword]
  1132 00000E5A 7430                        je .load_elf32
  1133 00000E5C 803D[AA6B0000]03            cmp byte [kernel_payload_format], NOVA_KERNEL_FORMAT_ELF64
  1133          ******************       warning: 32-bit absolute section-crossing relocation [-w+reloc-abs-dword]
  1134 00000E63 0F848E000000                je .load_elf64
  1135                                  
  1136 00000E69 8B35[B46B0000]              mov esi, [kernel_payload_base]
  1136          ******************       warning: 32-bit absolute section-crossing relocation [-w+reloc-abs-dword]
  1137 00000E6F 8B3D[BC6B0000]              mov edi, [elf_load_address]
  1137          ******************       warning: 32-bit absolute section-crossing relocation [-w+reloc-abs-dword]
  1138 00000E75 8B0D[C06B0000]              mov ecx, [elf_memory_size]
  1138          ******************       warning: 32-bit absolute section-crossing relocation [-w+reloc-abs-dword]
  1139 00000E7B 51                          push ecx
  1140 00000E7C C1E902                      shr ecx, 2
  1141 00000E7F F3A5                        rep movsd
  1142 00000E81 59                          pop ecx
  1143 00000E82 83E103                      and ecx, 3
  1144 00000E85 F3A4                        rep movsb
  1145 00000E87 E947010000                  jmp .handoff
  1146                                  
  1147                                  .load_elf32:
  1148 00000E8C 8B2D[B46B0000]              mov ebp, [kernel_payload_base]
  1148          ******************       warning: 32-bit absolute section-crossing relocation [-w+reloc-abs-dword]
  1149 00000E92 0FB7452C                    movzx eax, word [ebp + ELF32_OFF_PHNUM]
  1150 00000E96 A3[CC6B0000]                mov [elf_ph_remaining], eax
  1150          ******************       warning: 32-bit absolute section-crossing relocation [-w+reloc-abs-dword]
  1151 00000E9B 8B751C                      mov esi, [ebp + ELF32_OFF_PHOFF]
  1152 00000E9E 01EE                        add esi, ebp
  1153 00000EA0 8935[C86B0000]              mov [elf_ph_pointer], esi
  1153          ******************       warning: 32-bit absolute section-crossing relocation [-w+reloc-abs-dword]
  1154                                  .next_segment:
  1155 00000EA6 833D[CC6B0000]00            cmp dword [elf_ph_remaining], 0
  1155          ******************       warning: 32-bit absolute section-crossing relocation [-w+reloc-abs-dword]
  1156 00000EAD 0F8420010000                je .handoff
  1157 00000EB3 8B35[C86B0000]              mov esi, [elf_ph_pointer]
  1157          ******************       warning: 32-bit absolute section-crossing relocation [-w+reloc-abs-dword]
  1158 00000EB9 833E01                      cmp dword [esi + ELF32_PH_OFF_TYPE], ELF_PT_LOAD
  1159 00000EBC 752A                        jne .advance_segment
  1160 00000EBE 8B5E10                      mov ebx, [esi + ELF32_PH_OFF_FILESZ]
  1161 00000EC1 8B7E0C                      mov edi, [esi + ELF32_PH_OFF_PADDR]
  1162 00000EC4 8B4604                      mov eax, [esi + ELF32_PH_OFF_OFFSET]
  1163 00000EC7 01E8                        add eax, ebp
  1164 00000EC9 89C6                        mov esi, eax
  1165 00000ECB 89D9                        mov ecx, ebx
  1166 00000ECD 51                          push ecx
  1167 00000ECE C1E902                      shr ecx, 2
  1168 00000ED1 F3A5                        rep movsd
  1169 00000ED3 59                          pop ecx
  1170 00000ED4 83E103                      and ecx, 3
  1171 00000ED7 F3A4                        rep movsb
  1172 00000ED9 8B35[C86B0000]              mov esi, [elf_ph_pointer]
  1172          ******************       warning: 32-bit absolute section-crossing relocation [-w+reloc-abs-dword]
  1173 00000EDF 8B4E14                      mov ecx, [esi + ELF32_PH_OFF_MEMSZ]
  1174 00000EE2 29D9                        sub ecx, ebx
  1175 00000EE4 31C0                        xor eax, eax
  1176 00000EE6 F3AA                        rep stosb
  1177                                  .advance_segment:
  1178 00000EE8 8305[C86B0000]20            add dword [elf_ph_pointer], ELF32_PROGRAM_HEADER_SIZE
  1178          ******************       warning: 32-bit absolute section-crossing relocation [-w+reloc-abs-dword]
  1179 00000EEF FF0D[CC6B0000]              dec dword [elf_ph_remaining]
  1179          ******************       warning: 32-bit absolute section-crossing relocation [-w+reloc-abs-dword]
  1180 00000EF5 EBAF                        jmp .next_segment
  1181                                  
  1182                                  .load_elf64:
  1183 00000EF7 8B2D[B46B0000]              mov ebp, [kernel_payload_base]
  1183          ******************       warning: 32-bit absolute section-crossing relocation [-w+reloc-abs-dword]
  1184 00000EFD 0FB74538                    movzx eax, word [ebp + ELF64_OFF_PHNUM]
  1185 00000F01 A3[CC6B0000]                mov [elf_ph_remaining], eax
  1185          ******************       warning: 32-bit absolute section-crossing relocation [-w+reloc-abs-dword]
  1186 00000F06 8B7520                      mov esi, [ebp + ELF64_OFF_PHOFF]
  1187 00000F09 01EE                        add esi, ebp
  1188 00000F0B 8935[C86B0000]              mov [elf_ph_pointer], esi
  1188          ******************       warning: 32-bit absolute section-crossing relocation [-w+reloc-abs-dword]
  1189                                  .next_segment64:
  1190 00000F11 833D[CC6B0000]00            cmp dword [elf_ph_remaining], 0
  1190          ******************       warning: 32-bit absolute section-crossing relocation [-w+reloc-abs-dword]
  1191 00000F18 7444                        je .enter_long_mode
  1192 00000F1A 8B35[C86B0000]              mov esi, [elf_ph_pointer]
  1192          ******************       warning: 32-bit absolute section-crossing relocation [-w+reloc-abs-dword]
  1193 00000F20 833E01                      cmp dword [esi + ELF64_PH_OFF_TYPE], ELF_PT_LOAD
  1194 00000F23 752A                        jne .advance_segment64
  1195 00000F25 8B5E20                      mov ebx, [esi + ELF64_PH_OFF_FILESZ]
  1196 00000F28 8B7E18                      mov edi, [esi + ELF64_PH_OFF_PADDR]
  1197 00000F2B 8B4608                      mov eax, [esi + ELF64_PH_OFF_OFFSET]
  1198 00000F2E 01E8                        add eax, ebp
  1199 00000F30 89C6                        mov esi, eax
  1200 00000F32 89D9                        mov ecx, ebx
  1201 00000F34 51                          push ecx
  1202 00000F35 C1E902                      shr ecx, 2
  1203 00000F38 F3A5                        rep movsd
  1204 00000F3A 59                          pop ecx
  1205 00000F3B 83E103                      and ecx, 3
  1206 00000F3E F3A4                        rep movsb
  1207 00000F40 8B35[C86B0000]              mov esi, [elf_ph_pointer]
  1207          ******************       warning: 32-bit absolute section-crossing relocation [-w+reloc-abs-dword]
  1208 00000F46 8B4E28                      mov ecx, [esi + ELF64_PH_OFF_MEMSZ]
  1209 00000F49 29D9                        sub ecx, ebx
  1210 00000F4B 31C0                        xor eax, eax
  1211 00000F4D F3AA                        rep stosb
  1212                                  .advance_segment64:
  1213 00000F4F 8305[C86B0000]38            add dword [elf_ph_pointer], ELF64_PROGRAM_HEADER_SIZE
  1213          ******************       warning: 32-bit absolute section-crossing relocation [-w+reloc-abs-dword]
  1214 00000F56 FF0D[CC6B0000]              dec dword [elf_ph_remaining]
  1214          ******************       warning: 32-bit absolute section-crossing relocation [-w+reloc-abs-dword]
  1215 00000F5C EBB3                        jmp .next_segment64
  1216                                  
  1217                                  .enter_long_mode:
  1218 00000F5E BF00000700                  mov edi, LONG_MODE_PML4
  1219 00000F63 31C0                        xor eax, eax
  1220 00000F65 B9000C0000                  mov ecx, (3 * 4096) / 4
  1221 00000F6A F3AB                        rep stosd
  1222 00000F6C C70500000700031007-         mov dword [LONG_MODE_PML4], LONG_MODE_PDPT | 3
  1222 00000F75 00                 
  1223 00000F76 C70500100700032007-         mov dword [LONG_MODE_PDPT], LONG_MODE_PD | 3
  1223 00000F7F 00                 
  1224 00000F80 BF00200700                  mov edi, LONG_MODE_PD
  1225 00000F85 B883000000                  mov eax, 0x00000083
  1226 00000F8A B900020000                  mov ecx, 512
  1227                                  .map_2m:
  1228 00000F8F 8907                        mov [edi], eax
  1229 00000F91 C7470400000000              mov dword [edi + 4], 0
  1230 00000F98 0500002000                  add eax, 0x00200000
  1231 00000F9D 83C708                      add edi, 8
  1232 00000FA0 E2ED                        loop .map_2m
  1233 00000FA2 0F20E0                      mov eax, cr4
  1234 00000FA5 83C820                      or eax, 1 << 5
  1235 00000FA8 0F22E0                      mov cr4, eax
  1236 00000FAB B800000700                  mov eax, LONG_MODE_PML4
  1237 00000FB0 0F22D8                      mov cr3, eax
  1238 00000FB3 B9800000C0                  mov ecx, 0xC0000080
  1239 00000FB8 0F32                        rdmsr
  1240 00000FBA 0D00010000                  or eax, 1 << 8
  1241 00000FBF 0F30                        wrmsr
  1242 00000FC1 0F20C0                      mov eax, cr0
  1243 00000FC4 0D00000080                  or eax, 1 << 31
  1244 00000FC9 0F22C0                      mov cr0, eax
  1245 00000FCC EA[E50F0000]1800            jmp LONG_CODE_SEGMENT:long_mode_start
  1245          ******************       warning: 32-bit absolute section-crossing relocation [-w+reloc-abs-dword]
  1246                                  
  1247                                  .handoff:
  1248 00000FD3 B841564F4E                  mov eax, NOVA_X86_BOOT_MAGIC
  1249 00000FD8 BB00500000                  mov ebx, BOOT_INFO_ADDRESS
  1250 00000FDD 8B0D[C46B0000]              mov ecx, [elf_entry_point]
  1250          ******************       warning: 32-bit absolute section-crossing relocation [-w+reloc-abs-dword]
  1251 00000FE3 FFE1                        jmp ecx
  1252                                  
  1253                                  [bits 64]
  1254                                  long_mode_start:
  1255 00000FE5 66B81000                    mov ax, DATA_SEGMENT
  1256 00000FE9 8ED8                        mov ds, ax
  1257 00000FEB 8EC0                        mov es, ax
  1258 00000FED 8ED0                        mov ss, ax
  1259 00000FEF BC00000900                  mov rsp, KERNEL_STACK_TOP
  1260 00000FF4 B841564F4E                  mov eax, NOVA_X86_BOOT_MAGIC
  1261 00000FF9 BB00500000                  mov ebx, BOOT_INFO_ADDRESS
  1262 00000FFE 8B0C25[C46B0000]            mov ecx, [abs elf_entry_point]
  1262          ******************       warning: 32-bit absolute section-crossing relocation [-w+reloc-abs-dword]
  1263 00001005 FFE1                        jmp rcx
  1264                                  
  1265                                  [bits 32]
  1266                                  
  1267                                  ; ---------------------------------------------------------------------------
  1268                                  ; Grafischer Fehlerzustand. Technische Details bleiben am Debug-Port erhalten,
  1269                                  ; auf dem Bildschirm steht eine verständliche und handlungsorientierte Meldung.
  1270                                  ; ---------------------------------------------------------------------------
  1271                                  
  1272                                  boot_error_screen:
  1273 00001007 F7051C500000010000-         test dword [BOOT_INFO_ADDRESS + BIB_OFF_FLAGS], NOVA_BOOT_FLAG_FRAMEBUFFER
  1273 00001010 00                 
  1274 00001011 0F84C5010000                jz .done
  1275                                  
  1276 00001017 B813111000                  mov eax, BM_COLOR_BACKGROUND
  1277 0000101C 31DB                        xor ebx, ebx
  1278 0000101E 31C9                        xor ecx, ecx
  1279 00001020 8B1560500000                mov edx, [BOOT_INFO_ADDRESS + BIB_GRAPHICS_OFFSET + 16]
  1280 00001026 8B3564500000                mov esi, [BOOT_INFO_ADDRESS + BIB_GRAPHICS_OFFSET + 20]
  1281 0000102C E800140000                  call bm_fill_rectangle
  1282                                  
  1283 00001031 B84B15B600                  mov eax, BM_COLOR_ERROR
  1284 00001036 BB66000000                  mov ebx, 102
  1285 0000103B 31C9                        xor ecx, ecx
  1286 0000103D BA74020000                  mov edx, 628
  1287 00001042 BE0D000000                  mov esi, 13
  1288 00001047 E8E8120000                  call bm_fill_rounded_rectangle
  1289                                  
  1290 0000104C C705[D8280000]2D00-         mov dword [bm_logo_x], 45
  1290          ******************       warning: 32-bit absolute section-crossing relocation [-w+reloc-abs-dword]
  1290 00001054 0000               
  1291 00001056 C705[DC280000]2200-         mov dword [bm_logo_y], 34
  1291          ******************       warning: 32-bit absolute section-crossing relocation [-w+reloc-abs-dword]
  1291 0000105E 0000               
  1292 00001060 C705[E0280000]A9A9-         mov dword [bm_logo_color], BM_COLOR_ERROR_TEXT
  1292          ******************       warning: 32-bit absolute section-crossing relocation [-w+reloc-abs-dword]
  1292 00001068 A900               
  1293 0000106A C605[E4280000]00            mov byte [bm_logo_compact], 0
  1293          ******************       warning: 32-bit absolute section-crossing relocation [-w+reloc-abs-dword]
  1294 00001071 C605[E5280000]00            mov byte [bm_logo_mirror], 0
  1294          ******************       warning: 32-bit absolute section-crossing relocation [-w+reloc-abs-dword]
  1295 00001078 E80E140000                  call bm_draw_nova_logo
  1296 0000107D C705[08290000]8A02-         mov dword [bm_error_mark_x], 650
  1296          ******************       warning: 32-bit absolute section-crossing relocation [-w+reloc-abs-dword]
  1296 00001085 0000               
  1297 00001087 C705[0C290000]5400-         mov dword [bm_error_mark_y], 84
  1297          ******************       warning: 32-bit absolute section-crossing relocation [-w+reloc-abs-dword]
  1297 0000108F 0000               
  1298 00001091 C705[10290000]A9A9-         mov dword [bm_error_mark_color], BM_COLOR_ERROR_TEXT
  1298          ******************       warning: 32-bit absolute section-crossing relocation [-w+reloc-abs-dword]
  1298 00001099 A900               
  1299 0000109B E8D9140000                  call bm_draw_error_mark
  1300                                  
  1301 000010A0 BE[76320000]                mov esi, bm_error_brand
  1301          ******************       warning: 32-bit absolute section-crossing relocation [-w+reloc-abs-dword]
  1302 000010A5 BB50010000                  mov ebx, 336
  1303 000010AA B946000000                  mov ecx, 70
  1304 000010AF BAC17F2D00                  mov edx, BM_COLOR_BLUE
  1305 000010B4 BD03000000                  mov ebp, 3
  1306 000010B9 E835150000                  call bm_draw_text
  1307                                  
  1308 000010BE BE[7D320000]                mov esi, bm_error_title
  1308          ******************       warning: 32-bit absolute section-crossing relocation [-w+reloc-abs-dword]
  1309 000010C3 BB52010000                  mov ebx, 338
  1310 000010C8 B986000000                  mov ecx, 134
  1311 000010CD BAA9A9A900                  mov edx, BM_COLOR_ERROR_TEXT
  1312 000010D2 BD02000000                  mov ebp, 2
  1313 000010D7 E817150000                  call bm_draw_text
  1314                                  
  1315 000010DC BE[91320000]                mov esi, bm_error_explanation_1
  1315          ******************       warning: 32-bit absolute section-crossing relocation [-w+reloc-abs-dword]
  1316 000010E1 BB1B000000                  mov ebx, 27
  1317 000010E6 B9F5000000                  mov ecx, 245
  1318 000010EB BAA9A9A900                  mov edx, BM_COLOR_ERROR_TEXT
  1319 000010F0 BD01000000                  mov ebp, 1
  1320 000010F5 E8F9140000                  call bm_draw_text
  1321 000010FA BE[D0320000]                mov esi, bm_error_explanation_2
  1321          ******************       warning: 32-bit absolute section-crossing relocation [-w+reloc-abs-dword]
  1322 000010FF BB1B000000                  mov ebx, 27
  1323 00001104 B911010000                  mov ecx, 273
  1324 00001109 BAA9A9A900                  mov edx, BM_COLOR_ERROR_TEXT
  1325 0000110E BD01000000                  mov ebp, 1
  1326 00001113 E8DB140000                  call bm_draw_text
  1327                                  
  1328                                      ; Dunkle Empfehlungskarte mit rotem Rahmen
  1329 00001118 B84B15B600                  mov eax, BM_COLOR_ERROR
  1330 0000111D BB95000000                  mov ebx, 149
  1331 00001122 B95E010000                  mov ecx, 350
  1332 00001127 BA00020000                  mov edx, 512
  1333 0000112C BE78000000                  mov esi, 120
  1334 00001131 E8FE110000                  call bm_fill_rounded_rectangle
  1335 00001136 B8201C1A00                  mov eax, BM_COLOR_PANEL
  1336 0000113B BB96000000                  mov ebx, 150
  1337 00001140 B95F010000                  mov ecx, 351
  1338 00001145 BAFE010000                  mov edx, 510
  1339 0000114A BE76000000                  mov esi, 118
  1340 0000114F E8E0110000                  call bm_fill_rounded_rectangle
  1341                                  
  1342 00001154 BE[FF320000]                mov esi, bm_error_action_1
  1342          ******************       warning: 32-bit absolute section-crossing relocation [-w+reloc-abs-dword]
  1343 00001159 BBBA000000                  mov ebx, 186
  1344 0000115E B973010000                  mov ecx, 371
  1345 00001163 BAA9A9A900                  mov edx, BM_COLOR_ERROR_TEXT
  1346 00001168 BD01000000                  mov ebp, 1
  1347 0000116D E881140000                  call bm_draw_text
  1348 00001172 BE[2B330000]                mov esi, bm_error_action_2
  1348          ******************       warning: 32-bit absolute section-crossing relocation [-w+reloc-abs-dword]
  1349 00001177 BB7D010000                  mov ebx, 381
  1350 0000117C B98F010000                  mov ecx, 399
  1351 00001181 BAA9A9A900                  mov edx, BM_COLOR_ERROR_TEXT
  1352 00001186 BD01000000                  mov ebp, 1
  1353 0000118B E863140000                  call bm_draw_text
  1354 00001190 BE[30330000]                mov esi, bm_error_action_3
  1354          ******************       warning: 32-bit absolute section-crossing relocation [-w+reloc-abs-dword]
  1355 00001195 BBBB000000                  mov ebx, 187
  1356 0000119A B9AB010000                  mov ecx, 427
  1357 0000119F BAA9A9A900                  mov edx, BM_COLOR_ERROR_TEXT
  1358 000011A4 BD01000000                  mov ebp, 1
  1359 000011A9 E845140000                  call bm_draw_text
  1360                                  
  1361 000011AE 803D[A96B0000]02            cmp byte [boot_error_code], 2
  1361          ******************       warning: 32-bit absolute section-crossing relocation [-w+reloc-abs-dword]
  1362 000011B5 7507                        jne .header_code
  1363 000011B7 BE[57330000]                mov esi, bm_error_checksum_code
  1363          ******************       warning: 32-bit absolute section-crossing relocation [-w+reloc-abs-dword]
  1364 000011BC EB05                        jmp .draw_code
  1365                                  .header_code:
  1366 000011BE BE[82330000]                mov esi, bm_error_header_code
  1366          ******************       warning: 32-bit absolute section-crossing relocation [-w+reloc-abs-dword]
  1367                                  .draw_code:
  1368 000011C3 BB14000000                  mov ebx, 20
  1369 000011C8 B930020000                  mov ecx, 560
  1370 000011CD BA4B15B600                  mov edx, BM_COLOR_ERROR
  1371 000011D2 BD01000000                  mov ebp, 1
  1372 000011D7 E817140000                  call bm_draw_text
  1373                                  .done:
  1374 000011DC C3                          ret
  1375                                  
  1376                                  ; ---------------------------------------------------------------------------
  1377                                  ; Grafischer Boot Manager
  1378                                  ; ENTER startet Nova OS. D blendet validierte Diagnosedaten ein.
  1379                                  ; R meldet den noch nicht implementierten Recoverypfad transparent.
  1380                                  ; ---------------------------------------------------------------------------
  1381                                  
  1382                                  boot_manager_run:
  1383 000011DD F7051C500000010000-         test dword [BOOT_INFO_ADDRESS + BIB_OFF_FLAGS], NOVA_BOOT_FLAG_FRAMEBUFFER
  1383 000011E6 00                 
  1384 000011E7 0F8424040000                jz .no_graphics
  1385 000011ED C605[14290000]00            mov byte [bm_selection], 0
  1385          ******************       warning: 32-bit absolute section-crossing relocation [-w+reloc-abs-dword]
  1386 000011F4 C605[17290000]00            mov byte [bm_subselection], 0
  1386          ******************       warning: 32-bit absolute section-crossing relocation [-w+reloc-abs-dword]
  1387 000011FB C605[16290000]00            mov byte [bm_view], BM_VIEW_MAIN
  1387          ******************       warning: 32-bit absolute section-crossing relocation [-w+reloc-abs-dword]
  1388 00001202 C605[15290000]01            mov byte [bm_countdown_active], 1
  1388          ******************       warning: 32-bit absolute section-crossing relocation [-w+reloc-abs-dword]
  1389 00001209 C605[47320000]35            mov byte [bm_countdown_digit], '5'
  1389          ******************       warning: 32-bit absolute section-crossing relocation [-w+reloc-abs-dword]
  1390 00001210 E852040000                  call bm_mouse_initialize
  1391 00001215 E824060000                  call boot_manager_draw
  1392 0000121A BD05000000                  mov ebp, 5
  1393                                  .timeout_second:
  1394 0000121F B912000000                  mov ecx, 18                     ; 18 * ~54,9 ms = rund eine Sekunde
  1395                                  .timeout_tick:
  1396 00001224 E8E9030000                  call bm_wait_tick_or_key
  1397 00001229 721B                        jc .cancel_countdown
  1398 0000122B E2F7                        loop .timeout_tick
  1399 0000122D 4D                          dec ebp
  1400 0000122E 0F84CE030000                jz .start
  1401 00001234 89E8                        mov eax, ebp
  1402 00001236 0430                        add al, '0'
  1403 00001238 A2[47320000]                mov [bm_countdown_digit], al
  1403          ******************       warning: 32-bit absolute section-crossing relocation [-w+reloc-abs-dword]
  1404 0000123D 55                          push ebp
  1405 0000123E E8F0080000                  call bm_draw_status_countdown
  1406 00001243 5D                          pop ebp
  1407 00001244 EBD9                        jmp .timeout_second
  1408                                  
  1409                                  .cancel_countdown:
  1410 00001246 C605[15290000]00            mov byte [bm_countdown_active], 0
  1410          ******************       warning: 32-bit absolute section-crossing relocation [-w+reloc-abs-dword]
  1411 0000124D 50                          push eax
  1412 0000124E E8C4080000                  call bm_clear_status_line
  1413 00001253 58                          pop eax
  1414 00001254 EB2F                        jmp .handle_key
  1415                                  
  1416                                  .timeout_complete:
  1417 00001256 E9A7030000                  jmp .start
  1418                                  
  1419                                  .wait_key:
  1420 0000125B E8EB030000                  call bm_wait_input_event
  1421 00001260 83F801                      cmp eax, 1
  1422 00001263 740C                        je .keyboard_event
  1423 00001265 83F802                      cmp eax, 2
  1424 00001268 740B                        je .mouse_redraw
  1425 0000126A 83F803                      cmp eax, 3
  1426 0000126D 740D                        je .mouse_click
  1427 0000126F EBEA                        jmp .wait_key
  1428                                  .keyboard_event:
  1429 00001271 88D8                        mov al, bl
  1430 00001273 EB10                        jmp .handle_key
  1431                                  .mouse_redraw:
  1432 00001275 E8320F0000                  call bm_redraw_current_view
  1433 0000127A EBDF                        jmp .wait_key
  1434                                  .mouse_click:
  1435 0000127C E84A050000                  call bm_mouse_hit_test
  1436 00001281 73F2                        jnc .mouse_redraw
  1437 00001283 EB00                        jmp .handle_key
  1438                                  .handle_key:
  1439 00001285 A880                        test al, 0x80
  1440 00001287 75D2                        jnz .wait_key
  1441 00001289 3C3B                        cmp al, 0x3B                    ; F1: kontextuelle Hilfe aus jeder Ansicht
  1442 0000128B 0F8456030000                je .help
  1443 00001291 3C23                        cmp al, 0x23                    ; H: globaler Hochkontrastmodus
  1444 00001293 7455                        je .toggle_contrast
  1445 00001295 803D[16290000]07            cmp byte [bm_view], BM_VIEW_ADVANCED
  1445          ******************       warning: 32-bit absolute section-crossing relocation [-w+reloc-abs-dword]
  1446 0000129C 0F84C5010000                je .handle_advanced_key
  1447 000012A2 803D[16290000]08            cmp byte [bm_view], BM_VIEW_POWER
  1447          ******************       warning: 32-bit absolute section-crossing relocation [-w+reloc-abs-dword]
  1448 000012A9 0F8462020000                je .handle_power_key
  1449 000012AF 803D[16290000]06            cmp byte [bm_view], BM_VIEW_DETAILS
  1449          ******************       warning: 32-bit absolute section-crossing relocation [-w+reloc-abs-dword]
  1450 000012B6 0F8430020000                je .handle_details_key
  1451 000012BC 803D[16290000]00            cmp byte [bm_view], BM_VIEW_MAIN
  1451          ******************       warning: 32-bit absolute section-crossing relocation [-w+reloc-abs-dword]
  1452 000012C3 7434                        je .handle_main_key
  1453 000012C5 3C01                        cmp al, 0x01                    ; ESC: einheitliche Zurück-Navigation
  1454 000012C7 0F8408010000                je .back_to_main
  1455 000012CD 3C0E                        cmp al, 0x0E                    ; Backspace: alternative Zurück-Taste
  1456 000012CF 0F8400010000                je .back_to_main
  1457 000012D5 3C20                        cmp al, 0x20                    ; D wechselt direkt zur Diagnose
  1458 000012D7 0F84B9020000                je .diagnostics
  1459 000012DD 3C13                        cmp al, 0x13                    ; R wechselt direkt zur Recovery-Seite
  1460 000012DF 0F84CC020000                je .recovery
  1461 000012E5 E971FFFFFF                  jmp .wait_key
  1462                                  .toggle_contrast:
  1463 000012EA E8A60F0000                  call bm_toggle_contrast_theme
  1464 000012EF E8B80E0000                  call bm_redraw_current_view
  1465 000012F4 E962FFFFFF                  jmp .wait_key
  1466                                  .handle_main_key:
  1467 000012F9 3C3C                        cmp al, 0x3C                    ; F2: Details des markierten Eintrags
  1468 000012FB 0F8407010000                je .details
  1469 00001301 3C3D                        cmp al, 0x3D                    ; F3: erweiterte Startoptionen
  1470 00001303 0F841A010000                je .advanced
  1471 00001309 3C47                        cmp al, 0x47                    ; Pos1
  1472 0000130B 742D                        je .first
  1473 0000130D 3C4F                        cmp al, 0x4F                    ; Ende
  1474 0000130F 7432                        je .last
  1475 00001311 3C1F                        cmp al, 0x1F                    ; S: Einstellungen
  1476 00001313 0F84B3020000                je .settings
  1477 00001319 3C1C                        cmp al, 0x1C                    ; Enter
  1478 0000131B 7469                        je .activate
  1479 0000131D 3C48                        cmp al, 0x48                    ; Pfeil hoch
  1480 0000131F 742B                        je .up
  1481 00001321 3C50                        cmp al, 0x50                    ; Pfeil runter
  1482 00001323 7441                        je .down
  1483 00001325 3C20                        cmp al, 0x20                    ; D
  1484 00001327 0F8469020000                je .diagnostics
  1485 0000132D 3C13                        cmp al, 0x13                    ; R
  1486 0000132F 0F847C020000                je .recovery
  1487 00001335 E921FFFFFF                  jmp .wait_key
  1488                                  .first:
  1489 0000133A C605[14290000]00            mov byte [bm_selection], 0
  1489          ******************       warning: 32-bit absolute section-crossing relocation [-w+reloc-abs-dword]
  1490 00001341 EB39                        jmp .redraw
  1491                                  .last:
  1492 00001343 C605[14290000]05            mov byte [bm_selection], BM_MENU_ENTRY_COUNT - 1
  1492          ******************       warning: 32-bit absolute section-crossing relocation [-w+reloc-abs-dword]
  1493 0000134A EB30                        jmp .redraw
  1494                                  
  1495                                  .up:
  1496 0000134C 803D[14290000]00            cmp byte [bm_selection], 0
  1496          ******************       warning: 32-bit absolute section-crossing relocation [-w+reloc-abs-dword]
  1497 00001353 7509                        jne .up_dec
  1498 00001355 C605[14290000]05            mov byte [bm_selection], 5
  1498          ******************       warning: 32-bit absolute section-crossing relocation [-w+reloc-abs-dword]
  1499 0000135C EB1E                        jmp .redraw
  1500                                  .up_dec:
  1501 0000135E FE0D[14290000]              dec byte [bm_selection]
  1501          ******************       warning: 32-bit absolute section-crossing relocation [-w+reloc-abs-dword]
  1502 00001364 EB16                        jmp .redraw
  1503                                  .down:
  1504 00001366 FE05[14290000]              inc byte [bm_selection]
  1504          ******************       warning: 32-bit absolute section-crossing relocation [-w+reloc-abs-dword]
  1505 0000136C 803D[14290000]06            cmp byte [bm_selection], 6
  1505          ******************       warning: 32-bit absolute section-crossing relocation [-w+reloc-abs-dword]
  1506 00001373 7207                        jb .redraw
  1507 00001375 C605[14290000]00            mov byte [bm_selection], 0
  1507          ******************       warning: 32-bit absolute section-crossing relocation [-w+reloc-abs-dword]
  1508                                  .redraw:
  1509 0000137C E8BD040000                  call boot_manager_draw
  1510 00001381 E9D5FEFFFF                  jmp .wait_key
  1511                                  .activate:
  1512 00001386 0FB605[14290000]            movzx eax, byte [bm_selection]
  1512          ******************       warning: 32-bit absolute section-crossing relocation [-w+reloc-abs-dword]
  1513 0000138D 6BC008                      imul eax, BM_ENTRY_SIZE
  1514 00001390 0FB680[09320000]            movzx eax, byte [bm_menu_entries + eax + BM_ENTRY_ACTION]
  1514          ******************       warning: 32-bit absolute section-crossing relocation [-w+reloc-abs-dword]
  1515 00001397 83F800                      cmp eax, BM_ACTION_START
  1516 0000139A 0F8462020000                je .start
  1517 000013A0 83F802                      cmp eax, BM_ACTION_DIAGNOSTICS
  1518 000013A3 0F84ED010000                je .diagnostics
  1519 000013A9 83F803                      cmp eax, BM_ACTION_RECOVERY
  1520 000013AC 0F84FF010000                je .recovery
  1521 000013B2 83F804                      cmp eax, BM_ACTION_POWEROFF
  1522 000013B5 0F848A000000                je .power_dialog
  1523 000013BB 83F805                      cmp eax, BM_ACTION_SETTINGS
  1524 000013BE 0F8408020000                je .settings
  1525 000013C4 C605[16290000]04            mov byte [bm_view], BM_VIEW_UNAVAILABLE
  1525          ******************       warning: 32-bit absolute section-crossing relocation [-w+reloc-abs-dword]
  1526 000013CB E8DC060000                  call boot_manager_draw_unavailable
  1527 000013D0 E986FEFFFF                  jmp .wait_key
  1528                                  .back_to_main:
  1529 000013D5 BE[EF330000]                mov esi, bm_event_back
  1529          ******************       warning: 32-bit absolute section-crossing relocation [-w+reloc-abs-dword]
  1530 000013DA E895140000                  call bm_debug_write_string
  1531 000013DF C605[16290000]00            mov byte [bm_view], BM_VIEW_MAIN
  1531          ******************       warning: 32-bit absolute section-crossing relocation [-w+reloc-abs-dword]
  1532 000013E6 E853040000                  call boot_manager_draw
  1533 000013EB E96BFEFFFF                  jmp .wait_key
  1534                                  .poweroff:
  1535 000013F0 66B80020                    mov ax, 0x2000
  1536 000013F4 66BA0406                    mov dx, 0x0604
  1537 000013F8 66EF                        out dx, ax
  1538 000013FA 66BA04B0                    mov dx, 0xB004
  1539 000013FE 66EF                        out dx, ax
  1540 00001400 EBFE                        jmp $
  1541                                  
  1542                                  .restart:
  1543 00001402 B0FE                        mov al, 0xFE
  1544 00001404 E664                        out 0x64, al
  1545 00001406 EBFE                        jmp $
  1546                                  
  1547                                  .details:
  1548 00001408 C605[16290000]06            mov byte [bm_view], BM_VIEW_DETAILS
  1548          ******************       warning: 32-bit absolute section-crossing relocation [-w+reloc-abs-dword]
  1549 0000140F BE[01340000]                mov esi, bm_event_details
  1549          ******************       warning: 32-bit absolute section-crossing relocation [-w+reloc-abs-dword]
  1550 00001414 E85B140000                  call bm_debug_write_string
  1551 00001419 E8F7090000                  call boot_manager_draw_details
  1552 0000141E E938FEFFFF                  jmp .wait_key
  1553                                  .advanced:
  1554 00001423 C605[17290000]00            mov byte [bm_subselection], 0
  1554          ******************       warning: 32-bit absolute section-crossing relocation [-w+reloc-abs-dword]
  1555 0000142A C605[16290000]07            mov byte [bm_view], BM_VIEW_ADVANCED
  1555          ******************       warning: 32-bit absolute section-crossing relocation [-w+reloc-abs-dword]
  1556 00001431 BE[0D340000]                mov esi, bm_event_advanced
  1556          ******************       warning: 32-bit absolute section-crossing relocation [-w+reloc-abs-dword]
  1557 00001436 E839140000                  call bm_debug_write_string
  1558 0000143B E8830A0000                  call boot_manager_draw_advanced
  1559 00001440 E916FEFFFF                  jmp .wait_key
  1560                                  .power_dialog:
  1561 00001445 C605[17290000]00            mov byte [bm_subselection], 0
  1561          ******************       warning: 32-bit absolute section-crossing relocation [-w+reloc-abs-dword]
  1562 0000144C C605[16290000]08            mov byte [bm_view], BM_VIEW_POWER
  1562          ******************       warning: 32-bit absolute section-crossing relocation [-w+reloc-abs-dword]
  1563 00001453 BE[51340000]                mov esi, bm_event_power_dialog
  1563          ******************       warning: 32-bit absolute section-crossing relocation [-w+reloc-abs-dword]
  1564 00001458 E817140000                  call bm_debug_write_string
  1565 0000145D E8130B0000                  call boot_manager_draw_power_dialog
  1566 00001462 E9F4FDFFFF                  jmp .wait_key
  1567                                  
  1568                                  .handle_advanced_key:
  1569 00001467 3C01                        cmp al, 0x01
  1570 00001469 0F8466FFFFFF                je .back_to_main
  1571 0000146F 3C0E                        cmp al, 0x0E
  1572 00001471 0F845EFFFFFF                je .back_to_main
  1573 00001477 3C48                        cmp al, 0x48
  1574 00001479 7437                        je .sub_up_advanced
  1575 0000147B 3C50                        cmp al, 0x50
  1576 0000147D 744D                        je .sub_down_advanced
  1577 0000147F 3C1C                        cmp al, 0x1C
  1578 00001481 0F85D4FDFFFF                jne .wait_key
  1579 00001487 803D[17290000]00            cmp byte [bm_subselection], 0
  1579          ******************       warning: 32-bit absolute section-crossing relocation [-w+reloc-abs-dword]
  1580 0000148E 0F846E010000                je .start
  1581 00001494 803D[17290000]01            cmp byte [bm_subselection], 1
  1581          ******************       warning: 32-bit absolute section-crossing relocation [-w+reloc-abs-dword]
  1582 0000149B 0F8410010000                je .recovery
  1583 000014A1 C605[16290000]04            mov byte [bm_view], BM_VIEW_UNAVAILABLE
  1583          ******************       warning: 32-bit absolute section-crossing relocation [-w+reloc-abs-dword]
  1584 000014A8 E8FF050000                  call boot_manager_draw_unavailable
  1585 000014AD E9A9FDFFFF                  jmp .wait_key
  1586                                  .sub_up_advanced:
  1587 000014B2 803D[17290000]00            cmp byte [bm_subselection], 0
  1587          ******************       warning: 32-bit absolute section-crossing relocation [-w+reloc-abs-dword]
  1588 000014B9 7509                        jne .sub_adv_dec
  1589 000014BB C605[17290000]04            mov byte [bm_subselection], 4
  1589          ******************       warning: 32-bit absolute section-crossing relocation [-w+reloc-abs-dword]
  1590 000014C2 EB1E                        jmp .redraw_advanced
  1591                                  .sub_adv_dec:
  1592 000014C4 FE0D[17290000]              dec byte [bm_subselection]
  1592          ******************       warning: 32-bit absolute section-crossing relocation [-w+reloc-abs-dword]
  1593 000014CA EB16                        jmp .redraw_advanced
  1594                                  .sub_down_advanced:
  1595 000014CC FE05[17290000]              inc byte [bm_subselection]
  1595          ******************       warning: 32-bit absolute section-crossing relocation [-w+reloc-abs-dword]
  1596 000014D2 803D[17290000]05            cmp byte [bm_subselection], 5
  1596          ******************       warning: 32-bit absolute section-crossing relocation [-w+reloc-abs-dword]
  1597 000014D9 7207                        jb .redraw_advanced
  1598 000014DB C605[17290000]00            mov byte [bm_subselection], 0
  1598          ******************       warning: 32-bit absolute section-crossing relocation [-w+reloc-abs-dword]
  1599                                  .redraw_advanced:
  1600 000014E2 E8DC090000                  call boot_manager_draw_advanced
  1601 000014E7 E96FFDFFFF                  jmp .wait_key
  1602                                  
  1603                                  .handle_details_key:
  1604 000014EC 3C01                        cmp al, 0x01
  1605 000014EE 0F84E1FEFFFF                je .back_to_main
  1606 000014F4 3C0E                        cmp al, 0x0E
  1607 000014F6 0F84D9FEFFFF                je .back_to_main
  1608 000014FC 3C1C                        cmp al, 0x1C
  1609 000014FE 0F84FE000000                je .start
  1610 00001504 3C3D                        cmp al, 0x3D
  1611 00001506 0F8417FFFFFF                je .advanced
  1612 0000150C E94AFDFFFF                  jmp .wait_key
  1613                                  
  1614                                  .handle_power_key:
  1615 00001511 3C01                        cmp al, 0x01
  1616 00001513 0F84BCFEFFFF                je .back_to_main
  1617 00001519 3C0E                        cmp al, 0x0E
  1618 0000151B 0F84B4FEFFFF                je .back_to_main
  1619 00001521 3C48                        cmp al, 0x48
  1620 00001523 7437                        je .sub_up_power
  1621 00001525 3C50                        cmp al, 0x50
  1622 00001527 744D                        je .sub_down_power
  1623 00001529 3C1C                        cmp al, 0x1C
  1624 0000152B 0F852AFDFFFF                jne .wait_key
  1625 00001531 803D[17290000]00            cmp byte [bm_subselection], 0
  1625          ******************       warning: 32-bit absolute section-crossing relocation [-w+reloc-abs-dword]
  1626 00001538 0F84B2FEFFFF                je .poweroff
  1627 0000153E 803D[17290000]01            cmp byte [bm_subselection], 1
  1627          ******************       warning: 32-bit absolute section-crossing relocation [-w+reloc-abs-dword]
  1628 00001545 0F84B7FEFFFF                je .restart
  1629 0000154B C605[16290000]04            mov byte [bm_view], BM_VIEW_UNAVAILABLE
  1629          ******************       warning: 32-bit absolute section-crossing relocation [-w+reloc-abs-dword]
  1630 00001552 E855050000                  call boot_manager_draw_unavailable
  1631 00001557 E9FFFCFFFF                  jmp .wait_key
  1632                                  .sub_up_power:
  1633 0000155C 803D[17290000]00            cmp byte [bm_subselection], 0
  1633          ******************       warning: 32-bit absolute section-crossing relocation [-w+reloc-abs-dword]
  1634 00001563 7509                        jne .sub_power_dec
  1635 00001565 C605[17290000]03            mov byte [bm_subselection], 3
  1635          ******************       warning: 32-bit absolute section-crossing relocation [-w+reloc-abs-dword]
  1636 0000156C EB1E                        jmp .redraw_power
  1637                                  .sub_power_dec:
  1638 0000156E FE0D[17290000]              dec byte [bm_subselection]
  1638          ******************       warning: 32-bit absolute section-crossing relocation [-w+reloc-abs-dword]
  1639 00001574 EB16                        jmp .redraw_power
  1640                                  .sub_down_power:
  1641 00001576 FE05[17290000]              inc byte [bm_subselection]
  1641          ******************       warning: 32-bit absolute section-crossing relocation [-w+reloc-abs-dword]
  1642 0000157C 803D[17290000]04            cmp byte [bm_subselection], 4
  1642          ******************       warning: 32-bit absolute section-crossing relocation [-w+reloc-abs-dword]
  1643 00001583 7207                        jb .redraw_power
  1644 00001585 C605[17290000]00            mov byte [bm_subselection], 0
  1644          ******************       warning: 32-bit absolute section-crossing relocation [-w+reloc-abs-dword]
  1645                                  .redraw_power:
  1646 0000158C E8E4090000                  call boot_manager_draw_power_dialog
  1647 00001591 E9C5FCFFFF                  jmp .wait_key
  1648                                  
  1649                                  .diagnostics:
  1650 00001596 C605[16290000]02            mov byte [bm_view], BM_VIEW_DIAGNOSTICS
  1650          ******************       warning: 32-bit absolute section-crossing relocation [-w+reloc-abs-dword]
  1651 0000159D BE[AF330000]                mov esi, bm_event_diagnostics
  1651          ******************       warning: 32-bit absolute section-crossing relocation [-w+reloc-abs-dword]
  1652 000015A2 E8CD120000                  call bm_debug_write_string
  1653 000015A7 E8F4050000                  call boot_manager_draw_diagnostics
  1654 000015AC E9AAFCFFFF                  jmp .wait_key
  1655                                  .recovery:
  1656 000015B1 C605[16290000]03            mov byte [bm_view], BM_VIEW_RECOVERY
  1656          ******************       warning: 32-bit absolute section-crossing relocation [-w+reloc-abs-dword]
  1657 000015B8 BE[BF330000]                mov esi, bm_event_recovery
  1657          ******************       warning: 32-bit absolute section-crossing relocation [-w+reloc-abs-dword]
  1658 000015BD E8B2120000                  call bm_debug_write_string
  1659 000015C2 E885060000                  call boot_manager_draw_recovery_notice
  1660 000015C7 E98FFCFFFF                  jmp .wait_key
  1661                                  .settings:
  1662 000015CC BE[E2330000]                mov esi, bm_event_settings
  1662          ******************       warning: 32-bit absolute section-crossing relocation [-w+reloc-abs-dword]
  1663 000015D1 E89E120000                  call bm_debug_write_string
  1664 000015D6 C605[16290000]01            mov byte [bm_view], BM_VIEW_SETTINGS
  1664          ******************       warning: 32-bit absolute section-crossing relocation [-w+reloc-abs-dword]
  1665 000015DD E8F3060000                  call boot_manager_draw_settings
  1666 000015E2 E974FCFFFF                  jmp .wait_key
  1667                                  .help:
  1668 000015E7 C605[16290000]05            mov byte [bm_view], BM_VIEW_HELP
  1668          ******************       warning: 32-bit absolute section-crossing relocation [-w+reloc-abs-dword]
  1669 000015EE BE[F8330000]                mov esi, bm_event_help
  1669          ******************       warning: 32-bit absolute section-crossing relocation [-w+reloc-abs-dword]
  1670 000015F3 E87C120000                  call bm_debug_write_string
  1671 000015F8 E88F070000                  call boot_manager_draw_help
  1672 000015FD E959FCFFFF                  jmp .wait_key
  1673                                  .start:
  1674 00001602 BE[D8330000]                mov esi, bm_event_start
  1674          ******************       warning: 32-bit absolute section-crossing relocation [-w+reloc-abs-dword]
  1675 00001607 E868120000                  call bm_debug_write_string
  1676 0000160C E8E60C0000                  call boot_manager_draw_starting
  1677                                  .no_graphics:
  1678 00001611 C3                          ret
  1679                                  
  1680                                  ; PIT-Kanal 2 liefert einen firmwareunabhängigen Tick von rund 54,9 ms.
  1681                                  ; CF=1 und AL=Scan-Code, sobald irgendeine Taste den Countdown abbricht.
  1682                                  bm_wait_tick_or_key:
  1683 00001612 E461                        in al, 0x61
  1684 00001614 24FC                        and al, 0xFC
  1685 00001616 E661                        out 0x61, al
  1686 00001618 B0B0                        mov al, 0xB0
  1687 0000161A E643                        out 0x43, al
  1688 0000161C B0FF                        mov al, 0xFF
  1689 0000161E E642                        out 0x42, al
  1690 00001620 E642                        out 0x42, al
  1691 00001622 E461                        in al, 0x61
  1692 00001624 0C01                        or al, 0x01
  1693 00001626 24FD                        and al, 0xFD
  1694 00001628 E661                        out 0x61, al
  1695                                  .poll:
  1696 0000162A E464                        in al, 0x64
  1697 0000162C A801                        test al, 0x01
  1698 0000162E 7508                        jnz .key
  1699 00001630 E461                        in al, 0x61
  1700 00001632 A820                        test al, 0x20
  1701 00001634 74F4                        jz .poll
  1702 00001636 F8                          clc
  1703 00001637 C3                          ret
  1704                                  .key:
  1705 00001638 A820                        test al, 0x20
  1706 0000163A 7504                        jnz .mouse_byte
  1707 0000163C E460                        in al, 0x60
  1708 0000163E F9                          stc
  1709 0000163F C3                          ret
  1710                                  .mouse_byte:
  1711 00001640 E8BB000000                  call bm_mouse_consume_byte
  1712 00001645 73E3                        jnc .poll
  1713 00001647 31C0                        xor eax, eax                    ; vollständiges Mausereignis pausiert
  1714 00001649 F9                          stc
  1715 0000164A C3                          ret
  1716                                  
  1717                                  ; Einheitliches, pollingbasiertes Eingabeereignis.
  1718                                  ; EAX=1 Tastatur (BL=Scan-Code), EAX=2 Mausbewegung, EAX=3 Linksklick.
  1719                                  bm_wait_input_event:
  1720                                  .poll:
  1721 0000164B E464                        in al, 0x64
  1722 0000164D A801                        test al, 0x01
  1723 0000164F 74FA                        jz .poll
  1724 00001651 A820                        test al, 0x20
  1725 00001653 750A                        jnz .mouse
  1726 00001655 E460                        in al, 0x60
  1727 00001657 88C3                        mov bl, al
  1728 00001659 B801000000                  mov eax, 1
  1729 0000165E C3                          ret
  1730                                  .mouse:
  1731 0000165F E89C000000                  call bm_mouse_consume_byte
  1732 00001664 73E5                        jnc .poll
  1733 00001666 C3                          ret
  1734                                  
  1735                                  ; Aktiviert das PS/2-Auxiliary-Gerät und den Standard-Streamingmodus. Alle
  1736                                  ; Wartevorgänge sind begrenzt, damit fehlende Hardware den Boot nie blockiert.
  1737                                  bm_mouse_initialize:
  1738 00001667 C705[24290000]9001-         mov dword [bm_mouse_x], 400
  1738          ******************       warning: 32-bit absolute section-crossing relocation [-w+reloc-abs-dword]
  1738 0000166F 0000               
  1739 00001671 C705[28290000]2C01-         mov dword [bm_mouse_y], 300
  1739          ******************       warning: 32-bit absolute section-crossing relocation [-w+reloc-abs-dword]
  1739 00001679 0000               
  1740 0000167B C605[19290000]00            mov byte [bm_mouse_phase], 0
  1740          ******************       warning: 32-bit absolute section-crossing relocation [-w+reloc-abs-dword]
  1741 00001682 C605[1A290000]00            mov byte [bm_mouse_buttons], 0
  1741          ******************       warning: 32-bit absolute section-crossing relocation [-w+reloc-abs-dword]
  1742 00001689 E850000000                  call bm_ps2_wait_input_clear
  1743 0000168E 721E                        jc .unavailable
  1744 00001690 B0A8                        mov al, 0xA8
  1745 00001692 E664                        out 0x64, al
  1746 00001694 B0F6                        mov al, 0xF6                    ; Standardwerte
  1747 00001696 E81B000000                  call bm_mouse_send_command
  1748 0000169B 7211                        jc .unavailable
  1749 0000169D B0F4                        mov al, 0xF4                    ; Streaming aktivieren
  1750 0000169F E812000000                  call bm_mouse_send_command
  1751 000016A4 7208                        jc .unavailable
  1752 000016A6 C605[18290000]01            mov byte [bm_mouse_available], 1
  1752          ******************       warning: 32-bit absolute section-crossing relocation [-w+reloc-abs-dword]
  1753 000016AD C3                          ret
  1754                                  .unavailable:
  1755 000016AE C605[18290000]00            mov byte [bm_mouse_available], 0
  1755          ******************       warning: 32-bit absolute section-crossing relocation [-w+reloc-abs-dword]
  1756 000016B5 C3                          ret
  1757                                  
  1758                                  bm_mouse_send_command:
  1759 000016B6 50                          push eax
  1760 000016B7 E822000000                  call bm_ps2_wait_input_clear
  1761 000016BC 721D                        jc .failed_pop
  1762 000016BE B0D4                        mov al, 0xD4
  1763 000016C0 E664                        out 0x64, al
  1764 000016C2 E817000000                  call bm_ps2_wait_input_clear
  1765 000016C7 7212                        jc .failed_pop
  1766 000016C9 58                          pop eax
  1767 000016CA E660                        out 0x60, al
  1768 000016CC E81E000000                  call bm_ps2_wait_output
  1769 000016D1 7209                        jc .failed
  1770 000016D3 E460                        in al, 0x60
  1771 000016D5 3CFA                        cmp al, 0xFA
  1772 000016D7 7503                        jne .failed
  1773 000016D9 F8                          clc
  1774 000016DA C3                          ret
  1775                                  .failed_pop:
  1776 000016DB 58                          pop eax
  1777                                  .failed:
  1778 000016DC F9                          stc
  1779 000016DD C3                          ret
  1780                                  
  1781                                  bm_ps2_wait_input_clear:
  1782 000016DE B900000200                  mov ecx, 0x20000
  1783                                  .loop:
  1784 000016E3 E464                        in al, 0x64
  1785 000016E5 A802                        test al, 0x02
  1786 000016E7 7404                        jz .ready
  1787 000016E9 E2F8                        loop .loop
  1788 000016EB F9                          stc
  1789 000016EC C3                          ret
  1790                                  .ready:
  1791 000016ED F8                          clc
  1792 000016EE C3                          ret
  1793                                  
  1794                                  bm_ps2_wait_output:
  1795 000016EF B900000200                  mov ecx, 0x20000
  1796                                  .loop:
  1797 000016F4 E464                        in al, 0x64
  1798 000016F6 A801                        test al, 0x01
  1799 000016F8 7504                        jnz .ready
  1800 000016FA E2F8                        loop .loop
  1801 000016FC F9                          stc
  1802 000016FD C3                          ret
  1803                                  .ready:
  1804 000016FE F8                          clc
  1805 000016FF C3                          ret
  1806                                  
  1807                                  ; Nimmt genau ein Byte aus Port 60 entgegen. CF=1 erst nach einem vollständigen
  1808                                  ; 3-Byte-Paket; EAX bezeichnet dann Bewegung oder Linksklick.
  1809                                  bm_mouse_consume_byte:
  1810 00001700 E460                        in al, 0x60
  1811 00001702 0FB615[19290000]            movzx edx, byte [bm_mouse_phase]
  1811          ******************       warning: 32-bit absolute section-crossing relocation [-w+reloc-abs-dword]
  1812 00001709 85D2                        test edx, edx
  1813 0000170B 7508                        jnz .store
  1814 0000170D A808                        test al, 0x08                    ; Synchronisationsbit des ersten Bytes
  1815 0000170F 0F84B4000000                jz .incomplete
  1816                                  .store:
  1817 00001715 8882[1B290000]              mov [bm_mouse_packet + edx], al
  1817          ******************       warning: 32-bit absolute section-crossing relocation [-w+reloc-abs-dword]
  1818 0000171B 42                          inc edx
  1819 0000171C 83FA03                      cmp edx, 3
  1820 0000171F 0F829E000000                jb .save_phase
  1821 00001725 C605[19290000]00            mov byte [bm_mouse_phase], 0
  1821          ******************       warning: 32-bit absolute section-crossing relocation [-w+reloc-abs-dword]
  1822 0000172C 0FBE15[1C290000]            movsx edx, byte [bm_mouse_packet + 1]
  1822          ******************       warning: 32-bit absolute section-crossing relocation [-w+reloc-abs-dword]
  1823 00001733 0115[24290000]              add [bm_mouse_x], edx
  1823          ******************       warning: 32-bit absolute section-crossing relocation [-w+reloc-abs-dword]
  1824 00001739 0FBE15[1D290000]            movsx edx, byte [bm_mouse_packet + 2]
  1824          ******************       warning: 32-bit absolute section-crossing relocation [-w+reloc-abs-dword]
  1825 00001740 F7DA                        neg edx
  1826 00001742 0115[28290000]              add [bm_mouse_y], edx
  1826          ******************       warning: 32-bit absolute section-crossing relocation [-w+reloc-abs-dword]
  1827 00001748 833D[24290000]00            cmp dword [bm_mouse_x], 0
  1827          ******************       warning: 32-bit absolute section-crossing relocation [-w+reloc-abs-dword]
  1828 0000174F 7D0A                        jge .x_upper
  1829 00001751 C705[24290000]0000-         mov dword [bm_mouse_x], 0
  1829          ******************       warning: 32-bit absolute section-crossing relocation [-w+reloc-abs-dword]
  1829 00001759 0000               
  1830                                  .x_upper:
  1831 0000175B 813D[24290000]1F03-         cmp dword [bm_mouse_x], 799
  1831          ******************       warning: 32-bit absolute section-crossing relocation [-w+reloc-abs-dword]
  1831 00001763 0000               
  1832 00001765 7E0A                        jle .y_lower
  1833 00001767 C705[24290000]1F03-         mov dword [bm_mouse_x], 799
  1833          ******************       warning: 32-bit absolute section-crossing relocation [-w+reloc-abs-dword]
  1833 0000176F 0000               
  1834                                  .y_lower:
  1835 00001771 833D[28290000]00            cmp dword [bm_mouse_y], 0
  1835          ******************       warning: 32-bit absolute section-crossing relocation [-w+reloc-abs-dword]
  1836 00001778 7D0A                        jge .y_upper
  1837 0000177A C705[28290000]0000-         mov dword [bm_mouse_y], 0
  1837          ******************       warning: 32-bit absolute section-crossing relocation [-w+reloc-abs-dword]
  1837 00001782 0000               
  1838                                  .y_upper:
  1839 00001784 813D[28290000]5702-         cmp dword [bm_mouse_y], 599
  1839          ******************       warning: 32-bit absolute section-crossing relocation [-w+reloc-abs-dword]
  1839 0000178C 0000               
  1840 0000178E 7E0A                        jle .buttons
  1841 00001790 C705[28290000]5702-         mov dword [bm_mouse_y], 599
  1841          ******************       warning: 32-bit absolute section-crossing relocation [-w+reloc-abs-dword]
  1841 00001798 0000               
  1842                                  .buttons:
  1843 0000179A 8A15[1A290000]              mov dl, [bm_mouse_buttons]
  1843          ******************       warning: 32-bit absolute section-crossing relocation [-w+reloc-abs-dword]
  1844 000017A0 A0[1B290000]                mov al, [bm_mouse_packet]
  1844          ******************       warning: 32-bit absolute section-crossing relocation [-w+reloc-abs-dword]
  1845 000017A5 2407                        and al, 0x07
  1846 000017A7 A2[1A290000]                mov [bm_mouse_buttons], al
  1846          ******************       warning: 32-bit absolute section-crossing relocation [-w+reloc-abs-dword]
  1847 000017AC A801                        test al, 0x01
  1848 000017AE 740C                        jz .movement
  1849 000017B0 F6C201                      test dl, 0x01
  1850 000017B3 7507                        jnz .movement
  1851 000017B5 B803000000                  mov eax, 3
  1852 000017BA F9                          stc
  1853 000017BB C3                          ret
  1854                                  .movement:
  1855 000017BC B802000000                  mov eax, 2
  1856 000017C1 F9                          stc
  1857 000017C2 C3                          ret
  1858                                  .save_phase:
  1859 000017C3 8815[19290000]              mov [bm_mouse_phase], dl
  1859          ******************       warning: 32-bit absolute section-crossing relocation [-w+reloc-abs-dword]
  1860                                  .incomplete:
  1861 000017C9 F8                          clc
  1862 000017CA C3                          ret
  1863                                  
  1864                                  ; Linksklick-Hit-Testing. CF=1 und AL=synthetischer Tastatur-Scan-Code.
  1865                                  bm_mouse_hit_test:
  1866 000017CB 803D[16290000]00            cmp byte [bm_view], BM_VIEW_MAIN
  1866          ******************       warning: 32-bit absolute section-crossing relocation [-w+reloc-abs-dword]
  1867 000017D2 753E                        jne .page
  1868 000017D4 A1[24290000]                mov eax, [bm_mouse_x]
  1868          ******************       warning: 32-bit absolute section-crossing relocation [-w+reloc-abs-dword]
  1869 000017D9 3DCC000000                  cmp eax, 204
  1870 000017DE 725C                        jb .none
  1871 000017E0 3DD7020000                  cmp eax, 727
  1872 000017E5 7755                        ja .none
  1873 000017E7 A1[28290000]                mov eax, [bm_mouse_y]
  1873          ******************       warning: 32-bit absolute section-crossing relocation [-w+reloc-abs-dword]
  1874 000017EC 83F84D                      cmp eax, 77
  1875 000017EF 724B                        jb .none
  1876 000017F1 3DE5010000                  cmp eax, 485
  1877 000017F6 7744                        ja .none
  1878 000017F8 83E84D                      sub eax, 77
  1879 000017FB 31D2                        xor edx, edx
  1880 000017FD B944000000                  mov ecx, 68
  1881 00001802 F7F1                        div ecx
  1882 00001804 83F806                      cmp eax, BM_MENU_ENTRY_COUNT
  1883 00001807 7333                        jae .none
  1884 00001809 A2[14290000]                mov [bm_selection], al
  1884          ******************       warning: 32-bit absolute section-crossing relocation [-w+reloc-abs-dword]
  1885 0000180E B01C                        mov al, 0x1C                    ; Aktivierung entspricht Enter
  1886 00001810 F9                          stc
  1887 00001811 C3                          ret
  1888                                  .page:
  1889 00001812 A1[24290000]                mov eax, [bm_mouse_x]
  1889          ******************       warning: 32-bit absolute section-crossing relocation [-w+reloc-abs-dword]
  1890 00001817 3DBE000000                  cmp eax, 190
  1891 0000181C 721E                        jb .none
  1892 0000181E 3D08020000                  cmp eax, 520
  1893 00001823 7717                        ja .none
  1894 00001825 A1[28290000]                mov eax, [bm_mouse_y]
  1894          ******************       warning: 32-bit absolute section-crossing relocation [-w+reloc-abs-dword]
  1895 0000182A 3DD6010000                  cmp eax, 470
  1896 0000182F 720B                        jb .none
  1897 00001831 3D0D020000                  cmp eax, 525
  1898 00001836 7704                        ja .none
  1899 00001838 B001                        mov al, 0x01                    ; Zurück entspricht ESC
  1900 0000183A F9                          stc
  1901 0000183B C3                          ret
  1902                                  .none:
  1903 0000183C F8                          clc
  1904 0000183D C3                          ret
  1905                                  
  1906                                  boot_manager_draw:
  1907 0000183E A1[2C290000]                mov eax, [bm_theme_background]
  1907          ******************       warning: 32-bit absolute section-crossing relocation [-w+reloc-abs-dword]
  1908 00001843 31DB                        xor ebx, ebx
  1909 00001845 31C9                        xor ecx, ecx
  1910 00001847 8B1560500000                mov edx, [BOOT_INFO_ADDRESS + BIB_GRAPHICS_OFFSET + 16]
  1911 0000184D 8B3564500000                mov esi, [BOOT_INFO_ADDRESS + BIB_GRAPHICS_OFFSET + 20]
  1912 00001853 E8D90B0000                  call bm_fill_rectangle
  1913                                  
  1914                                      ; Obere blaue Markenleiste mit sichtbaren, runden Enden.
  1915 00001858 B8C17F2D00                  mov eax, BM_COLOR_BLUE
  1916 0000185D BB66000000                  mov ebx, 102
  1917 00001862 31C9                        xor ecx, ecx
  1918 00001864 BA74020000                  mov edx, 628
  1919 00001869 BE0D000000                  mov esi, 13
  1920 0000186E E8C10A0000                  call bm_fill_rounded_rectangle
  1921                                  
  1922                                      ; Seitentitel. Die Referenzauflösung verwendet 1 px = 1 DLU; spätere
  1923                                      ; Backends skalieren diese logischen Koordinaten vor der Ausgabe.
  1924 00001873 BE[3F290000]                mov esi, bm_text_screen_title
  1924          ******************       warning: 32-bit absolute section-crossing relocation [-w+reloc-abs-dword]
  1925 00001878 BBCC000000                  mov ebx, 204
  1926 0000187D B91B000000                  mov ecx, 27
  1927 00001882 BAFFFFFF00                  mov edx, BM_COLOR_WHITE
  1928 00001887 BD02000000                  mov ebp, 2
  1929 0000188C E8620D0000                  call bm_draw_text
  1930                                  
  1931                                      ; Linke NovaOS-Marke
  1932 00001891 C705[D8280000]2000-         mov dword [bm_logo_x], 32
  1932          ******************       warning: 32-bit absolute section-crossing relocation [-w+reloc-abs-dword]
  1932 00001899 0000               
  1933 0000189B C705[DC280000]2600-         mov dword [bm_logo_y], 38
  1933          ******************       warning: 32-bit absolute section-crossing relocation [-w+reloc-abs-dword]
  1933 000018A3 0000               
  1934 000018A5 C705[E0280000]C17F-         mov dword [bm_logo_color], BM_COLOR_BLUE
  1934          ******************       warning: 32-bit absolute section-crossing relocation [-w+reloc-abs-dword]
  1934 000018AD 2D00               
  1935 000018AF C605[E4280000]01            mov byte [bm_logo_compact], 1
  1935          ******************       warning: 32-bit absolute section-crossing relocation [-w+reloc-abs-dword]
  1936 000018B6 C605[E5280000]01            mov byte [bm_logo_mirror], 1
  1936          ******************       warning: 32-bit absolute section-crossing relocation [-w+reloc-abs-dword]
  1937 000018BD E8C90B0000                  call bm_draw_nova_logo
  1938 000018C2 BE[38290000]                mov esi, bm_text_brand
  1938          ******************       warning: 32-bit absolute section-crossing relocation [-w+reloc-abs-dword]
  1939 000018C7 BB20000000                  mov ebx, 32
  1940 000018CC B99C000000                  mov ecx, 156
  1941 000018D1 BAC17F2D00                  mov edx, BM_COLOR_BLUE
  1942 000018D6 BD03000000                  mov ebp, 3
  1943 000018DB E8130D0000                  call bm_draw_text
  1944                                  
  1945                                      ; Menürahmen 184,55 bis 751,528
  1946 000018E0 B8C17F2D00                  mov eax, BM_COLOR_BLUE
  1947 000018E5 BBB8000000                  mov ebx, NOVA_UI_PANEL_X
  1948 000018EA B937000000                  mov ecx, NOVA_UI_PANEL_Y
  1949 000018EF BA37020000                  mov edx, NOVA_UI_PANEL_WIDTH
  1950 000018F4 BED9010000                  mov esi, NOVA_UI_PANEL_HEIGHT
  1951 000018F9 E8360A0000                  call bm_fill_rounded_rectangle
  1952 000018FE A1[2C290000]                mov eax, [bm_theme_background]
  1952          ******************       warning: 32-bit absolute section-crossing relocation [-w+reloc-abs-dword]
  1953 00001903 BBB9000000                  mov ebx, NOVA_UI_PANEL_X + 1
  1954 00001908 B938000000                  mov ecx, NOVA_UI_PANEL_Y + 1
  1955 0000190D BA35020000                  mov edx, NOVA_UI_PANEL_WIDTH - 2
  1956 00001912 BED7010000                  mov esi, NOVA_UI_PANEL_HEIGHT - 2
  1957 00001917 E8180A0000                  call bm_fill_rounded_rectangle
  1958                                  
  1959                                      ; Aktuelle Auswahl
  1960 0000191C 0FB605[14290000]            movzx eax, byte [bm_selection]
  1960          ******************       warning: 32-bit absolute section-crossing relocation [-w+reloc-abs-dword]
  1961 00001923 6BC044                      imul eax, NOVA_UI_MENU_ITEM_STRIDE
  1962 00001926 83C04D                      add eax, NOVA_UI_MENU_Y
  1963 00001929 89C1                        mov ecx, eax
  1964 0000192B A1[30290000]                mov eax, [bm_theme_panel]
  1964          ******************       warning: 32-bit absolute section-crossing relocation [-w+reloc-abs-dword]
  1965 00001930 BBCC000000                  mov ebx, NOVA_UI_CONTENT_X
  1966 00001935 BA0B020000                  mov edx, NOVA_UI_CONTENT_RIGHT - NOVA_UI_CONTENT_X
  1967 0000193A BE3E000000                  mov esi, NOVA_UI_MENU_ITEM_HEIGHT
  1968 0000193F E8F0090000                  call bm_fill_rounded_rectangle
  1969                                  
  1970                                      ; Der Fokus wird zusätzlich zur Flächenfarbe durch einen cyanfarbenen
  1971                                      ; Marker dargestellt. Damit hängt die Auswahl nicht ausschließlich von
  1972                                      ; einer Farbe beziehungsweise einem schwachen Kontrastunterschied ab.
  1973 00001944 B8FFC24C00                  mov eax, BM_COLOR_CYAN
  1974 00001949 BBCC000000                  mov ebx, NOVA_UI_CONTENT_X
  1975 0000194E 0FB60D[14290000]            movzx ecx, byte [bm_selection]
  1975          ******************       warning: 32-bit absolute section-crossing relocation [-w+reloc-abs-dword]
  1976 00001955 6BC944                      imul ecx, NOVA_UI_MENU_ITEM_STRIDE
  1977 00001958 83C15B                      add ecx, NOVA_UI_MENU_Y + 14
  1978 0000195B BA0C000000                  mov edx, NOVA_UI_SPACE_M
  1979 00001960 BE22000000                  mov esi, 34
  1980 00001965 E8CA090000                  call bm_fill_rounded_rectangle
  1981                                  
  1982                                      ; Beschriftung, Symbol und Aktion stammen aus derselben Eintragstabelle.
  1983 0000196A 31FF                        xor edi, edi
  1984                                  .draw_entry:
  1985 0000196C 83FF06                      cmp edi, BM_MENU_ENTRY_COUNT
  1986 0000196F 0F8387000000                jae .entries_done
  1987 00001975 89F8                        mov eax, edi
  1988 00001977 6BC008                      imul eax, BM_ENTRY_SIZE
  1989 0000197A 8BB0[04320000]              mov esi, [bm_menu_entries + eax + BM_ENTRY_LABEL]
  1989          ******************       warning: 32-bit absolute section-crossing relocation [-w+reloc-abs-dword]
  1990 00001980 BB16010000                  mov ebx, NOVA_UI_MENU_TEXT_X
  1991 00001985 89F9                        mov ecx, edi
  1992 00001987 6BC944                      imul ecx, NOVA_UI_MENU_ITEM_STRIDE
  1993 0000198A 83C162                      add ecx, NOVA_UI_MENU_Y + 21
  1994 0000198D BAFFFFFF00                  mov edx, BM_COLOR_WHITE
  1995 00001992 0FB605[14290000]            movzx eax, byte [bm_selection]
  1995          ******************       warning: 32-bit absolute section-crossing relocation [-w+reloc-abs-dword]
  1996 00001999 39C7                        cmp edi, eax
  1997 0000199B 7505                        jne .entry_text_color_ready
  1998 0000199D BAFFC24C00                  mov edx, BM_COLOR_CYAN
  1999                                  .entry_text_color_ready:
  2000 000019A2 BD02000000                  mov ebp, 2
  2001 000019A7 57                          push edi
  2002 000019A8 E8460C0000                  call bm_draw_text
  2003 000019AD 5F                          pop edi
  2004                                  
  2005 000019AE 89F8                        mov eax, edi
  2006 000019B0 6BC008                      imul eax, BM_ENTRY_SIZE
  2007 000019B3 0FB6B8[08320000]            movzx edi, byte [bm_menu_entries + eax + BM_ENTRY_ICON]
  2007          ******************       warning: 32-bit absolute section-crossing relocation [-w+reloc-abs-dword]
  2008 000019BA B8FFFFFF00                  mov eax, BM_COLOR_WHITE
  2009 000019BF 8B15[20290000]              mov edx, [bm_draw_entry_index]
  2009          ******************       warning: 32-bit absolute section-crossing relocation [-w+reloc-abs-dword]
  2010 000019C5 0FB62D[14290000]            movzx ebp, byte [bm_selection]
  2010          ******************       warning: 32-bit absolute section-crossing relocation [-w+reloc-abs-dword]
  2011 000019CC 39EA                        cmp edx, ebp
  2012 000019CE 7505                        jne .entry_icon_color_ready
  2013 000019D0 B8FFC24C00                  mov eax, BM_COLOR_CYAN
  2014                                  .entry_icon_color_ready:
  2015 000019D5 BBE4000000                  mov ebx, NOVA_UI_MENU_ICON_X
  2016 000019DA 8B0D[20290000]              mov ecx, [bm_draw_entry_index]
  2016          ******************       warning: 32-bit absolute section-crossing relocation [-w+reloc-abs-dword]
  2017 000019E0 6BC944                      imul ecx, NOVA_UI_MENU_ITEM_STRIDE
  2018 000019E3 83C165                      add ecx, NOVA_UI_MENU_Y + 24
  2019 000019E6 E848000000                  call bm_draw_menu_icon
  2020 000019EB FF05[20290000]              inc dword [bm_draw_entry_index]
  2020          ******************       warning: 32-bit absolute section-crossing relocation [-w+reloc-abs-dword]
  2021 000019F1 8B3D[20290000]              mov edi, [bm_draw_entry_index]
  2021          ******************       warning: 32-bit absolute section-crossing relocation [-w+reloc-abs-dword]
  2022 000019F7 E970FFFFFF                  jmp .draw_entry
  2023                                  .entries_done:
  2024 000019FC C705[20290000]0000-         mov dword [bm_draw_entry_index], 0
  2024          ******************       warning: 32-bit absolute section-crossing relocation [-w+reloc-abs-dword]
  2024 00001A04 0000               
  2025                                  
  2026                                      ; Der Standard-Boot-Eintrag wird unabhängig vom Fokus textlich markiert.
  2027 00001A06 BE[4D290000]                mov esi, bm_text_default_badge
  2027          ******************       warning: 32-bit absolute section-crossing relocation [-w+reloc-abs-dword]
  2028 00001A0B BB80020000                  mov ebx, 640
  2029 00001A10 B969000000                  mov ecx, 105
  2030 00001A15 BAFFC24C00                  mov edx, BM_COLOR_CYAN
  2031 00001A1A BD01000000                  mov ebp, 1
  2032 00001A1F E8CF0B0000                  call bm_draw_text
  2033                                  
  2034 00001A24 803D[15290000]00            cmp byte [bm_countdown_active], 0
  2034          ******************       warning: 32-bit absolute section-crossing relocation [-w+reloc-abs-dword]
  2035 00001A2B 7405                        je .done
  2036 00001A2D E801010000                  call bm_draw_status_countdown
  2037                                  .done:
  2038 00001A32 C3                          ret
  2039                                  
  2040                                  ; EAX=Farbe, EBX=x, ECX=y, EDI=Symbolnummer.
  2041                                  ; Jedes Symbol ist eine geglättete 20x20-Maske mit vier Deckungsstufen.
  2042                                  bm_draw_menu_icon:
  2043 00001A33 60                          pushad
  2044 00001A34 891D[E8280000]              mov [bm_icon_x], ebx
  2044          ******************       warning: 32-bit absolute section-crossing relocation [-w+reloc-abs-dword]
  2045 00001A3A 890D[EC280000]              mov [bm_icon_y], ecx
  2045          ******************       warning: 32-bit absolute section-crossing relocation [-w+reloc-abs-dword]
  2046 00001A40 A3[B0280000]                mov [bm_text_color], eax
  2046          ******************       warning: 32-bit absolute section-crossing relocation [-w+reloc-abs-dword]
  2047 00001A45 8B34BD[F0280000]            mov esi, [bm_icon_table + edi * 4]
  2047          ******************       warning: 32-bit absolute section-crossing relocation [-w+reloc-abs-dword]
  2048 00001A4C 31ED                        xor ebp, ebp
  2049                                  .row:
  2050 00001A4E 83FD14                      cmp ebp, 20
  2051 00001A51 7357                        jae .done
  2052 00001A53 31C9                        xor ecx, ecx
  2053                                  .column:
  2054 00001A55 83F914                      cmp ecx, 20
  2055 00001A58 734D                        jae .next_row
  2056 00001A5A 89E8                        mov eax, ebp
  2057 00001A5C 6BC005                      imul eax, 5
  2058 00001A5F 89CA                        mov edx, ecx
  2059 00001A61 C1EA02                      shr edx, 2
  2060 00001A64 01D0                        add eax, edx
  2061 00001A66 8A0406                      mov al, [esi + eax]
  2062 00001A69 89CA                        mov edx, ecx
  2063 00001A6B 83E203                      and edx, 3
  2064 00001A6E 51                          push ecx
  2065 00001A6F 88D1                        mov cl, dl
  2066 00001A71 D0E1                        shl cl, 1
  2067 00001A73 D2E8                        shr al, cl
  2068 00001A75 59                          pop ecx
  2069 00001A76 83E003                      and eax, 3
  2070 00001A79 7429                        jz .next_column
  2071 00001A7B 50                          push eax
  2072 00001A7C 89EF                        mov edi, ebp
  2073 00001A7E 033D[EC280000]              add edi, [bm_icon_y]
  2073          ******************       warning: 32-bit absolute section-crossing relocation [-w+reloc-abs-dword]
  2074 00001A84 0FAF3D5C500000              imul edi, [BOOT_INFO_ADDRESS + BIB_GRAPHICS_OFFSET + 12]
  2075 00001A8B 033D58500000                add edi, [BOOT_INFO_ADDRESS + BIB_GRAPHICS_OFFSET + 8]
  2076 00001A91 89CA                        mov edx, ecx
  2077 00001A93 0315[E8280000]              add edx, [bm_icon_x]
  2077          ******************       warning: 32-bit absolute section-crossing relocation [-w+reloc-abs-dword]
  2078 00001A99 C1E202                      shl edx, 2
  2079 00001A9C 01D7                        add edi, edx
  2080 00001A9E 58                          pop eax
  2081 00001A9F E8370D0000                  call bm_blend_pixel
  2082                                  .next_column:
  2083 00001AA4 41                          inc ecx
  2084 00001AA5 EBAE                        jmp .column
  2085                                  .next_row:
  2086 00001AA7 45                          inc ebp
  2087 00001AA8 EBA4                        jmp .row
  2088                                  .done:
  2089 00001AAA 61                          popad
  2090 00001AAB C3                          ret
  2091                                  
  2092                                  boot_manager_draw_unavailable:
  2093 00001AAC BE[932A0000]                mov esi, bm_page_installation
  2093          ******************       warning: 32-bit absolute section-crossing relocation [-w+reloc-abs-dword]
  2094 00001AB1 BF01000000                  mov edi, 1
  2095 00001AB6 E89E050000                  call bm_draw_page_base
  2096 00001ABB BE[52310000]                mov esi, bm_text_unavailable_title
  2096          ******************       warning: 32-bit absolute section-crossing relocation [-w+reloc-abs-dword]
  2097 00001AC0 BBE4000000                  mov ebx, 228
  2098 00001AC5 B99A000000                  mov ecx, 154
  2099 00001ACA BA47B3FF00                  mov edx, BM_COLOR_WARNING
  2100 00001ACF BD02000000                  mov ebp, 2
  2101 00001AD4 E81A0B0000                  call bm_draw_text
  2102 00001AD9 BE[4E320000]                mov esi, bm_text_unavailable
  2102          ******************       warning: 32-bit absolute section-crossing relocation [-w+reloc-abs-dword]
  2103 00001ADE BBE4000000                  mov ebx, 228
  2104 00001AE3 B9CA000000                  mov ecx, 202
  2105 00001AE8 8B15[34290000]              mov edx, [bm_theme_secondary]
  2105          ******************       warning: 32-bit absolute section-crossing relocation [-w+reloc-abs-dword]
  2106 00001AEE BD01000000                  mov ebp, 1
  2107 00001AF3 E8FB0A0000                  call bm_draw_text
  2108 00001AF8 BE[70310000]                mov esi, bm_text_unavailable_hint
  2108          ******************       warning: 32-bit absolute section-crossing relocation [-w+reloc-abs-dword]
  2109 00001AFD BBE4000000                  mov ebx, 228
  2110 00001B02 B9E8000000                  mov ecx, 232
  2111 00001B07 BA47B3FF00                  mov edx, BM_COLOR_WARNING
  2112 00001B0C BD01000000                  mov ebp, 1
  2113 00001B11 E8DD0A0000                  call bm_draw_text
  2114 00001B16 C3                          ret
  2115                                  
  2116                                  bm_clear_status_line:
  2117 00001B17 A1[2C290000]                mov eax, [bm_theme_background]
  2117          ******************       warning: 32-bit absolute section-crossing relocation [-w+reloc-abs-dword]
  2118 00001B1C 31DB                        xor ebx, ebx
  2119 00001B1E B91C020000                  mov ecx, 540
  2120 00001B23 BA20030000                  mov edx, 800
  2121 00001B28 BE28000000                  mov esi, 40
  2122 00001B2D E8FF080000                  call bm_fill_rectangle
  2123 00001B32 C3                          ret
  2124                                  
  2125                                  bm_draw_status_countdown:
  2126 00001B33 E8DFFFFFFF                  call bm_clear_status_line
  2127 00001B38 BE[34320000]                mov esi, bm_text_countdown
  2127          ******************       warning: 32-bit absolute section-crossing relocation [-w+reloc-abs-dword]
  2128 00001B3D BB28000000                  mov ebx, 40
  2129 00001B42 B929020000                  mov ecx, 553
  2130 00001B47 8B15[34290000]              mov edx, [bm_theme_secondary]
  2130          ******************       warning: 32-bit absolute section-crossing relocation [-w+reloc-abs-dword]
  2131 00001B4D BD02000000                  mov ebp, 2
  2132 00001B52 E89C0A0000                  call bm_draw_text
  2133                                  
  2134                                      ; Numerische Restzeit plus sichtbarer, deterministischer Fortschritt.
  2135 00001B57 A1[30290000]                mov eax, [bm_theme_panel]
  2135          ******************       warning: 32-bit absolute section-crossing relocation [-w+reloc-abs-dword]
  2136 00001B5C BB08020000                  mov ebx, 520
  2137 00001B61 B92E020000                  mov ecx, 558
  2138 00001B66 BAF0000000                  mov edx, 240
  2139 00001B6B BE0A000000                  mov esi, 10
  2140 00001B70 E8BF070000                  call bm_fill_rounded_rectangle
  2141 00001B75 0FB615[47320000]            movzx edx, byte [bm_countdown_digit]
  2141          ******************       warning: 32-bit absolute section-crossing relocation [-w+reloc-abs-dword]
  2142 00001B7C 83EA30                      sub edx, '0'
  2143 00001B7F 6BD230                      imul edx, 48
  2144 00001B82 85D2                        test edx, edx
  2145 00001B84 7419                        jz .done
  2146 00001B86 B8FFC24C00                  mov eax, BM_COLOR_CYAN
  2147 00001B8B BB08020000                  mov ebx, 520
  2148 00001B90 B92E020000                  mov ecx, 558
  2149 00001B95 BE0A000000                  mov esi, 10
  2150 00001B9A E895070000                  call bm_fill_rounded_rectangle
  2151                                  .done:
  2152 00001B9F C3                          ret
  2153                                  
  2154                                  boot_manager_draw_diagnostics:
  2155 00001BA0 BE[722A0000]                mov esi, bm_page_diagnostics
  2155          ******************       warning: 32-bit absolute section-crossing relocation [-w+reloc-abs-dword]
  2156 00001BA5 BF03000000                  mov edi, 3
  2157 00001BAA E8AA040000                  call bm_draw_page_base
  2158 00001BAF BE[762F0000]                mov esi, bm_diag_heading
  2158          ******************       warning: 32-bit absolute section-crossing relocation [-w+reloc-abs-dword]
  2159 00001BB4 BBE4000000                  mov ebx, 228
  2160 00001BB9 B990000000                  mov ecx, 144
  2161 00001BBE BA58D13000                  mov edx, BM_COLOR_SUCCESS
  2162 00001BC3 BD02000000                  mov ebp, 2
  2163 00001BC8 E8260A0000                  call bm_draw_text
  2164 00001BCD BE[9D2F0000]                mov esi, bm_diag_nbhp
  2164          ******************       warning: 32-bit absolute section-crossing relocation [-w+reloc-abs-dword]
  2165 00001BD2 BBE4000000                  mov ebx, 228
  2166 00001BD7 B9BE000000                  mov ecx, 190
  2167 00001BDC BAFFFFFF00                  mov edx, BM_COLOR_WHITE
  2168 00001BE1 BD01000000                  mov ebp, 1
  2169 00001BE6 E8080A0000                  call bm_draw_text
  2170 00001BEB BE[CC2F0000]                mov esi, bm_diag_memory
  2170          ******************       warning: 32-bit absolute section-crossing relocation [-w+reloc-abs-dword]
  2171 00001BF0 B9DE000000                  mov ecx, 222
  2172 00001BF5 E8F9090000                  call bm_draw_text
  2173 00001BFA BE[F02F0000]                mov esi, bm_diag_graphics
  2173          ******************       warning: 32-bit absolute section-crossing relocation [-w+reloc-abs-dword]
  2174 00001BFF B9FE000000                  mov ecx, 254
  2175 00001C04 E8EA090000                  call bm_draw_text
  2176 00001C09 BE[20300000]                mov esi, bm_diag_kernel
  2176          ******************       warning: 32-bit absolute section-crossing relocation [-w+reloc-abs-dword]
  2177 00001C0E B91E010000                  mov ecx, 286
  2178 00001C13 E8DB090000                  call bm_draw_text
  2179 00001C18 BE[4D300000]                mov esi, bm_diag_security
  2179          ******************       warning: 32-bit absolute section-crossing relocation [-w+reloc-abs-dword]
  2180 00001C1D B94E010000                  mov ecx, 334
  2181 00001C22 BA47B3FF00                  mov edx, BM_COLOR_WARNING
  2182 00001C27 E8C7090000                  call bm_draw_text
  2183 00001C2C BE[F3290000]                mov esi, bm_text_diagnostics
  2183          ******************       warning: 32-bit absolute section-crossing relocation [-w+reloc-abs-dword]
  2184 00001C31 BBE4000000                  mov ebx, 228
  2185 00001C36 B988010000                  mov ecx, 392
  2186 00001C3B 8B15[34290000]              mov edx, [bm_theme_secondary]
  2186          ******************       warning: 32-bit absolute section-crossing relocation [-w+reloc-abs-dword]
  2187 00001C41 BD01000000                  mov ebp, 1
  2188 00001C46 E8A8090000                  call bm_draw_text
  2189 00001C4B C3                          ret
  2190                                  
  2191                                  boot_manager_draw_recovery_notice:
  2192 00001C4C BE[812A0000]                mov esi, bm_page_recovery
  2192          ******************       warning: 32-bit absolute section-crossing relocation [-w+reloc-abs-dword]
  2193 00001C51 BF04000000                  mov edi, 4
  2194 00001C56 E8FE030000                  call bm_draw_page_base
  2195 00001C5B BE[87300000]                mov esi, bm_recovery_heading
  2195          ******************       warning: 32-bit absolute section-crossing relocation [-w+reloc-abs-dword]
  2196 00001C60 BBE4000000                  mov ebx, 228
  2197 00001C65 B990000000                  mov ecx, 144
  2198 00001C6A BA47B3FF00                  mov edx, BM_COLOR_WARNING
  2199 00001C6F BD02000000                  mov ebp, 2
  2200 00001C74 E87A090000                  call bm_draw_text
  2201 00001C79 BE[A0300000]                mov esi, bm_recovery_explanation
  2201          ******************       warning: 32-bit absolute section-crossing relocation [-w+reloc-abs-dword]
  2202 00001C7E BBE4000000                  mov ebx, 228
  2203 00001C83 B9C0000000                  mov ecx, 192
  2204 00001C88 8B15[34290000]              mov edx, [bm_theme_secondary]
  2204          ******************       warning: 32-bit absolute section-crossing relocation [-w+reloc-abs-dword]
  2205 00001C8E BD01000000                  mov ebp, 1
  2206 00001C93 BFD7020000                  mov edi, NOVA_UI_CONTENT_RIGHT
  2207 00001C98 E85F090000                  call bm_draw_text_wrapped
  2208 00001C9D BE[F4300000]                mov esi, bm_recovery_action_auto
  2208          ******************       warning: 32-bit absolute section-crossing relocation [-w+reloc-abs-dword]
  2209 00001CA2 B912010000                  mov ecx, 274
  2210 00001CA7 BAFFFFFF00                  mov edx, BM_COLOR_WHITE
  2211 00001CAC E842090000                  call bm_draw_text
  2212 00001CB1 BE[23310000]                mov esi, bm_recovery_action_snapshot
  2212          ******************       warning: 32-bit absolute section-crossing relocation [-w+reloc-abs-dword]
  2213 00001CB6 B938010000                  mov ecx, 312
  2214 00001CBB E833090000                  call bm_draw_text
  2215 00001CC0 BE[242A0000]                mov esi, bm_text_recovery
  2215          ******************       warning: 32-bit absolute section-crossing relocation [-w+reloc-abs-dword]
  2216 00001CC5 B972010000                  mov ecx, 370
  2217 00001CCA BA47B3FF00                  mov edx, BM_COLOR_WARNING
  2218 00001CCF E81F090000                  call bm_draw_text
  2219 00001CD4 C3                          ret
  2220                                  
  2221                                  boot_manager_draw_settings:
  2222 00001CD5 BE[642A0000]                mov esi, bm_page_settings
  2222          ******************       warning: 32-bit absolute section-crossing relocation [-w+reloc-abs-dword]
  2223 00001CDA BF02000000                  mov edi, 2
  2224 00001CDF E875030000                  call bm_draw_page_base
  2225 00001CE4 BE[792E0000]                mov esi, bm_settings_heading
  2225          ******************       warning: 32-bit absolute section-crossing relocation [-w+reloc-abs-dword]
  2226 00001CE9 BBE4000000                  mov ebx, 228
  2227 00001CEE B990000000                  mov ecx, 144
  2228 00001CF3 BAFFC24C00                  mov edx, BM_COLOR_CYAN
  2229 00001CF8 BD02000000                  mov ebp, 2
  2230 00001CFD E8F1080000                  call bm_draw_text
  2231 00001D02 BE[932E0000]                mov esi, bm_settings_default
  2231          ******************       warning: 32-bit absolute section-crossing relocation [-w+reloc-abs-dword]
  2232 00001D07 BBE4000000                  mov ebx, 228
  2233 00001D0C B9CA000000                  mov ecx, 202
  2234 00001D11 BAFFFFFF00                  mov edx, BM_COLOR_WHITE
  2235 00001D16 BD01000000                  mov ebp, 1
  2236 00001D1B E8D3080000                  call bm_draw_text
  2237 00001D20 BE[B32E0000]                mov esi, bm_settings_countdown
  2237          ******************       warning: 32-bit absolute section-crossing relocation [-w+reloc-abs-dword]
  2238 00001D25 B9F4000000                  mov ecx, 244
  2239 00001D2A E8C4080000                  call bm_draw_text
  2240 00001D2F BE[D82E0000]                mov esi, bm_settings_theme_prefix
  2240          ******************       warning: 32-bit absolute section-crossing relocation [-w+reloc-abs-dword]
  2241 00001D34 B91E010000                  mov ecx, 286
  2242 00001D39 E8B5080000                  call bm_draw_text
  2243 00001D3E 803D[1E290000]00            cmp byte [bm_high_contrast], 0
  2243          ******************       warning: 32-bit absolute section-crossing relocation [-w+reloc-abs-dword]
  2244 00001D45 7507                        jne .high_contrast
  2245 00001D47 BE[E42E0000]                mov esi, bm_settings_theme_dark
  2245          ******************       warning: 32-bit absolute section-crossing relocation [-w+reloc-abs-dword]
  2246 00001D4C EB05                        jmp .theme_value
  2247                                  .high_contrast:
  2248 00001D4E BE[F72E0000]                mov esi, bm_settings_theme_high
  2248          ******************       warning: 32-bit absolute section-crossing relocation [-w+reloc-abs-dword]
  2249                                  .theme_value:
  2250 00001D53 BBC4010000                  mov ebx, 452
  2251 00001D58 E896080000                  call bm_draw_text
  2252 00001D5D BE[062F0000]                mov esi, bm_settings_input
  2252          ******************       warning: 32-bit absolute section-crossing relocation [-w+reloc-abs-dword]
  2253 00001D62 B948010000                  mov ecx, 328
  2254 00001D67 E887080000                  call bm_draw_text
  2255 00001D6C BE[2F2F0000]                mov esi, bm_settings_note
  2255          ******************       warning: 32-bit absolute section-crossing relocation [-w+reloc-abs-dword]
  2256 00001D71 B986010000                  mov ecx, 390
  2257 00001D76 8B15[34290000]              mov edx, [bm_theme_secondary]
  2257          ******************       warning: 32-bit absolute section-crossing relocation [-w+reloc-abs-dword]
  2258 00001D7C BD01000000                  mov ebp, 1
  2259 00001D81 BFD7020000                  mov edi, NOVA_UI_CONTENT_RIGHT
  2260 00001D86 E871080000                  call bm_draw_text_wrapped
  2261 00001D8B C3                          ret
  2262                                  
  2263                                  boot_manager_draw_help:
  2264 00001D8C BE[A02A0000]                mov esi, bm_page_help
  2264          ******************       warning: 32-bit absolute section-crossing relocation [-w+reloc-abs-dword]
  2265 00001D91 BF03000000                  mov edi, 3
  2266 00001D96 E8BE020000                  call bm_draw_page_base
  2267 00001D9B BE[1B2B0000]                mov esi, bm_help_heading
  2267          ******************       warning: 32-bit absolute section-crossing relocation [-w+reloc-abs-dword]
  2268 00001DA0 BBE4000000                  mov ebx, 228
  2269 00001DA5 B990000000                  mov ecx, 144
  2270 00001DAA BAFFC24C00                  mov edx, BM_COLOR_CYAN
  2271 00001DAF BD02000000                  mov ebp, 2
  2272 00001DB4 E83A080000                  call bm_draw_text
  2273 00001DB9 BE[302B0000]                mov esi, bm_help_navigation
  2273          ******************       warning: 32-bit absolute section-crossing relocation [-w+reloc-abs-dword]
  2274 00001DBE B9CA000000                  mov ecx, 202
  2275 00001DC3 BAFFFFFF00                  mov edx, BM_COLOR_WHITE
  2276 00001DC8 BD01000000                  mov ebp, 1
  2277 00001DCD E821080000                  call bm_draw_text
  2278 00001DD2 BE[592B0000]                mov esi, bm_help_actions
  2278          ******************       warning: 32-bit absolute section-crossing relocation [-w+reloc-abs-dword]
  2279 00001DD7 B9F4000000                  mov ecx, 244
  2280 00001DDC E812080000                  call bm_draw_text
  2281 00001DE1 BE[842B0000]                mov esi, bm_help_shortcuts
  2281          ******************       warning: 32-bit absolute section-crossing relocation [-w+reloc-abs-dword]
  2282 00001DE6 B91E010000                  mov ecx, 286
  2283 00001DEB E803080000                  call bm_draw_text
  2284 00001DF0 BE[AE2B0000]                mov esi, bm_help_theme
  2284          ******************       warning: 32-bit absolute section-crossing relocation [-w+reloc-abs-dword]
  2285 00001DF5 B948010000                  mov ecx, 328
  2286 00001DFA E8F4070000                  call bm_draw_text
  2287 00001DFF BE[DA2B0000]                mov esi, bm_help_escape
  2287          ******************       warning: 32-bit absolute section-crossing relocation [-w+reloc-abs-dword]
  2288 00001E04 B986010000                  mov ecx, 390
  2289 00001E09 8B15[34290000]              mov edx, [bm_theme_secondary]
  2289          ******************       warning: 32-bit absolute section-crossing relocation [-w+reloc-abs-dword]
  2290 00001E0F E8DF070000                  call bm_draw_text
  2291 00001E14 C3                          ret
  2292                                  
  2293                                  boot_manager_draw_details:
  2294 00001E15 BE[B42A0000]                mov esi, bm_page_details
  2294          ******************       warning: 32-bit absolute section-crossing relocation [-w+reloc-abs-dword]
  2295 00001E1A 31FF                        xor edi, edi
  2296 00001E1C E838020000                  call bm_draw_page_base
  2297 00001E21 BE[012C0000]                mov esi, bm_details_heading
  2297          ******************       warning: 32-bit absolute section-crossing relocation [-w+reloc-abs-dword]
  2298 00001E26 BBE4000000                  mov ebx, 228
  2299 00001E2B B990000000                  mov ecx, 144
  2300 00001E30 BAFFC24C00                  mov edx, BM_COLOR_CYAN
  2301 00001E35 BD02000000                  mov ebp, 2
  2302 00001E3A E8B4070000                  call bm_draw_text
  2303 00001E3F BE[082C0000]                mov esi, bm_details_version
  2303          ******************       warning: 32-bit absolute section-crossing relocation [-w+reloc-abs-dword]
  2304 00001E44 B9C2000000                  mov ecx, 194
  2305 00001E49 BAFFFFFF00                  mov edx, BM_COLOR_WHITE
  2306 00001E4E BD01000000                  mov ebp, 1
  2307 00001E53 E89B070000                  call bm_draw_text
  2308 00001E58 BE[352C0000]                mov esi, bm_details_kernel
  2308          ******************       warning: 32-bit absolute section-crossing relocation [-w+reloc-abs-dword]
  2309 00001E5D B9E2000000                  mov ecx, 226
  2310 00001E62 E88C070000                  call bm_draw_text
  2311 00001E67 BE[662C0000]                mov esi, bm_details_arch
  2311          ******************       warning: 32-bit absolute section-crossing relocation [-w+reloc-abs-dword]
  2312 00001E6C B902010000                  mov ecx, 258
  2313 00001E71 E87D070000                  call bm_draw_text
  2314 00001E76 BE[862C0000]                mov esi, bm_details_firmware
  2314          ******************       warning: 32-bit absolute section-crossing relocation [-w+reloc-abs-dword]
  2315 00001E7B B922010000                  mov ecx, 290
  2316 00001E80 E86E070000                  call bm_draw_text
  2317 00001E85 BE[AA2C0000]                mov esi, bm_details_integrity
  2317          ******************       warning: 32-bit absolute section-crossing relocation [-w+reloc-abs-dword]
  2318 00001E8A B952010000                  mov ecx, 338
  2319 00001E8F BA58D13000                  mov edx, BM_COLOR_SUCCESS
  2320 00001E94 E85A070000                  call bm_draw_text
  2321 00001E99 BE[E12C0000]                mov esi, bm_details_signature
  2321          ******************       warning: 32-bit absolute section-crossing relocation [-w+reloc-abs-dword]
  2322 00001E9E B972010000                  mov ecx, 370
  2323 00001EA3 BA47B3FF00                  mov edx, BM_COLOR_WARNING
  2324 00001EA8 E846070000                  call bm_draw_text
  2325 00001EAD BE[112D0000]                mov esi, bm_details_actions
  2325          ******************       warning: 32-bit absolute section-crossing relocation [-w+reloc-abs-dword]
  2326 00001EB2 B9A8010000                  mov ecx, 424
  2327 00001EB7 8B15[34290000]              mov edx, [bm_theme_secondary]
  2327          ******************       warning: 32-bit absolute section-crossing relocation [-w+reloc-abs-dword]
  2328 00001EBD E831070000                  call bm_draw_text
  2329 00001EC2 C3                          ret
  2330                                  
  2331                                  boot_manager_draw_advanced:
  2332 00001EC3 BE[CD2A0000]                mov esi, bm_page_advanced
  2332          ******************       warning: 32-bit absolute section-crossing relocation [-w+reloc-abs-dword]
  2333 00001EC8 31FF                        xor edi, edi
  2334 00001ECA E88A010000                  call bm_draw_page_base
  2335 00001ECF BE[1A340000]                mov esi, bm_event_advanced_base
  2335          ******************       warning: 32-bit absolute section-crossing relocation [-w+reloc-abs-dword]
  2336 00001ED4 E89B090000                  call bm_debug_write_string
  2337 00001ED9 BE[482D0000]                mov esi, bm_advanced_heading
  2337          ******************       warning: 32-bit absolute section-crossing relocation [-w+reloc-abs-dword]
  2338 00001EDE BBE4000000                  mov ebx, 228
  2339 00001EE3 B98C000000                  mov ecx, 140
  2340 00001EE8 BAFFC24C00                  mov edx, BM_COLOR_CYAN
  2341 00001EED BD02000000                  mov ebp, 2
  2342 00001EF2 E8FC060000                  call bm_draw_text
  2343 00001EF7 B9B8000000                  mov ecx, 184
  2344 00001EFC BF05000000                  mov edi, 5
  2345 00001F01 E80C010000                  call bm_draw_subselection_surface
  2346 00001F06 BE[2C340000]                mov esi, bm_event_advanced_list
  2346          ******************       warning: 32-bit absolute section-crossing relocation [-w+reloc-abs-dword]
  2347 00001F0B E864090000                  call bm_debug_write_string
  2348 00001F10 BE[642D0000]                mov esi, bm_advanced_normal
  2348          ******************       warning: 32-bit absolute section-crossing relocation [-w+reloc-abs-dword]
  2349 00001F15 BBFA000000                  mov ebx, 250
  2350 00001F1A B9C6000000                  mov ecx, 198
  2351 00001F1F BAFFFFFF00                  mov edx, BM_COLOR_WHITE
  2352 00001F24 BD01000000                  mov ebp, 1
  2353 00001F29 E8C5060000                  call bm_draw_text
  2354 00001F2E BE[732D0000]                mov esi, bm_advanced_recovery
  2354          ******************       warning: 32-bit absolute section-crossing relocation [-w+reloc-abs-dword]
  2355 00001F33 B9F6000000                  mov ecx, 246
  2356 00001F38 E8B6060000                  call bm_draw_text
  2357 00001F3D BE[842D0000]                mov esi, bm_advanced_safe
  2357          ******************       warning: 32-bit absolute section-crossing relocation [-w+reloc-abs-dword]
  2358 00001F42 B926010000                  mov ecx, 294
  2359 00001F47 E8A7060000                  call bm_draw_text
  2360 00001F4C BE[982D0000]                mov esi, bm_advanced_network
  2360          ******************       warning: 32-bit absolute section-crossing relocation [-w+reloc-abs-dword]
  2361 00001F51 B956010000                  mov ecx, 342
  2362 00001F56 E898060000                  call bm_draw_text
  2363 00001F5B BE[B92D0000]                mov esi, bm_advanced_logging
  2363          ******************       warning: 32-bit absolute section-crossing relocation [-w+reloc-abs-dword]
  2364 00001F60 B986010000                  mov ecx, 390
  2365 00001F65 E889060000                  call bm_draw_text
  2366 00001F6A BE[3E340000]                mov esi, bm_event_advanced_ready
  2366          ******************       warning: 32-bit absolute section-crossing relocation [-w+reloc-abs-dword]
  2367 00001F6F E800090000                  call bm_debug_write_string
  2368 00001F74 C3                          ret
  2369                                  
  2370                                  boot_manager_draw_power_dialog:
  2371 00001F75 BE[E62A0000]                mov esi, bm_page_power
  2371          ******************       warning: 32-bit absolute section-crossing relocation [-w+reloc-abs-dword]
  2372 00001F7A BF05000000                  mov edi, 5
  2373 00001F7F E8D5000000                  call bm_draw_page_base
  2374 00001F84 BE[D92D0000]                mov esi, bm_power_heading
  2374          ******************       warning: 32-bit absolute section-crossing relocation [-w+reloc-abs-dword]
  2375 00001F89 BBE4000000                  mov ebx, 228
  2376 00001F8E B98C000000                  mov ecx, 140
  2377 00001F93 BAFFC24C00                  mov edx, BM_COLOR_CYAN
  2378 00001F98 BD02000000                  mov ebp, 2
  2379 00001F9D E851060000                  call bm_draw_text
  2380 00001FA2 B9B8000000                  mov ecx, 184
  2381 00001FA7 BF04000000                  mov edi, 4
  2382 00001FAC E861000000                  call bm_draw_subselection_surface
  2383 00001FB1 BE[F42D0000]                mov esi, bm_power_off
  2383          ******************       warning: 32-bit absolute section-crossing relocation [-w+reloc-abs-dword]
  2384 00001FB6 BBFA000000                  mov ebx, 250
  2385 00001FBB B9C6000000                  mov ecx, 198
  2386 00001FC0 BAFFFFFF00                  mov edx, BM_COLOR_WHITE
  2387 00001FC5 BD01000000                  mov ebp, 1
  2388 00001FCA E824060000                  call bm_draw_text
  2389 00001FCF BE[032E0000]                mov esi, bm_power_restart
  2389          ******************       warning: 32-bit absolute section-crossing relocation [-w+reloc-abs-dword]
  2390 00001FD4 B9F6000000                  mov ecx, 246
  2391 00001FD9 E815060000                  call bm_draw_text
  2392 00001FDE BE[0F2E0000]                mov esi, bm_power_recovery
  2392          ******************       warning: 32-bit absolute section-crossing relocation [-w+reloc-abs-dword]
  2393 00001FE3 B926010000                  mov ecx, 294
  2394 00001FE8 E806060000                  call bm_draw_text
  2395 00001FED BE[272E0000]                mov esi, bm_power_firmware
  2395          ******************       warning: 32-bit absolute section-crossing relocation [-w+reloc-abs-dword]
  2396 00001FF2 B956010000                  mov ecx, 342
  2397 00001FF7 E8F7050000                  call bm_draw_text
  2398 00001FFC BE[4D2E0000]                mov esi, bm_power_note
  2398          ******************       warning: 32-bit absolute section-crossing relocation [-w+reloc-abs-dword]
  2399 00002001 B99A010000                  mov ecx, 410
  2400 00002006 8B15[34290000]              mov edx, [bm_theme_secondary]
  2400          ******************       warning: 32-bit absolute section-crossing relocation [-w+reloc-abs-dword]
  2401 0000200C E8E2050000                  call bm_draw_text
  2402 00002011 C3                          ret
  2403                                  
  2404                                  ; ECX=Start-y, EDI=Anzahl. Gemeinsame Focus/Selected-Flaeche fuer Listen.
  2405                                  bm_draw_subselection_surface:
  2406 00002012 60                          pushad
  2407 00002013 0FB605[17290000]            movzx eax, byte [bm_subselection]
  2407          ******************       warning: 32-bit absolute section-crossing relocation [-w+reloc-abs-dword]
  2408 0000201A 39F8                        cmp eax, edi
  2409 0000201C 7202                        jb .valid
  2410 0000201E 31C0                        xor eax, eax
  2411                                  .valid:
  2412 00002020 6BC030                      imul eax, 48
  2413 00002023 01C1                        add ecx, eax
  2414 00002025 A1[30290000]                mov eax, [bm_theme_panel]
  2414          ******************       warning: 32-bit absolute section-crossing relocation [-w+reloc-abs-dword]
  2415 0000202A BBE4000000                  mov ebx, 228
  2416 0000202F BAE0010000                  mov edx, 480
  2417 00002034 BE2A000000                  mov esi, 42
  2418 00002039 E8F6020000                  call bm_fill_rounded_rectangle
  2419 0000203E B8FFC24C00                  mov eax, BM_COLOR_CYAN
  2420 00002043 BBE4000000                  mov ebx, 228
  2421 00002048 BA08000000                  mov edx, NOVA_UI_SPACE_S
  2422 0000204D BE2A000000                  mov esi, 42
  2423 00002052 E8DD020000                  call bm_fill_rounded_rectangle
  2424 00002057 61                          popad
  2425 00002058 C3                          ret
  2426                                  
  2427                                  ; ESI=Seitentitel, EDI=Menüsymbol. Zeichnet eine gemeinsame, modal wirkende
  2428                                  ; Seitenbasis über den Hauptbildschirm und erhält dadurch Marke, Rahmen und
  2429                                  ; Design-Tokens auf allen Ansichten konsistent.
  2430                                  bm_draw_page_base:
  2431 00002059 56                          push esi
  2432 0000205A 57                          push edi
  2433 0000205B E88B000000                  call bm_draw_page_shell
  2434 00002060 A1[2C290000]                mov eax, [bm_theme_background]
  2434          ******************       warning: 32-bit absolute section-crossing relocation [-w+reloc-abs-dword]
  2435 00002065 BBBE000000                  mov ebx, 190
  2436 0000206A B93D000000                  mov ecx, 61
  2437 0000206F BA2B020000                  mov edx, 555
  2438 00002074 BECC010000                  mov esi, 460
  2439 00002079 E8B3030000                  call bm_fill_rectangle
  2440 0000207E 5F                          pop edi
  2441 0000207F 5E                          pop esi
  2442 00002080 BBE4000000                  mov ebx, 228
  2443 00002085 B954000000                  mov ecx, 84
  2444 0000208A BAFFFFFF00                  mov edx, BM_COLOR_WHITE
  2445 0000208F BD02000000                  mov ebp, 2
  2446 00002094 E85A050000                  call bm_draw_text
  2447 00002099 B8FFC24C00                  mov eax, BM_COLOR_CYAN
  2448 0000209E BBCC000000                  mov ebx, 204
  2449 000020A3 B957000000                  mov ecx, 87
  2450 000020A8 E886F9FFFF                  call bm_draw_menu_icon
  2451 000020AD B8C17F2D00                  mov eax, BM_COLOR_BLUE
  2452 000020B2 BBCC000000                  mov ebx, 204
  2453 000020B7 B97A000000                  mov ecx, 122
  2454 000020BC BA0B020000                  mov edx, 523
  2455 000020C1 BE02000000                  mov esi, 2
  2456 000020C6 E866030000                  call bm_fill_rectangle
  2457 000020CB BE[012B0000]                mov esi, bm_page_back_hint
  2457          ******************       warning: 32-bit absolute section-crossing relocation [-w+reloc-abs-dword]
  2458 000020D0 BBCC000000                  mov ebx, 204
  2459 000020D5 B9E8010000                  mov ecx, 488
  2460 000020DA 8B15[34290000]              mov edx, [bm_theme_secondary]
  2460          ******************       warning: 32-bit absolute section-crossing relocation [-w+reloc-abs-dword]
  2461 000020E0 BD01000000                  mov ebp, 1
  2462 000020E5 E809050000                  call bm_draw_text
  2463 000020EA C3                          ret
  2464                                  
  2465                                  ; Gemeinsame statische Shell fuer Unterseiten. Sie zeichnet nur Hintergrund,
  2466                                  ; Marke, Kopfzeile und Panel statt zuerst das komplette Hauptmenue aufzubauen.
  2467                                  bm_draw_page_shell:
  2468 000020EB A1[2C290000]                mov eax, [bm_theme_background]
  2468          ******************       warning: 32-bit absolute section-crossing relocation [-w+reloc-abs-dword]
  2469 000020F0 31DB                        xor ebx, ebx
  2470 000020F2 31C9                        xor ecx, ecx
  2471 000020F4 8B1560500000                mov edx, [BOOT_INFO_ADDRESS + BIB_GRAPHICS_OFFSET + 16]
  2472 000020FA 8B3564500000                mov esi, [BOOT_INFO_ADDRESS + BIB_GRAPHICS_OFFSET + 20]
  2473 00002100 E82C030000                  call bm_fill_rectangle
  2474 00002105 B8C17F2D00                  mov eax, BM_COLOR_BLUE
  2475 0000210A BB66000000                  mov ebx, 102
  2476 0000210F 31C9                        xor ecx, ecx
  2477 00002111 BA74020000                  mov edx, 628
  2478 00002116 BE0D000000                  mov esi, 13
  2479 0000211B E814020000                  call bm_fill_rounded_rectangle
  2480 00002120 C705[D8280000]2000-         mov dword [bm_logo_x], 32
  2480          ******************       warning: 32-bit absolute section-crossing relocation [-w+reloc-abs-dword]
  2480 00002128 0000               
  2481 0000212A C705[DC280000]2600-         mov dword [bm_logo_y], 38
  2481          ******************       warning: 32-bit absolute section-crossing relocation [-w+reloc-abs-dword]
  2481 00002132 0000               
  2482 00002134 C705[E0280000]C17F-         mov dword [bm_logo_color], BM_COLOR_BLUE
  2482          ******************       warning: 32-bit absolute section-crossing relocation [-w+reloc-abs-dword]
  2482 0000213C 2D00               
  2483 0000213E C605[E4280000]01            mov byte [bm_logo_compact], 1
  2483          ******************       warning: 32-bit absolute section-crossing relocation [-w+reloc-abs-dword]
  2484 00002145 C605[E5280000]01            mov byte [bm_logo_mirror], 1
  2484          ******************       warning: 32-bit absolute section-crossing relocation [-w+reloc-abs-dword]
  2485 0000214C E83A030000                  call bm_draw_nova_logo
  2486 00002151 BE[38290000]                mov esi, bm_text_brand
  2486          ******************       warning: 32-bit absolute section-crossing relocation [-w+reloc-abs-dword]
  2487 00002156 BB20000000                  mov ebx, 32
  2488 0000215B B99C000000                  mov ecx, 156
  2489 00002160 BAC17F2D00                  mov edx, BM_COLOR_BLUE
  2490 00002165 BD03000000                  mov ebp, 3
  2491 0000216A E884040000                  call bm_draw_text
  2492 0000216F B8C17F2D00                  mov eax, BM_COLOR_BLUE
  2493 00002174 BBB8000000                  mov ebx, NOVA_UI_PANEL_X
  2494 00002179 B937000000                  mov ecx, NOVA_UI_PANEL_Y
  2495 0000217E BA37020000                  mov edx, NOVA_UI_PANEL_WIDTH
  2496 00002183 BED9010000                  mov esi, NOVA_UI_PANEL_HEIGHT
  2497 00002188 E8A7010000                  call bm_fill_rounded_rectangle
  2498 0000218D A1[2C290000]                mov eax, [bm_theme_background]
  2498          ******************       warning: 32-bit absolute section-crossing relocation [-w+reloc-abs-dword]
  2499 00002192 BBB9000000                  mov ebx, NOVA_UI_PANEL_X + 1
  2500 00002197 B938000000                  mov ecx, NOVA_UI_PANEL_Y + 1
  2501 0000219C BA35020000                  mov edx, NOVA_UI_PANEL_WIDTH - 2
  2502 000021A1 BED7010000                  mov esi, NOVA_UI_PANEL_HEIGHT - 2
  2503 000021A6 E889010000                  call bm_fill_rounded_rectangle
  2504 000021AB C3                          ret
  2505                                  
  2506                                  bm_redraw_current_view:
  2507 000021AC 803D[16290000]01            cmp byte [bm_view], BM_VIEW_SETTINGS
  2507          ******************       warning: 32-bit absolute section-crossing relocation [-w+reloc-abs-dword]
  2508 000021B3 7446                        je .settings
  2509 000021B5 803D[16290000]02            cmp byte [bm_view], BM_VIEW_DIAGNOSTICS
  2509          ******************       warning: 32-bit absolute section-crossing relocation [-w+reloc-abs-dword]
  2510 000021BC 7444                        je .diagnostics
  2511 000021BE 803D[16290000]03            cmp byte [bm_view], BM_VIEW_RECOVERY
  2511          ******************       warning: 32-bit absolute section-crossing relocation [-w+reloc-abs-dword]
  2512 000021C5 7442                        je .recovery
  2513 000021C7 803D[16290000]04            cmp byte [bm_view], BM_VIEW_UNAVAILABLE
  2513          ******************       warning: 32-bit absolute section-crossing relocation [-w+reloc-abs-dword]
  2514 000021CE 7440                        je .unavailable
  2515 000021D0 803D[16290000]05            cmp byte [bm_view], BM_VIEW_HELP
  2515          ******************       warning: 32-bit absolute section-crossing relocation [-w+reloc-abs-dword]
  2516 000021D7 743E                        je .help
  2517 000021D9 803D[16290000]06            cmp byte [bm_view], BM_VIEW_DETAILS
  2517          ******************       warning: 32-bit absolute section-crossing relocation [-w+reloc-abs-dword]
  2518 000021E0 743C                        je .details
  2519 000021E2 803D[16290000]07            cmp byte [bm_view], BM_VIEW_ADVANCED
  2519          ******************       warning: 32-bit absolute section-crossing relocation [-w+reloc-abs-dword]
  2520 000021E9 743A                        je .advanced
  2521 000021EB 803D[16290000]08            cmp byte [bm_view], BM_VIEW_POWER
  2521          ******************       warning: 32-bit absolute section-crossing relocation [-w+reloc-abs-dword]
  2522 000021F2 7438                        je .power
  2523 000021F4 E845F6FFFF                  call boot_manager_draw
  2524 000021F9 EB36                        jmp .cursor
  2525                                  .settings:
  2526 000021FB E8D5FAFFFF                  call boot_manager_draw_settings
  2527 00002200 EB2F                        jmp .cursor
  2528                                  .diagnostics:
  2529 00002202 E899F9FFFF                  call boot_manager_draw_diagnostics
  2530 00002207 EB28                        jmp .cursor
  2531                                  .recovery:
  2532 00002209 E83EFAFFFF                  call boot_manager_draw_recovery_notice
  2533 0000220E EB21                        jmp .cursor
  2534                                  .unavailable:
  2535 00002210 E897F8FFFF                  call boot_manager_draw_unavailable
  2536 00002215 EB1A                        jmp .cursor
  2537                                  .help:
  2538 00002217 E870FBFFFF                  call boot_manager_draw_help
  2539 0000221C EB13                        jmp .cursor
  2540                                  .details:
  2541 0000221E E8F2FBFFFF                  call boot_manager_draw_details
  2542 00002223 EB0C                        jmp .cursor
  2543                                  .advanced:
  2544 00002225 E899FCFFFF                  call boot_manager_draw_advanced
  2545 0000222A EB05                        jmp .cursor
  2546                                  .power:
  2547 0000222C E844FDFFFF                  call boot_manager_draw_power_dialog
  2548                                  .cursor:
  2549 00002231 E801000000                  call bm_draw_mouse_cursor
  2550 00002236 C3                          ret
  2551                                  
  2552                                  ; Kleiner, geglättet wirkender Nova-Cursor aus deterministischen Primitiven.
  2553                                  ; Er benötigt weder Bitmapressource noch dynamischen Speicher.
  2554                                  bm_draw_mouse_cursor:
  2555 00002237 803D[18290000]00            cmp byte [bm_mouse_available], 0
  2555          ******************       warning: 32-bit absolute section-crossing relocation [-w+reloc-abs-dword]
  2556 0000223E 7454                        je .done
  2557 00002240 31ED                        xor ebp, ebp
  2558                                  .arrow_row:
  2559 00002242 83FD0C                      cmp ebp, 12
  2560 00002245 7327                        jae .stem
  2561 00002247 B8FFFFFF00                  mov eax, BM_COLOR_WHITE
  2562 0000224C 8B1D[24290000]              mov ebx, [bm_mouse_x]
  2562          ******************       warning: 32-bit absolute section-crossing relocation [-w+reloc-abs-dword]
  2563 00002252 8B0D[28290000]              mov ecx, [bm_mouse_y]
  2563          ******************       warning: 32-bit absolute section-crossing relocation [-w+reloc-abs-dword]
  2564 00002258 01E9                        add ecx, ebp
  2565 0000225A 89EA                        mov edx, ebp
  2566 0000225C D1EA                        shr edx, 1
  2567 0000225E 83C202                      add edx, 2
  2568 00002261 BE01000000                  mov esi, 1
  2569 00002266 E8C6010000                  call bm_fill_rectangle
  2570 0000226B 45                          inc ebp
  2571 0000226C EBD4                        jmp .arrow_row
  2572                                  .stem:
  2573 0000226E B8FFC24C00                  mov eax, BM_COLOR_CYAN
  2574 00002273 8B1D[24290000]              mov ebx, [bm_mouse_x]
  2574          ******************       warning: 32-bit absolute section-crossing relocation [-w+reloc-abs-dword]
  2575 00002279 83C304                      add ebx, 4
  2576 0000227C 8B0D[28290000]              mov ecx, [bm_mouse_y]
  2576          ******************       warning: 32-bit absolute section-crossing relocation [-w+reloc-abs-dword]
  2577 00002282 83C109                      add ecx, 9
  2578 00002285 BA03000000                  mov edx, 3
  2579 0000228A BE07000000                  mov esi, 7
  2580 0000228F E89D010000                  call bm_fill_rectangle
  2581                                  .done:
  2582 00002294 C3                          ret
  2583                                  
  2584                                  bm_toggle_contrast_theme:
  2585 00002295 8035[1E290000]01            xor byte [bm_high_contrast], 1
  2585          ******************       warning: 32-bit absolute section-crossing relocation [-w+reloc-abs-dword]
  2586 0000229C 803D[1E290000]00            cmp byte [bm_high_contrast], 0
  2586          ******************       warning: 32-bit absolute section-crossing relocation [-w+reloc-abs-dword]
  2587 000022A3 7429                        je .dark
  2588 000022A5 C705[2C290000]0000-         mov dword [bm_theme_background], 0x00000000
  2588          ******************       warning: 32-bit absolute section-crossing relocation [-w+reloc-abs-dword]
  2588 000022AD 0000               
  2589 000022AF C705[30290000]2525-         mov dword [bm_theme_panel], 0x00252525
  2589          ******************       warning: 32-bit absolute section-crossing relocation [-w+reloc-abs-dword]
  2589 000022B7 2500               
  2590 000022B9 C705[34290000]FFFF-         mov dword [bm_theme_secondary], BM_COLOR_WHITE
  2590          ******************       warning: 32-bit absolute section-crossing relocation [-w+reloc-abs-dword]
  2590 000022C1 FF00               
  2591 000022C3 BE[62340000]                mov esi, bm_event_high_contrast
  2591          ******************       warning: 32-bit absolute section-crossing relocation [-w+reloc-abs-dword]
  2592 000022C8 E8A7050000                  call bm_debug_write_string
  2593 000022CD C3                          ret
  2594                                  .dark:
  2595 000022CE C705[2C290000]1311-         mov dword [bm_theme_background], BM_COLOR_BACKGROUND
  2595          ******************       warning: 32-bit absolute section-crossing relocation [-w+reloc-abs-dword]
  2595 000022D6 1000               
  2596 000022D8 C705[30290000]201C-         mov dword [bm_theme_panel], BM_COLOR_PANEL
  2596          ******************       warning: 32-bit absolute section-crossing relocation [-w+reloc-abs-dword]
  2596 000022E0 1A00               
  2597 000022E2 C705[34290000]CFCF-         mov dword [bm_theme_secondary], BM_COLOR_SECONDARY
  2597          ******************       warning: 32-bit absolute section-crossing relocation [-w+reloc-abs-dword]
  2597 000022EA CF00               
  2598 000022EC BE[7A340000]                mov esi, bm_event_dark_theme
  2598          ******************       warning: 32-bit absolute section-crossing relocation [-w+reloc-abs-dword]
  2599 000022F1 E87E050000                  call bm_debug_write_string
  2600 000022F6 C3                          ret
  2601                                  
  2602                                  boot_manager_draw_starting:
  2603 000022F7 A1[30290000]                mov eax, [bm_theme_panel]
  2603          ******************       warning: 32-bit absolute section-crossing relocation [-w+reloc-abs-dword]
  2604 000022FC BB40000000                  mov ebx, 64
  2605 00002301 B9C0010000                  mov ecx, 448
  2606 00002306 BAA0020000                  mov edx, 672
  2607 0000230B BE4C000000                  mov esi, 76
  2608 00002310 E81F000000                  call bm_fill_rounded_rectangle
  2609 00002315 BE[4D2A0000]                mov esi, bm_text_starting
  2609          ******************       warning: 32-bit absolute section-crossing relocation [-w+reloc-abs-dword]
  2610 0000231A BB60000000                  mov ebx, 96
  2611 0000231F B9DA010000                  mov ecx, 474
  2612 00002324 BAFFC24C00                  mov edx, BM_COLOR_CYAN
  2613 00002329 BD02000000                  mov ebp, 2
  2614 0000232E E8C0020000                  call bm_draw_text
  2615 00002333 C3                          ret
  2616                                  
  2617                                  ; EAX=Farbe, EBX=x, ECX=y, EDX=Breite, ESI=Höhe
  2618                                  bm_fill_rounded_rectangle:
  2619 00002334 60                          pushad
  2620 00002335 A3[C4280000]                mov [bm_round_color], eax
  2620          ******************       warning: 32-bit absolute section-crossing relocation [-w+reloc-abs-dword]
  2621 0000233A 891D[C8280000]              mov [bm_round_x], ebx
  2621          ******************       warning: 32-bit absolute section-crossing relocation [-w+reloc-abs-dword]
  2622 00002340 890D[CC280000]              mov [bm_round_y], ecx
  2622          ******************       warning: 32-bit absolute section-crossing relocation [-w+reloc-abs-dword]
  2623 00002346 8915[D0280000]              mov [bm_round_width], edx
  2623          ******************       warning: 32-bit absolute section-crossing relocation [-w+reloc-abs-dword]
  2624 0000234C 8935[D4280000]              mov [bm_round_height], esi
  2624          ******************       warning: 32-bit absolute section-crossing relocation [-w+reloc-abs-dword]
  2625 00002352 A1[C4280000]                mov eax, [bm_round_color]
  2625          ******************       warning: 32-bit absolute section-crossing relocation [-w+reloc-abs-dword]
  2626 00002357 8B1D[C8280000]              mov ebx, [bm_round_x]
  2626          ******************       warning: 32-bit absolute section-crossing relocation [-w+reloc-abs-dword]
  2627 0000235D 83C306                      add ebx, 6
  2628 00002360 8B0D[CC280000]              mov ecx, [bm_round_y]
  2628          ******************       warning: 32-bit absolute section-crossing relocation [-w+reloc-abs-dword]
  2629 00002366 8B15[D0280000]              mov edx, [bm_round_width]
  2629          ******************       warning: 32-bit absolute section-crossing relocation [-w+reloc-abs-dword]
  2630 0000236C 83EA0C                      sub edx, 12
  2631 0000236F BE01000000                  mov esi, 1
  2632 00002374 E8B8000000                  call bm_fill_rectangle
  2633 00002379 8B1D[C8280000]              mov ebx, [bm_round_x]
  2633          ******************       warning: 32-bit absolute section-crossing relocation [-w+reloc-abs-dword]
  2634 0000237F 83C303                      add ebx, 3
  2635 00002382 41                          inc ecx
  2636 00002383 8B15[D0280000]              mov edx, [bm_round_width]
  2636          ******************       warning: 32-bit absolute section-crossing relocation [-w+reloc-abs-dword]
  2637 00002389 83EA06                      sub edx, 6
  2638 0000238C E8A0000000                  call bm_fill_rectangle
  2639 00002391 8B1D[C8280000]              mov ebx, [bm_round_x]
  2639          ******************       warning: 32-bit absolute section-crossing relocation [-w+reloc-abs-dword]
  2640 00002397 43                          inc ebx
  2641 00002398 41                          inc ecx
  2642 00002399 8B15[D0280000]              mov edx, [bm_round_width]
  2642          ******************       warning: 32-bit absolute section-crossing relocation [-w+reloc-abs-dword]
  2643 0000239F 83EA02                      sub edx, 2
  2644 000023A2 BE03000000                  mov esi, 3
  2645 000023A7 E885000000                  call bm_fill_rectangle
  2646 000023AC 8B1D[C8280000]              mov ebx, [bm_round_x]
  2646          ******************       warning: 32-bit absolute section-crossing relocation [-w+reloc-abs-dword]
  2647 000023B2 8B0D[CC280000]              mov ecx, [bm_round_y]
  2647          ******************       warning: 32-bit absolute section-crossing relocation [-w+reloc-abs-dword]
  2648 000023B8 83C105                      add ecx, 5
  2649 000023BB 8B15[D0280000]              mov edx, [bm_round_width]
  2649          ******************       warning: 32-bit absolute section-crossing relocation [-w+reloc-abs-dword]
  2650 000023C1 8B35[D4280000]              mov esi, [bm_round_height]
  2650          ******************       warning: 32-bit absolute section-crossing relocation [-w+reloc-abs-dword]
  2651 000023C7 83EE0A                      sub esi, 10
  2652 000023CA E862000000                  call bm_fill_rectangle
  2653 000023CF 8B1D[C8280000]              mov ebx, [bm_round_x]
  2653          ******************       warning: 32-bit absolute section-crossing relocation [-w+reloc-abs-dword]
  2654 000023D5 43                          inc ebx
  2655 000023D6 8B0D[CC280000]              mov ecx, [bm_round_y]
  2655          ******************       warning: 32-bit absolute section-crossing relocation [-w+reloc-abs-dword]
  2656 000023DC 030D[D4280000]              add ecx, [bm_round_height]
  2656          ******************       warning: 32-bit absolute section-crossing relocation [-w+reloc-abs-dword]
  2657 000023E2 83E905                      sub ecx, 5
  2658 000023E5 8B15[D0280000]              mov edx, [bm_round_width]
  2658          ******************       warning: 32-bit absolute section-crossing relocation [-w+reloc-abs-dword]
  2659 000023EB 83EA02                      sub edx, 2
  2660 000023EE BE03000000                  mov esi, 3
  2661 000023F3 E839000000                  call bm_fill_rectangle
  2662 000023F8 8B1D[C8280000]              mov ebx, [bm_round_x]
  2662          ******************       warning: 32-bit absolute section-crossing relocation [-w+reloc-abs-dword]
  2663 000023FE 83C303                      add ebx, 3
  2664 00002401 83C103                      add ecx, 3
  2665 00002404 8B15[D0280000]              mov edx, [bm_round_width]
  2665          ******************       warning: 32-bit absolute section-crossing relocation [-w+reloc-abs-dword]
  2666 0000240A 83EA06                      sub edx, 6
  2667 0000240D BE01000000                  mov esi, 1
  2668 00002412 E81A000000                  call bm_fill_rectangle
  2669 00002417 8B1D[C8280000]              mov ebx, [bm_round_x]
  2669          ******************       warning: 32-bit absolute section-crossing relocation [-w+reloc-abs-dword]
  2670 0000241D 83C306                      add ebx, 6
  2671 00002420 41                          inc ecx
  2672 00002421 8B15[D0280000]              mov edx, [bm_round_width]
  2672          ******************       warning: 32-bit absolute section-crossing relocation [-w+reloc-abs-dword]
  2673 00002427 83EA0C                      sub edx, 12
  2674 0000242A E802000000                  call bm_fill_rectangle
  2675 0000242F 61                          popad
  2676 00002430 C3                          ret
  2677                                  
  2678                                  bm_fill_rectangle:
  2679 00002431 60                          pushad
  2680 00002432 A3[88280000]                mov [bm_rect_color], eax
  2680          ******************       warning: 32-bit absolute section-crossing relocation [-w+reloc-abs-dword]
  2681 00002437 891D[8C280000]              mov [bm_rect_x], ebx
  2681          ******************       warning: 32-bit absolute section-crossing relocation [-w+reloc-abs-dword]
  2682 0000243D 890D[90280000]              mov [bm_rect_y], ecx
  2682          ******************       warning: 32-bit absolute section-crossing relocation [-w+reloc-abs-dword]
  2683 00002443 8915[94280000]              mov [bm_rect_width], edx
  2683          ******************       warning: 32-bit absolute section-crossing relocation [-w+reloc-abs-dword]
  2684 00002449 8935[98280000]              mov [bm_rect_height], esi
  2684          ******************       warning: 32-bit absolute section-crossing relocation [-w+reloc-abs-dword]
  2685 0000244F 31ED                        xor ebp, ebp
  2686                                  .row:
  2687 00002451 3B2D[98280000]              cmp ebp, [bm_rect_height]
  2687          ******************       warning: 32-bit absolute section-crossing relocation [-w+reloc-abs-dword]
  2688 00002457 7330                        jae .done
  2689 00002459 A1[90280000]                mov eax, [bm_rect_y]
  2689          ******************       warning: 32-bit absolute section-crossing relocation [-w+reloc-abs-dword]
  2690 0000245E 01E8                        add eax, ebp
  2691 00002460 0FAF055C500000              imul eax, [BOOT_INFO_ADDRESS + BIB_GRAPHICS_OFFSET + 12]
  2692 00002467 030558500000                add eax, [BOOT_INFO_ADDRESS + BIB_GRAPHICS_OFFSET + 8]
  2693 0000246D 89C7                        mov edi, eax
  2694 0000246F A1[8C280000]                mov eax, [bm_rect_x]
  2694          ******************       warning: 32-bit absolute section-crossing relocation [-w+reloc-abs-dword]
  2695 00002474 C1E002                      shl eax, 2
  2696 00002477 01C7                        add edi, eax
  2697 00002479 A1[88280000]                mov eax, [bm_rect_color]
  2697          ******************       warning: 32-bit absolute section-crossing relocation [-w+reloc-abs-dword]
  2698 0000247E 8B0D[94280000]              mov ecx, [bm_rect_width]
  2698          ******************       warning: 32-bit absolute section-crossing relocation [-w+reloc-abs-dword]
  2699 00002484 F3AB                        rep stosd
  2700 00002486 45                          inc ebp
  2701 00002487 EBC8                        jmp .row
  2702                                  .done:
  2703 00002489 61                          popad
  2704 0000248A C3                          ret
  2705                                  
  2706                                  ; Zeichnet das aus der offiziellen SVG erzeugte 2-Bit-AA-Logo rechts oben.
  2707                                  bm_draw_nova_logo:
  2708 0000248B 60                          pushad
  2709 0000248C A1[B0280000]                mov eax, [bm_text_color]
  2709          ******************       warning: 32-bit absolute section-crossing relocation [-w+reloc-abs-dword]
  2710 00002491 50                          push eax
  2711 00002492 A1[E0280000]                mov eax, [bm_logo_color]
  2711          ******************       warning: 32-bit absolute section-crossing relocation [-w+reloc-abs-dword]
  2712 00002497 A3[B0280000]                mov [bm_text_color], eax
  2712          ******************       warning: 32-bit absolute section-crossing relocation [-w+reloc-abs-dword]
  2713 0000249C 31ED                        xor ebp, ebp
  2714                                  .row:
  2715 0000249E 81FD96000000                cmp ebp, NOVA_LOGO_HEIGHT
  2716 000024A4 0F83C7000000                jae .restore
  2717 000024AA 803D[E4280000]00            cmp byte [bm_logo_compact], 0
  2717          ******************       warning: 32-bit absolute section-crossing relocation [-w+reloc-abs-dword]
  2718 000024B1 740E                        je .row_visible
  2719 000024B3 89E8                        mov eax, ebp
  2720 000024B5 83E003                      and eax, 3
  2721 000024B8 83F803                      cmp eax, 3
  2722 000024BB 0F84AA000000                je .next_row
  2723                                  .row_visible:
  2724 000024C1 31C9                        xor ecx, ecx
  2725                                  .column:
  2726 000024C3 81F9A0000000                cmp ecx, NOVA_LOGO_WIDTH
  2727 000024C9 0F839C000000                jae .next_row
  2728 000024CF 803D[E4280000]00            cmp byte [bm_logo_compact], 0
  2728          ******************       warning: 32-bit absolute section-crossing relocation [-w+reloc-abs-dword]
  2729 000024D6 740E                        je .column_visible
  2730 000024D8 89C8                        mov eax, ecx
  2731 000024DA 83E003                      and eax, 3
  2732 000024DD 83F803                      cmp eax, 3
  2733 000024E0 0F847F000000                je .next_column
  2734                                  .column_visible:
  2735 000024E6 89E8                        mov eax, ebp
  2736 000024E8 6BC028                      imul eax, NOVA_LOGO_ROW_BYTES
  2737 000024EB 89CA                        mov edx, ecx
  2738 000024ED C1EA02                      shr edx, 2
  2739 000024F0 01D0                        add eax, edx
  2740 000024F2 8A80[324A0000]              mov al, [nova_logo_bitmap + eax]
  2740          ******************       warning: 32-bit absolute section-crossing relocation [-w+reloc-abs-dword]
  2741 000024F8 89CA                        mov edx, ecx
  2742 000024FA 83E203                      and edx, 3
  2743 000024FD 51                          push ecx
  2744 000024FE 88D1                        mov cl, dl
  2745 00002500 D0E1                        shl cl, 1
  2746 00002502 D2E8                        shr al, cl
  2747 00002504 59                          pop ecx
  2748 00002505 83E003                      and eax, 3
  2749 00002508 745B                        jz .next_column
  2750 0000250A 50                          push eax
  2751 0000250B 89EF                        mov edi, ebp
  2752 0000250D 803D[E4280000]00            cmp byte [bm_logo_compact], 0
  2752          ******************       warning: 32-bit absolute section-crossing relocation [-w+reloc-abs-dword]
  2753 00002514 7407                        je .row_scaled
  2754 00002516 89EA                        mov edx, ebp
  2755 00002518 C1EA02                      shr edx, 2
  2756 0000251B 29D7                        sub edi, edx
  2757                                  .row_scaled:
  2758 0000251D 033D[DC280000]              add edi, [bm_logo_y]
  2758          ******************       warning: 32-bit absolute section-crossing relocation [-w+reloc-abs-dword]
  2759 00002523 0FAF3D5C500000              imul edi, [BOOT_INFO_ADDRESS + BIB_GRAPHICS_OFFSET + 12]
  2760 0000252A 033D58500000                add edi, [BOOT_INFO_ADDRESS + BIB_GRAPHICS_OFFSET + 8]
  2761 00002530 89CA                        mov edx, ecx
  2762 00002532 803D[E4280000]00            cmp byte [bm_logo_compact], 0
  2762          ******************       warning: 32-bit absolute section-crossing relocation [-w+reloc-abs-dword]
  2763 00002539 7407                        je .column_scaled
  2764 0000253B 89CB                        mov ebx, ecx
  2765 0000253D C1EB02                      shr ebx, 2
  2766 00002540 29DA                        sub edx, ebx
  2767                                  .column_scaled:
  2768 00002542 803D[E5280000]00            cmp byte [bm_logo_mirror], 0
  2768          ******************       warning: 32-bit absolute section-crossing relocation [-w+reloc-abs-dword]
  2769 00002549 7409                        je .column_positioned
  2770 0000254B BB77000000                  mov ebx, 119
  2771 00002550 29D3                        sub ebx, edx
  2772 00002552 89DA                        mov edx, ebx
  2773                                  .column_positioned:
  2774 00002554 0315[D8280000]              add edx, [bm_logo_x]
  2774          ******************       warning: 32-bit absolute section-crossing relocation [-w+reloc-abs-dword]
  2775 0000255A C1E202                      shl edx, 2
  2776 0000255D 01D7                        add edi, edx
  2777 0000255F 58                          pop eax
  2778 00002560 E876020000                  call bm_blend_pixel
  2779                                  .next_column:
  2780 00002565 41                          inc ecx
  2781 00002566 E958FFFFFF                  jmp .column
  2782                                  .next_row:
  2783 0000256B 45                          inc ebp
  2784 0000256C E92DFFFFFF                  jmp .row
  2785                                  .restore:
  2786 00002571 58                          pop eax
  2787 00002572 A3[B0280000]                mov [bm_text_color], eax
  2787          ******************       warning: 32-bit absolute section-crossing relocation [-w+reloc-abs-dword]
  2788 00002577 61                          popad
  2789 00002578 C3                          ret
  2790                                  
  2791                                  ; Das ;( stammt als 2-Bit-Graustufenmaske exakt aus der UI-Referenz.
  2792                                  bm_draw_error_mark:
  2793 00002579 60                          pushad
  2794 0000257A A1[B0280000]                mov eax, [bm_text_color]
  2794          ******************       warning: 32-bit absolute section-crossing relocation [-w+reloc-abs-dword]
  2795 0000257F 50                          push eax
  2796 00002580 A1[10290000]                mov eax, [bm_error_mark_color]
  2796          ******************       warning: 32-bit absolute section-crossing relocation [-w+reloc-abs-dword]
  2797 00002585 A3[B0280000]                mov [bm_text_color], eax
  2797          ******************       warning: 32-bit absolute section-crossing relocation [-w+reloc-abs-dword]
  2798 0000258A 31ED                        xor ebp, ebp
  2799                                  .row:
  2800 0000258C 83FD5A                      cmp ebp, NOVA_ERROR_MARK_HEIGHT
  2801 0000258F 735A                        jae .restore
  2802 00002591 31C9                        xor ecx, ecx
  2803                                  .column:
  2804 00002593 83F952                      cmp ecx, NOVA_ERROR_MARK_WIDTH
  2805 00002596 7350                        jae .next_row
  2806 00002598 89E8                        mov eax, ebp
  2807 0000259A 6BC015                      imul eax, NOVA_ERROR_MARK_ROW_BYTES
  2808 0000259D 89CA                        mov edx, ecx
  2809 0000259F C1EA02                      shr edx, 2
  2810 000025A2 01D0                        add eax, edx
  2811 000025A4 8A80[A2610000]              mov al, [nova_error_mark_bitmap + eax]
  2811          ******************       warning: 32-bit absolute section-crossing relocation [-w+reloc-abs-dword]
  2812 000025AA 89CA                        mov edx, ecx
  2813 000025AC 83E203                      and edx, 3
  2814 000025AF 51                          push ecx
  2815 000025B0 88D1                        mov cl, dl
  2816 000025B2 D0E1                        shl cl, 1
  2817 000025B4 D2E8                        shr al, cl
  2818 000025B6 59                          pop ecx
  2819 000025B7 83E003                      and eax, 3
  2820 000025BA 7429                        jz .next_column
  2821 000025BC 50                          push eax
  2822 000025BD 89EF                        mov edi, ebp
  2823 000025BF 033D[0C290000]              add edi, [bm_error_mark_y]
  2823          ******************       warning: 32-bit absolute section-crossing relocation [-w+reloc-abs-dword]
  2824 000025C5 0FAF3D5C500000              imul edi, [BOOT_INFO_ADDRESS + BIB_GRAPHICS_OFFSET + 12]
  2825 000025CC 033D58500000                add edi, [BOOT_INFO_ADDRESS + BIB_GRAPHICS_OFFSET + 8]
  2826 000025D2 89CA                        mov edx, ecx
  2827 000025D4 0315[08290000]              add edx, [bm_error_mark_x]
  2827          ******************       warning: 32-bit absolute section-crossing relocation [-w+reloc-abs-dword]
  2828 000025DA C1E202                      shl edx, 2
  2829 000025DD 01D7                        add edi, edx
  2830 000025DF 58                          pop eax
  2831 000025E0 E8F6010000                  call bm_blend_pixel
  2832                                  .next_column:
  2833 000025E5 41                          inc ecx
  2834 000025E6 EBAB                        jmp .column
  2835                                  .next_row:
  2836 000025E8 45                          inc ebp
  2837 000025E9 EBA1                        jmp .row
  2838                                  .restore:
  2839 000025EB 58                          pop eax
  2840 000025EC A3[B0280000]                mov [bm_text_color], eax
  2840          ******************       warning: 32-bit absolute section-crossing relocation [-w+reloc-abs-dword]
  2841 000025F1 61                          popad
  2842 000025F2 C3                          ret
  2843                                  
  2844                                  ; ESI=Text, EBX=x, ECX=y, EDX=Farbe, EBP=Skalierung
  2845                                  bm_draw_text:
  2846 000025F3 C605[B8280000]00            mov byte [bm_text_wrap], 0
  2846          ******************       warning: 32-bit absolute section-crossing relocation [-w+reloc-abs-dword]
  2847 000025FA EB0D                        jmp bm_draw_text_begin
  2848                                  
  2849                                  ; ESI=Text, EBX=x, ECX=y, EDX=Farbe, EBP=Skalierung, EDI=rechte DLU-Grenze.
  2850                                  ; Der frühe Bootpfad verwendet deterministischen Zeichenumbruch ohne Heap.
  2851                                  bm_draw_text_wrapped:
  2852 000025FC C605[B8280000]01            mov byte [bm_text_wrap], 1
  2852          ******************       warning: 32-bit absolute section-crossing relocation [-w+reloc-abs-dword]
  2853 00002603 893D[AC280000]              mov [bm_text_max_x], edi
  2853          ******************       warning: 32-bit absolute section-crossing relocation [-w+reloc-abs-dword]
  2854                                  bm_draw_text_begin:
  2855 00002609 8935[9C280000]              mov [bm_text_pointer], esi
  2855          ******************       warning: 32-bit absolute section-crossing relocation [-w+reloc-abs-dword]
  2856 0000260F 891D[A0280000]              mov [bm_text_x], ebx
  2856          ******************       warning: 32-bit absolute section-crossing relocation [-w+reloc-abs-dword]
  2857 00002615 891D[A8280000]              mov [bm_text_origin_x], ebx
  2857          ******************       warning: 32-bit absolute section-crossing relocation [-w+reloc-abs-dword]
  2858 0000261B 890D[A4280000]              mov [bm_text_y], ecx
  2858          ******************       warning: 32-bit absolute section-crossing relocation [-w+reloc-abs-dword]
  2859 00002621 8915[B0280000]              mov [bm_text_color], edx
  2859          ******************       warning: 32-bit absolute section-crossing relocation [-w+reloc-abs-dword]
  2860 00002627 892D[B4280000]              mov [bm_text_scale], ebp
  2860          ******************       warning: 32-bit absolute section-crossing relocation [-w+reloc-abs-dword]
  2861                                  .next:
  2862                                  .load:
  2863 0000262D 8B35[9C280000]              mov esi, [bm_text_pointer]
  2863          ******************       warning: 32-bit absolute section-crossing relocation [-w+reloc-abs-dword]
  2864 00002633 AC                          lodsb
  2865 00002634 8935[9C280000]              mov [bm_text_pointer], esi
  2865          ******************       warning: 32-bit absolute section-crossing relocation [-w+reloc-abs-dword]
  2866 0000263A 84C0                        test al, al
  2867 0000263C 746E                        jz .done
  2868 0000263E 3C20                        cmp al, ' '
  2869 00002640 7421                        je .space
  2870 00002642 C605[B9280000]08            mov byte [bm_character_advance], 8
  2870          ******************       warning: 32-bit absolute section-crossing relocation [-w+reloc-abs-dword]
  2871 00002649 E8EE000000                  call bm_draw_character
  2872                                  .advance:
  2873 0000264E 0FB605[B9280000]            movzx eax, byte [bm_character_advance]
  2873          ******************       warning: 32-bit absolute section-crossing relocation [-w+reloc-abs-dword]
  2874 00002655 0305[B4280000]              add eax, [bm_text_scale]
  2874          ******************       warning: 32-bit absolute section-crossing relocation [-w+reloc-abs-dword]
  2875 0000265B 0105[A0280000]              add [bm_text_x], eax
  2875          ******************       warning: 32-bit absolute section-crossing relocation [-w+reloc-abs-dword]
  2876 00002661 EBCA                        jmp .next
  2877                                  .space:
  2878 00002663 803D[B8280000]00            cmp byte [bm_text_wrap], 0
  2878          ******************       warning: 32-bit absolute section-crossing relocation [-w+reloc-abs-dword]
  2879 0000266A 7419                        je .plain_space
  2880 0000266C 8B35[9C280000]              mov esi, [bm_text_pointer]
  2880          ******************       warning: 32-bit absolute section-crossing relocation [-w+reloc-abs-dword]
  2881 00002672 E836000000                  call bm_measure_word
  2882 00002677 0305[A0280000]              add eax, [bm_text_x]
  2882          ******************       warning: 32-bit absolute section-crossing relocation [-w+reloc-abs-dword]
  2883 0000267D 3B05[AC280000]              cmp eax, [bm_text_max_x]
  2883          ******************       warning: 32-bit absolute section-crossing relocation [-w+reloc-abs-dword]
  2884 00002683 7309                        jae .new_line
  2885                                  .plain_space:
  2886 00002685 C605[B9280000]05            mov byte [bm_character_advance], 5
  2886          ******************       warning: 32-bit absolute section-crossing relocation [-w+reloc-abs-dword]
  2887 0000268C EBC0                        jmp .advance
  2888                                  .new_line:
  2889 0000268E A1[A8280000]                mov eax, [bm_text_origin_x]
  2889          ******************       warning: 32-bit absolute section-crossing relocation [-w+reloc-abs-dword]
  2890 00002693 A3[A0280000]                mov [bm_text_x], eax
  2890          ******************       warning: 32-bit absolute section-crossing relocation [-w+reloc-abs-dword]
  2891 00002698 B81C000000                  mov eax, BM_FONT_HEIGHT + NOVA_UI_SPACE_S
  2892 0000269D 0FAF05[B4280000]            imul eax, [bm_text_scale]
  2892          ******************       warning: 32-bit absolute section-crossing relocation [-w+reloc-abs-dword]
  2893 000026A4 0105[A4280000]              add [bm_text_y], eax
  2893          ******************       warning: 32-bit absolute section-crossing relocation [-w+reloc-abs-dword]
  2894 000026AA EB81                        jmp .next
  2895                                  .done:
  2896 000026AC C3                          ret
  2897                                  
  2898                                  ; ESI zeigt auf das nächste Wort. Rückgabe EAX=Breite, Eingabezeiger bleibt
  2899                                  ; unverändert. Damit kann der Renderer vor dem Zeichnen wortweise umbrechen.
  2900                                  bm_measure_word:
  2901 000026AD 56                          push esi
  2902 000026AE 53                          push ebx
  2903 000026AF 51                          push ecx
  2904 000026B0 57                          push edi
  2905 000026B1 31DB                        xor ebx, ebx
  2906                                  .next:
  2907 000026B3 AC                          lodsb
  2908 000026B4 84C0                        test al, al
  2909 000026B6 7431                        jz .done
  2910 000026B8 3C20                        cmp al, ' '
  2911 000026BA 742D                        je .done
  2912 000026BC BF[89340000]                mov edi, bm_font_characters
  2912          ******************       warning: 32-bit absolute section-crossing relocation [-w+reloc-abs-dword]
  2913 000026C1 31C9                        xor ecx, ecx
  2914                                  .find:
  2915 000026C3 8A140F                      mov dl, [edi + ecx]
  2916 000026C6 84D2                        test dl, dl
  2917 000026C8 7410                        jz .fallback
  2918 000026CA 38C2                        cmp dl, al
  2919 000026CC 7403                        je .found
  2920 000026CE 41                          inc ecx
  2921 000026CF EBF2                        jmp .find
  2922                                  .found:
  2923 000026D1 0FB681[D7340000]            movzx eax, byte [bm_font_widths + ecx]
  2923          ******************       warning: 32-bit absolute section-crossing relocation [-w+reloc-abs-dword]
  2924 000026D8 EB05                        jmp .add
  2925                                  .fallback:
  2926 000026DA B808000000                  mov eax, 8
  2927                                  .add:
  2928 000026DF 0305[B4280000]              add eax, [bm_text_scale]
  2928          ******************       warning: 32-bit absolute section-crossing relocation [-w+reloc-abs-dword]
  2929 000026E5 01C3                        add ebx, eax
  2930 000026E7 EBCA                        jmp .next
  2931                                  .done:
  2932 000026E9 89D8                        mov eax, ebx
  2933 000026EB 5F                          pop edi
  2934 000026EC 59                          pop ecx
  2935 000026ED 5B                          pop ebx
  2936 000026EE 5E                          pop esi
  2937 000026EF C3                          ret
  2938                                  
  2939                                  ; ESI=Text, EBP=Skalierung. Rückgabe: EAX=Breite in DLU, EDX=Zeilenhöhe.
  2940                                  bm_measure_text:
  2941 000026F0 53                          push ebx
  2942 000026F1 51                          push ecx
  2943 000026F2 57                          push edi
  2944 000026F3 31DB                        xor ebx, ebx
  2945                                  .character:
  2946 000026F5 AC                          lodsb
  2947 000026F6 84C0                        test al, al
  2948 000026F8 7434                        jz .measured
  2949 000026FA 3C20                        cmp al, ' '
  2950 000026FC 741E                        je .space
  2951 000026FE BF[89340000]                mov edi, bm_font_characters
  2951          ******************       warning: 32-bit absolute section-crossing relocation [-w+reloc-abs-dword]
  2952 00002703 31C9                        xor ecx, ecx
  2953                                  .find:
  2954 00002705 8A140F                      mov dl, [edi + ecx]
  2955 00002708 84D2                        test dl, dl
  2956 0000270A 7417                        jz .fallback
  2957 0000270C 38C2                        cmp dl, al
  2958 0000270E 7403                        je .found
  2959 00002710 41                          inc ecx
  2960 00002711 EBF2                        jmp .find
  2961                                  .found:
  2962 00002713 0FB681[D7340000]            movzx eax, byte [bm_font_widths + ecx]
  2962          ******************       warning: 32-bit absolute section-crossing relocation [-w+reloc-abs-dword]
  2963 0000271A EB0C                        jmp .add
  2964                                  .space:
  2965 0000271C B805000000                  mov eax, 5
  2966 00002721 EB05                        jmp .add
  2967                                  .fallback:
  2968 00002723 B808000000                  mov eax, 8
  2969                                  .add:
  2970 00002728 01E8                        add eax, ebp
  2971 0000272A 01C3                        add ebx, eax
  2972 0000272C EBC7                        jmp .character
  2973                                  .measured:
  2974 0000272E 89D8                        mov eax, ebx
  2975 00002730 BA14000000                  mov edx, BM_FONT_HEIGHT
  2976 00002735 0FAFD5                      imul edx, ebp
  2977 00002738 5F                          pop edi
  2978 00002739 59                          pop ecx
  2979 0000273A 5B                          pop ebx
  2980 0000273B C3                          ret
  2981                                  
  2982                                  bm_draw_character:
  2983 0000273C 60                          pushad
  2984 0000273D 88C3                        mov bl, al
  2985 0000273F BF[89340000]                mov edi, bm_font_characters
  2985          ******************       warning: 32-bit absolute section-crossing relocation [-w+reloc-abs-dword]
  2986 00002744 31C9                        xor ecx, ecx
  2987                                  .find:
  2988 00002746 8A040F                      mov al, [edi + ecx]
  2989 00002749 84C0                        test al, al
  2990 0000274B 0F8488000000                jz .done
  2991 00002751 38D8                        cmp al, bl
  2992 00002753 7403                        je .found
  2993 00002755 41                          inc ecx
  2994 00002756 EBEE                        jmp .find
  2995                                  .found:
  2996 00002758 8A81[D7340000]              mov al, [bm_font_widths + ecx]
  2996          ******************       warning: 32-bit absolute section-crossing relocation [-w+reloc-abs-dword]
  2997 0000275E A2[B9280000]                mov [bm_character_advance], al
  2997          ******************       warning: 32-bit absolute section-crossing relocation [-w+reloc-abs-dword]
  2998 00002763 6BC946                      imul ecx, BM_FONT_BYTES_PER_GLYPH
  2999 00002766 BE[24350000]                mov esi, bm_font_bitmap
  2999          ******************       warning: 32-bit absolute section-crossing relocation [-w+reloc-abs-dword]
  3000 0000276B 01CE                        add esi, ecx
  3001 0000276D 31ED                        xor ebp, ebp
  3002                                  .glyph_row:
  3003 0000276F 83FD14                      cmp ebp, BM_FONT_HEIGHT
  3004 00002772 7365                        jae .done
  3005 00002774 31C9                        xor ecx, ecx
  3006                                  .glyph_column:
  3007 00002776 83F90E                      cmp ecx, BM_FONT_WIDTH
  3008 00002779 735B                        jae .next_row
  3009 0000277B 89E8                        mov eax, ebp
  3010 0000277D 6BC00E                      imul eax, BM_FONT_WIDTH
  3011 00002780 01C8                        add eax, ecx
  3012 00002782 89C2                        mov edx, eax
  3013 00002784 C1E802                      shr eax, 2
  3014 00002787 83E203                      and edx, 3
  3015 0000278A 8A0406                      mov al, [esi + eax]
  3016 0000278D 51                          push ecx
  3017 0000278E 88D1                        mov cl, dl
  3018 00002790 D0E1                        shl cl, 1
  3019 00002792 D2E8                        shr al, cl
  3020 00002794 59                          pop ecx
  3021 00002795 83E003                      and eax, 3
  3022 00002798 7439                        jz .next_column
  3023                                  
  3024 0000279A 50                          push eax
  3025 0000279B 8B3D[A4280000]              mov edi, [bm_text_y]
  3025          ******************       warning: 32-bit absolute section-crossing relocation [-w+reloc-abs-dword]
  3026 000027A1 01EF                        add edi, ebp
  3027 000027A3 3B3D64500000                cmp edi, [BOOT_INFO_ADDRESS + BIB_GRAPHICS_OFFSET + 20]
  3028 000027A9 7328                        jae .next_column
  3029 000027AB 0FAF3D5C500000              imul edi, [BOOT_INFO_ADDRESS + BIB_GRAPHICS_OFFSET + 12]
  3030 000027B2 033D58500000                add edi, [BOOT_INFO_ADDRESS + BIB_GRAPHICS_OFFSET + 8]
  3031 000027B8 8B15[A0280000]              mov edx, [bm_text_x]
  3031          ******************       warning: 32-bit absolute section-crossing relocation [-w+reloc-abs-dword]
  3032 000027BE 01CA                        add edx, ecx
  3033 000027C0 3B1560500000                cmp edx, [BOOT_INFO_ADDRESS + BIB_GRAPHICS_OFFSET + 16]
  3034 000027C6 730B                        jae .next_column
  3035 000027C8 C1E202                      shl edx, 2
  3036 000027CB 01D7                        add edi, edx
  3037 000027CD 58                          pop eax
  3038 000027CE E808000000                  call bm_blend_pixel
  3039                                  .next_column:
  3040 000027D3 41                          inc ecx
  3041 000027D4 EBA0                        jmp .glyph_column
  3042                                  .next_row:
  3043 000027D6 45                          inc ebp
  3044 000027D7 EB96                        jmp .glyph_row
  3045                                  .done:
  3046 000027D9 61                          popad
  3047 000027DA C3                          ret
  3048                                  
  3049                                  ; EDI=Framebuffer-Pixel, EAX=Deckung 1..3. Mischt die Textfarbe mit
  3050                                  ; dem vorhandenen Hintergrund, statt nur harte Ein/Aus-Pixel zu setzen.
  3051                                  bm_blend_pixel:
  3052 000027DB 83F803                      cmp eax, 3
  3053 000027DE 7471                        je .opaque
  3054 000027E0 A3[BC280000]                mov [bm_blend_alpha], eax
  3054          ******************       warning: 32-bit absolute section-crossing relocation [-w+reloc-abs-dword]
  3055 000027E5 60                          pushad
  3056 000027E6 8B1F                        mov ebx, [edi]
  3057 000027E8 8B35[B0280000]              mov esi, [bm_text_color]
  3057          ******************       warning: 32-bit absolute section-crossing relocation [-w+reloc-abs-dword]
  3058                                  
  3059 000027EE 89D8                        mov eax, ebx
  3060 000027F0 25FF000000                  and eax, 0xFF
  3061 000027F5 89F2                        mov edx, esi
  3062 000027F7 81E2FF000000                and edx, 0xFF
  3063 000027FD E857000000                  call bm_blend_channel
  3064 00002802 A3[C0280000]                mov [bm_blend_result], eax
  3064          ******************       warning: 32-bit absolute section-crossing relocation [-w+reloc-abs-dword]
  3065                                  
  3066 00002807 89D8                        mov eax, ebx
  3067 00002809 C1E808                      shr eax, 8
  3068 0000280C 25FF000000                  and eax, 0xFF
  3069 00002811 89F2                        mov edx, esi
  3070 00002813 C1EA08                      shr edx, 8
  3071 00002816 81E2FF000000                and edx, 0xFF
  3072 0000281C E838000000                  call bm_blend_channel
  3073 00002821 C1E008                      shl eax, 8
  3074 00002824 0905[C0280000]              or [bm_blend_result], eax
  3074          ******************       warning: 32-bit absolute section-crossing relocation [-w+reloc-abs-dword]
  3075                                  
  3076 0000282A 89D8                        mov eax, ebx
  3077 0000282C C1E810                      shr eax, 16
  3078 0000282F 25FF000000                  and eax, 0xFF
  3079 00002834 89F2                        mov edx, esi
  3080 00002836 C1EA10                      shr edx, 16
  3081 00002839 81E2FF000000                and edx, 0xFF
  3082 0000283F E815000000                  call bm_blend_channel
  3083 00002844 C1E010                      shl eax, 16
  3084 00002847 0B05[C0280000]              or eax, [bm_blend_result]
  3084          ******************       warning: 32-bit absolute section-crossing relocation [-w+reloc-abs-dword]
  3085 0000284D 8907                        mov [edi], eax
  3086 0000284F 61                          popad
  3087 00002850 C3                          ret
  3088                                  .opaque:
  3089 00002851 A1[B0280000]                mov eax, [bm_text_color]
  3089          ******************       warning: 32-bit absolute section-crossing relocation [-w+reloc-abs-dword]
  3090 00002856 8907                        mov [edi], eax
  3091 00002858 C3                          ret
  3092                                  
  3093                                  ; EAX=Hintergrundkanal, EDX=Textkanal. Ergebnis ist eine exakte
  3094                                  ; Annäherung an (dst*(3-a) + src*a) / 3 für a=1 oder a=2.
  3095                                  bm_blend_channel:
  3096 00002859 833D[BC280000]01            cmp dword [bm_blend_alpha], 1
  3096          ******************       warning: 32-bit absolute section-crossing relocation [-w+reloc-abs-dword]
  3097 00002860 7405                        je .one_third
  3098 00002862 8D0450                      lea eax, [eax + edx * 2]
  3099 00002865 EB03                        jmp .divide
  3100                                  .one_third:
  3101 00002867 8D0442                      lea eax, [edx + eax * 2]
  3102                                  .divide:
  3103 0000286A 69C0AB000000                imul eax, eax, 171
  3104 00002870 C1E809                      shr eax, 9
  3105 00002873 C3                          ret
  3106                                  
  3107                                  bm_debug_write_string:
  3108 00002874 50                          push eax
  3109 00002875 52                          push edx
  3110 00002876 66BAE900                    mov dx, 0x00E9
  3111                                  .next:
  3112 0000287A AC                          lodsb
  3113 0000287B 84C0                        test al, al
  3114 0000287D 7403                        jz .done
  3115 0000287F EE                          out dx, al
  3116 00002880 EBF8                        jmp .next
  3117                                  .done:
  3118 00002882 5A                          pop edx
  3119 00002883 58                          pop eax
  3120 00002884 C3                          ret
  3121                                  
  3122                                  BM_COLOR_BACKGROUND equ 0x00101113
  3123                                  BM_COLOR_PANEL      equ 0x001A1C20
  3124                                  BM_COLOR_CYAN       equ 0x004CC2FF
  3125                                  BM_COLOR_WHITE      equ 0x00FFFFFF
  3126                                  BM_COLOR_SECONDARY  equ 0x00CFCFCF
  3127                                  BM_COLOR_SUCCESS    equ 0x0030D158
  3128                                  BM_COLOR_WARNING    equ 0x00FFB347
  3129                                  BM_COLOR_BLUE       equ 0x002D7FC1
  3130                                  BM_COLOR_ERROR      equ 0x00B6154B
  3131                                  BM_COLOR_ERROR_TEXT equ 0x00A9A9A9
  3132                                  
  3133 00002885 90<rep 3h>              align 4
  3134 00002888 00000000                bm_rect_color:   dd 0
  3135 0000288C 00000000                bm_rect_x:       dd 0
  3136 00002890 00000000                bm_rect_y:       dd 0
  3137 00002894 00000000                bm_rect_width:   dd 0
  3138 00002898 00000000                bm_rect_height:  dd 0
  3139 0000289C 00000000                bm_text_pointer: dd 0
  3140 000028A0 00000000                bm_text_x:       dd 0
  3141 000028A4 00000000                bm_text_y:       dd 0
  3142 000028A8 00000000                bm_text_origin_x: dd 0
  3143 000028AC D7020000                bm_text_max_x:   dd NOVA_UI_CONTENT_RIGHT
  3144 000028B0 00000000                bm_text_color:   dd 0
  3145 000028B4 01000000                bm_text_scale:   dd 1
  3146 000028B8 00                      bm_text_wrap:    db 0
  3147 000028B9 00                      bm_character_advance: db 0
  3148 000028BA 90<rep 2h>              align 4
  3149 000028BC 00000000                bm_blend_alpha:  dd 0
  3150 000028C0 00000000                bm_blend_result: dd 0
  3151 000028C4 00000000                bm_round_color:  dd 0
  3152 000028C8 00000000                bm_round_x:      dd 0
  3153 000028CC 00000000                bm_round_y:      dd 0
  3154 000028D0 00000000                bm_round_width:  dd 0
  3155 000028D4 00000000                bm_round_height: dd 0
  3156 000028D8 6C020000                bm_logo_x:       dd 620
  3157 000028DC 16000000                bm_logo_y:       dd 22
  3158 000028E0 FFFFFF00                bm_logo_color:   dd BM_COLOR_WHITE
  3159 000028E4 00                      bm_logo_compact: db 0
  3160 000028E5 00                      bm_logo_mirror:  db 0
  3161 000028E6 90<rep 2h>              align 4
  3162 000028E8 00000000                bm_icon_x:        dd 0
  3163 000028EC 00000000                bm_icon_y:        dd 0
  3164                                  bm_icon_table:
  3165 000028F0 [04690000]-                 dd bm_icon_home, bm_icon_install, bm_icon_settings
  3165          ******************       warning: 32-bit absolute section-crossing relocation [-w+reloc-abs-dword]
  3165          ******************       warning: 32-bit absolute section-crossing relocation [-w+reloc-abs-dword]
  3165 000028F4 [68690000]-        
  3165          ******************       warning: 32-bit absolute section-crossing relocation [-w+reloc-abs-dword]
  3165 000028F8 [CC690000]         
  3166 000028FC [306A0000]-                 dd bm_icon_diagnostics, bm_icon_recover, bm_icon_power
  3166          ******************       warning: 32-bit absolute section-crossing relocation [-w+reloc-abs-dword]
  3166          ******************       warning: 32-bit absolute section-crossing relocation [-w+reloc-abs-dword]
  3166 00002900 [946A0000]-        
  3166          ******************       warning: 32-bit absolute section-crossing relocation [-w+reloc-abs-dword]
  3166 00002904 [F86A0000]         
  3167 00002908 3C000000                bm_error_mark_x: dd 60
  3168 0000290C 52000000                bm_error_mark_y: dd 82
  3169 00002910 FFFFFF00                bm_error_mark_color: dd BM_COLOR_WHITE
  3170 00002914 00                      bm_selection:    db 0
  3171 00002915 00                      bm_countdown_active: db 0
  3172 00002916 00                      bm_view:         db BM_VIEW_MAIN
  3173 00002917 00                      bm_subselection: db 0
  3174 00002918 00                      bm_mouse_available: db 0
  3175 00002919 00                      bm_mouse_phase:     db 0
  3176 0000291A 00                      bm_mouse_buttons:   db 0
  3177 0000291B 00<rep 3h>              bm_mouse_packet:    times 3 db 0
  3178 0000291E 00                      bm_high_contrast:   db 0
  3179 0000291F 90                      align 4
  3180 00002920 00000000                bm_draw_entry_index: dd 0
  3181 00002924 90010000                bm_mouse_x:       dd 400
  3182 00002928 2C010000                bm_mouse_y:       dd 300
  3183 0000292C 13111000                bm_theme_background: dd BM_COLOR_BACKGROUND
  3184 00002930 201C1A00                bm_theme_panel:      dd BM_COLOR_PANEL
  3185 00002934 CFCFCF00                bm_theme_secondary:  dd BM_COLOR_SECONDARY
  3186                                  
  3187 00002938 4E6F76614F5300          bm_text_brand:       db "NovaOS",0
  3188 0000293F 53746172746F707469-     bm_text_screen_title: db "Startoptionen",0
  3188 00002948 6F6E656E00         
  3189 0000294D 5354414E4441524400      bm_text_default_badge: db "STANDARD",0
  3190 00002956 424F4F54204D414E41-     bm_text_title:       db "BOOT MANAGER",0
  3190 0000295F 47455200           
  3191 00002963 4E4F5641204F5300        bm_text_os:          db "NOVA OS",0
  3192 0000296B 5354414E444152444B-     bm_text_kernel:      db "STANDARDKERNEL | NKI V1 | X86-32",0
  3192 00002974 45524E454C207C204E-
  3192 0000297D 4B49205631207C2058-
  3192 00002986 38362D333200       
  3193 0000298C 535441525442455245-     bm_text_verified:    db "STARTBEREIT",0
  3193 00002995 495400             
  3194 00002998 534943484552484549-     bm_text_security:    db "SICHERHEIT NOCH NICHT VERIFIZIERT",0
  3194 000029A1 54204E4F4348204E49-
  3194 000029AA 434854205645524946-
  3194 000029B3 495A4945525400     
  3195 000029BA 454E54455220205359-     bm_text_enter:       db "ENTER  SYSTEM STARTEN",0
  3195 000029C3 5354454D2053544152-
  3195 000029CC 54454E00           
  3196 000029D0 442020444941474E4F-     bm_text_actions:     db "D  DIAGNOSE     R  RECOVERY-STATUS",0
  3196 000029D9 534520202020205220-
  3196 000029E2 205245434F56455259-
  3196 000029EB 2D53544154555300   
  3197 000029F3 4352433332204F4B20-     bm_text_diagnostics: db "CRC32 OK | NBHP/BIB 1.0 | MEMORY MAP OK | VBE OK",0
  3197 000029FC 7C204E4248502F4249-
  3197 00002A05 4220312E30207C204D-
  3197 00002A0E 454D4F5259204D4150-
  3197 00002A17 204F4B207C20564245-
  3197 00002A20 204F4B00           
  3198 00002A24 5265636F766572792D-     bm_text_recovery:    db "Recovery-Modul ist noch nicht verf",0x81,"gbar.",0
  3198 00002A2D 4D6F64756C20697374-
  3198 00002A36 206E6F6368206E6963-
  3198 00002A3F 687420766572668167-
  3198 00002A48 6261722E00         
  3199 00002A4D 4E4F5641204F532057-     bm_text_starting:    db "NOVA OS WIRD GESTARTET",0
  3199 00002A56 495244204745535441-
  3199 00002A5F 5254455400         
  3200 00002A64 45696E7374656C6C75-     bm_page_settings:    db "Einstellungen",0
  3200 00002A6D 6E67656E00         
  3201 00002A72 53797374656D646961-     bm_page_diagnostics: db "Systemdiagnose",0
  3201 00002A7B 676E6F736500       
  3202 00002A81 576965646572686572-     bm_page_recovery:    db "Wiederherstellung",0
  3202 00002A8A 7374656C6C756E6700 
  3203 00002A93 496E7374616C6C6174-     bm_page_installation: db "Installation",0
  3203 00002A9C 696F6E00           
  3204 00002AA0 48696C666520756E64-     bm_page_help:        db "Hilfe und Bedienung",0
  3204 00002AA9 2042656469656E756E-
  3204 00002AB2 6700               
  3205 00002AB4 44657461696C73207A-     bm_page_details:     db "Details zum Starteintrag",0
  3205 00002ABD 756D20537461727465-
  3205 00002AC6 696E7472616700     
  3206 00002ACD 457277656974657274-     bm_page_advanced:    db "Erweiterte Startoptionen",0
  3206 00002AD6 652053746172746F70-
  3206 00002ADF 74696F6E656E00     
  3207 00002AE6 417573736368616C74-     bm_page_power:       db "Ausschalten und Neustarten",0
  3207 00002AEF 656E20756E64204E65-
  3207 00002AF8 757374617274656E00 
  3208 00002B01 45534320205A757281-     bm_page_back_hint:   db "ESC  Zur",0x81,"ck zum Hauptmen",0x81,0
  3208 00002B0A 636B207A756D204861-
  3208 00002B13 7570746D656E8100   
  3209 00002B1B 426F6F746D616E6167-     bm_help_heading:     db "Bootmanager bedienen",0
  3209 00002B24 65722062656469656E-
  3209 00002B2D 656E00             
  3210 00002B30 506665696C74617374-     bm_help_navigation:  db "Pfeiltasten / Maus       Auswahl bewegen",0
  3210 00002B39 656E202F204D617573-
  3210 00002B42 202020202020204175-
  3210 00002B4B 737761686C20626577-
  3210 00002B54 6567656E00         
  3211 00002B59 454E544552202F204D-     bm_help_actions:     db "ENTER / Mausklick        Auswahl ausf",0x81,"hren",0
  3211 00002B62 6175736B6C69636B20-
  3211 00002B6B 202020202020204175-
  3211 00002B74 737761686C20617573-
  3211 00002B7D 66816872656E00     
  3212 00002B84 4420446961676E6F73-     bm_help_shortcuts:   db "D Diagnose   R Recovery   S Einstellungen",0
  3212 00002B8D 652020205220526563-
  3212 00002B96 6F7665727920202053-
  3212 00002B9F 2045696E7374656C6C-
  3212 00002BA8 756E67656E00       
  3213 00002BAE 48204461727374656C-     bm_help_theme:       db "H Darstellung mit hohem Kontrast umschalten",0
  3213 00002BB7 6C756E67206D697420-
  3213 00002BC0 686F68656D204B6F6E-
  3213 00002BC9 747261737420756D73-
  3213 00002BD2 6368616C74656E00   
  3214 00002BDA 455343206F64657220-     bm_help_escape:      db "ESC oder R",0x81,"cktaste bringt dich zur",0x81,"ck.",0
  3214 00002BE3 5281636B7461737465-
  3214 00002BEC 206272696E67742064-
  3214 00002BF5 696368207A75728163-
  3214 00002BFE 6B2E00             
  3215 00002C01 4E6F76614F5300          bm_details_heading:  db "NovaOS",0
  3216 00002C08 56657273696F6E2020-     bm_details_version:  db "Version                  Entwicklungsversion",0
  3216 00002C11 202020202020202020-
  3216 00002C1A 20202020202020456E-
  3216 00002C23 747769636B6C756E67-
  3216 00002C2C 7376657273696F6E00 
  3217 00002C35 4B65726E656C202020-     bm_details_kernel:   db "Kernel                   NKI v1 (ELF kompatibel)",0
  3217 00002C3E 202020202020202020-
  3217 00002C47 202020202020204E4B-
  3217 00002C50 492076312028454C46-
  3217 00002C59 206B6F6D7061746962-
  3217 00002C62 656C2900           
  3218 00002C66 417263686974656B74-     bm_details_arch:     db "Architektur              x86-32",0
  3218 00002C6F 757220202020202020-
  3218 00002C78 202020202020207838-
  3218 00002C81 362D333200         
  3219 00002C86 4669726D776172656D-     bm_details_firmware: db "Firmwaremodus            BIOS / VBE",0
  3219 00002C8F 6F6475732020202020-
  3219 00002C98 202020202020204249-
  3219 00002CA1 4F53202F2056424500 
  3220 00002CAA 537461747573202020-     bm_details_integrity: db "Status                   Bootf",0x84,"hig, Integrit",0x84,"t gepr",0x81,"ft",0
  3220 00002CB3 202020202020202020-
  3220 00002CBC 20202020202020426F-
  3220 00002CC5 6F7466846869672C20-
  3220 00002CCE 496E74656772697484-
  3220 00002CD7 742067657072816674-
  3220 00002CE0 00                 
  3221 00002CE1 5369676E6174757220-     bm_details_signature: db "Signatur                 Noch nicht verifiziert",0
  3221 00002CEA 202020202020202020-
  3221 00002CF3 202020202020204E6F-
  3221 00002CFC 6368206E6963687420-
  3221 00002D05 7665726966697A6965-
  3221 00002D0E 727400             
  3222 00002D11 454E54455220537461-     bm_details_actions:  db "ENTER Starten   F3 Erweiterte Optionen   ESC Schlie",0xE1,"en",0
  3222 00002D1A 7274656E2020204633-
  3222 00002D23 204572776569746572-
  3222 00002D2C 7465204F7074696F6E-
  3222 00002D35 656E20202045534320-
  3222 00002D3E 5363686C6965E1656E-
  3222 00002D47 00                 
  3223 00002D48 4E6F76614F53205374-     bm_advanced_heading: db "NovaOS Startmodus ausw",0x84,"hlen",0
  3223 00002D51 6172746D6F64757320-
  3223 00002D5A 6175737784686C656E-
  3223 00002D63 00                 
  3224 00002D64 4E6F726D616C207374-     bm_advanced_normal:  db "Normal starten",0
  3224 00002D6D 617274656E00       
  3225 00002D73 5265636F7665727920-     bm_advanced_recovery: db "Recovery starten",0
  3225 00002D7C 7374617274656E00   
  3226 00002D84 416267657369636865-     bm_advanced_safe:    db "Abgesicherter Modus",0
  3226 00002D8D 72746572204D6F6475-
  3226 00002D96 7300               
  3227 00002D98 416267657369636865-     bm_advanced_network: db "Abgesicherter Modus mit Netzwerk",0
  3227 00002DA1 72746572204D6F6475-
  3227 00002DAA 73206D6974204E6574-
  3227 00002DB3 7A7765726B00       
  3228 00002DB9 426F6F742D50726F74-     bm_advanced_logging: db "Boot-Protokollierung aktivieren",0
  3228 00002DC2 6F6B6F6C6C69657275-
  3228 00002DCB 6E6720616B74697669-
  3228 00002DD4 6572656E00         
  3229 00002DD9 57617320736F6C6C20-     bm_power_heading:    db "Was soll der Computer tun?",0
  3229 00002DE2 64657220436F6D7075-
  3229 00002DEB 7465722074756E3F00 
  3230 00002DF4 486572756E74657266-     bm_power_off:        db "Herunterfahren",0
  3230 00002DFD 616872656E00       
  3231 00002E03 4E6575207374617274-     bm_power_restart:    db "Neu starten",0
  3231 00002E0C 656E00             
  3232 00002E0F 4E6575207374617274-     bm_power_recovery:   db "Neu starten in Recovery",0
  3232 00002E18 656E20696E20526563-
  3232 00002E21 6F7665727900       
  3233 00002E27 4E6575207374617274-     bm_power_firmware:   db "Neu starten in Firmware-Einstellungen",0
  3233 00002E30 656E20696E20466972-
  3233 00002E39 6D776172652D45696E-
  3233 00002E42 7374656C6C756E6765-
  3233 00002E4B 6E00               
  3234 00002E4D 454E54455220626573-     bm_power_note:       db "ENTER best",0x84,"tigt die Auswahl. ESC bricht ab.",0
  3234 00002E56 748474696774206469-
  3234 00002E5F 65204175737761686C-
  3234 00002E68 2E2045534320627269-
  3234 00002E71 6368742061622E00   
  3235 00002E79 426F6F746D616E6167-     bm_settings_heading: db "Bootmanager konfigurieren",0
  3235 00002E82 6572206B6F6E666967-
  3235 00002E8B 7572696572656E00   
  3236 00002E93 5374616E646172642D-     bm_settings_default: db "Standard-Bootziel        NovaOS",0
  3236 00002E9C 426F6F747A69656C20-
  3236 00002EA5 202020202020204E6F-
  3236 00002EAE 76614F5300         
  3237 00002EB3 4175746F6D61746973-     bm_settings_countdown: db "Automatischer Start       5 Sekunden",0
  3237 00002EBC 636865722053746172-
  3237 00002EC5 742020202020202035-
  3237 00002ECE 2053656B756E64656E-
  3237 00002ED7 00                 
  3238 00002ED8 4461727374656C6C75-     bm_settings_theme_prefix: db "Darstellung",0
  3238 00002EE1 6E6700             
  3239 00002EE4 44756E6B6C6573204E-     bm_settings_theme_dark:   db "Dunkles Nova-Theme",0
  3239 00002EED 6F76612D5468656D65-
  3239 00002EF6 00                 
  3240 00002EF7 486F686572204B6F6E-     bm_settings_theme_high:   db "Hoher Kontrast",0
  3240 00002F00 747261737400       
  3241 00002F06 45696E676162652020-     bm_settings_input:   db "Eingabe                   Tastatur aktiv",0
  3241 00002F0F 202020202020202020-
  3241 00002F18 202020202020202054-
  3241 00002F21 617374617475722061-
  3241 00002F2A 6B74697600         
  3242 00002F2F 53706569636865726E-     bm_settings_note:    db "Speichern ist verf",0x81,"gbar, sobald NovaFS im Bootmanager eingebunden ist.",0
  3242 00002F38 206973742076657266-
  3242 00002F41 81676261722C20736F-
  3242 00002F4A 62616C64204E6F7661-
  3242 00002F53 465320696D20426F6F-
  3242 00002F5C 746D616E6167657220-
  3242 00002F65 65696E676562756E64-
  3242 00002F6E 656E206973742E00   
  3243 00002F76 416C6C65206772756E-     bm_diag_heading:     db "Alle grundlegenden Pr",0x81,"fungen bestanden",0
  3243 00002F7F 646C6567656E64656E-
  3243 00002F88 2050728166756E6765-
  3243 00002F91 6E2062657374616E64-
  3243 00002F9A 656E00             
  3244 00002F9D 4E424850202F204249-     bm_diag_nbhp:        db "NBHP / BIB               Version 1.0 validiert",0
  3244 00002FA6 422020202020202020-
  3244 00002FAF 202020202020205665-
  3244 00002FB8 7273696F6E20312E30-
  3244 00002FC1 2076616C6964696572-
  3244 00002FCA 7400               
  3245 00002FCC 53706569636865726B-     bm_diag_memory:      db "Speicherkarte             Verf",0x81,"gbar",0
  3245 00002FD5 617274652020202020-
  3245 00002FDE 202020202020202056-
  3245 00002FE7 657266816762617200 
  3246 00002FF0 47726166696B617573-     bm_diag_graphics:    db "Grafikausgabe             VBE-Framebuffer aktiv",0
  3246 00002FF9 676162652020202020-
  3246 00003002 202020202020202056-
  3246 0000300B 42452D4672616D6562-
  3246 00003014 756666657220616B74-
  3246 0000301D 697600             
  3247 00003020 4B65726E656C616262-     bm_diag_kernel:      db "Kernelabbild              NKI / CRC32 g",0x81,"ltig",0
  3247 00003029 696C64202020202020-
  3247 00003032 20202020202020204E-
  3247 0000303B 4B49202F2043524333-
  3247 00003044 322067816C74696700 
  3248 0000304D 536963686572686569-     bm_diag_security:    db "Sicherheitsstatus         Signatur noch nicht verifiziert",0
  3248 00003056 747373746174757320-
  3248 0000305F 202020202020202053-
  3248 00003068 69676E61747572206E-
  3248 00003071 6F6368206E69636874-
  3248 0000307A 207665726966697A69-
  3248 00003083 65727400           
  3249 00003087 4E6F76614F53205769-     bm_recovery_heading: db "NovaOS Wiederherstellung",0
  3249 00003090 656465726865727374-
  3249 00003099 656C6C756E6700     
  3250 000030A0 446961676E6F736520-     bm_recovery_explanation: db "Diagnose und Reparatur von Startproblemen. Es werden keine Benutzerdaten ver",0x84,"ndert.",0
  3250 000030A9 756E64205265706172-
  3250 000030B2 6174757220766F6E20-
  3250 000030BB 537461727470726F62-
  3250 000030C4 6C656D656E2E204573-
  3250 000030CD 2077657264656E206B-
  3250 000030D6 65696E652042656E75-
  3250 000030DF 747A6572646174656E-
  3250 000030E8 20766572846E646572-
  3250 000030F1 742E00             
  3251 000030F4 4175746F6D61746973-     bm_recovery_action_auto: db "Automatische Reparatur    Noch nicht verf",0x81,"gbar",0
  3251 000030FD 636865205265706172-
  3251 00003106 61747572202020204E-
  3251 0000310F 6F6368206E69636874-
  3251 00003118 207665726681676261-
  3251 00003121 7200               
  3252 00003123 536E617073686F7420-     bm_recovery_action_snapshot: db "Snapshot wiederherstellen Noch nicht verf",0x81,"gbar",0
  3252 0000312C 776965646572686572-
  3252 00003135 7374656C6C656E204E-
  3252 0000313E 6F6368206E69636874-
  3252 00003147 207665726681676261-
  3252 00003150 7200               
  3253 00003152 46756E6B74696F6E20-     bm_text_unavailable_title: db "Funktion noch nicht verf",0x81,"gbar",0
  3253 0000315B 6E6F6368206E696368-
  3253 00003164 742076657266816762-
  3253 0000316D 617200             
  3254 00003170 446965736520416E73-     bm_text_unavailable_hint: db "Diese Ansicht ist vorbereitet, ben",0x94,"tigt aber ein Installationsmodul.",0
  3254 00003179 696368742069737420-
  3254 00003182 766F72626572656974-
  3254 0000318B 65742C2062656E9474-
  3254 00003194 696774206162657220-
  3254 0000319D 65696E20496E737461-
  3254 000031A6 6C6C6174696F6E736D-
  3254 000031AF 6F64756C2E00       
  3255 000031B5 4E6F76614F53207374-     bm_menu_start:       db "NovaOS starten",0
  3255 000031BE 617274656E00       
  3256 000031C4 4E6F76614F5320696E-     bm_menu_install:     db "NovaOS installieren",0
  3256 000031CD 7374616C6C69657265-
  3256 000031D6 6E00               
  3257 000031D8 45696E7374656C6C75-     bm_menu_settings:    db "Einstellungen",0
  3257 000031E1 6E67656E00         
  3258 000031E6 446961676E6F736500      bm_menu_diagnostics: db "Diagnose",0
  3259 000031EF 5265636F76657200        bm_menu_recover:     db "Recover",0
  3260 000031F7 417573736368616C74-     bm_menu_poweroff:    db "Ausschalten",0
  3260 00003200 656E00             
  3261 00003203 90                      align 4
  3262                                  bm_menu_entries:
  3263 00003204 [B5310000]                  dd bm_menu_start
  3263          ******************       warning: 32-bit absolute section-crossing relocation [-w+reloc-abs-dword]
  3264 00003208 0000                        db 0, BM_ACTION_START
  3265 0000320A 0000                        dw 0
  3266 0000320C [C4310000]                  dd bm_menu_install
  3266          ******************       warning: 32-bit absolute section-crossing relocation [-w+reloc-abs-dword]
  3267 00003210 0101                        db 1, BM_ACTION_UNAVAILABLE
  3268 00003212 0000                        dw 0
  3269 00003214 [D8310000]                  dd bm_menu_settings
  3269          ******************       warning: 32-bit absolute section-crossing relocation [-w+reloc-abs-dword]
  3270 00003218 0205                        db 2, BM_ACTION_SETTINGS
  3271 0000321A 0000                        dw 0
  3272 0000321C [E6310000]                  dd bm_menu_diagnostics
  3272          ******************       warning: 32-bit absolute section-crossing relocation [-w+reloc-abs-dword]
  3273 00003220 0302                        db 3, BM_ACTION_DIAGNOSTICS
  3274 00003222 0000                        dw 0
  3275 00003224 [EF310000]                  dd bm_menu_recover
  3275          ******************       warning: 32-bit absolute section-crossing relocation [-w+reloc-abs-dword]
  3276 00003228 0403                        db 4, BM_ACTION_RECOVERY
  3277 0000322A 0000                        dw 0
  3278 0000322C [F7310000]                  dd bm_menu_poweroff
  3278          ******************       warning: 32-bit absolute section-crossing relocation [-w+reloc-abs-dword]
  3279 00003230 0504                        db 5, BM_ACTION_POWEROFF
  3280 00003232 0000                        dw 0
  3281                                  BM_MENU_ENTRY_COUNT equ ($ - bm_menu_entries) / BM_ENTRY_SIZE
  3282 00003234 4175737761686C2073-     bm_text_countdown:   db "Auswahl startet in "
  3282 0000323D 74617274657420696E-
  3282 00003246 20                 
  3283 00003247 35                      bm_countdown_digit:  db "5"
  3284 00003248 2053656B2E00                                 db " Sek.",0
  3285 0000324E 44696573652046756E-     bm_text_unavailable: db "Diese Funktion ist noch nicht verf",0x81,"gbar",0
  3285 00003257 6B74696F6E20697374-
  3285 00003260 206E6F6368206E6963-
  3285 00003269 687420766572668167-
  3285 00003272 62617200           
  3286 00003276 4E6F76614F5300          bm_error_brand:         db "NovaOS",0
  3287 0000327D 5374617274206E6963-     bm_error_title:         db "Start nicht m",0x94,"glich",0
  3287 00003286 6874206D94676C6963-
  3287 0000328F 6800               
  3288 00003291 4E6F76614F53206861-     bm_error_explanation_1: db "NovaOS hat eine besch",0x84,"digte oder unvollst",0x84,"ndige Datei gefunden",0
  3288 0000329A 742065696E65206265-
  3288 000032A3 736368846469677465-
  3288 000032AC 206F64657220756E76-
  3288 000032B5 6F6C6C7374846E6469-
  3288 000032BE 676520446174656920-
  3288 000032C7 676566756E64656E00 
  3289 000032D0 5A7520496872657220-     bm_error_explanation_2: db "Zu Ihrer Sicherheit wurde sie nicht gestartet",0
  3289 000032D9 536963686572686569-
  3289 000032E2 742077757264652073-
  3289 000032EB 6965206E6963687420-
  3289 000032F4 676573746172746574-
  3289 000032FD 00                 
  3290 000032FE 00                      bm_error_explanation_3: db 0
  3291 000032FF 426974746520646173-     bm_error_action_1:      db "Bitte das Installationsmedium neu erstellen",0
  3291 00003308 20496E7374616C6C61-
  3291 00003311 74696F6E736D656469-
  3291 0000331A 756D206E6575206572-
  3291 00003323 7374656C6C656E00   
  3292 0000332B 6F64657200              bm_error_action_2:      db "oder",0
  3293 00003330 45696E6520616E6465-     bm_error_action_3:      db "Eine andere Kopie von NovaOS verwenden",0
  3293 00003339 7265204B6F70696520-
  3293 00003342 766F6E204E6F76614F-
  3293 0000334B 532076657277656E64-
  3293 00003354 656E00             
  3294 00003357 4645484C4552434F44-     bm_error_checksum_code: db "FEHLERCODE: BOOT-1002 | Pr",0x81,"fsumme Ung",0x81,"ltig",0
  3294 00003360 453A20424F4F542D31-
  3294 00003369 303032207C20507281-
  3294 00003372 6673756D6D6520556E-
  3294 0000337B 67816C74696700     
  3295 00003382 4645484C4552434F44-     bm_error_header_code:   db "FEHLERCODE: BOOT-1001 | Dateiformat Ung",0x81,"ltig",0
  3295 0000338B 453A20424F4F542D31-
  3295 00003394 303031207C20446174-
  3295 0000339D 6569666F726D617420-
  3295 000033A6 556E67816C74696700 
  3296 000033AF 424D3A444941474E4F-     bm_event_diagnostics: db "BM:DIAGNOSTICS",10,0
  3296 000033B8 53544943530A00     
  3297 000033BF 424D3A5245434F5645-     bm_event_recovery:    db "BM:RECOVERY-UNAVAILABLE",10,0
  3297 000033C8 52592D554E41564149-
  3297 000033D1 4C41424C450A00     
  3298 000033D8 424D3A53544152540A-     bm_event_start:       db "BM:START",10,0
  3298 000033E1 00                 
  3299 000033E2 424D3A53455454494E-     bm_event_settings:    db "BM:SETTINGS",10,0
  3299 000033EB 47530A00           
  3300 000033EF 424D3A4241434B0A00      bm_event_back:        db "BM:BACK",10,0
  3301 000033F8 424D3A48454C500A00      bm_event_help:        db "BM:HELP",10,0
  3302 00003401 424D3A44455441494C-     bm_event_details:     db "BM:DETAILS",10,0
  3302 0000340A 530A00             
  3303 0000340D 424D3A414456414E43-     bm_event_advanced:    db "BM:ADVANCED",10,0
  3303 00003416 45440A00           
  3304 0000341A 424D3A414456414E43-     bm_event_advanced_base: db "BM:ADVANCED-BASE",10,0
  3304 00003423 45442D424153450A00 
  3305 0000342C 424D3A414456414E43-     bm_event_advanced_list: db "BM:ADVANCED-LIST",10,0
  3305 00003435 45442D4C4953540A00 
  3306 0000343E 424D3A414456414E43-     bm_event_advanced_ready: db "BM:ADVANCED-READY",10,0
  3306 00003447 45442D52454144590A-
  3306 00003450 00                 
  3307 00003451 424D3A504F5745522D-     bm_event_power_dialog: db "BM:POWER-DIALOG",10,0
  3307 0000345A 4449414C4F470A00   
  3308 00003462 424D3A5448454D452D-     bm_event_high_contrast: db "BM:THEME-HIGH-CONTRAST",10,0
  3308 0000346B 484947482D434F4E54-
  3308 00003474 524153540A00       
  3309 0000347A 424D3A5448454D452D-     bm_event_dark_theme:    db "BM:THEME-DARK",10,0
  3309 00003483 4441524B0A00       
  3310                                  
  3311                                  %include "boot-font-aa.inc"
     1                              <1> ; Generated by scripts/generate-boot-font.ps1
     2                              <1> ; Segoe UI Semibold, 15 px, 2-bit grayscale coverage, four pixels per byte.
     3                              <1> BM_FONT_WIDTH equ 14
     4                              <1> BM_FONT_HEIGHT equ 20
     5                              <1> BM_FONT_BYTES_PER_GLYPH equ 70
     6 00003489 414243444546474849- <1> bm_font_characters: db 0x41,0x42,0x43,0x44,0x45,0x46,0x47,0x48,0x49,0x4A,0x4B,0x4C,0x4D,0x4E,0x4F,0x50,0x51,0x52,0x53,0x54,0x55,0x56,0x57,0x58,0x59,0x5A,0x61,0x62,0x63,0x64,0x65,0x66,0x67,0x68,0x69,0x6A,0x6B,0x6C,0x6D,0x6E,0x6F,0x70,0x71,0x72,0x73,0x74,0x75,0x76,0x77,0x78,0x79,0x7A,0x30,0x31,0x32,0x33,0x34,0x35,0x36,0x37,0x38,0x39,0x2D,0x2E,0x2F,0x3A,0x7C,0x3B,0x28,0x29,0x84,0x94,0x81,0x8E,0x99,0x9A,0xE1,0
     6 00003492 4A4B4C4D4E4F505152- <1>
     6 0000349B 535455565758595A61- <1>
     6 000034A4 62636465666768696A- <1>
     6 000034AD 6B6C6D6E6F70717273- <1>
     6 000034B6 7475767778797A3031- <1>
     6 000034BF 32333435363738392D- <1>
     6 000034C8 2E2F3A7C3B28298494- <1>
     6 000034D1 818E999AE100        <1>
     7                              <1> bm_font_widths:
     8 000034D7 0C0B0B0C09090C0D06- <1>     db 12,11,11,12,9,9,12,13,6,7,11,9,14,13,13,10,13,11,10,10,12,11,14,11,10,10,9,11,9,11,9,7,11,10,5,5,9,5,14,10,10,11,11,7,8,7,10,9,13,9,9,8,10,8,10,10,10,10,10,10,10,10,8,5,8,5,6,5,6,6,9,10,10,12,13,12,10
     8 000034E0 070B090E0D0D0A0D0B- <1>
     8 000034E9 0A0A0C0B0E0B0A0A09- <1>
     8 000034F2 0B090B09070B0A0505- <1>
     8 000034FB 09050E0A0A0B0B0708- <1>
     8 00003504 070A090D0909080A08- <1>
     8 0000350D 0A0A0A0A0A0A0A0A08- <1>
     8 00003516 05080506050606090A- <1>
     8 0000351F 0A0C0D0C0A          <1>
     9                              <1> bm_font_bitmap:
    10 00003524 000000000000000000- <1>     db 0x00,0x00,0x00,0x00,0x00,0x00,0x00,0x00,0x00,0x00,0x00,0x00,0x00,0x00,0x00,0x00,0x00,0x00,0xF0,0x00,0x00,0x40,0x1F,0x00,0x00,0xAC,0x03,0x00,0xC0,0x75,0x00,0x00,0x0D,0x0B,0x00,0xF0,0xF0,0x00,0x40,0x07,0x1D,0x00,0xF8,0xFF,0x02,0xC0,0x02,0x38,0x00,0x1D,0x40,0x07,0xE0,0x00,0xB0,0x00,0x00,0x00,0x00,0x00,0x00,0x00,0x00,0x00,0x00,0x00,0x00,0x00,0x00,0x00 ; A
    10 0000352D 000000000000000000- <1>
    10 00003536 F00000401F0000AC03- <1>
    10 0000353F 00C07500000D0B00F0- <1>
    10 00003548 F00040071D00F8FF02- <1>
    10 00003551 C00238001D4007E000- <1>
    10 0000355A B00000000000000000- <1>
    10 00003563 00000000000000      <1>
    11 0000356A 000000000000000000- <1>     db 0x00,0x00,0x00,0x00,0x00,0x00,0x00,0x00,0x00,0x00,0x00,0x00,0x00,0x00,0x00,0x00,0x00,0x80,0xFF,0x01,0x00,0x38,0x74,0x00,0x80,0x03,0x0B,0x00,0x38,0xB0,0x00,0x80,0x43,0x03,0x00,0xF8,0x1F,0x00,0x80,0x43,0x0B,0x00,0x38,0xD0,0x01,0x80,0x03,0x0D,0x00,0x38,0xB4,0x00,0x80,0xFF,0x02,0x00,0x00,0x00,0x00,0x00,0x00,0x00,0x00,0x00,0x00,0x00,0x00,0x00,0x00,0x00 ; B
    11 00003573 000000000000000080- <1>
    11 0000357C FF010038740080030B- <1>
    11 00003585 0038B00080430300F8- <1>
    11 0000358E 1F0080430B0038D001- <1>
    11 00003597 80030D0038B40080FF- <1>
    11 000035A0 020000000000000000- <1>
    11 000035A9 00000000000000      <1>
    12 000035B0 000000000000000000- <1>     db 0x00,0x00,0x00,0x00,0x00,0x00,0x00,0x00,0x00,0x00,0x00,0x00,0x00,0x00,0x00,0x00,0x00,0x00,0xE4,0x1F,0x00,0xE0,0x41,0x01,0x40,0x03,0x00,0x00,0x2C,0x00,0x00,0xD0,0x01,0x00,0x00,0x1D,0x00,0x00,0xD0,0x01,0x00,0x00,0x2C,0x00,0x00,0x80,0x03,0x00,0x00,0xF0,0x41,0x01,0x00,0xF8,0x1B,0x00,0x00,0x00,0x00,0x00,0x00,0x00,0x00,0x00,0x00,0x00,0x00,0x00,0x00,0x00 ; C
    12 000035B9 000000000000000000- <1>
    12 000035C2 E41F00E04101400300- <1>
    12 000035CB 002C0000D00100001D- <1>
    12 000035D4 0000D00100002C0000- <1>
    12 000035DD 80030000F0410100F8- <1>
    12 000035E6 1B0000000000000000- <1>
    12 000035EF 00000000000000      <1>
    13 000035F6 000000000000000000- <1>     db 0x00,0x00,0x00,0x00,0x00,0x00,0x00,0x00,0x00,0x00,0x00,0x00,0x00,0x00,0x00,0x00,0x00,0x80,0xFF,0x06,0x00,0x38,0xD0,0x02,0x80,0x03,0x74,0x00,0x38,0x00,0x0B,0x80,0x03,0xE0,0x00,0x38,0x00,0x0E,0x80,0x03,0xE0,0x00,0x38,0x00,0x0B,0x80,0x03,0x34,0x00,0x38,0xD0,0x01,0x80,0xFF,0x02,0x00,0x00,0x00,0x00,0x00,0x00,0x00,0x00,0x00,0x00,0x00,0x00,0x00,0x00,0x00 ; D
    13 000035FF 000000000000000080- <1>
    13 00003608 FF060038D002800374- <1>
    13 00003611 0038000B8003E00038- <1>
    13 0000361A 000E8003E00038000B- <1>
    13 00003623 8003340038D00180FF- <1>
    13 0000362C 020000000000000000- <1>
    13 00003635 00000000000000      <1>
    14 0000363C 000000000000000000- <1>     db 0x00,0x00,0x00,0x00,0x00,0x00,0x00,0x00,0x00,0x00,0x00,0x00,0x00,0x00,0x00,0x00,0x00,0x80,0xFF,0x03,0x00,0x38,0x00,0x00,0x80,0x03,0x00,0x00,0x38,0x00,0x00,0x80,0x03,0x00,0x00,0xF8,0x2F,0x00,0x80,0x03,0x00,0x00,0x38,0x00,0x00,0x80,0x03,0x00,0x00,0x38,0x00,0x00,0x80,0xFF,0x07,0x00,0x00,0x00,0x00,0x00,0x00,0x00,0x00,0x00,0x00,0x00,0x00,0x00,0x00,0x00 ; E
    14 00003645 000000000000000080- <1>
    14 0000364E FF0300380000800300- <1>
    14 00003657 0038000080030000F8- <1>
    14 00003660 2F0080030000380000- <1>
    14 00003669 8003000038000080FF- <1>
    14 00003672 070000000000000000- <1>
    14 0000367B 00000000000000      <1>
    15 00003682 000000000000000000- <1>     db 0x00,0x00,0x00,0x00,0x00,0x00,0x00,0x00,0x00,0x00,0x00,0x00,0x00,0x00,0x00,0x00,0x00,0x80,0xFF,0x03,0x00,0x38,0x00,0x00,0x80,0x03,0x00,0x00,0x38,0x00,0x00,0x80,0x03,0x00,0x00,0xF8,0x2F,0x00,0x80,0x03,0x00,0x00,0x38,0x00,0x00,0x80,0x03,0x00,0x00,0x38,0x00,0x00,0x80,0x03,0x00,0x00,0x00,0x00,0x00,0x00,0x00,0x00,0x00,0x00,0x00,0x00,0x00,0x00,0x00,0x00 ; F
    15 0000368B 000000000000000080- <1>
    15 00003694 FF0300380000800300- <1>
    15 0000369D 0038000080030000F8- <1>
    15 000036A6 2F0080030000380000- <1>
    15 000036AF 800300003800008003- <1>
    15 000036B8 000000000000000000- <1>
    15 000036C1 00000000000000      <1>
    16 000036C8 000000000000000000- <1>     db 0x00,0x00,0x00,0x00,0x00,0x00,0x00,0x00,0x00,0x00,0x00,0x00,0x00,0x00,0x00,0x00,0x00,0x00,0xE4,0x2F,0x00,0xE0,0x01,0x06,0x40,0x07,0x00,0x00,0x2C,0x00,0x00,0xD0,0x01,0x00,0x00,0x1D,0xF4,0x07,0xD0,0x01,0x74,0x00,0x1C,0x40,0x07,0x80,0x03,0x74,0x00,0xA0,0x41,0x07,0x00,0xF4,0x6F,0x00,0x00,0x00,0x00,0x00,0x00,0x00,0x00,0x00,0x00,0x00,0x00,0x00,0x00,0x00 ; G
    16 000036D1 000000000000000000- <1>
    16 000036DA E42F00E00106400700- <1>
    16 000036E3 002C0000D00100001D- <1>
    16 000036EC F407D00174001C4007- <1>
    16 000036F5 80037400A0410700F4- <1>
    16 000036FE 6F0000000000000000- <1>
    16 00003707 00000000000000      <1>
    17 0000370E 000000000000000000- <1>     db 0x00,0x00,0x00,0x00,0x00,0x00,0x00,0x00,0x00,0x00,0x00,0x00,0x00,0x00,0x00,0x00,0x00,0x80,0x03,0xB0,0x00,0x38,0x00,0x0B,0x80,0x03,0xB0,0x00,0x38,0x00,0x0B,0x80,0x03,0xB0,0x00,0xF8,0xFF,0x0B,0x80,0x03,0xB0,0x00,0x38,0x00,0x0B,0x80,0x03,0xB0,0x00,0x38,0x00,0x0B,0x80,0x03,0xB0,0x00,0x00,0x00,0x00,0x00,0x00,0x00,0x00,0x00,0x00,0x00,0x00,0x00,0x00,0x00 ; H
    17 00003717 000000000000000080- <1>
    17 00003720 03B00038000B8003B0- <1>
    17 00003729 0038000B8003B000F8- <1>
    17 00003732 FF0B8003B00038000B- <1>
    17 0000373B 8003B00038000B8003- <1>
    17 00003744 B00000000000000000- <1>
    17 0000374D 00000000000000      <1>
    18 00003754 000000000000000000- <1>     db 0x00,0x00,0x00,0x00,0x00,0x00,0x00,0x00,0x00,0x00,0x00,0x00,0x00,0x00,0x00,0x00,0x00,0x80,0x03,0x00,0x00,0x38,0x00,0x00,0x80,0x03,0x00,0x00,0x38,0x00,0x00,0x80,0x03,0x00,0x00,0x38,0x00,0x00,0x80,0x03,0x00,0x00,0x38,0x00,0x00,0x80,0x03,0x00,0x00,0x38,0x00,0x00,0x80,0x03,0x00,0x00,0x00,0x00,0x00,0x00,0x00,0x00,0x00,0x00,0x00,0x00,0x00,0x00,0x00,0x00 ; I
    18 0000375D 000000000000000080- <1>
    18 00003766 030000380000800300- <1>
    18 0000376F 003800008003000038- <1>
    18 00003778 000080030000380000- <1>
    18 00003781 800300003800008003- <1>
    18 0000378A 000000000000000000- <1>
    18 00003793 00000000000000      <1>
    19 0000379A 000000000000000000- <1>     db 0x00,0x00,0x00,0x00,0x00,0x00,0x00,0x00,0x00,0x00,0x00,0x00,0x00,0x00,0x00,0x00,0x00,0x00,0x2C,0x00,0x00,0xC0,0x02,0x00,0x00,0x2C,0x00,0x00,0xC0,0x02,0x00,0x00,0x2C,0x00,0x00,0xC0,0x02,0x00,0x00,0x2C,0x00,0x00,0xC0,0x02,0x00,0x00,0x1C,0x00,0x00,0xE0,0x00,0x00,0xF0,0x02,0x00,0x00,0x00,0x00,0x00,0x00,0x00,0x00,0x00,0x00,0x00,0x00,0x00,0x00,0x00,0x00 ; J
    19 000037A3 000000000000000000- <1>
    19 000037AC 2C0000C00200002C00- <1>
    19 000037B5 00C00200002C0000C0- <1>
    19 000037BE 0200002C0000C00200- <1>
    19 000037C7 001C0000E00000F002- <1>
    19 000037D0 000000000000000000- <1>
    19 000037D9 00000000000000      <1>
    20 000037E0 000000000000000000- <1>     db 0x00,0x00,0x00,0x00,0x00,0x00,0x00,0x00,0x00,0x00,0x00,0x00,0x00,0x00,0x00,0x00,0x00,0x80,0x03,0x2D,0x00,0x38,0xB0,0x00,0x80,0xC3,0x03,0x00,0x38,0x0E,0x00,0x80,0x77,0x00,0x00,0xF8,0x03,0x00,0x80,0xB7,0x00,0x00,0x38,0x1D,0x00,0x80,0x83,0x07,0x00,0x38,0xF0,0x00,0x80,0x03,0x2D,0x00,0x00,0x00,0x00,0x00,0x00,0x00,0x00,0x00,0x00,0x00,0x00,0x00,0x00,0x00 ; K
    20 000037E9 000000000000000080- <1>
    20 000037F2 032D0038B00080C303- <1>
    20 000037FB 00380E0080770000F8- <1>
    20 00003804 030080B70000381D00- <1>
    20 0000380D 8083070038F0008003- <1>
    20 00003816 2D0000000000000000- <1>
    20 0000381F 00000000000000      <1>
    21 00003826 000000000000000000- <1>     db 0x00,0x00,0x00,0x00,0x00,0x00,0x00,0x00,0x00,0x00,0x00,0x00,0x00,0x00,0x00,0x00,0x00,0x80,0x03,0x00,0x00,0x38,0x00,0x00,0x80,0x03,0x00,0x00,0x38,0x00,0x00,0x80,0x03,0x00,0x00,0x38,0x00,0x00,0x80,0x03,0x00,0x00,0x38,0x00,0x00,0x80,0x03,0x00,0x00,0x38,0x00,0x00,0x80,0xFF,0x07,0x00,0x00,0x00,0x00,0x00,0x00,0x00,0x00,0x00,0x00,0x00,0x00,0x00,0x00,0x00 ; L
    21 0000382F 000000000000000080- <1>
    21 00003838 030000380000800300- <1>
    21 00003841 003800008003000038- <1>
    21 0000384A 000080030000380000- <1>
    21 00003853 8003000038000080FF- <1>
    21 0000385C 070000000000000000- <1>
    21 00003865 00000000000000      <1>
    22 0000386C 000000000000000000- <1>     db 0x00,0x00,0x00,0x00,0x00,0x00,0x00,0x00,0x00,0x00,0x00,0x00,0x00,0x00,0x00,0x00,0x00,0x80,0x0F,0x00,0x1F,0xF8,0x01,0xF4,0x81,0x2F,0x80,0x1E,0x78,0x03,0xDC,0x81,0x73,0xD0,0x1D,0x38,0x0E,0xDB,0x81,0xD3,0x75,0x1D,0x38,0xAC,0xD3,0x81,0x83,0x1F,0x1D,0x38,0xF0,0xD0,0x81,0x03,0x0B,0x1D,0x00,0x00,0x00,0x00,0x00,0x00,0x00,0x00,0x00,0x00,0x00,0x00,0x00,0x00 ; M
    22 00003875 000000000000000080- <1>
    22 0000387E 0F001FF801F4812F80- <1>
    22 00003887 1E7803DC8173D01D38- <1>
    22 00003890 0EDB81D3751D38ACD3- <1>
    22 00003899 81831F1D38F0D08103- <1>
    22 000038A2 0B1D00000000000000- <1>
    22 000038AB 00000000000000      <1>
    23 000038B2 000000000000000000- <1>     db 0x00,0x00,0x00,0x00,0x00,0x00,0x00,0x00,0x00,0x00,0x00,0x00,0x00,0x00,0x00,0x00,0x00,0x80,0x0B,0xD0,0x01,0xF8,0x01,0x1D,0x80,0x3F,0xD0,0x01,0x78,0x07,0x1D,0x80,0xE3,0xD0,0x01,0x38,0x2C,0x1D,0x80,0x43,0xD7,0x01,0x38,0xE0,0x1D,0x80,0x03,0xFD,0x01,0x38,0x40,0x1F,0x80,0x03,0xF0,0x01,0x00,0x00,0x00,0x00,0x00,0x00,0x00,0x00,0x00,0x00,0x00,0x00,0x00,0x00 ; N
    23 000038BB 000000000000000080- <1>
    23 000038C4 0BD001F8011D803FD0- <1>
    23 000038CD 0178071D80E3D00138- <1>
    23 000038D6 2C1D8043D70138E01D- <1>
    23 000038DF 8003FD0138401F8003- <1>
    23 000038E8 F00100000000000000- <1>
    23 000038F1 00000000000000      <1>
    24 000038F8 000000000000000000- <1>     db 0x00,0x00,0x00,0x00,0x00,0x00,0x00,0x00,0x00,0x00,0x00,0x00,0x00,0x00,0x00,0x00,0x00,0x00,0xF4,0x0B,0x00,0xA0,0x81,0x07,0x80,0x03,0xE0,0x00,0x2C,0x00,0x1D,0xD0,0x01,0xC0,0x01,0x1D,0x00,0x1C,0xD0,0x01,0xC0,0x01,0x2C,0x00,0x1D,0x80,0x03,0xE0,0x00,0xB0,0x81,0x03,0x00,0xF8,0x0B,0x00,0x00,0x00,0x00,0x00,0x00,0x00,0x00,0x00,0x00,0x00,0x00,0x00,0x00,0x00 ; O
    24 00003901 000000000000000000- <1>
    24 0000390A F40B00A081078003E0- <1>
    24 00003913 002C001DD001C0011D- <1>
    24 0000391C 001CD001C0012C001D- <1>
    24 00003925 8003E000B0810300F8- <1>
    24 0000392E 0B0000000000000000- <1>
    24 00003937 00000000000000      <1>
    25 0000393E 000000000000000000- <1>     db 0x00,0x00,0x00,0x00,0x00,0x00,0x00,0x00,0x00,0x00,0x00,0x00,0x00,0x00,0x00,0x00,0x00,0x80,0xFF,0x01,0x00,0x38,0xB4,0x00,0x80,0x03,0x0E,0x00,0x38,0xD0,0x00,0x80,0x03,0x0E,0x00,0x38,0x74,0x00,0x80,0xFF,0x01,0x00,0x38,0x00,0x00,0x80,0x03,0x00,0x00,0x38,0x00,0x00,0x80,0x03,0x00,0x00,0x00,0x00,0x00,0x00,0x00,0x00,0x00,0x00,0x00,0x00,0x00,0x00,0x00,0x00 ; P
    25 00003947 000000000000000080- <1>
    25 00003950 FF010038B40080030E- <1>
    25 00003959 0038D00080030E0038- <1>
    25 00003962 740080FF0100380000- <1>
    25 0000396B 800300003800008003- <1>
    25 00003974 000000000000000000- <1>
    25 0000397D 00000000000000      <1>
    26 00003984 000000000000000000- <1>     db 0x00,0x00,0x00,0x00,0x00,0x00,0x00,0x00,0x00,0x00,0x00,0x00,0x00,0x00,0x00,0x00,0x00,0x00,0xF4,0x0B,0x00,0xA0,0x81,0x07,0x80,0x03,0xE0,0x00,0x2C,0x00,0x1D,0xD0,0x01,0xC0,0x01,0x1D,0x00,0x1C,0xD0,0x01,0xC0,0x01,0x2C,0x00,0x1D,0x80,0x03,0xE0,0x00,0xB0,0x81,0x03,0x00,0xF8,0x7F,0x00,0x00,0x00,0x2E,0x00,0x00,0x00,0x00,0x00,0x00,0x00,0x00,0x00,0x00,0x00 ; Q
    26 0000398D 000000000000000000- <1>
    26 00003996 F40B00A081078003E0- <1>
    26 0000399F 002C001DD001C0011D- <1>
    26 000039A8 001CD001C0012C001D- <1>
    26 000039B1 8003E000B0810300F8- <1>
    26 000039BA 7F0000002E00000000- <1>
    26 000039C3 00000000000000      <1>
    27 000039CA 000000000000000000- <1>     db 0x00,0x00,0x00,0x00,0x00,0x00,0x00,0x00,0x00,0x00,0x00,0x00,0x00,0x00,0x00,0x00,0x00,0x80,0xFF,0x02,0x00,0x38,0xF0,0x00,0x80,0x03,0x1D,0x00,0x38,0xD0,0x00,0x80,0x43,0x0B,0x00,0xF8,0x1F,0x00,0x80,0xC3,0x02,0x00,0x38,0x74,0x00,0x80,0x03,0x0F,0x00,0x38,0xD0,0x02,0x80,0x03,0x3C,0x00,0x00,0x00,0x00,0x00,0x00,0x00,0x00,0x00,0x00,0x00,0x00,0x00,0x00,0x00 ; R
    27 000039D3 000000000000000080- <1>
    27 000039DC FF020038F00080031D- <1>
    27 000039E5 0038D00080430B00F8- <1>
    27 000039EE 1F0080C30200387400- <1>
    27 000039F7 80030F0038D0028003- <1>
    27 00003A00 3C0000000000000000- <1>
    27 00003A09 00000000000000      <1>
    28 00003A10 000000000000000000- <1>     db 0x00,0x00,0x00,0x00,0x00,0x00,0x00,0x00,0x00,0x00,0x00,0x00,0x00,0x00,0x00,0x00,0x00,0x00,0xFD,0x02,0x00,0x78,0x10,0x00,0xC0,0x01,0x00,0x00,0x2C,0x00,0x00,0x80,0x1B,0x00,0x00,0xD0,0x0B,0x00,0x00,0xE0,0x02,0x00,0x00,0x74,0x00,0x00,0x40,0x07,0x00,0x05,0x38,0x00,0x80,0xBF,0x00,0x00,0x00,0x00,0x00,0x00,0x00,0x00,0x00,0x00,0x00,0x00,0x00,0x00,0x00,0x00 ; S
    28 00003A19 000000000000000000- <1>
    28 00003A22 FD0200781000C00100- <1>
    28 00003A2B 002C0000801B0000D0- <1>
    28 00003A34 0B0000E00200007400- <1>
    28 00003A3D 0040070005380080BF- <1>
    28 00003A46 000000000000000000- <1>
    28 00003A4F 00000000000000      <1>
    29 00003A56 000000000000000000- <1>     db 0x00,0x00,0x00,0x00,0x00,0x00,0x00,0x00,0x00,0x00,0x00,0x00,0x00,0x00,0x00,0x00,0x00,0xE0,0xFF,0x0F,0x00,0x80,0x03,0x00,0x00,0x38,0x00,0x00,0x80,0x03,0x00,0x00,0x38,0x00,0x00,0x80,0x03,0x00,0x00,0x38,0x00,0x00,0x80,0x03,0x00,0x00,0x38,0x00,0x00,0x80,0x03,0x00,0x00,0x38,0x00,0x00,0x00,0x00,0x00,0x00,0x00,0x00,0x00,0x00,0x00,0x00,0x00,0x00,0x00,0x00 ; T
    29 00003A5F 0000000000000000E0- <1>
    29 00003A68 FF0F00800300003800- <1>
    29 00003A71 008003000038000080- <1>
    29 00003A7A 030000380000800300- <1>
    29 00003A83 003800008003000038- <1>
    29 00003A8C 000000000000000000- <1>
    29 00003A95 00000000000000      <1>
    30 00003A9C 000000000000000000- <1>     db 0x00,0x00,0x00,0x00,0x00,0x00,0x00,0x00,0x00,0x00,0x00,0x00,0x00,0x00,0x00,0x00,0x00,0x80,0x03,0x74,0x00,0x38,0x40,0x07,0x80,0x03,0x74,0x00,0x38,0x40,0x07,0x80,0x03,0x74,0x00,0x38,0x40,0x07,0x80,0x03,0x74,0x00,0x38,0x40,0x07,0x40,0x03,0x38,0x00,0xB0,0xD0,0x01,0x00,0xF8,0x07,0x00,0x00,0x00,0x00,0x00,0x00,0x00,0x00,0x00,0x00,0x00,0x00,0x00,0x00,0x00 ; U
    30 00003AA5 000000000000000080- <1>
    30 00003AAE 037400384007800374- <1>
    30 00003AB7 003840078003740038- <1>
    30 00003AC0 400780037400384007- <1>
    30 00003AC9 40033800B0D00100F8- <1>
    30 00003AD2 070000000000000000- <1>
    30 00003ADB 00000000000000      <1>
    31 00003AE2 000000000000000000- <1>     db 0x00,0x00,0x00,0x00,0x00,0x00,0x00,0x00,0x00,0x00,0x00,0x00,0x00,0x00,0x00,0x00,0x00,0xE0,0x00,0x74,0x00,0x1D,0x80,0x03,0xC0,0x02,0x2C,0x00,0x38,0xD0,0x01,0x40,0x07,0x0E,0x00,0xB0,0xB0,0x00,0x00,0x4E,0x07,0x00,0xD0,0x39,0x00,0x00,0xEC,0x02,0x00,0x80,0x1F,0x00,0x00,0xF4,0x00,0x00,0x00,0x00,0x00,0x00,0x00,0x00,0x00,0x00,0x00,0x00,0x00,0x00,0x00,0x00 ; V
    31 00003AEB 0000000000000000E0- <1>
    31 00003AF4 0074001D8003C0022C- <1>
    31 00003AFD 0038D00140070E00B0- <1>
    31 00003B06 B000004E0700D03900- <1>
    31 00003B0F 00EC0200801F0000F4- <1>
    31 00003B18 000000000000000000- <1>
    31 00003B21 00000000000000      <1>
    32 00003B28 000000000000000000- <1>     db 0x00,0x00,0x00,0x00,0x00,0x00,0x00,0x00,0x00,0x00,0x00,0x00,0x00,0x00,0x00,0x00,0x00,0xE0,0x01,0x1D,0xD0,0x1D,0xF0,0x02,0xCE,0x02,0x3F,0xB0,0x3C,0x74,0x43,0x87,0x83,0x72,0x34,0x74,0x1C,0x8B,0x03,0xCB,0xE1,0x2C,0xE0,0x0D,0xDD,0x01,0xAD,0xC0,0x0E,0xD0,0x07,0xFC,0x00,0x7C,0x80,0x0B,0x00,0x00,0x00,0x00,0x00,0x00,0x00,0x00,0x00,0x00,0x00,0x00,0x00,0x00 ; W
    32 00003B31 0000000000000000E0- <1>
    32 00003B3A 011DD01DF002CE023F- <1>
    32 00003B43 B03C74438783723474- <1>
    32 00003B4C 1C8B03CBE12CE00DDD- <1>
    32 00003B55 01ADC00ED007FC007C- <1>
    32 00003B5E 800B00000000000000- <1>
    32 00003B67 00000000000000      <1>
    33 00003B6E 000000000000000000- <1>     db 0x00,0x00,0x00,0x00,0x00,0x00,0x00,0x00,0x00,0x00,0x00,0x00,0x00,0x00,0x00,0x00,0x00,0xD0,0x03,0x2C,0x00,0x78,0xE0,0x01,0x00,0x0F,0x0B,0x00,0xD0,0x39,0x00,0x00,0xFC,0x01,0x00,0x40,0x0F,0x00,0x00,0xEC,0x01,0x00,0xE0,0x38,0x00,0x40,0x4B,0x0B,0x00,0x3C,0xE0,0x01,0xD0,0x01,0x3C,0x00,0x00,0x00,0x00,0x00,0x00,0x00,0x00,0x00,0x00,0x00,0x00,0x00,0x00,0x00 ; X
    33 00003B77 0000000000000000D0- <1>
    33 00003B80 032C0078E001000F0B- <1>
    33 00003B89 00D0390000FC010040- <1>
    33 00003B92 0F0000EC0100E03800- <1>
    33 00003B9B 404B0B003CE001D001- <1>
    33 00003BA4 3C0000000000000000- <1>
    33 00003BAD 00000000000000      <1>
    34 00003BB4 000000000000000000- <1>     db 0x00,0x00,0x00,0x00,0x00,0x00,0x00,0x00,0x00,0x00,0x00,0x00,0x00,0x00,0x00,0x00,0x00,0xE0,0x01,0x1D,0x00,0x2D,0xF0,0x00,0x80,0x47,0x07,0x00,0xB4,0x3C,0x00,0x00,0xDE,0x01,0x00,0xD0,0x0F,0x00,0x00,0x78,0x00,0x00,0x40,0x07,0x00,0x00,0x74,0x00,0x00,0x40,0x07,0x00,0x00,0x74,0x00,0x00,0x00,0x00,0x00,0x00,0x00,0x00,0x00,0x00,0x00,0x00,0x00,0x00,0x00,0x00 ; Y
    34 00003BBD 0000000000000000E0- <1>
    34 00003BC6 011D002DF000804707- <1>
    34 00003BCF 00B43C0000DE0100D0- <1>
    34 00003BD8 0F0000780000400700- <1>
    34 00003BE1 007400004007000074- <1>
    34 00003BEA 000000000000000000- <1>
    34 00003BF3 00000000000000      <1>
    35 00003BFA 000000000000000000- <1>     db 0x00,0x00,0x00,0x00,0x00,0x00,0x00,0x00,0x00,0x00,0x00,0x00,0x00,0x00,0x00,0x00,0x00,0xD0,0xFF,0x1F,0x00,0x00,0xF4,0x00,0x00,0xC0,0x07,0x00,0x00,0x2D,0x00,0x00,0xF0,0x00,0x00,0x80,0x07,0x00,0x00,0x2D,0x00,0x00,0xF0,0x01,0x00,0x40,0x0B,0x00,0x00,0x3C,0x00,0x00,0xE0,0xFF,0x1F,0x00,0x00,0x00,0x00,0x00,0x00,0x00,0x00,0x00,0x00,0x00,0x00,0x00,0x00,0x00 ; Z
    35 00003C03 0000000000000000D0- <1>
    35 00003C0C FF1F0000F40000C007- <1>
    35 00003C15 00002D0000F0000080- <1>
    35 00003C1E 0700002D0000F00100- <1>
    35 00003C27 400B00003C0000E0FF- <1>
    35 00003C30 1F0000000000000000- <1>
    35 00003C39 00000000000000      <1>
    36 00003C40 000000000000000000- <1>     db 0x00,0x00,0x00,0x00,0x00,0x00,0x00,0x00,0x00,0x00,0x00,0x00,0x00,0x00,0x00,0x00,0x00,0x00,0x00,0x00,0x00,0x00,0x00,0x00,0x00,0x00,0x00,0x00,0xE4,0x0B,0x00,0x40,0xD0,0x02,0x00,0x00,0x28,0x00,0x00,0xF9,0x03,0x00,0x6C,0x38,0x00,0xD0,0xC1,0x03,0x00,0x1D,0x3D,0x00,0x40,0x9F,0x03,0x00,0x00,0x00,0x00,0x00,0x00,0x00,0x00,0x00,0x00,0x00,0x00,0x00,0x00,0x00 ; a
    36 00003C49 000000000000000000- <1>
    36 00003C52 000000000000000000- <1>
    36 00003C5B 00E40B0040D0020000- <1>
    36 00003C64 280000F903006C3800- <1>
    36 00003C6D D0C103001D3D00409F- <1>
    36 00003C76 030000000000000000- <1>
    36 00003C7F 00000000000000      <1>
    37 00003C86 000000000000000000- <1>     db 0x00,0x00,0x00,0x00,0x00,0x00,0x00,0x00,0x00,0x00,0x00,0x00,0x00,0x00,0x00,0x00,0x00,0xC0,0x02,0x00,0x00,0x2C,0x00,0x00,0xC0,0x02,0x00,0x00,0x6C,0x2F,0x00,0xC0,0x0B,0x0F,0x00,0x3C,0xD0,0x01,0xC0,0x02,0x1D,0x00,0x2C,0xD0,0x01,0xC0,0x03,0x0D,0x00,0x7C,0xB4,0x00,0xC0,0xF6,0x02,0x00,0x00,0x00,0x00,0x00,0x00,0x00,0x00,0x00,0x00,0x00,0x00,0x00,0x00,0x00 ; b
    37 00003C8F 0000000000000000C0- <1>
    37 00003C98 0200002C0000C00200- <1>
    37 00003CA1 006C2F00C00B0F003C- <1>
    37 00003CAA D001C0021D002CD001- <1>
    37 00003CB3 C0030D007CB400C0F6- <1>
    37 00003CBC 020000000000000000- <1>
    37 00003CC5 00000000000000      <1>
    38 00003CCC 000000000000000000- <1>     db 0x00,0x00,0x00,0x00,0x00,0x00,0x00,0x00,0x00,0x00,0x00,0x00,0x00,0x00,0x00,0x00,0x00,0x00,0x00,0x00,0x00,0x00,0x00,0x00,0x00,0x00,0x00,0x00,0xD0,0x1F,0x00,0x40,0x07,0x01,0x00,0x2C,0x00,0x00,0xD0,0x01,0x00,0x00,0x1D,0x00,0x00,0xC0,0x01,0x00,0x00,0x78,0x10,0x00,0x00,0xFD,0x01,0x00,0x00,0x00,0x00,0x00,0x00,0x00,0x00,0x00,0x00,0x00,0x00,0x00,0x00,0x00 ; c
    38 00003CD5 000000000000000000- <1>
    38 00003CDE 000000000000000000- <1>
    38 00003CE7 00D01F00400701002C- <1>
    38 00003CF0 0000D00100001D0000- <1>
    38 00003CF9 C001000078100000FD- <1>
    38 00003D02 010000000000000000- <1>
    38 00003D0B 00000000000000      <1>
    39 00003D12 000000000000000000- <1>     db 0x00,0x00,0x00,0x00,0x00,0x00,0x00,0x00,0x00,0x00,0x00,0x00,0x00,0x00,0x00,0x00,0x00,0x00,0x00,0x0E,0x00,0x00,0xE0,0x00,0x00,0x00,0x0E,0x00,0xE0,0xEB,0x00,0x80,0x47,0x0F,0x00,0x1C,0xE0,0x00,0xD0,0x01,0x0E,0x00,0x1D,0xE0,0x00,0xD0,0x01,0x0F,0x00,0x38,0xF4,0x00,0x00,0x7E,0x0E,0x00,0x00,0x00,0x00,0x00,0x00,0x00,0x00,0x00,0x00,0x00,0x00,0x00,0x00,0x00 ; d
    39 00003D1B 000000000000000000- <1>
    39 00003D24 000E0000E00000000E- <1>
    39 00003D2D 00E0EB0080470F001C- <1>
    39 00003D36 E000D0010E001DE000- <1>
    39 00003D3F D0010F0038F400007E- <1>
    39 00003D48 0E0000000000000000- <1>
    39 00003D51 00000000000000      <1>
    40 00003D58 000000000000000000- <1>     db 0x00,0x00,0x00,0x00,0x00,0x00,0x00,0x00,0x00,0x00,0x00,0x00,0x00,0x00,0x00,0x00,0x00,0x00,0x00,0x00,0x00,0x00,0x00,0x00,0x00,0x00,0x00,0x00,0xD0,0x1B,0x00,0x40,0x83,0x03,0x00,0x1C,0x74,0x00,0xD0,0xFF,0x07,0x00,0x1D,0x00,0x00,0xC0,0x01,0x00,0x00,0x78,0x20,0x00,0x00,0xFE,0x02,0x00,0x00,0x00,0x00,0x00,0x00,0x00,0x00,0x00,0x00,0x00,0x00,0x00,0x00,0x00 ; e
    40 00003D61 000000000000000000- <1>
    40 00003D6A 000000000000000000- <1>
    40 00003D73 00D01B00408303001C- <1>
    40 00003D7C 7400D0FF07001D0000- <1>
    40 00003D85 C001000078200000FE- <1>
    40 00003D8E 020000000000000000- <1>
    40 00003D97 00000000000000      <1>
    41 00003D9E 000000000000000000- <1>     db 0x00,0x00,0x00,0x00,0x00,0x00,0x00,0x00,0x00,0x00,0x00,0x00,0x00,0x00,0x00,0x00,0x00,0x00,0x7D,0x00,0x00,0x74,0x00,0x00,0x40,0x07,0x00,0x00,0xFE,0x03,0x00,0x40,0x07,0x00,0x00,0x74,0x00,0x00,0x40,0x07,0x00,0x00,0x74,0x00,0x00,0x40,0x07,0x00,0x00,0x74,0x00,0x00,0x40,0x07,0x00,0x00,0x00,0x00,0x00,0x00,0x00,0x00,0x00,0x00,0x00,0x00,0x00,0x00,0x00,0x00 ; f
    41 00003DA7 000000000000000000- <1>
    41 00003DB0 7D0000740000400700- <1>
    41 00003DB9 00FE03004007000074- <1>
    41 00003DC2 000040070000740000- <1>
    41 00003DCB 400700007400004007- <1>
    41 00003DD4 000000000000000000- <1>
    41 00003DDD 00000000000000      <1>
    42 00003DE4 000000000000000000- <1>     db 0x00,0x00,0x00,0x00,0x00,0x00,0x00,0x00,0x00,0x00,0x00,0x00,0x00,0x00,0x00,0x00,0x00,0x00,0x00,0x00,0x00,0x00,0x00,0x00,0x00,0x00,0x00,0x00,0xE0,0xEB,0x00,0x80,0x47,0x0F,0x00,0x1C,0xE0,0x00,0xD0,0x01,0x0E,0x00,0x1D,0xE0,0x00,0xD0,0x01,0x0F,0x00,0x38,0xF8,0x00,0x00,0x7E,0x0E,0x00,0x00,0xB0,0x00,0x40,0x81,0x07,0x00,0xF4,0x1B,0x00,0x00,0x00,0x00,0x00 ; g
    42 00003DED 000000000000000000- <1>
    42 00003DF6 000000000000000000- <1>
    42 00003DFF 00E0EB0080470F001C- <1>
    42 00003E08 E000D0010E001DE000- <1>
    42 00003E11 D0010F0038F800007E- <1>
    42 00003E1A 0E0000B00040810700- <1>
    42 00003E23 F41B0000000000      <1>
    43 00003E2A 000000000000000000- <1>     db 0x00,0x00,0x00,0x00,0x00,0x00,0x00,0x00,0x00,0x00,0x00,0x00,0x00,0x00,0x00,0x00,0x00,0xC0,0x02,0x00,0x00,0x2C,0x00,0x00,0xC0,0x02,0x00,0x00,0x6C,0x2F,0x00,0xC0,0x4B,0x07,0x00,0x3C,0xB0,0x00,0xC0,0x02,0x0B,0x00,0x2C,0xB0,0x00,0xC0,0x02,0x0B,0x00,0x2C,0xB0,0x00,0xC0,0x02,0x0B,0x00,0x00,0x00,0x00,0x00,0x00,0x00,0x00,0x00,0x00,0x00,0x00,0x00,0x00,0x00 ; h
    43 00003E33 0000000000000000C0- <1>
    43 00003E3C 0200002C0000C00200- <1>
    43 00003E45 006C2F00C04B07003C- <1>
    43 00003E4E B000C0020B002CB000- <1>
    43 00003E57 C0020B002CB000C002- <1>
    43 00003E60 0B0000000000000000- <1>
    43 00003E69 00000000000000      <1>
    44 00003E70 000000000000000000- <1>     db 0x00,0x00,0x00,0x00,0x00,0x00,0x00,0x00,0x00,0x00,0x00,0x00,0x00,0x00,0x00,0x00,0x00,0x80,0x02,0x00,0x00,0x28,0x00,0x00,0x00,0x00,0x00,0x00,0x2C,0x00,0x00,0xC0,0x02,0x00,0x00,0x2C,0x00,0x00,0xC0,0x02,0x00,0x00,0x2C,0x00,0x00,0xC0,0x02,0x00,0x00,0x2C,0x00,0x00,0xC0,0x02,0x00,0x00,0x00,0x00,0x00,0x00,0x00,0x00,0x00,0x00,0x00,0x00,0x00,0x00,0x00,0x00 ; i
    44 00003E79 000000000000000080- <1>
    44 00003E82 020000280000000000- <1>
    44 00003E8B 002C0000C00200002C- <1>
    44 00003E94 0000C00200002C0000- <1>
    44 00003E9D C00200002C0000C002- <1>
    44 00003EA6 000000000000000000- <1>
    44 00003EAF 00000000000000      <1>
    45 00003EB6 000000000000000000- <1>     db 0x00,0x00,0x00,0x00,0x00,0x00,0x00,0x00,0x00,0x00,0x00,0x00,0x00,0x00,0x28,0x00,0x00,0x80,0x02,0x00,0x00,0x00,0x00,0x00,0x00,0x00,0x00,0x00,0x2C,0x00,0x00,0xC0,0x02,0x00,0x00,0x2C,0x00,0x00,0xC0,0x02,0x00,0x00,0x2C,0x00,0x00,0xC0,0x02,0x00,0x00,0x2C,0x00,0x00,0xC0,0x02,0x00,0x00,0x2C,0x00,0x00,0xD0,0x01,0x00,0x00,0x07,0x00,0x00,0x00,0x00,0x00,0x00 ; j
    45 00003EBF 000000000028000080- <1>
    45 00003EC8 020000000000000000- <1>
    45 00003ED1 002C0000C00200002C- <1>
    45 00003EDA 0000C00200002C0000- <1>
    45 00003EE3 C00200002C0000C002- <1>
    45 00003EEC 00002C0000D0010000- <1>
    45 00003EF5 07000000000000      <1>
    46 00003EFC 000000000000000000- <1>     db 0x00,0x00,0x00,0x00,0x00,0x00,0x00,0x00,0x00,0x00,0x00,0x00,0x00,0x00,0x00,0x00,0x00,0xC0,0x02,0x00,0x00,0x2C,0x00,0x00,0xC0,0x02,0x00,0x00,0x2C,0x78,0x00,0xC0,0xD2,0x01,0x00,0x6C,0x0B,0x00,0xC0,0x2F,0x00,0x00,0xAC,0x03,0x00,0xC0,0xB2,0x00,0x00,0x2C,0x2D,0x00,0xC0,0x82,0x07,0x00,0x00,0x00,0x00,0x00,0x00,0x00,0x00,0x00,0x00,0x00,0x00,0x00,0x00,0x00 ; k
    46 00003F05 0000000000000000C0- <1>
    46 00003F0E 0200002C0000C00200- <1>
    46 00003F17 002C7800C0D201006C- <1>
    46 00003F20 0B00C02F0000AC0300- <1>
    46 00003F29 C0B200002C2D00C082- <1>
    46 00003F32 070000000000000000- <1>
    46 00003F3B 00000000000000      <1>
    47 00003F42 000000000000000000- <1>     db 0x00,0x00,0x00,0x00,0x00,0x00,0x00,0x00,0x00,0x00,0x00,0x00,0x00,0x00,0x00,0x00,0x00,0xC0,0x02,0x00,0x00,0x2C,0x00,0x00,0xC0,0x02,0x00,0x00,0x2C,0x00,0x00,0xC0,0x02,0x00,0x00,0x2C,0x00,0x00,0xC0,0x02,0x00,0x00,0x2C,0x00,0x00,0xC0,0x02,0x00,0x00,0x2C,0x00,0x00,0xC0,0x02,0x00,0x00,0x00,0x00,0x00,0x00,0x00,0x00,0x00,0x00,0x00,0x00,0x00,0x00,0x00,0x00 ; l
    47 00003F4B 0000000000000000C0- <1>
    47 00003F54 0200002C0000C00200- <1>
    47 00003F5D 002C0000C00200002C- <1>
    47 00003F66 0000C00200002C0000- <1>
    47 00003F6F C00200002C0000C002- <1>
    47 00003F78 000000000000000000- <1>
    47 00003F81 00000000000000      <1>
    48 00003F88 000000000000000000- <1>     db 0x00,0x00,0x00,0x00,0x00,0x00,0x00,0x00,0x00,0x00,0x00,0x00,0x00,0x00,0x00,0x00,0x00,0x00,0x00,0x00,0x00,0x00,0x00,0x00,0x00,0x00,0x00,0x00,0x6C,0x2F,0x7E,0xC0,0x87,0x1F,0x0E,0x3C,0xB4,0xD0,0xC1,0x42,0x07,0x1D,0x2C,0x74,0xD0,0xC1,0x42,0x07,0x1D,0x2C,0x74,0xD0,0xC1,0x42,0x07,0x1D,0x00,0x00,0x00,0x00,0x00,0x00,0x00,0x00,0x00,0x00,0x00,0x00,0x00,0x00 ; m
    48 00003F91 000000000000000000- <1>
    48 00003F9A 000000000000000000- <1>
    48 00003FA3 006C2F7EC0871F0E3C- <1>
    48 00003FAC B4D0C142071D2C74D0- <1>
    48 00003FB5 C142071D2C74D0C142- <1>
    48 00003FBE 071D00000000000000- <1>
    48 00003FC7 00000000000000      <1>
    49 00003FCE 000000000000000000- <1>     db 0x00,0x00,0x00,0x00,0x00,0x00,0x00,0x00,0x00,0x00,0x00,0x00,0x00,0x00,0x00,0x00,0x00,0x00,0x00,0x00,0x00,0x00,0x00,0x00,0x00,0x00,0x00,0x00,0x6C,0x2F,0x00,0xC0,0x47,0x07,0x00,0x3C,0xB0,0x00,0xC0,0x02,0x0B,0x00,0x2C,0xB0,0x00,0xC0,0x02,0x0B,0x00,0x2C,0xB0,0x00,0xC0,0x02,0x0B,0x00,0x00,0x00,0x00,0x00,0x00,0x00,0x00,0x00,0x00,0x00,0x00,0x00,0x00,0x00 ; n
    49 00003FD7 000000000000000000- <1>
    49 00003FE0 000000000000000000- <1>
    49 00003FE9 006C2F00C04707003C- <1>
    49 00003FF2 B000C0020B002CB000- <1>
    49 00003FFB C0020B002CB000C002- <1>
    49 00004004 0B0000000000000000- <1>
    49 0000400D 00000000000000      <1>
    50 00004014 000000000000000000- <1>     db 0x00,0x00,0x00,0x00,0x00,0x00,0x00,0x00,0x00,0x00,0x00,0x00,0x00,0x00,0x00,0x00,0x00,0x00,0x00,0x00,0x00,0x00,0x00,0x00,0x00,0x00,0x00,0x00,0xD0,0x1F,0x00,0x80,0x47,0x07,0x00,0x1C,0xE0,0x00,0xD0,0x01,0x1D,0x00,0x1D,0xD0,0x01,0xC0,0x01,0x0E,0x00,0x78,0x74,0x00,0x00,0xFD,0x01,0x00,0x00,0x00,0x00,0x00,0x00,0x00,0x00,0x00,0x00,0x00,0x00,0x00,0x00,0x00 ; o
    50 0000401D 000000000000000000- <1>
    50 00004026 000000000000000000- <1>
    50 0000402F 00D01F00804707001C- <1>
    50 00004038 E000D0011D001DD001- <1>
    50 00004041 C0010E0078740000FD- <1>
    50 0000404A 010000000000000000- <1>
    50 00004053 00000000000000      <1>
    51 0000405A 000000000000000000- <1>     db 0x00,0x00,0x00,0x00,0x00,0x00,0x00,0x00,0x00,0x00,0x00,0x00,0x00,0x00,0x00,0x00,0x00,0x00,0x00,0x00,0x00,0x00,0x00,0x00,0x00,0x00,0x00,0x00,0x6C,0x2F,0x00,0xC0,0x0B,0x0F,0x00,0x3C,0xD0,0x01,0xC0,0x02,0x1D,0x00,0x2C,0xD0,0x01,0xC0,0x03,0x0D,0x00,0x7C,0xB4,0x00,0xC0,0xF6,0x02,0x00,0x2C,0x00,0x00,0xC0,0x02,0x00,0x00,0x2C,0x00,0x00,0x00,0x00,0x00,0x00 ; p
    51 00004063 000000000000000000- <1>
    51 0000406C 000000000000000000- <1>
    51 00004075 006C2F00C00B0F003C- <1>
    51 0000407E D001C0021D002CD001- <1>
    51 00004087 C0030D007CB400C0F6- <1>
    51 00004090 02002C0000C0020000- <1>
    51 00004099 2C000000000000      <1>
    52 000040A0 000000000000000000- <1>     db 0x00,0x00,0x00,0x00,0x00,0x00,0x00,0x00,0x00,0x00,0x00,0x00,0x00,0x00,0x00,0x00,0x00,0x00,0x00,0x00,0x00,0x00,0x00,0x00,0x00,0x00,0x00,0x00,0xE0,0xEB,0x00,0x80,0x47,0x0F,0x00,0x1C,0xE0,0x00,0xD0,0x01,0x0E,0x00,0x1D,0xE0,0x00,0xD0,0x01,0x0F,0x00,0x38,0xF4,0x00,0x00,0x7E,0x0E,0x00,0x00,0xE0,0x00,0x00,0x00,0x0E,0x00,0x00,0xE0,0x00,0x00,0x00,0x00,0x00 ; q
    52 000040A9 000000000000000000- <1>
    52 000040B2 000000000000000000- <1>
    52 000040BB 00E0EB0080470F001C- <1>
    52 000040C4 E000D0010E001DE000- <1>
    52 000040CD D0010F0038F400007E- <1>
    52 000040D6 0E0000E00000000E00- <1>
    52 000040DF 00E00000000000      <1>
    53 000040E6 000000000000000000- <1>     db 0x00,0x00,0x00,0x00,0x00,0x00,0x00,0x00,0x00,0x00,0x00,0x00,0x00,0x00,0x00,0x00,0x00,0x00,0x00,0x00,0x00,0x00,0x00,0x00,0x00,0x00,0x00,0x00,0x6C,0x07,0x00,0xC0,0x0B,0x00,0x00,0x3C,0x00,0x00,0xC0,0x02,0x00,0x00,0x2C,0x00,0x00,0xC0,0x02,0x00,0x00,0x2C,0x00,0x00,0xC0,0x02,0x00,0x00,0x00,0x00,0x00,0x00,0x00,0x00,0x00,0x00,0x00,0x00,0x00,0x00,0x00,0x00 ; r
    53 000040EF 000000000000000000- <1>
    53 000040F8 000000000000000000- <1>
    53 00004101 006C0700C00B00003C- <1>
    53 0000410A 0000C00200002C0000- <1>
    53 00004113 C00200002C0000C002- <1>
    53 0000411C 000000000000000000- <1>
    53 00004125 00000000000000      <1>
    54 0000412C 000000000000000000- <1>     db 0x00,0x00,0x00,0x00,0x00,0x00,0x00,0x00,0x00,0x00,0x00,0x00,0x00,0x00,0x00,0x00,0x00,0x00,0x00,0x00,0x00,0x00,0x00,0x00,0x00,0x00,0x00,0x00,0xE4,0x07,0x00,0xC0,0x42,0x00,0x00,0x1D,0x00,0x00,0xC0,0x1B,0x00,0x00,0xD0,0x07,0x00,0x00,0xE0,0x00,0x00,0x05,0x0F,0x00,0xD0,0x2F,0x00,0x00,0x00,0x00,0x00,0x00,0x00,0x00,0x00,0x00,0x00,0x00,0x00,0x00,0x00,0x00 ; s
    54 00004135 000000000000000000- <1>
    54 0000413E 000000000000000000- <1>
    54 00004147 00E40700C04200001D- <1>
    54 00004150 0000C01B0000D00700- <1>
    54 00004159 00E00000050F00D02F- <1>
    54 00004162 000000000000000000- <1>
    54 0000416B 00000000000000      <1>
    55 00004172 000000000000000000- <1>     db 0x00,0x00,0x00,0x00,0x00,0x00,0x00,0x00,0x00,0x00,0x00,0x00,0x00,0x00,0x00,0x00,0x00,0x00,0x00,0x00,0x00,0x64,0x00,0x00,0x40,0x07,0x00,0x00,0xFE,0x03,0x00,0x40,0x07,0x00,0x00,0x74,0x00,0x00,0x40,0x07,0x00,0x00,0x74,0x00,0x00,0x40,0x07,0x00,0x00,0x74,0x00,0x00,0x00,0x3E,0x00,0x00,0x00,0x00,0x00,0x00,0x00,0x00,0x00,0x00,0x00,0x00,0x00,0x00,0x00,0x00 ; t
    55 0000417B 000000000000000000- <1>
    55 00004184 000000640000400700- <1>
    55 0000418D 00FE03004007000074- <1>
    55 00004196 000040070000740000- <1>
    55 0000419F 40070000740000003E- <1>
    55 000041A8 000000000000000000- <1>
    55 000041B1 00000000000000      <1>
    56 000041B8 000000000000000000- <1>     db 0x00,0x00,0x00,0x00,0x00,0x00,0x00,0x00,0x00,0x00,0x00,0x00,0x00,0x00,0x00,0x00,0x00,0x00,0x00,0x00,0x00,0x00,0x00,0x00,0x00,0x00,0x00,0x00,0x2C,0xB0,0x00,0xC0,0x02,0x0B,0x00,0x2C,0xB0,0x00,0xC0,0x02,0x0B,0x00,0x2C,0xB0,0x00,0xC0,0x02,0x0B,0x00,0x38,0xB8,0x00,0x00,0x7E,0x0B,0x00,0x00,0x00,0x00,0x00,0x00,0x00,0x00,0x00,0x00,0x00,0x00,0x00,0x00,0x00 ; u
    56 000041C1 000000000000000000- <1>
    56 000041CA 000000000000000000- <1>
    56 000041D3 002CB000C0020B002C- <1>
    56 000041DC B000C0020B002CB000- <1>
    56 000041E5 C0020B0038B800007E- <1>
    56 000041EE 0B0000000000000000- <1>
    56 000041F7 00000000000000      <1>
    57 000041FE 000000000000000000- <1>     db 0x00,0x00,0x00,0x00,0x00,0x00,0x00,0x00,0x00,0x00,0x00,0x00,0x00,0x00,0x00,0x00,0x00,0x00,0x00,0x00,0x00,0x00,0x00,0x00,0x00,0x00,0x00,0x00,0x0E,0x74,0x00,0xD0,0x81,0x03,0x00,0x2C,0x2C,0x00,0x80,0xD3,0x01,0x00,0x74,0x0E,0x00,0x00,0x77,0x00,0x00,0xE0,0x03,0x00,0x00,0x3D,0x00,0x00,0x00,0x00,0x00,0x00,0x00,0x00,0x00,0x00,0x00,0x00,0x00,0x00,0x00,0x00 ; v
    57 00004207 000000000000000000- <1>
    57 00004210 000000000000000000- <1>
    57 00004219 000E7400D08103002C- <1>
    57 00004222 2C0080D30100740E00- <1>
    57 0000422B 00770000E00300003D- <1>
    57 00004234 000000000000000000- <1>
    57 0000423D 00000000000000      <1>
    58 00004244 000000000000000000- <1>     db 0x00,0x00,0x00,0x00,0x00,0x00,0x00,0x00,0x00,0x00,0x00,0x00,0x00,0x00,0x00,0x00,0x00,0x00,0x00,0x00,0x00,0x00,0x00,0x00,0x00,0x00,0x00,0x00,0x0E,0x2C,0x34,0xD0,0xD1,0x83,0x02,0x1C,0x7A,0x1C,0xC0,0x72,0xC7,0x01,0x38,0xA3,0x0D,0x40,0x27,0xAD,0x00,0xF0,0xC1,0x07,0x00,0x1E,0x3C,0x00,0x00,0x00,0x00,0x00,0x00,0x00,0x00,0x00,0x00,0x00,0x00,0x00,0x00,0x00 ; w
    58 0000424D 000000000000000000- <1>
    58 00004256 000000000000000000- <1>
    58 0000425F 000E2C34D0D183021C- <1>
    58 00004268 7A1CC072C70138A30D- <1>
    58 00004271 4027AD00F0C107001E- <1>
    58 0000427A 3C0000000000000000- <1>
    58 00004283 00000000000000      <1>
    59 0000428A 000000000000000000- <1>     db 0x00,0x00,0x00,0x00,0x00,0x00,0x00,0x00,0x00,0x00,0x00,0x00,0x00,0x00,0x00,0x00,0x00,0x00,0x00,0x00,0x00,0x00,0x00,0x00,0x00,0x00,0x00,0x00,0x1D,0x38,0x00,0xC0,0xD3,0x01,0x00,0x74,0x0A,0x00,0x00,0x3E,0x00,0x00,0xD0,0x03,0x00,0x40,0xB7,0x00,0x00,0x3C,0x1D,0x00,0xD0,0xC1,0x03,0x00,0x00,0x00,0x00,0x00,0x00,0x00,0x00,0x00,0x00,0x00,0x00,0x00,0x00,0x00 ; x
    59 00004293 000000000000000000- <1>
    59 0000429C 000000000000000000- <1>
    59 000042A5 001D3800C0D3010074- <1>
    59 000042AE 0A00003E0000D00300- <1>
    59 000042B7 40B700003C1D00D0C1- <1>
    59 000042C0 030000000000000000- <1>
    59 000042C9 00000000000000      <1>
    60 000042D0 000000000000000000- <1>     db 0x00,0x00,0x00,0x00,0x00,0x00,0x00,0x00,0x00,0x00,0x00,0x00,0x00,0x00,0x00,0x00,0x00,0x00,0x00,0x00,0x00,0x00,0x00,0x00,0x00,0x00,0x00,0x00,0x0E,0x74,0x00,0xD0,0x41,0x03,0x00,0x2C,0x2C,0x00,0x80,0xC3,0x01,0x00,0x74,0x0D,0x00,0x00,0xAB,0x00,0x00,0xD0,0x03,0x00,0x00,0x3C,0x00,0x00,0xC0,0x01,0x00,0x00,0x0E,0x00,0x00,0x2E,0x00,0x00,0x00,0x00,0x00,0x00 ; y
    60 000042D9 000000000000000000- <1>
    60 000042E2 000000000000000000- <1>
    60 000042EB 000E7400D04103002C- <1>
    60 000042F4 2C0080C30100740D00- <1>
    60 000042FD 00AB0000D00300003C- <1>
    60 00004306 0000C00100000E0000- <1>
    60 0000430F 2E000000000000      <1>
    61 00004316 000000000000000000- <1>     db 0x00,0x00,0x00,0x00,0x00,0x00,0x00,0x00,0x00,0x00,0x00,0x00,0x00,0x00,0x00,0x00,0x00,0x00,0x00,0x00,0x00,0x00,0x00,0x00,0x00,0x00,0x00,0x00,0xFD,0x2F,0x00,0x00,0xF0,0x00,0x00,0x40,0x07,0x00,0x00,0x2C,0x00,0x00,0xE0,0x01,0x00,0x40,0x07,0x00,0x00,0x3C,0x00,0x00,0xE0,0xFF,0x02,0x00,0x00,0x00,0x00,0x00,0x00,0x00,0x00,0x00,0x00,0x00,0x00,0x00,0x00,0x00 ; z
    61 0000431F 000000000000000000- <1>
    61 00004328 000000000000000000- <1>
    61 00004331 00FD2F0000F0000040- <1>
    61 0000433A 0700002C0000E00100- <1>
    61 00004343 400700003C0000E0FF- <1>
    61 0000434C 020000000000000000- <1>
    61 00004355 00000000000000      <1>
    62 0000435C 000000000000000000- <1>     db 0x00,0x00,0x00,0x00,0x00,0x00,0x00,0x00,0x00,0x00,0x00,0x00,0x00,0x00,0x00,0x00,0x00,0x00,0xBD,0x00,0x00,0x34,0x38,0x00,0xC0,0x42,0x07,0x00,0x1D,0xB0,0x00,0xD0,0x01,0x0B,0x00,0x1D,0xB0,0x00,0xD0,0x01,0x0B,0x00,0x1D,0x70,0x00,0xC0,0x41,0x07,0x00,0x34,0x28,0x00,0x00,0xBD,0x00,0x00,0x00,0x00,0x00,0x00,0x00,0x00,0x00,0x00,0x00,0x00,0x00,0x00,0x00,0x00 ; 0
    62 00004365 000000000000000000- <1>
    62 0000436E BD0000343800C04207- <1>
    62 00004377 001DB000D0010B001D- <1>
    62 00004380 B000D0010B001D7000- <1>
    62 00004389 C041070034280000BD- <1>
    62 00004392 000000000000000000- <1>
    62 0000439B 00000000000000      <1>
    63 000043A2 000000000000000000- <1>     db 0x00,0x00,0x00,0x00,0x00,0x00,0x00,0x00,0x00,0x00,0x00,0x00,0x00,0x00,0x00,0x00,0x00,0x00,0x18,0x00,0x00,0xF4,0x01,0x00,0x90,0x1D,0x00,0x00,0xD0,0x01,0x00,0x00,0x1D,0x00,0x00,0xD0,0x01,0x00,0x00,0x1D,0x00,0x00,0xD0,0x01,0x00,0x00,0x1D,0x00,0x00,0xD0,0x01,0x00,0x00,0x1D,0x00,0x00,0x00,0x00,0x00,0x00,0x00,0x00,0x00,0x00,0x00,0x00,0x00,0x00,0x00,0x00 ; 1
    63 000043AB 000000000000000000- <1>
    63 000043B4 180000F40100901D00- <1>
    63 000043BD 00D00100001D0000D0- <1>
    63 000043C6 0100001D0000D00100- <1>
    63 000043CF 001D0000D00100001D- <1>
    63 000043D8 000000000000000000- <1>
    63 000043E1 00000000000000      <1>
    64 000043E8 000000000000000000- <1>     db 0x00,0x00,0x00,0x00,0x00,0x00,0x00,0x00,0x00,0x00,0x00,0x00,0x00,0x00,0x00,0x00,0x00,0x40,0xBE,0x00,0x00,0x1C,0x2D,0x00,0x40,0x80,0x03,0x00,0x00,0x34,0x00,0x00,0xC0,0x03,0x00,0x00,0x1E,0x00,0x00,0xB8,0x00,0x00,0xE0,0x02,0x00,0x40,0x07,0x00,0x00,0x2C,0x00,0x00,0xD0,0xFF,0x07,0x00,0x00,0x00,0x00,0x00,0x00,0x00,0x00,0x00,0x00,0x00,0x00,0x00,0x00,0x00 ; 2
    64 000043F1 000000000000000040- <1>
    64 000043FA BE00001C2D00408003- <1>
    64 00004403 0000340000C0030000- <1>
    64 0000440C 1E0000B80000E00200- <1>
    64 00004415 400700002C0000D0FF- <1>
    64 0000441E 070000000000000000- <1>
    64 00004427 00000000000000      <1>
    65 0000442E 000000000000000000- <1>     db 0x00,0x00,0x00,0x00,0x00,0x00,0x00,0x00,0x00,0x00,0x00,0x00,0x00,0x00,0x00,0x00,0x00,0x40,0xBE,0x00,0x00,0x18,0x2D,0x00,0x00,0x80,0x02,0x00,0x00,0x2C,0x00,0x00,0xD0,0x01,0x00,0xF0,0x07,0x00,0x00,0xD0,0x02,0x00,0x00,0x34,0x00,0x00,0x40,0x03,0x00,0x08,0x2D,0x00,0x80,0x7F,0x00,0x00,0x00,0x00,0x00,0x00,0x00,0x00,0x00,0x00,0x00,0x00,0x00,0x00,0x00,0x00 ; 3
    65 00004437 000000000000000040- <1>
    65 00004440 BE0000182D00008002- <1>
    65 00004449 00002C0000D00100F0- <1>
    65 00004452 070000D00200003400- <1>
    65 0000445B 00400300082D00807F- <1>
    65 00004464 000000000000000000- <1>
    65 0000446D 00000000000000      <1>
    66 00004474 000000000000000000- <1>     db 0x00,0x00,0x00,0x00,0x00,0x00,0x00,0x00,0x00,0x00,0x00,0x00,0x00,0x00,0x00,0x00,0x00,0x00,0xC0,0x02,0x00,0x00,0x2E,0x00,0x00,0xF4,0x02,0x00,0xC0,0x2D,0x00,0x00,0xCE,0x02,0x00,0x34,0x2C,0x00,0xC0,0xC1,0x02,0x00,0xFE,0xFF,0x01,0x00,0xC0,0x02,0x00,0x00,0x2C,0x00,0x00,0xC0,0x02,0x00,0x00,0x00,0x00,0x00,0x00,0x00,0x00,0x00,0x00,0x00,0x00,0x00,0x00,0x00 ; 4
    66 0000447D 000000000000000000- <1>
    66 00004486 C00200002E0000F402- <1>
    66 0000448F 00C02D0000CE020034- <1>
    66 00004498 2C00C0C10200FEFF01- <1>
    66 000044A1 00C00200002C0000C0- <1>
    66 000044AA 020000000000000000- <1>
    66 000044B3 00000000000000      <1>
    67 000044BA 000000000000000000- <1>     db 0x00,0x00,0x00,0x00,0x00,0x00,0x00,0x00,0x00,0x00,0x00,0x00,0x00,0x00,0x00,0x00,0x00,0x40,0xFF,0x02,0x00,0x34,0x00,0x00,0x40,0x03,0x00,0x00,0x34,0x00,0x00,0x80,0xBF,0x00,0x00,0x00,0x2D,0x00,0x00,0x40,0x07,0x00,0x00,0x74,0x00,0x00,0x40,0x03,0x00,0x08,0x2D,0x00,0x80,0x7F,0x00,0x00,0x00,0x00,0x00,0x00,0x00,0x00,0x00,0x00,0x00,0x00,0x00,0x00,0x00,0x00 ; 5
    67 000044C3 000000000000000040- <1>
    67 000044CC FF0200340000400300- <1>
    67 000044D5 0034000080BF000000- <1>
    67 000044DE 2D0000400700007400- <1>
    67 000044E7 00400300082D00807F- <1>
    67 000044F0 000000000000000000- <1>
    67 000044F9 00000000000000      <1>
    68 00004500 000000000000000000- <1>     db 0x00,0x00,0x00,0x00,0x00,0x00,0x00,0x00,0x00,0x00,0x00,0x00,0x00,0x00,0x00,0x00,0x00,0x00,0xF8,0x03,0x00,0xA0,0x10,0x00,0x40,0x03,0x00,0x00,0x2C,0x00,0x00,0xC0,0xF9,0x01,0x00,0x7D,0x74,0x00,0xD0,0x01,0x0B,0x00,0x1C,0xB0,0x00,0xC0,0x02,0x0B,0x00,0x74,0x78,0x00,0x00,0xBD,0x01,0x00,0x00,0x00,0x00,0x00,0x00,0x00,0x00,0x00,0x00,0x00,0x00,0x00,0x00,0x00 ; 6
    68 00004509 000000000000000000- <1>
    68 00004512 F80300A01000400300- <1>
    68 0000451B 002C0000C0F901007D- <1>
    68 00004524 7400D0010B001CB000- <1>
    68 0000452D C0020B0074780000BD- <1>
    68 00004536 010000000000000000- <1>
    68 0000453F 00000000000000      <1>
    69 00004546 000000000000000000- <1>     db 0x00,0x00,0x00,0x00,0x00,0x00,0x00,0x00,0x00,0x00,0x00,0x00,0x00,0x00,0x00,0x00,0x00,0xD0,0xFF,0x07,0x00,0x00,0x38,0x00,0x00,0xD0,0x01,0x00,0x00,0x0E,0x00,0x00,0xB0,0x00,0x00,0x40,0x07,0x00,0x00,0x38,0x00,0x00,0xC0,0x02,0x00,0x00,0x1D,0x00,0x00,0xE0,0x00,0x00,0x00,0x0F,0x00,0x00,0x00,0x00,0x00,0x00,0x00,0x00,0x00,0x00,0x00,0x00,0x00,0x00,0x00,0x00 ; 7
    69 0000454F 0000000000000000D0- <1>
    69 00004558 FF070000380000D001- <1>
    69 00004561 00000E0000B0000040- <1>
    69 0000456A 070000380000C00200- <1>
    69 00004573 001D0000E00000000F- <1>
    69 0000457C 000000000000000000- <1>
    69 00004585 00000000000000      <1>
    70 0000458C 000000000000000000- <1>     db 0x00,0x00,0x00,0x00,0x00,0x00,0x00,0x00,0x00,0x00,0x00,0x00,0x00,0x00,0x00,0x00,0x00,0x00,0xBE,0x01,0x00,0x38,0x38,0x00,0xC0,0x42,0x07,0x00,0x34,0x38,0x00,0x00,0xFE,0x00,0x00,0x38,0x38,0x00,0xC0,0x01,0x07,0x00,0x1D,0xB0,0x00,0xC0,0x01,0x07,0x00,0x38,0x38,0x00,0x00,0xBE,0x01,0x00,0x00,0x00,0x00,0x00,0x00,0x00,0x00,0x00,0x00,0x00,0x00,0x00,0x00,0x00 ; 8
    70 00004595 000000000000000000- <1>
    70 0000459E BE0100383800C04207- <1>
    70 000045A7 0034380000FE000038- <1>
    70 000045B0 3800C00107001DB000- <1>
    70 000045B9 C001070038380000BE- <1>
    70 000045C2 010000000000000000- <1>
    70 000045CB 00000000000000      <1>
    71 000045D2 000000000000000000- <1>     db 0x00,0x00,0x00,0x00,0x00,0x00,0x00,0x00,0x00,0x00,0x00,0x00,0x00,0x00,0x00,0x00,0x00,0x00,0xBE,0x00,0x00,0x38,0x28,0x00,0xC0,0x41,0x07,0x00,0x1D,0x74,0x00,0xD0,0x41,0x07,0x00,0x3C,0x78,0x00,0x00,0x7E,0x07,0x00,0x00,0x74,0x00,0x00,0x40,0x03,0x00,0x04,0x1D,0x00,0x40,0x6F,0x00,0x00,0x00,0x00,0x00,0x00,0x00,0x00,0x00,0x00,0x00,0x00,0x00,0x00,0x00,0x00 ; 9
    71 000045DB 000000000000000000- <1>
    71 000045E4 BE0000382800C04107- <1>
    71 000045ED 001D7400D04107003C- <1>
    71 000045F6 7800007E0700007400- <1>
    71 000045FF 00400300041D00406F- <1>
    71 00004608 000000000000000000- <1>
    71 00004611 00000000000000      <1>
    72 00004618 000000000000000000- <1>     db 0x00,0x00,0x00,0x00,0x00,0x00,0x00,0x00,0x00,0x00,0x00,0x00,0x00,0x00,0x00,0x00,0x00,0x00,0x00,0x00,0x00,0x00,0x00,0x00,0x00,0x00,0x00,0x00,0x00,0x00,0x00,0x00,0x00,0x00,0x00,0x00,0x00,0x00,0xC0,0x3F,0x00,0x00,0x00,0x00,0x00,0x00,0x00,0x00,0x00,0x00,0x00,0x00,0x00,0x00,0x00,0x00,0x00,0x00,0x00,0x00,0x00,0x00,0x00,0x00,0x00,0x00,0x00,0x00,0x00,0x00 ; -
    72 00004621 000000000000000000- <1>
    72 0000462A 000000000000000000- <1>
    72 00004633 000000000000000000- <1>
    72 0000463C 0000C03F0000000000- <1>
    72 00004645 000000000000000000- <1>
    72 0000464E 000000000000000000- <1>
    72 00004657 00000000000000      <1>
    73 0000465E 000000000000000000- <1>     db 0x00,0x00,0x00,0x00,0x00,0x00,0x00,0x00,0x00,0x00,0x00,0x00,0x00,0x00,0x00,0x00,0x00,0x00,0x00,0x00,0x00,0x00,0x00,0x00,0x00,0x00,0x00,0x00,0x00,0x00,0x00,0x00,0x00,0x00,0x00,0x00,0x00,0x00,0x00,0x00,0x00,0x00,0x00,0x00,0x00,0x00,0x00,0x00,0x00,0x2C,0x00,0x00,0xC0,0x02,0x00,0x00,0x00,0x00,0x00,0x00,0x00,0x00,0x00,0x00,0x00,0x00,0x00,0x00,0x00,0x00 ; .
    73 00004667 000000000000000000- <1>
    73 00004670 000000000000000000- <1>
    73 00004679 000000000000000000- <1>
    73 00004682 000000000000000000- <1>
    73 0000468B 000000002C0000C002- <1>
    73 00004694 000000000000000000- <1>
    73 0000469D 00000000000000      <1>
    74 000046A4 000000000000000000- <1>     db 0x00,0x00,0x00,0x00,0x00,0x00,0x00,0x00,0x00,0x00,0x00,0x00,0x00,0x00,0x00,0x00,0x00,0x00,0xD0,0x00,0x00,0x00,0x0A,0x00,0x00,0x70,0x00,0x00,0x40,0x03,0x00,0x00,0x2C,0x00,0x00,0xD0,0x00,0x00,0x00,0x0E,0x00,0x00,0x70,0x00,0x00,0x40,0x03,0x00,0x00,0x2C,0x00,0x00,0xD0,0x01,0x00,0x00,0x0E,0x00,0x00,0x70,0x00,0x00,0x00,0x00,0x00,0x00,0x00,0x00,0x00,0x00 ; /
    74 000046AD 000000000000000000- <1>
    74 000046B6 D00000000A00007000- <1>
    74 000046BF 00400300002C0000D0- <1>
    74 000046C8 0000000E0000700000- <1>
    74 000046D1 400300002C0000D001- <1>
    74 000046DA 00000E000070000000- <1>
    74 000046E3 00000000000000      <1>
    75 000046EA 000000000000000000- <1>     db 0x00,0x00,0x00,0x00,0x00,0x00,0x00,0x00,0x00,0x00,0x00,0x00,0x00,0x00,0x00,0x00,0x00,0x00,0x00,0x00,0x00,0x00,0x00,0x00,0x00,0x00,0x00,0x00,0x2C,0x00,0x00,0xC0,0x02,0x00,0x00,0x00,0x00,0x00,0x00,0x00,0x00,0x00,0x00,0x00,0x00,0x00,0x00,0x00,0x00,0x2C,0x00,0x00,0xC0,0x02,0x00,0x00,0x00,0x00,0x00,0x00,0x00,0x00,0x00,0x00,0x00,0x00,0x00,0x00,0x00,0x00 ; :
    75 000046F3 000000000000000000- <1>
    75 000046FC 000000000000000000- <1>
    75 00004705 002C0000C002000000- <1>
    75 0000470E 000000000000000000- <1>
    75 00004717 000000002C0000C002- <1>
    75 00004720 000000000000000000- <1>
    75 00004729 00000000000000      <1>
    76 00004730 000000000000000000- <1>     db 0x00,0x00,0x00,0x00,0x00,0x00,0x00,0x00,0x00,0x00,0x00,0x00,0x00,0x00,0x00,0x00,0x00,0x80,0x02,0x00,0x00,0x28,0x00,0x00,0x80,0x02,0x00,0x00,0x28,0x00,0x00,0x80,0x02,0x00,0x00,0x28,0x00,0x00,0x80,0x02,0x00,0x00,0x28,0x00,0x00,0x80,0x02,0x00,0x00,0x28,0x00,0x00,0x80,0x02,0x00,0x00,0x28,0x00,0x00,0x80,0x02,0x00,0x00,0x28,0x00,0x00,0x00,0x00,0x00,0x00 ; |
    76 00004739 000000000000000080- <1>
    76 00004742 020000280000800200- <1>
    76 0000474B 002800008002000028- <1>
    76 00004754 000080020000280000- <1>
    76 0000475D 800200002800008002- <1>
    76 00004766 000028000080020000- <1>
    76 0000476F 28000000000000      <1>
    77 00004776 000000000000000000- <1>     db 0x00,0x00,0x00,0x00,0x00,0x00,0x00,0x00,0x00,0x00,0x00,0x00,0x00,0x00,0x00,0x00,0x00,0x00,0x00,0x00,0x00,0x00,0x00,0x00,0x00,0x00,0x00,0x00,0x2C,0x00,0x00,0xC0,0x02,0x00,0x00,0x00,0x00,0x00,0x00,0x00,0x00,0x00,0x00,0x00,0x00,0x00,0x00,0x00,0x00,0x2C,0x00,0x00,0xC0,0x01,0x00,0x00,0x0D,0x00,0x00,0x90,0x00,0x00,0x00,0x00,0x00,0x00,0x00,0x00,0x00,0x00 ; ;
    77 0000477F 000000000000000000- <1>
    77 00004788 000000000000000000- <1>
    77 00004791 002C0000C002000000- <1>
    77 0000479A 000000000000000000- <1>
    77 000047A3 000000002C0000C001- <1>
    77 000047AC 00000D000090000000- <1>
    77 000047B5 00000000000000      <1>
    78 000047BC 000000000000000000- <1>     db 0x00,0x00,0x00,0x00,0x00,0x00,0x00,0x00,0x00,0x00,0x00,0x00,0x00,0x00,0x00,0x00,0x00,0x00,0x1C,0x00,0x00,0xE0,0x00,0x00,0x00,0x07,0x00,0x00,0x34,0x00,0x00,0x80,0x02,0x00,0x00,0x1C,0x00,0x00,0xC0,0x01,0x00,0x00,0x1C,0x00,0x00,0x80,0x02,0x00,0x00,0x34,0x00,0x00,0x00,0x07,0x00,0x00,0xE0,0x00,0x00,0x00,0x1C,0x00,0x00,0x00,0x00,0x00,0x00,0x00,0x00,0x00 ; (
    78 000047C5 000000000000000000- <1>
    78 000047CE 1C0000E00000000700- <1>
    78 000047D7 00340000800200001C- <1>
    78 000047E0 0000C00100001C0000- <1>
    78 000047E9 800200003400000007- <1>
    78 000047F2 0000E00000001C0000- <1>
    78 000047FB 00000000000000      <1>
    79 00004802 000000000000000000- <1>     db 0x00,0x00,0x00,0x00,0x00,0x00,0x00,0x00,0x00,0x00,0x00,0x00,0x00,0x00,0x00,0x00,0x00,0xD0,0x00,0x00,0x00,0x28,0x00,0x00,0x40,0x03,0x00,0x00,0x70,0x00,0x00,0x00,0x0A,0x00,0x00,0xD0,0x00,0x00,0x00,0x0D,0x00,0x00,0xD0,0x00,0x00,0x00,0x0A,0x00,0x00,0x70,0x00,0x00,0x40,0x03,0x00,0x00,0x28,0x00,0x00,0xD0,0x00,0x00,0x00,0x00,0x00,0x00,0x00,0x00,0x00,0x00 ; )
    79 0000480B 0000000000000000D0- <1>
    79 00004814 000000280000400300- <1>
    79 0000481D 00700000000A0000D0- <1>
    79 00004826 0000000D0000D00000- <1>
    79 0000482F 000A00007000004003- <1>
    79 00004838 0000280000D0000000- <1>
    79 00004841 00000000000000      <1>
    80 00004848 000000000000000000- <1>     db 0x00,0x00,0x00,0x00,0x00,0x00,0x00,0x00,0x00,0x00,0x00,0x00,0x00,0x00,0x00,0x00,0x00,0x00,0xC7,0x01,0x00,0x70,0x1C,0x00,0x00,0x00,0x00,0x00,0xE4,0x0B,0x00,0x40,0xD0,0x02,0x00,0x00,0x28,0x00,0x00,0xF9,0x03,0x00,0x6C,0x38,0x00,0xD0,0xC1,0x03,0x00,0x1D,0x3D,0x00,0x40,0x9F,0x03,0x00,0x00,0x00,0x00,0x00,0x00,0x00,0x00,0x00,0x00,0x00,0x00,0x00,0x00,0x00 ; ä
    80 00004851 000000000000000000- <1>
    80 0000485A C70100701C00000000- <1>
    80 00004863 00E40B0040D0020000- <1>
    80 0000486C 280000F903006C3800- <1>
    80 00004875 D0C103001D3D00409F- <1>
    80 0000487E 030000000000000000- <1>
    80 00004887 00000000000000      <1>
    81 0000488E 000000000000000000- <1>     db 0x00,0x00,0x00,0x00,0x00,0x00,0x00,0x00,0x00,0x00,0x00,0x00,0x00,0x00,0x00,0x00,0x00,0x00,0x49,0x03,0x00,0x90,0x34,0x00,0x00,0x00,0x00,0x00,0xD0,0x1F,0x00,0x80,0x47,0x07,0x00,0x1C,0xE0,0x00,0xD0,0x01,0x1D,0x00,0x1D,0xD0,0x01,0xC0,0x01,0x0E,0x00,0x78,0x74,0x00,0x00,0xFD,0x01,0x00,0x00,0x00,0x00,0x00,0x00,0x00,0x00,0x00,0x00,0x00,0x00,0x00,0x00,0x00 ; ö
    81 00004897 000000000000000000- <1>
    81 000048A0 490300903400000000- <1>
    81 000048A9 00D01F00804707001C- <1>
    81 000048B2 E000D0011D001DD001- <1>
    81 000048BB C0010E0078740000FD- <1>
    81 000048C4 010000000000000000- <1>
    81 000048CD 00000000000000      <1>
    82 000048D4 000000000000000000- <1>     db 0x00,0x00,0x00,0x00,0x00,0x00,0x00,0x00,0x00,0x00,0x00,0x00,0x00,0x00,0x00,0x00,0x00,0x00,0x8A,0x02,0x00,0xA0,0x24,0x00,0x00,0x00,0x00,0x00,0x2C,0xB0,0x00,0xC0,0x02,0x0B,0x00,0x2C,0xB0,0x00,0xC0,0x02,0x0B,0x00,0x2C,0xB0,0x00,0xC0,0x02,0x0B,0x00,0x38,0xB8,0x00,0x00,0x7E,0x0B,0x00,0x00,0x00,0x00,0x00,0x00,0x00,0x00,0x00,0x00,0x00,0x00,0x00,0x00,0x00 ; ü
    82 000048DD 000000000000000000- <1>
    82 000048E6 8A0200A02400000000- <1>
    82 000048EF 002CB000C0020B002C- <1>
    82 000048F8 B000C0020B002CB000- <1>
    82 00004901 C0020B0038B800007E- <1>
    82 0000490A 0B0000000000000000- <1>
    82 00004913 00000000000000      <1>
    83 0000491A 00000000000000C071- <1>     db 0x00,0x00,0x00,0x00,0x00,0x00,0x00,0xC0,0x71,0x00,0x00,0x1C,0x07,0x00,0x00,0x00,0x00,0x00,0xF0,0x00,0x00,0x40,0x1F,0x00,0x00,0xAC,0x03,0x00,0xC0,0x75,0x00,0x00,0x0D,0x0B,0x00,0xF0,0xF0,0x00,0x40,0x07,0x1D,0x00,0xF8,0xFF,0x02,0xC0,0x02,0x38,0x00,0x1D,0x40,0x07,0xE0,0x00,0xB0,0x00,0x00,0x00,0x00,0x00,0x00,0x00,0x00,0x00,0x00,0x00,0x00,0x00,0x00,0x00 ; Ä
    83 00004923 00001C070000000000- <1>
    83 0000492C F00000401F0000AC03- <1>
    83 00004935 00C07500000D0B00F0- <1>
    83 0000493E F00040071D00F8FF02- <1>
    83 00004947 C00238001D4007E000- <1>
    83 00004950 B00000000000000000- <1>
    83 00004959 00000000000000      <1>
    84 00004960 0000000000000040D3- <1>     db 0x00,0x00,0x00,0x00,0x00,0x00,0x00,0x40,0xD3,0x00,0x00,0x34,0x0D,0x00,0x00,0x00,0x00,0x00,0xF4,0x0B,0x00,0xA0,0x81,0x07,0x80,0x03,0xE0,0x00,0x2C,0x00,0x1D,0xD0,0x01,0xC0,0x01,0x1D,0x00,0x1C,0xD0,0x01,0xC0,0x01,0x2C,0x00,0x1D,0x80,0x03,0xE0,0x00,0xB0,0x81,0x03,0x00,0xF8,0x0B,0x00,0x00,0x00,0x00,0x00,0x00,0x00,0x00,0x00,0x00,0x00,0x00,0x00,0x00,0x00 ; Ö
    84 00004969 0000340D0000000000- <1>
    84 00004972 F40B00A081078003E0- <1>
    84 0000497B 002C001DD001C0011D- <1>
    84 00004984 001CD001C0012C001D- <1>
    84 0000498D 8003E000B0810300F8- <1>
    84 00004996 0B0000000000000000- <1>
    84 0000499F 00000000000000      <1>
    85 000049A6 0000000000000080A2- <1>     db 0x00,0x00,0x00,0x00,0x00,0x00,0x00,0x80,0xA2,0x00,0x00,0x28,0x0A,0x00,0x00,0x00,0x00,0x80,0x03,0x74,0x00,0x38,0x40,0x07,0x80,0x03,0x74,0x00,0x38,0x40,0x07,0x80,0x03,0x74,0x00,0x38,0x40,0x07,0x80,0x03,0x74,0x00,0x38,0x40,0x07,0x40,0x03,0x38,0x00,0xB0,0xD0,0x01,0x00,0xF8,0x07,0x00,0x00,0x00,0x00,0x00,0x00,0x00,0x00,0x00,0x00,0x00,0x00,0x00,0x00,0x00 ; Ü
    85 000049AF 0000280A0000000080- <1>
    85 000049B8 037400384007800374- <1>
    85 000049C1 003840078003740038- <1>
    85 000049CA 400780037400384007- <1>
    85 000049D3 40033800B0D00100F8- <1>
    85 000049DC 070000000000000000- <1>
    85 000049E5 00000000000000      <1>
    86 000049EC 000000000000000000- <1>     db 0x00,0x00,0x00,0x00,0x00,0x00,0x00,0x00,0x00,0x00,0x00,0x00,0x00,0x00,0x00,0x00,0x00,0x00,0xFD,0x01,0x00,0x74,0x78,0x00,0x80,0x42,0x07,0x00,0x2C,0x74,0x00,0xC0,0xD2,0x02,0x00,0x2C,0x1F,0x00,0xC0,0x42,0x0B,0x00,0x2C,0xD0,0x00,0xC0,0x02,0x1D,0x00,0x2C,0xE0,0x00,0xC0,0xF6,0x02,0x00,0x00,0x00,0x00,0x00,0x00,0x00,0x00,0x00,0x00,0x00,0x00,0x00,0x00,0x00 ; ß
    86 000049F5 000000000000000000- <1>
    86 000049FE FD0100747800804207- <1>
    86 00004A07 002C7400C0D202002C- <1>
    86 00004A10 1F00C0420B002CD000- <1>
    86 00004A19 C0021D002CE000C0F6- <1>
    86 00004A22 020000000000000000- <1>
    86 00004A2B 00000000000000      <1>
  3312                                  %include "nova-art.inc"
     1                              <1> ; Generated by scripts/generate-boot-art.ps1 from the checked-in UI sources.
     2                              <1> NOVA_LOGO_WIDTH equ 160
     3                              <1> NOVA_LOGO_HEIGHT equ 150
     4                              <1> NOVA_LOGO_ROW_BYTES equ 40
     5                              <1> NOVA_ERROR_MARK_WIDTH equ 82
     6                              <1> NOVA_ERROR_MARK_HEIGHT equ 90
     7                              <1> NOVA_ERROR_MARK_ROW_BYTES equ 21
     8                              <1> nova_logo_bitmap:
     9 00004A32 000000000000000000- <1>     db 0x00,0x00,0x00,0x00,0x00,0x00,0x00,0x00,0x00,0x00,0x00,0x00,0x00,0x00,0x00,0x00,0x00,0x00,0x00,0x00,0x00,0x00,0x00,0x00
     9 00004A3B 000000000000000000- <1>
     9 00004A44 000000000000        <1>
    10 00004A4A 00000090BE01000000- <1>     db 0x00,0x00,0x00,0x90,0xBE,0x01,0x00,0x00,0x00,0x00,0x00,0x00,0x00,0x00,0x00,0x00,0x00,0x00,0x00,0x00,0x00,0x00,0x00,0x00
    10 00004A53 000000000000000000- <1>
    10 00004A5C 000000000000        <1>
    11 00004A62 000000000000000000- <1>     db 0x00,0x00,0x00,0x00,0x00,0x00,0x00,0x00,0x00,0x00,0x00,0x00,0x00,0x00,0x00,0x00,0x00,0x00,0x00,0xFE,0xFF,0x0B,0x00,0x00
    11 00004A6B 000000000000000000- <1>
    11 00004A74 00FEFF0B0000        <1>
    12 00004A7A 000000000000000000- <1>     db 0x00,0x00,0x00,0x00,0x00,0x00,0x00,0x00,0x00,0x00,0x00,0x00,0x00,0x00,0x00,0x00,0x00,0x00,0x00,0x00,0x00,0x00,0x00,0x00
    12 00004A83 000000000000000000- <1>
    12 00004A8C 000000000000        <1>
    13 00004A92 000000000000000000- <1>     db 0x00,0x00,0x00,0x00,0x00,0x00,0x00,0x00,0x00,0x00,0xE0,0x6F,0x91,0x0F,0x00,0x00,0x00,0x00,0x00,0x00,0x00,0x00,0x00,0x00
    13 00004A9B 00E06F910F00000000- <1>
    13 00004AA4 000000000000        <1>
    14 00004AAA 000000000000000000- <1>     db 0x00,0x00,0x00,0x00,0x00,0x00,0x00,0x00,0x00,0x00,0x00,0x00,0x00,0x00,0x00,0x00,0x00,0x00,0x00,0x00,0x00,0x00,0x00,0x00
    14 00004AB3 000000000000000000- <1>
    14 00004ABC 000000000000        <1>
    15 00004AC2 0000FE02001E000000- <1>     db 0x00,0x00,0xFE,0x02,0x00,0x1E,0x00,0x00,0x00,0x00,0x00,0x00,0x00,0x00,0x00,0x00,0x00,0x00,0x00,0x00,0x00,0x00,0x00,0x00
    15 00004ACB 000000000000000000- <1>
    15 00004AD4 000000000000        <1>
    16 00004ADA 000000000000000000- <1>     db 0x00,0x00,0x00,0x00,0x00,0x00,0x00,0x00,0x00,0x00,0x00,0x00,0x00,0x00,0x00,0x00,0x00,0xD0,0x2F,0x00,0x00,0x2D,0x00,0x00
    16 00004AE3 0000000000000000D0- <1>
    16 00004AEC 2F00002D0000        <1>
    17 00004AF2 000000000000000000- <1>     db 0x00,0x00,0x00,0x00,0x00,0x00,0x00,0x00,0x00,0x00,0x00,0x00,0x00,0x00,0x00,0x00,0x00,0x00,0x00,0x00,0x00,0x00,0x00,0x00
    17 00004AFB 000000000000000000- <1>
    17 00004B04 000000000000        <1>
    18 00004B0A 000000000000000000- <1>     db 0x00,0x00,0x00,0x00,0x00,0x00,0x00,0x00,0x00,0xF4,0x07,0x00,0x00,0x2C,0x00,0x00,0x00,0x00,0x00,0x00,0x00,0x00,0x00,0x00
    18 00004B13 F40700002C00000000- <1>
    18 00004B1C 000000000000        <1>
    19 00004B22 000000000000000000- <1>     db 0x00,0x00,0x00,0x00,0x00,0x00,0x00,0x00,0x00,0x00,0x00,0x00,0x00,0x00,0x00,0x00,0x00,0x00,0x00,0x00,0x00,0x00,0x00,0x00
    19 00004B2B 000000000000000000- <1>
    19 00004B34 000000000000        <1>
    20 00004B3A 00FE0000002C000000- <1>     db 0x00,0xFE,0x00,0x00,0x00,0x2C,0x00,0x00,0x00,0x00,0x00,0x00,0x00,0x00,0x00,0x00,0x00,0x00,0x00,0x00,0x00,0x00,0x00,0x00
    20 00004B43 000000000000000000- <1>
    20 00004B4C 000000000000        <1>
    21 00004B52 000000000000000000- <1>     db 0x00,0x00,0x00,0x00,0x00,0x00,0x00,0x00,0x00,0x00,0x00,0x00,0x00,0x00,0x00,0x00,0xC0,0x2F,0x01,0x00,0x00,0x38,0x00,0x00
    21 00004B5B 00000000000000C02F- <1>
    21 00004B64 010000380000        <1>
    22 00004B6A 000000000000000000- <1>     db 0x00,0x00,0x00,0x00,0x00,0x00,0x00,0x00,0x00,0x00,0x00,0x00,0x00,0x00,0x00,0x00,0x00,0x00,0x00,0x00,0x00,0x00,0x00,0x00
    22 00004B73 000000000000000000- <1>
    22 00004B7C 000000000000        <1>
    23 00004B82 0000000000000000F4- <1>     db 0x00,0x00,0x00,0x00,0x00,0x00,0x00,0x00,0xF4,0x4B,0x00,0x00,0x00,0x38,0x00,0x00,0x00,0x00,0x00,0x00,0x00,0x00,0x00,0x00
    23 00004B8B 4B0000003800000000- <1>
    23 00004B94 000000000000        <1>
    24 00004B9A 000000000000000000- <1>     db 0x00,0x00,0x00,0x00,0x00,0x00,0x00,0x00,0x00,0x00,0x00,0x00,0x00,0x00,0x00,0x00,0x00,0x00,0x00,0x00,0x00,0x00,0x00,0x00
    24 00004BA3 000000000000000000- <1>
    24 00004BAC 000000000000        <1>
    25 00004BB2 FD2100000038000000- <1>     db 0xFD,0x21,0x00,0x00,0x00,0x38,0x00,0x00,0x00,0x00,0x00,0x00,0x00,0x00,0x00,0x00,0x00,0x00,0x00,0x00,0x00,0x00,0x00,0x00
    25 00004BBB 000000000000000000- <1>
    25 00004BC4 000000000000        <1>
    26 00004BCA 000000000000000000- <1>     db 0x00,0x00,0x00,0x00,0x00,0x00,0x00,0x00,0x00,0x00,0x00,0x00,0x00,0x00,0x00,0x40,0x7F,0x08,0x00,0x00,0x00,0x28,0x00,0x00
    26 00004BD3 000000000000407F08- <1>
    26 00004BDC 000000280000        <1>
    27 00004BE2 000000000000000000- <1>     db 0x00,0x00,0x00,0x00,0x00,0x00,0x00,0x00,0x00,0x00,0x00,0x00,0x00,0x00,0x00,0x00,0x00,0x00,0x00,0x00,0x00,0x00,0x00,0x00
    27 00004BEB 000000000000000000- <1>
    27 00004BF4 000000000000        <1>
    28 00004BFA 00000000000000E01F- <1>     db 0x00,0x00,0x00,0x00,0x00,0x00,0x00,0xE0,0x1F,0x02,0x00,0x00,0x50,0x28,0x00,0x00,0x00,0x00,0x00,0x00,0x00,0x00,0x00,0x00
    28 00004C03 020000502800000000- <1>
    28 00004C0C 000000000000        <1>
    29 00004C12 000000000000000000- <1>     db 0x00,0x00,0x00,0x00,0x00,0x00,0x00,0x00,0x00,0x00,0x00,0x00,0x00,0x00,0x00,0x00,0x00,0x00,0x00,0x00,0x00,0x00,0x00,0xF8
    29 00004C1B 000000000000000000- <1>
    29 00004C24 0000000000F8        <1>
    30 00004C2A 870000002028000000- <1>     db 0x87,0x00,0x00,0x00,0x20,0x28,0x00,0x00,0x00,0x00,0x00,0x00,0x00,0x00,0x00,0x00,0x00,0x00,0x00,0x00,0x00,0x00,0x00,0x00
    30 00004C33 000000000000000000- <1>
    30 00004C3C 000000000000        <1>
    31 00004C42 000000000000000000- <1>     db 0x00,0x00,0x00,0x00,0x00,0x00,0x00,0x00,0x00,0x00,0x00,0x00,0x00,0x00,0x00,0xFE,0x61,0x01,0x00,0x00,0x14,0x28,0x00,0x00
    31 00004C4B 000000000000FE6101- <1>
    31 00004C54 000014280000        <1>
    32 00004C5A 000000000000000000- <1>     db 0x00,0x00,0x00,0x00,0x00,0x00,0x00,0x00,0x00,0x00,0x00,0x00,0x00,0x00,0x00,0x00,0x00,0x00,0x00,0x00,0x00,0x00,0x00,0x00
    32 00004C63 000000000000000000- <1>
    32 00004C6C 000000000000        <1>
    33 00004C72 00000000000080BF68- <1>     db 0x00,0x00,0x00,0x00,0x00,0x00,0x80,0xBF,0x68,0x00,0x00,0x00,0x18,0x28,0x00,0x00,0x00,0x00,0x00,0x00,0x00,0x00,0x00,0x00
    33 00004C7B 000000182800000000- <1>
    33 00004C84 000000000000        <1>
    34 00004C8A 000000000000000000- <1>     db 0x00,0x00,0x00,0x00,0x00,0x00,0x00,0x00,0x00,0x00,0x00,0x00,0x00,0x00,0x00,0x00,0x00,0x00,0x00,0x00,0x00,0x00,0xE0,0x2F
    34 00004C93 000000000000000000- <1>
    34 00004C9C 00000000E02F        <1>
    35 00004CA2 1E0000002E18000000- <1>     db 0x1E,0x00,0x00,0x00,0x2E,0x18,0x00,0x00,0x00,0x00,0x00,0x00,0x00,0x00,0x00,0x00,0x00,0x00,0x00,0x00,0x00,0x00,0x00,0x00
    35 00004CAB 000000000000000000- <1>
    35 00004CB4 000000000000        <1>
    36 00004CBA 000000000000000000- <1>     db 0x00,0x00,0x00,0x00,0x00,0x00,0x00,0x00,0x00,0x00,0x00,0x00,0x00,0x00,0xF8,0x4F,0x03,0x00,0x00,0x00,0x58,0x1C,0x00,0x00
    36 00004CC3 0000000000F84F0300- <1>
    36 00004CCC 0000581C0000        <1>
    37 00004CD2 000000000000000000- <1>     db 0x00,0x00,0x00,0x00,0x00,0x00,0x00,0x00,0x00,0x00,0x00,0x00,0x00,0x00,0x00,0x00,0x00,0x00,0x00,0x00,0x00,0x00,0x00,0x00
    37 00004CDB 000000000000000000- <1>
    37 00004CE4 000000000000        <1>
    38 00004CEA 000000000000FD9300- <1>     db 0x00,0x00,0x00,0x00,0x00,0x00,0xFD,0x93,0x00,0x00,0x00,0x00,0x2D,0x1C,0x00,0x00,0x00,0x00,0x00,0x00,0x00,0x00,0x00,0x00
    38 00004CF3 0000002D1C00000000- <1>
    38 00004CFC 000000000000        <1>
    39 00004D02 000000000000000000- <1>     db 0x00,0x00,0x00,0x00,0x00,0x00,0x00,0x00,0x00,0x00,0x00,0x00,0x00,0x00,0x00,0x00,0x00,0x00,0x00,0x00,0x00,0x40,0xFF,0x31
    39 00004D0B 000000000000000000- <1>
    39 00004D14 00000040FF31        <1>
    40 00004D1A 000000000F0C000000- <1>     db 0x00,0x00,0x00,0x00,0x0F,0x0C,0x00,0x00,0x00,0x00,0x00,0x00,0x00,0x00,0x00,0x00,0x00,0x00,0x00,0x00,0x00,0x00,0x00,0x00
    40 00004D23 000000000000000000- <1>
    40 00004D2C 000000000000        <1>
    41 00004D32 000000000000000000- <1>     db 0x00,0x00,0x00,0x00,0x00,0x00,0x00,0x00,0x00,0x00,0x00,0x00,0x00,0xD0,0x7F,0x18,0x05,0x00,0x00,0x80,0x07,0x0D,0x00,0x00
    41 00004D3B 00000000D07F180500- <1>
    41 00004D44 0080070D0000        <1>
    42 00004D4A 000000000000000000- <1>     db 0x00,0x00,0x00,0x00,0x00,0x00,0x00,0x00,0x00,0x00,0x00,0x00,0x00,0x00,0x00,0x00,0x00,0x00,0x00,0x00,0x00,0x00,0x00,0x00
    42 00004D53 000000000000000000- <1>
    42 00004D5C 000000000000        <1>
    43 00004D62 0000000000F02F9900- <1>     db 0x00,0x00,0x00,0x00,0x00,0xF0,0x2F,0x99,0x00,0x00,0x00,0xF0,0x17,0x09,0x00,0x00,0x00,0x00,0x00,0x00,0x00,0x00,0x00,0x00
    43 00004D6B 0000F0170900000000- <1>
    43 00004D74 000000000000        <1>
    44 00004D7A 000000000000000000- <1>     db 0x00,0x00,0x00,0x00,0x00,0x00,0x00,0x00,0x00,0x00,0x00,0x00,0x00,0x00,0x00,0x00,0x00,0x00,0x00,0x00,0x00,0xF8,0x4A,0x1A
    44 00004D83 000000000000000000- <1>
    44 00004D8C 000000F84A1A        <1>
    45 00004D92 000000E80F09000000- <1>     db 0x00,0x00,0x00,0xE8,0x0F,0x09,0x00,0x00,0x00,0x00,0x00,0x00,0x00,0x00,0x00,0x00,0x00,0x00,0x00,0x00,0x00,0x00,0x00,0x00
    45 00004D9B 000000000000000000- <1>
    45 00004DA4 000000000000        <1>
    46 00004DAA 000000000000000000- <1>     db 0x00,0x00,0x00,0x00,0x00,0x00,0x00,0x00,0x00,0x00,0x00,0x00,0x00,0xFE,0x81,0x07,0x00,0x00,0x00,0xD0,0x07,0x06,0x00,0x00
    46 00004DB3 00000000FE81070000- <1>
    46 00004DBC 00D007060000        <1>
    47 00004DC2 000000000000000000- <1>     db 0x00,0x00,0x00,0x00,0x00,0x00,0x00,0x00,0x00,0x00,0x00,0x00,0x00,0x00,0x00,0x00,0x00,0x00,0x00,0x00,0x00,0x00,0x00,0x00
    47 00004DCB 000000000000000000- <1>
    47 00004DD4 000000000000        <1>
    48 00004DDA 00000000407FD00100- <1>     db 0x00,0x00,0x00,0x00,0x40,0x7F,0xD0,0x01,0x00,0x00,0x00,0xF4,0x02,0x06,0x00,0x00,0x00,0x00,0x00,0x00,0x00,0x00,0x00,0x00
    48 00004DE3 0000F4020600000000- <1>
    48 00004DEC 000000000000        <1>
    49 00004DF2 000000000000000000- <1>     db 0x00,0x00,0x00,0x00,0x00,0x00,0x00,0x00,0x00,0x00,0x00,0x00,0x00,0x00,0x00,0x00,0x00,0x00,0x00,0x00,0xC4,0x1F,0x70,0x10
    49 00004DFB 000000000000000000- <1>
    49 00004E04 0000C41F7010        <1>
    50 00004E0A 000000BC0403000000- <1>     db 0x00,0x00,0x00,0xBC,0x04,0x03,0x00,0x00,0x00,0x00,0x00,0x00,0x00,0x00,0x00,0x00,0x00,0x00,0x00,0x00,0x00,0x00,0x00,0x00
    50 00004E13 000000000000000000- <1>
    50 00004E1C 000000000000        <1>
    51 00004E22 000000000000000000- <1>     db 0x00,0x00,0x00,0x00,0x00,0x00,0x00,0x00,0x00,0x00,0x00,0x00,0xE2,0x0B,0x68,0x0A,0x00,0x00,0x00,0xBE,0x0B,0x03,0x00,0x00
    51 00004E2B 000000E20B680A0000- <1>
    51 00004E34 00BE0B030000        <1>
    52 00004E3A 000000000000000400- <1>     db 0x00,0x00,0x00,0x00,0x00,0x00,0x00,0x04,0x00,0x00,0x00,0x00,0x00,0x00,0x00,0x00,0x00,0x00,0x00,0x00,0x00,0x00,0x00,0x00
    52 00004E43 000000000000000000- <1>
    52 00004E4C 000000000000        <1>
    53 00004E52 00000080F503FC0100- <1>     db 0x00,0x00,0x00,0x80,0xF5,0x03,0xFC,0x01,0x00,0x00,0x40,0xFE,0x42,0x02,0x00,0x00,0x00,0x00,0x00,0x00,0x00,0x00,0x00,0x07
    53 00004E5B 0040FE420200000000- <1>
    53 00004E64 000000000007        <1>
    54 00004E6A 000000000000000000- <1>     db 0x00,0x00,0x00,0x00,0x00,0x00,0x00,0x00,0x00,0x00,0x00,0x00,0x00,0x00,0x00,0x00,0x00,0x00,0x00,0xA0,0xFD,0x01,0x7E,0x00
    54 00004E73 000000000000000000- <1>
    54 00004E7C 00A0FD017E00        <1>
    55 00004E82 000000BF4001000000- <1>     db 0x00,0x00,0x00,0xBF,0x40,0x01,0x00,0x00,0x00,0x00,0x00,0x18,0x00,0x00,0x40,0x01,0x00,0x00,0x00,0x00,0x00,0x00,0x00,0x00
    55 00004E8B 000018000040010000- <1>
    55 00004E94 000000000000        <1>
    56 00004E9A 000000000000000000- <1>     db 0x00,0x00,0x00,0x00,0x00,0x00,0x00,0x00,0x00,0x00,0x00,0x38,0xBF,0x40,0x1F,0x00,0x00,0x00,0x80,0x1F,0x80,0x01,0x00,0x00
    56 00004EA3 000038BF401F000000- <1>
    56 00004EAC 801F80010000        <1>
    57 00004EB2 0000000E0000000000- <1>     db 0x00,0x00,0x00,0x0E,0x00,0x00,0x00,0x00,0x00,0x00,0x00,0x00,0x00,0x00,0x00,0x00,0x00,0x00,0x00,0x00,0x00,0x00,0x00,0x00
    57 00004EBB 000000000000000000- <1>
    57 00004EC4 000000000000        <1>
    58 00004ECA 0000009E3F801B0000- <1>     db 0x00,0x00,0x00,0x9E,0x3F,0x80,0x1B,0x00,0x00,0x00,0xE0,0x07,0x80,0x00,0x00,0x00,0x00,0x00,0x40,0x07,0x00,0x00,0x00,0x00
    58 00004ED3 00E007800000000000- <1>
    58 00004EDC 400700000000        <1>
    59 00004EE2 000000000000000000- <1>     db 0x00,0x00,0x00,0x00,0x00,0x00,0x00,0x00,0x00,0x00,0x00,0x00,0x00,0x00,0x00,0x00,0x00,0x00,0x80,0xCB,0x2F,0x90,0xA6,0x00
    59 00004EEB 000000000000000000- <1>
    59 00004EF4 80CB2F90A600        <1>
    60 00004EFA 0000FC4B8000000000- <1>     db 0x00,0x00,0xFC,0x4B,0x80,0x00,0x00,0x00,0x00,0x00,0x80,0x01,0x00,0x00,0x00,0x00,0x00,0x00,0x00,0x00,0x00,0x00,0x00,0x00
    60 00004F03 008001000000000000- <1>
    60 00004F0C 000000000000        <1>
    61 00004F12 000000000000000000- <1>     db 0x00,0x00,0x00,0x00,0x00,0x00,0x00,0x00,0x00,0x00,0xD0,0xE6,0x07,0xD0,0x1F,0x00,0x00,0x40,0xFF,0x67,0x90,0x00,0x00,0x00
    61 00004F1B 00D0E607D01F000040- <1>
    61 00004F24 FF6790000000        <1>
    62 00004F2A 000000000000000000- <1>     db 0x00,0x00,0x00,0x00,0x00,0x00,0x00,0x00,0x00,0x00,0x00,0x00,0x00,0x00,0x00,0x00,0x00,0x00,0x00,0x00,0x00,0x00,0x00,0x00
    62 00004F33 000000000000000000- <1>
    62 00004F3C 000000000000        <1>
    63 00004F42 0000F4F102F0030000- <1>     db 0x00,0x00,0xF4,0xF1,0x02,0xF0,0x03,0x00,0x00,0x00,0xF8,0x1F,0x50,0x00,0x00,0x00,0x00,0x00,0x00,0x00,0x00,0x00,0x00,0x00
    63 00004F4B 00F81F500000000000- <1>
    63 00004F54 000000000000        <1>
    64 00004F5A 000000000000000000- <1>     db 0x00,0x00,0x00,0x00,0x00,0x00,0x00,0x00,0x00,0x00,0x00,0x00,0x00,0x00,0x00,0x00,0x00,0x00,0xBD,0xF4,0x01,0xA8,0x06,0x00
    64 00004F63 000000000000000000- <1>
    64 00004F6C BDF401A80600        <1>
    65 00004F72 0000FD022000000000- <1>     db 0x00,0x00,0xFD,0x02,0x20,0x00,0x00,0x00,0x00,0x00,0x00,0x00,0x00,0x00,0x00,0x00,0x00,0x00,0x00,0x00,0x00,0x00,0x00,0x00
    65 00004F7B 000000000000000000- <1>
    65 00004F84 000000000000        <1>
    66 00004F8A 000000000000000000- <1>     db 0x00,0x00,0x00,0x00,0x00,0x00,0x00,0x00,0x00,0x00,0x3F,0xBD,0x00,0xE9,0x50,0x00,0x00,0x40,0xBF,0x06,0x30,0x00,0x00,0x00
    66 00004F93 003FBD00E950000040- <1>
    66 00004F9C BF0630000000        <1>
    67 00004FA2 000000000000000000- <1>     db 0x00,0x00,0x00,0x00,0x00,0x00,0x00,0x00,0x00,0x00,0x00,0x00,0x00,0x00,0x00,0x00,0x00,0x00,0x00,0x00,0x00,0x00,0x00,0x00
    67 00004FAB 000000000000000000- <1>
    67 00004FB4 000000000000        <1>
    68 00004FBA 00801F7F00B51F0000- <1>     db 0x00,0x80,0x1F,0x7F,0x00,0xB5,0x1F,0x00,0x00,0xC0,0xFF,0x01,0x24,0x00,0x00,0x00,0x00,0x00,0x00,0x00,0x00,0x00,0x00,0x00
    68 00004FC3 C0FF01240000000000- <1>
    68 00004FCC 000000000000        <1>
    69 00004FD2 000000000000000000- <1>     db 0x00,0x00,0x00,0x00,0x00,0x00,0x00,0x00,0x00,0x00,0x00,0x00,0x00,0x00,0x00,0x00,0x00,0xE0,0x4B,0x3F,0x00,0xFC,0x02,0x00
    69 00004FDB 0000000000000000E0- <1>
    69 00004FE4 4B3F00FC0200        <1>
    70 00004FEA 00F47F002400000000- <1>     db 0x00,0xF4,0x7F,0x00,0x24,0x00,0x00,0x00,0x00,0x00,0x00,0x00,0x00,0x00,0x00,0x00,0x00,0x00,0x00,0x00,0x00,0x00,0x00,0x00
    70 00004FF3 000000000000000000- <1>
    70 00004FFC 000000000000        <1>
    71 00005002 000000000000000000- <1>     db 0x00,0x00,0x00,0x00,0x00,0x00,0x00,0x00,0x00,0xF8,0x87,0x1F,0x00,0x7A,0x00,0x00,0x00,0xFD,0x0B,0x00,0x24,0x00,0x00,0x00
    71 0000500B F8871F007A000000FD- <1>
    71 00005014 0B0024000000        <1>
    72 0000501A 000000004002000000- <1>     db 0x00,0x00,0x00,0x00,0x40,0x02,0x00,0x00,0x00,0x00,0x00,0x00,0x00,0x00,0x00,0x00,0x00,0x00,0x00,0x00,0x00,0x00,0x00,0x00
    72 00005023 000000000000000000- <1>
    72 0000502C 000000000000        <1>
    73 00005032 00FDC20F4059000000- <1>     db 0x00,0xFD,0xC2,0x0F,0x40,0x59,0x00,0x00,0x00,0xF9,0x1B,0x01,0x18,0x00,0x00,0x00,0x00,0x00,0x00,0x00,0xD0,0x01,0x00,0x00
    73 0000503B F91B01180000000000- <1>
    73 00005044 0000D0010000        <1>
    74 0000504A 000000000000000000- <1>     db 0x00,0x00,0x00,0x00,0x00,0x00,0x00,0x00,0x00,0x00,0x00,0x00,0x00,0x00,0x00,0x00,0x80,0x7F,0xD1,0x07,0x00,0x2D,0x00,0x00
    74 00005053 00000000000000807F- <1>
    74 0000505C D107002D0000        <1>
    75 00005062 00F89F010C00000000- <1>     db 0x00,0xF8,0x9F,0x01,0x0C,0x00,0x00,0x00,0x00,0x00,0x01,0x00,0x10,0x00,0x00,0x00,0x00,0x00,0x00,0x00,0x00,0x00,0x00,0x00
    75 0000506B 000100100000000000- <1>
    75 00005074 000000000000        <1>
    76 0000507A 0000000000000000E0- <1>     db 0x00,0x00,0x00,0x00,0x00,0x00,0x00,0x00,0xE0,0x1F,0xE0,0x03,0x00,0x5B,0x00,0x00,0x00,0xFE,0x7F,0x00,0x0D,0x00,0x20,0x00
    76 00005083 1FE003005B000000FE- <1>
    76 0000508C 7F000D002000        <1>
    77 00005092 00D001000000000000- <1>     db 0x00,0xD0,0x01,0x00,0x00,0x00,0x00,0x00,0x00,0x00,0x00,0x00,0x00,0x00,0x00,0x00,0x00,0x00,0x00,0x00,0x00,0x00,0x00,0x00
    77 0000509B 000000000000000000- <1>
    77 000050A4 000000000000        <1>
    78 000050AA F90BF003401B000080- <1>     db 0xF9,0x0B,0xF0,0x03,0x40,0x1B,0x00,0x00,0x80,0xFF,0x0F,0x00,0x0A,0x00,0x28,0x00,0x00,0xF8,0x00,0x00,0x00,0x00,0x00,0x00
    78 000050B3 FF0F000A00280000F8- <1>
    78 000050BC 000000000000        <1>
    79 000050C2 000000000000000000- <1>     db 0x00,0x00,0x00,0x00,0x00,0x00,0x00,0x00,0x00,0x00,0x00,0x00,0x00,0x00,0x00,0x80,0xFF,0x02,0xB8,0x02,0xC0,0x01,0x00,0x00
    79 000050CB 00000000000080FF02- <1>
    79 000050D4 B802C0010000        <1>
    80 000050DA E0FF024007000D0040- <1>     db 0xE0,0xFF,0x02,0x40,0x07,0x00,0x0D,0x00,0x40,0xBF,0x00,0x00,0x00,0x00,0x00,0x00,0x00,0x00,0x00,0x00,0x00,0x00,0x00,0x00
    80 000050E3 BF0000000000000000- <1>
    80 000050EC 000000000000        <1>
    81 000050F2 00000000000000F4BF- <1>     db 0x00,0x00,0x00,0x00,0x00,0x00,0x00,0xF4,0xBF,0x04,0x78,0x02,0x50,0x05,0x00,0x00,0xF8,0x7F,0x00,0x40,0x03,0x00,0x00,0x00
    81 000050FB 04780250050000F87F- <1>
    81 00005104 004003000000        <1>
    82 0000510A E07F00000000000000- <1>     db 0xE0,0x7F,0x00,0x00,0x00,0x00,0x00,0x00,0x00,0x00,0x00,0x00,0x00,0x00,0x00,0x00,0x00,0x00,0x00,0x00,0x00,0x00,0x00,0xFE
    82 00005113 000000000000000000- <1>
    82 0000511C 0000000000FE        <1>
    83 00005122 6F067501000B0000F5- <1>     db 0x6F,0x06,0x75,0x01,0x00,0x0B,0x00,0x00,0xF5,0xFF,0x15,0xC0,0x02,0x00,0x00,0x00,0xF4,0x3F,0x00,0x00,0x00,0x00,0x00,0x00
    83 0000512B FF15C002000000F43F- <1>
    83 00005134 000000000000        <1>
    84 0000513A 000000000000000000- <1>     db 0x00,0x00,0x00,0x00,0x00,0x00,0x00,0x00,0x00,0x00,0x00,0x00,0x00,0x00,0xD0,0xFF,0xAB,0x00,0x68,0x01,0x80,0x01,0x00,0x00
    84 00005143 0000000000D0FFAB00- <1>
    84 0000514C 680180010000        <1>
    85 00005152 F9FF0BD001000000F8- <1>     db 0xF9,0xFF,0x0B,0xD0,0x01,0x00,0x00,0x00,0xF8,0x1F,0x00,0x00,0x00,0x00,0x00,0x00,0x00,0x00,0x00,0x00,0x00,0x00,0x00,0x00
    85 0000515B 1F0000000000000000- <1>
    85 00005164 000000000000        <1>
    86 0000516A 000000000000F8FF2F- <1>     db 0x00,0x00,0x00,0x00,0x00,0x00,0xF8,0xFF,0x2F,0x00,0x58,0x00,0x80,0x00,0x00,0x00,0xF4,0xFF,0x01,0xF0,0x00,0x00,0x00,0x00
    86 00005173 00580080000000F4FF- <1>
    86 0000517C 01F000000000        <1>
    87 00005182 FC0F00000000000000- <1>     db 0xFC,0x0F,0x00,0x00,0x00,0x00,0x00,0x00,0x00,0x00,0x00,0x00,0x00,0x00,0x00,0x00,0x00,0x00,0x00,0x00,0x00,0x00,0xFE,0xFF
    87 0000518B 000000000000000000- <1>
    87 00005194 00000000FEFF        <1>
    88 0000519A 0B00080010000000FE- <1>     db 0x0B,0x00,0x08,0x00,0x10,0x00,0x00,0x00,0xFE,0x2F,0x00,0xB4,0x00,0x00,0x00,0x00,0xFD,0x06,0x00,0x00,0x00,0x00,0x00,0x00
    88 000051A3 2F00B400000000FD06- <1>
    88 000051AC 000000000000        <1>
    89 000051B2 000000000000000000- <1>     db 0x00,0x00,0x00,0x00,0x00,0x00,0x00,0x00,0x00,0x00,0x00,0x00,0x00,0xD0,0xFF,0xF6,0x02,0x00,0x08,0x00,0x00,0x00,0x00,0xE4
    89 000051BB 00000000D0FFF60200- <1>
    89 000051C4 0800000000E4        <1>
    90 000051CA FF02003C00000000BF- <1>     db 0xFF,0x02,0x00,0x3C,0x00,0x00,0x00,0x00,0xBF,0x00,0x00,0x00,0x00,0x00,0x00,0x00,0x00,0x00,0x00,0x00,0x00,0x00,0x00,0x00
    90 000051D3 000000000000000000- <1>
    90 000051DC 000000000000        <1>
    91 000051E2 0000000000F86FBD00- <1>     db 0x00,0x00,0x00,0x00,0x00,0xF8,0x6F,0xBD,0x00,0x00,0x04,0x00,0x00,0x00,0x40,0xFA,0x2F,0x00,0x00,0x2D,0x00,0x00,0x00,0x40
    91 000051EB 000400000040FA2F00- <1>
    91 000051F4 002D00000040        <1>
    92 000051FA 1B0000000800000000- <1>     db 0x1B,0x00,0x00,0x00,0x08,0x00,0x00,0x00,0x00,0x00,0x00,0x00,0x00,0x00,0x00,0x00,0x00,0x00,0x00,0x00,0x00,0xFE,0x4B,0x5E
    92 00005203 000000000000000000- <1>
    92 0000520C 000000FE4B5E        <1>
    93 00005212 1900000000000090FF- <1>     db 0x19,0x00,0x00,0x00,0x00,0x00,0x00,0x90,0xFF,0x16,0x00,0x1F,0x00,0x00,0x00,0x80,0x01,0x00,0x00,0x00,0x02,0x00,0x00,0x00
    93 0000521B 16001F000000800100- <1>
    93 00005224 000002000000        <1>
    94 0000522A 000000000000000000- <1>     db 0x00,0x00,0x00,0x00,0x00,0x00,0x00,0x00,0x00,0x00,0x00,0x00,0xD0,0xBF,0x41,0xAB,0x07,0x00,0x00,0x00,0x00,0x00,0x00,0xE8
    94 00005233 000000D0BF41AB0700- <1>
    94 0000523C 0000000000E8        <1>
    95 00005242 FF1B800B0000000000- <1>     db 0xFF,0x1B,0x80,0x0B,0x00,0x00,0x00,0x00,0x00,0x00,0x00,0x00,0x00,0x00,0x00,0x50,0x00,0x00,0x00,0x00,0x00,0x00,0x00,0x00
    95 0000524B 000000000000500000- <1>
    95 00005254 000000000000        <1>
    96 0000525A 00000000F45F908100- <1>     db 0x00,0x00,0x00,0x00,0xF4,0x5F,0x90,0x81,0x00,0x00,0x00,0x00,0x00,0x00,0x00,0x80,0x7F,0x00,0xD0,0x07,0x00,0x00,0x00,0x00
    96 00005263 000000000000807F00- <1>
    96 0000526C D00700000000        <1>
    97 00005272 000000000000402E00- <1>     db 0x00,0x00,0x00,0x00,0x00,0x00,0x40,0x2E,0x00,0x00,0x00,0x00,0x00,0x00,0x00,0x00,0x00,0x00,0x00,0x00,0xFD,0x02,0x04,0x10
    97 0000527B 000000000000000000- <1>
    97 00005284 0000FD020410        <1>
    98 0000528A 00000000000040EA7F- <1>     db 0x00,0x00,0x00,0x00,0x00,0x00,0x40,0xEA,0x7F,0x00,0xE0,0x01,0x00,0x00,0x00,0x00,0x00,0x00,0x00,0x00,0x00,0x00,0xE0,0x0B
    98 00005293 00E001000000000000- <1>
    98 0000529C 00000000E00B        <1>
    99 000052A2 000000000000000000- <1>     db 0x00,0x00,0x00,0x00,0x00,0x00,0x00,0x00,0x00,0x00,0x00,0x80,0x7F,0x00,0x00,0x00,0x00,0x00,0x00,0x00,0x00,0x00,0x00,0xE5
    99 000052AB 0000807F0000000000- <1>
    99 000052B4 0000000000E5        <1>
   100 000052BA 0B00F4000004000000- <1>     db 0x0B,0x00,0xF4,0x00,0x00,0x04,0x00,0x00,0x00,0x00,0x00,0x00,0x00,0x00,0xFC,0x02,0x00,0x00,0x00,0x00,0x00,0x00,0x00,0x00
   100 000052C3 0000000000FC020000- <1>
   100 000052CC 000000000000        <1>
   101 000052D2 000000E00F00000000- <1>     db 0x00,0x00,0x00,0xE0,0x0F,0x00,0x00,0x00,0x00,0x00,0x00,0x00,0x00,0x00,0x00,0xE8,0x6F,0x00,0x78,0x00,0x00,0x0A,0x00,0x00
   101 000052DB 000000000000E86F00- <1>
   101 000052E4 7800000A0000        <1>
   102 000052EA 0000000000006F0000- <1>     db 0x00,0x00,0x00,0x00,0x00,0x00,0x6F,0x00,0x00,0x00,0x00,0x00,0x00,0x00,0x00,0x00,0x00,0x00,0x00,0xF8,0x02,0x00,0x00,0x00
   102 000052F3 000000000000000000- <1>
   102 000052FC 00F802000000        <1>
   103 00005302 00000000000040A0AA- <1>     db 0x00,0x00,0x00,0x00,0x00,0x00,0x40,0xA0,0xAA,0x01,0x3A,0x00,0xD0,0x07,0x00,0x00,0x00,0x00,0x00,0x00,0x00,0x40,0x01,0x00
   103 0000530B 013A00D00700000000- <1>
   103 00005314 000000400100        <1>
   104 0000531A 000000000000000000- <1>     db 0x00,0x00,0x00,0x00,0x00,0x00,0x00,0x00,0x00,0x00,0x00,0x7E,0x00,0x00,0x00,0x00,0x00,0x00,0x00,0x00,0x00,0x00,0x40,0xA5
   104 00005323 00007E000000000000- <1>
   104 0000532C 0000000040A5        <1>
   105 00005332 00401C00E003000100- <1>     db 0x00,0x40,0x1C,0x00,0xE0,0x03,0x00,0x01,0x00,0x00,0x00,0x00,0x00,0x00,0x00,0x00,0x00,0x00,0x00,0x00,0x00,0x00,0x00,0x00
   105 0000533B 000000000000000000- <1>
   105 00005344 000000000000        <1>
   106 0000534A 0000802F0000000000- <1>     db 0x00,0x00,0x80,0x2F,0x00,0x00,0x00,0x00,0x00,0x00,0x00,0x00,0x00,0x00,0x00,0x96,0x02,0x00,0x0B,0x00,0xF0,0x02,0x40,0x02
   106 00005353 000000000000960200- <1>
   106 0000535C 0B00F0024002        <1>
   107 00005362 000000000000000000- <1>     db 0x00,0x00,0x00,0x00,0x00,0x00,0x00,0x00,0x00,0x00,0x00,0x00,0x00,0x00,0x00,0x00,0x00,0x00,0xE0,0x07,0x00,0x00,0x00,0x00
   107 0000536B 000000000000000000- <1>
   107 00005374 E00700000000        <1>
   108 0000537A 000000000000000900- <1>     db 0x00,0x00,0x00,0x00,0x00,0x00,0x00,0x09,0x00,0x40,0x02,0x00,0x74,0x00,0x00,0x00,0x00,0x10,0x00,0x00,0x00,0x00,0x00,0x00
   108 00005383 400200740000000010- <1>
   108 0000538C 000000000000        <1>
   109 00005392 000000000000000000- <1>     db 0x00,0x00,0x00,0x00,0x00,0x00,0x00,0x00,0x00,0x00,0xF8,0x01,0x00,0x00,0x00,0x00,0x00,0x00,0x00,0x00,0x00,0x00,0x00,0x2D
   109 0000539B 00F801000000000000- <1>
   109 000053A4 00000000002D        <1>
   110 000053AA 004000000400000000- <1>     db 0x00,0x40,0x00,0x00,0x04,0x00,0x00,0x00,0x00,0x1E,0x00,0x00,0x00,0x00,0x00,0x00,0x00,0x00,0x00,0x00,0x00,0x00,0x00,0x00
   110 000053B3 1E0000000000000000- <1>
   110 000053BC 000000000000        <1>
   111 000053C2 0000BD000000000000- <1>     db 0x00,0x00,0xBD,0x00,0x00,0x00,0x00,0x00,0x00,0x00,0x00,0x00,0x00,0x00,0x00,0x74,0x00,0x00,0x00,0x00,0x00,0x00,0x00,0x00
   111 000053CB 000000000000740000- <1>
   111 000053D4 000000000000        <1>
   112 000053DA E40B00000000000000- <1>     db 0xE4,0x0B,0x00,0x00,0x00,0x00,0x00,0x00,0x00,0x00,0x00,0x00,0x00,0x00,0x00,0x00,0x00,0x80,0x2F,0x00,0x00,0x00,0x00,0x00
   112 000053E3 000000000000000080- <1>
   112 000053EC 2F0000000000        <1>
   113 000053F2 000000000000005400- <1>     db 0x00,0x00,0x00,0x00,0x00,0x00,0x00,0x54,0x00,0x00,0x00,0x00,0x00,0x00,0x00,0x40,0xFE,0x03,0x00,0x09,0x00,0x00,0x00,0x00
   113 000053FB 00000000000040FE03- <1>
   113 00005404 000900000000        <1>
   114 0000540A 000000000000000000- <1>     db 0x00,0x00,0x00,0x00,0x00,0x00,0x00,0x00,0x00,0xD0,0x1B,0x00,0x00,0x54,0x00,0x00,0x00,0x00,0x00,0x00,0x00,0x00,0x00,0x54
   114 00005413 D01B00005400000000- <1>
   114 0000541C 000000000054        <1>
   115 00005422 01000000000000E4FF- <1>     db 0x01,0x00,0x00,0x00,0x00,0x00,0x00,0xE4,0xFF,0x01,0x00,0x01,0x00,0x00,0x00,0x00,0x00,0x00,0x00,0x00,0x00,0x00,0x00,0x00
   115 0000542B 010001000000000000- <1>
   115 00005434 000000000000        <1>
   116 0000543A 00F00200901A000000- <1>     db 0x00,0xF0,0x02,0x00,0x90,0x1A,0x00,0x00,0x00,0x00,0x00,0x00,0x00,0x00,0x00,0x04,0x00,0x00,0x00,0x00,0x00,0x00,0x40,0xFF
   116 00005443 000000000000040000- <1>
   116 0000544C 0000000040FF        <1>
   117 00005452 BF0000000000000000- <1>     db 0xBF,0x00,0x00,0x00,0x00,0x00,0x00,0x00,0x00,0x00,0x00,0x00,0x00,0x00,0x00,0x00,0x00,0xB8,0x00,0x14,0xFA,0x5B,0x01,0x00
   117 0000545B 0000000000000000B8- <1>
   117 00005464 0014FA5B0100        <1>
   118 0000546A 000000000000000000- <1>     db 0x00,0x00,0x00,0x00,0x00,0x00,0x00,0x00,0x00,0x00,0x00,0x00,0x00,0x00,0xE0,0xFF,0x3F,0x00,0x00,0x00,0x00,0x00,0x00,0x00
   118 00005473 0000000000E0FF3F00- <1>
   118 0000547C 000000000000        <1>
   119 00005482 000000000000000000- <1>     db 0x00,0x00,0x00,0x00,0x00,0x00,0x00,0x00,0x00,0x7E,0x00,0x99,0xFF,0xFF,0x5A,0x00,0x00,0x00,0x00,0x00,0x00,0x00,0x00,0x00
   119 0000548B 7E0099FFFF5A000000- <1>
   119 00005494 000000000000        <1>
   120 0000549A 000000000600F4FF1F- <1>     db 0x00,0x00,0x00,0x00,0x06,0x00,0xF4,0xFF,0x1F,0x00,0x00,0x00,0x00,0x00,0x00,0x00,0x00,0x00,0x00,0x00,0x00,0x00,0x00,0x00
   120 000054A3 000000000000000000- <1>
   120 000054AC 000000000000        <1>
   121 000054B2 401F00EBFFFF6F0000- <1>     db 0x40,0x1F,0x00,0xEB,0xFF,0xFF,0x6F,0x00,0x00,0x00,0x00,0x00,0x00,0x00,0x00,0x00,0x00,0x00,0x00,0x40,0x01,0x00,0xF8,0xFF
   121 000054BB 000000000000000000- <1>
   121 000054C4 00400100F8FF        <1>
   122 000054CA 0B0000000000000000- <1>     db 0x0B,0x00,0x00,0x00,0x00,0x00,0x00,0x00,0x00,0x00,0x00,0x00,0x00,0x00,0x00,0x00,0xC0,0x17,0x80,0xE6,0x06,0x94,0xFE,0x06
   122 000054D3 00000000000000C017- <1>
   122 000054DC 80E60694FE06        <1>
   123 000054E2 000000000000000000- <1>     db 0x00,0x00,0x00,0x00,0x00,0x00,0x00,0x00,0x00,0x10,0x00,0x00,0x00,0x00,0xFD,0xFF,0x07,0x00,0x00,0x00,0x00,0x00,0x00,0x00
   123 000054EB 1000000000FDFF0700- <1>
   123 000054F4 000000000000        <1>
   124 000054FA 0000000000000000E0- <1>     db 0x00,0x00,0x00,0x00,0x00,0x00,0x00,0x00,0xE0,0x03,0x40,0x14,0x00,0x00,0x50,0x02,0x00,0x00,0x00,0x00,0x00,0x00,0x00,0x00
   124 00005503 034014000050020000- <1>
   124 0000550C 000000000000        <1>
   125 00005512 002800000000FFFF02- <1>     db 0x00,0x28,0x00,0x00,0x00,0x00,0xFF,0xFF,0x02,0x00,0x00,0x00,0x00,0x00,0x00,0x00,0x00,0x00,0x00,0x00,0x00,0x00,0x00,0x00
   125 0000551B 000000000000000000- <1>
   125 00005524 000000000000        <1>
   126 0000552A F40100000000000000- <1>     db 0xF4,0x01,0x00,0x00,0x00,0x00,0x00,0x00,0x00,0x00,0x00,0x00,0x00,0x00,0x00,0x00,0x00,0x1E,0x00,0x00,0x00,0x80,0xFF,0xFF
   126 00005533 00000000000000001E- <1>
   126 0000553C 00000080FFFF        <1>
   127 00005542 000020000000000000- <1>     db 0x00,0x00,0x20,0x00,0x00,0x00,0x00,0x00,0x00,0x00,0x00,0x00,0x00,0x00,0x00,0x00,0xF8,0x00,0x00,0x00,0x69,0x00,0x00,0x00
   127 0000554B 00000000000000F800- <1>
   127 00005554 000069000000        <1>
   128 0000555A 000000000000000000- <1>     db 0x00,0x00,0x00,0x00,0x00,0x00,0x00,0x00,0x00,0x0B,0x00,0x00,0x00,0xC0,0xFF,0x7F,0x00,0x00,0x09,0x00,0x00,0x00,0x00,0x00
   128 00005563 0B000000C0FF7F0000- <1>
   128 0000556C 090000000000        <1>
   129 00005572 0000000000000000BD- <1>     db 0x00,0x00,0x00,0x00,0x00,0x00,0x00,0x00,0xBD,0x00,0x50,0x00,0xBE,0x40,0xD0,0x57,0x00,0x00,0x00,0x00,0x00,0x54,0x00,0x00
   129 0000557B 005000BE40D0570000- <1>
   129 00005584 000000540000        <1>
   130 0000558A 4002000D00E0FF1B00- <1>     db 0x40,0x02,0x00,0x0D,0x00,0xE0,0xFF,0x1B,0x00,0x00,0x00,0x00,0x00,0x00,0x00,0x00,0x00,0x00,0x00,0x00,0x00,0x00,0x00,0x00
   130 00005593 000000000000000000- <1>
   130 0000559C 000000000000        <1>
   131 000055A2 7F00B4001940F41B00- <1>     db 0x7F,0x00,0xB4,0x00,0x19,0x40,0xF4,0x1B,0x00,0x00,0x00,0x00,0x00,0x01,0x00,0x00,0x00,0x00,0x80,0x0B,0x04,0xF4,0xBF,0x00
   131 000055AB 000000000100000000- <1>
   131 000055B4 800B04F4BF00        <1>
   132 000055BA 000000000000000000- <1>     db 0x00,0x00,0x00,0x00,0x00,0x00,0x00,0x00,0x00,0x00,0x00,0x00,0x00,0x00,0x00,0x80,0x7B,0x00,0x78,0x00,0x00,0x00,0xFC,0x01
   132 000055C3 000000000000807B00- <1>
   132 000055CC 78000000FC01        <1>
   133 000055D2 0000000000BD060000- <1>     db 0x00,0x00,0x00,0x00,0x00,0xBD,0x06,0x00,0x00,0x00,0xF4,0x07,0x08,0xF8,0x07,0x00,0x00,0x00,0x00,0x00,0x00,0x00,0x00,0x00
   133 000055DB 00F40708F807000000- <1>
   133 000055E4 000000000000        <1>
   134 000055EA 00000000000000D01B- <1>     db 0x00,0x00,0x00,0x00,0x00,0x00,0x00,0xD0,0x1B,0x00,0x2C,0x00,0x40,0x02,0xBE,0x01,0x00,0x00,0x00,0x00,0x00,0x90,0x00,0x00
   134 000055F3 002C004002BE010000- <1>
   134 000055FC 000000900000        <1>
   135 00005602 0000FC03006D000000- <1>     db 0x00,0x00,0xFC,0x03,0x00,0x6D,0x00,0x00,0x00,0x00,0x00,0x00,0x40,0x00,0x00,0x00,0x00,0x00,0x00,0x00,0x00,0x00,0x00,0xF0
   135 0000560B 000000400000000000- <1>
   135 00005614 0000000000F0        <1>
   136 0000561A 0A000E44D0417F0000- <1>     db 0x0A,0x00,0x0E,0x44,0xD0,0x41,0x7F,0x00,0x00,0x00,0x00,0x00,0x00,0x00,0x06,0x00,0x00,0x00,0xFD,0x01,0x00,0x01,0x00,0x00
   136 00005623 000000000006000000- <1>
   136 0000562C FD0100010000        <1>
   137 00005632 000000407E00000000- <1>     db 0x00,0x00,0x00,0x40,0x7E,0x00,0x00,0x00,0x00,0x00,0x00,0x00,0x00,0x00,0x00,0xB8,0x02,0x00,0x87,0x4E,0x42,0xC4,0x1F,0x00
   137 0000563B 000000000000B80200- <1>
   137 00005644 874E42C41F00        <1>
   138 0000564A 0000000000502E0000- <1>     db 0x00,0x00,0x00,0x00,0x00,0x50,0x2E,0x00,0x00,0x00,0xBE,0x00,0x00,0x00,0x00,0x00,0x00,0x00,0x00,0xF4,0x0B,0x00,0x00,0x00
   138 00005653 00BE00000000000000- <1>
   138 0000565C 00F40B000000        <1>
   139 00005662 00000000000000BD00- <1>     db 0x00,0x00,0x00,0x00,0x00,0x00,0x00,0xBD,0x00,0x40,0x01,0x10,0x40,0xF5,0x0B,0x00,0x00,0x00,0x00,0x00,0x00,0x00,0xA4,0x01
   139 0000566B 40011040F50B000000- <1>
   139 00005674 00000000A401        <1>
   140 0000567A 04001F000000000000- <1>     db 0x04,0x00,0x1F,0x00,0x00,0x00,0x00,0x00,0x00,0x00,0x00,0xFD,0x02,0x00,0x00,0x00,0x00,0x00,0x00,0x00,0x00,0x00,0x40,0x1F
   140 00005683 0000FD020000000000- <1>
   140 0000568C 00000000401F        <1>
   141 00005692 0040004059FE020000- <1>     db 0x00,0x40,0x00,0x40,0x59,0xFE,0x02,0x00,0x00,0x00,0x00,0x00,0x00,0x00,0x00,0x00,0x08,0x40,0x02,0x00,0x00,0x00,0x00,0x00
   141 0000569B 000000000000000840- <1>
   141 000056A4 020000000000        <1>
   142 000056AA 000040160000000000- <1>     db 0x00,0x00,0x40,0x16,0x00,0x00,0x00,0x00,0x00,0x00,0x00,0x00,0x00,0x00,0xD0,0x07,0x00,0x00,0xE4,0xBF,0xFA,0x7F,0x00,0x00
   142 000056B3 0000000000D0070000- <1>
   142 000056BC E4BFFA7F0000        <1>
   143 000056C2 000000000000000000- <1>     db 0x00,0x00,0x00,0x00,0x00,0x00,0x00,0x00,0x00,0x00,0x00,0x00,0x00,0x50,0x00,0x00,0x00,0x00,0x00,0x00,0x00,0x00,0x00,0x00
   143 000056CB 000000005000000000- <1>
   143 000056D4 000000000000        <1>
   144 000056DA 000000000000B40100- <1>     db 0x00,0x00,0x00,0x00,0x00,0x00,0xB4,0x01,0x00,0x00,0xF9,0xFF,0xFF,0x6B,0x00,0x00,0x00,0x00,0x00,0x00,0x00,0x00,0x00,0x00
   144 000056E3 00F9FFFF6B00000000- <1>
   144 000056EC 000000000000        <1>
   145 000056F2 000000000038000000- <1>     db 0x00,0x00,0x00,0x00,0x00,0x38,0x00,0x00,0x00,0x00,0x00,0x00,0x00,0x00,0x00,0x00,0x00,0x00,0x00,0x00,0x00,0x00,0x7E,0x00
   145 000056FB 000000000000000000- <1>
   145 00005704 000000007E00        <1>
   146 0000570A 0000A5FFFF0A000000- <1>     db 0x00,0x00,0xA5,0xFF,0xFF,0x0A,0x00,0x00,0x00,0x00,0x00,0x00,0x00,0x00,0x00,0x01,0x00,0x00,0x00,0x00,0x01,0x04,0x00,0x00
   146 00005713 000000000000010000- <1>
   146 0000571C 000001040000        <1>
   147 00005722 000000000000000000- <1>     db 0x00,0x00,0x00,0x00,0x00,0x00,0x00,0x00,0x00,0x00,0x00,0x00,0x00,0x80,0x1F,0x00,0x00,0x00,0xE9,0xEE,0x5A,0x00,0x00,0x00
   147 0000572B 00000000801F000000- <1>
   147 00005734 E9EE5A000000        <1>
   148 0000573A 000000000000900B00- <1>     db 0x00,0x00,0x00,0x00,0x00,0x00,0x90,0x0B,0x00,0x00,0x00,0xE4,0x01,0x00,0x00,0x00,0x04,0x00,0x00,0x00,0x00,0x00,0x00,0x00
   148 00005743 0000E4010000000400- <1>
   148 0000574C 000000000000        <1>
   149 00005752 0000000000E0020000- <1>     db 0x00,0x00,0x00,0x00,0x00,0xE0,0x02,0x00,0x00,0x00,0x65,0x56,0x01,0x00,0x00,0x00,0x00,0x00,0x00,0x00,0x00,0x00,0x40,0x7F
   149 0000575B 006556010000000000- <1>
   149 00005764 00000000407F        <1>
   150 0000576A 004040BF000000A407- <1>     db 0x00,0x40,0x40,0xBF,0x00,0x00,0x00,0xA4,0x07,0x00,0x00,0x00,0x00,0x00,0x00,0x00,0x00,0x00,0x00,0x00,0x00,0xBD,0x00,0x00
   150 00005773 000000000000000000- <1>
   150 0000577C 000000BD0000        <1>
   151 00005782 000040010000000000- <1>     db 0x00,0x00,0x40,0x01,0x00,0x00,0x00,0x00,0x00,0x00,0x00,0x00,0x00,0x00,0x00,0xF8,0x00,0x70,0xE0,0x3F,0x00,0x00,0x90,0xFF
   151 0000578B 000000000000F80070- <1>
   151 00005794 E03F000090FF        <1>
   152 0000579A 010000000000000000- <1>     db 0x01,0x00,0x00,0x00,0x00,0x00,0x00,0x00,0x00,0x00,0x00,0x00,0x40,0x1F,0x00,0x00,0x00,0x00,0x00,0x00,0x00,0x00,0x00,0x00
   152 000057A3 000000401F00000000- <1>
   152 000057AC 000000000000        <1>
   153 000057B2 00000000000000E401- <1>     db 0x00,0x00,0x00,0x00,0x00,0x00,0x00,0xE4,0x01,0x14,0xF4,0x1F,0x00,0x00,0xFE,0x7F,0x00,0x00,0x00,0x00,0x00,0x00,0x00,0x00
   153 000057BB 14F41F0000FE7F0000- <1>
   153 000057C4 000000000000        <1>
   154 000057CA 00000000E002000000- <1>     db 0x00,0x00,0x00,0x00,0xE0,0x02,0x00,0x00,0x00,0x00,0x00,0x00,0x00,0x00,0x00,0x00,0x00,0x00,0x00,0x00,0x00,0x00,0x00,0x00
   154 000057D3 000000000000000000- <1>
   154 000057DC 000000000000        <1>
   155 000057E2 0100FD0700C0FF1F00- <1>     db 0x01,0x00,0xFD,0x07,0x00,0xC0,0xFF,0x1F,0x00,0x00,0x00,0x00,0x00,0x00,0x00,0x00,0x00,0x00,0x00,0x00,0xBC,0x00,0x00,0x00
   155 000057EB 000000000000000000- <1>
   155 000057F4 0000BC000000        <1>
   156 000057FA 000000000000000000- <1>     db 0x00,0x00,0x00,0x00,0x00,0x00,0x00,0x00,0x00,0x00,0x00,0x00,0x00,0x00,0x00,0x00,0x00,0x00,0xFF,0x02,0x00,0xF0,0xFF,0x07
   156 00005803 000000000000000000- <1>
   156 0000580C FF0200F0FF07        <1>
   157 00005812 000000000000000000- <1>     db 0x00,0x00,0x00,0x00,0x00,0x00,0x00,0x00,0x00,0x00,0x00,0x40,0x1F,0x00,0x00,0x00,0x00,0x00,0x00,0x00,0x00,0x00,0x00,0x00
   157 0000581B 0000401F0000000000- <1>
   157 00005824 000000000000        <1>
   158 0000582A 000000000000000000- <1>     db 0x00,0x00,0x00,0x00,0x00,0x00,0x00,0x00,0x00,0x80,0xBF,0x00,0x00,0xF8,0xFF,0x01,0x00,0x00,0x00,0x00,0x00,0x00,0x00,0x00
   158 00005833 80BF0000F8FF010000- <1>
   158 0000583C 000000000000        <1>
   159 00005842 000000D00600000000- <1>     db 0x00,0x00,0x00,0xD0,0x06,0x00,0x00,0x00,0x00,0x00,0x00,0x00,0x00,0x00,0x00,0x00,0x00,0x00,0x00,0x00,0x00,0x00,0x00,0x00
   159 0000584B 000000000000000000- <1>
   159 00005854 000000000000        <1>
   160 0000585A 00D03F0000FE7F0000- <1>     db 0x00,0xD0,0x3F,0x00,0x00,0xFE,0x7F,0x00,0x00,0x00,0x00,0x00,0x00,0x00,0x00,0x00,0x00,0x00,0x00,0xF8,0x01,0x00,0x00,0x00
   160 00005863 000000000000000000- <1>
   160 0000586C 00F801000000        <1>
   161 00005872 000000000000000000- <1>     db 0x00,0x00,0x00,0x00,0x00,0x00,0x00,0x00,0x00,0x00,0x00,0x00,0x00,0x00,0x00,0x00,0x00,0xF0,0x1F,0x00,0x80,0xBF,0x16,0x00
   161 0000587B 0000000000000000F0- <1>
   161 00005884 1F0080BF1600        <1>
   162 0000588A 000000000000000000- <1>     db 0x00,0x00,0x00,0x00,0x00,0x00,0x00,0x00,0x00,0x00,0x00,0xAE,0x55,0x00,0x00,0x00,0x00,0x00,0x00,0x00,0x00,0x00,0x00,0x00
   162 00005893 0000AE550000000000- <1>
   162 0000589C 000000000000        <1>
   163 000058A2 000000000000000000- <1>     db 0x00,0x00,0x00,0x00,0x00,0x00,0x00,0x00,0x00,0xF8,0x07,0x00,0x90,0x05,0x00,0x00,0x40,0x05,0x00,0x00,0x00,0x00,0x00,0x00
   163 000058AB F80700900500004005- <1>
   163 000058B4 000000000000        <1>
   164 000058BA 0000D0FF1B00000000- <1>     db 0x00,0x00,0xD0,0xFF,0x1B,0x00,0x00,0x00,0x00,0x00,0x00,0x00,0x00,0x00,0x00,0x00,0x00,0x00,0x00,0x00,0x00,0x00,0x00,0x00
   164 000058C3 000000000000000000- <1>
   164 000058CC 000000000000        <1>
   165 000058D2 00FE02190000000080- <1>     db 0x00,0xFE,0x02,0x19,0x00,0x00,0x00,0x00,0x80,0x06,0x00,0x00,0x00,0x00,0x00,0x00,0x00,0x00,0xF4,0xBF,0x01,0x00,0x00,0x00
   165 000058DB 060000000000000000- <1>
   165 000058E4 F4BF01000000        <1>
   166 000058EA 000000000000000000- <1>     db 0x00,0x00,0x00,0x00,0x00,0x00,0x00,0x00,0x00,0x00,0x00,0x00,0x00,0x00,0x40,0x00,0x40,0xBF,0x40,0x06,0x00,0x00,0x00,0x00
   166 000058F3 0000000000400040BF- <1>
   166 000058FC 400600000000        <1>
   167 00005902 000000000000000000- <1>     db 0x00,0x00,0x00,0x00,0x00,0x00,0x00,0x00,0x00,0x00,0xBE,0x7F,0x00,0x00,0x00,0x00,0x00,0x00,0x00,0x00,0x00,0x00,0x00,0x00
   167 0000590B 00BE7F000000000000- <1>
   167 00005914 000000000000        <1>
   168 0000591A 0000000000008001C0- <1>     db 0x00,0x00,0x00,0x00,0x00,0x00,0x80,0x01,0xC0,0x1B,0x00,0x00,0x00,0x00,0x00,0x00,0x00,0x00,0x00,0x00,0x00,0x00,0x00,0x00
   168 00005923 1B0000000000000000- <1>
   168 0000592C 000000000000        <1>
   169 00005932 00809B1B0000000000- <1>     db 0x00,0x80,0x9B,0x1B,0x00,0x00,0x00,0x00,0x00,0x00,0x00,0x00,0x00,0x00,0x00,0x00,0x00,0x00,0x00,0x00,0x00,0x00,0x00,0x07
   169 0000593B 000000000000000000- <1>
   169 00005944 000000000007        <1>
   170 0000594A 500000000000000000- <1>     db 0x50,0x00,0x00,0x00,0x00,0x00,0x00,0x00,0x00,0x00,0x00,0x00,0x00,0x00,0x00,0x00,0x00,0xE0,0xB5,0x09,0x00,0x00,0x00,0x00
   170 00005953 0000000000000000E0- <1>
   170 0000595C B50900000000        <1>
   171 00005962 000000000000000000- <1>     db 0x00,0x00,0x00,0x00,0x00,0x00,0x00,0x00,0x00,0x00,0x00,0x00,0x00,0x40,0x50,0x0E,0x00,0x00,0x00,0x00,0x00,0x00,0x00,0x00
   171 0000596B 0000000040500E0000- <1>
   171 00005974 000000000000        <1>
   172 0000597A 000000000000000000- <1>     db 0x00,0x00,0x00,0x00,0x00,0x00,0x00,0x00,0x00,0x64,0x14,0x00,0x00,0x00,0x00,0x00,0x00,0x00,0x00,0x00,0x00,0x00,0x00,0x00
   172 00005983 641400000000000000- <1>
   172 0000598C 000000000000        <1>
   173 00005992 000000000000862F00- <1>     db 0x00,0x00,0x00,0x00,0x00,0x00,0x86,0x2F,0x00,0x04,0x00,0x00,0x00,0x6A,0x00,0x00,0x00,0x00,0x00,0x00,0x00,0x00,0x00,0x00
   173 0000599B 040000006A00000000- <1>
   173 000059A4 000000000000        <1>
   174 000059AA 40EB07020000000000- <1>     db 0x40,0xEB,0x07,0x02,0x00,0x00,0x00,0x00,0x00,0x00,0x00,0x00,0x00,0x00,0x00,0x00,0x00,0x00,0x00,0x00,0x00,0x00,0x1C,0x3F
   174 000059B3 000000000000000000- <1>
   174 000059BC 000000001C3F        <1>
   175 000059C2 0000000000A9010000- <1>     db 0x00,0x00,0x00,0x00,0x00,0xA9,0x01,0x00,0x00,0x00,0x15,0x00,0x00,0x00,0x00,0x00,0xD0,0xFF,0xC6,0x01,0x00,0x00,0x00,0x00
   175 000059CB 00150000000000D0FF- <1>
   175 000059D4 C60100000000        <1>
   176 000059DA 000000000000000000- <1>     db 0x00,0x00,0x00,0x00,0x00,0x00,0x00,0x00,0x00,0x00,0x00,0x00,0x00,0x40,0xB5,0xBE,0x00,0xA4,0x6A,0x00,0x00,0x00,0x00,0x00
   176 000059E3 0000000040B5BE00A4- <1>
   176 000059EC 6A0000000000        <1>
   177 000059F2 00402A0000000000F4- <1>     db 0x00,0x40,0x2A,0x00,0x00,0x00,0x00,0x00,0xF4,0x7F,0xD0,0x01,0x00,0x00,0x00,0x00,0x00,0x00,0x00,0x00,0x00,0x00,0x00,0x00
   177 000059FB 7FD001000000000000- <1>
   177 00005A04 000000000000        <1>
   178 00005A0A 000000000001EBFE00- <1>     db 0x00,0x00,0x00,0x00,0x00,0x01,0xEB,0xFE,0x00,0xE4,0xFF,0x06,0x00,0x00,0x00,0x00,0x00,0x00,0x00,0x00,0x00,0x00,0x00,0x00
   178 00005A13 E4FF06000000000000- <1>
   178 00005A1C 000000000000        <1>
   179 00005A22 1C00E0000040150000- <1>     db 0x1C,0x00,0xE0,0x00,0x00,0x40,0x15,0x00,0x00,0x00,0x00,0x00,0x00,0x00,0x00,0x05,0x00,0x00,0x00,0x00,0x00,0x19,0xFE,0xDB
   179 00005A2B 000000000000050000- <1>
   179 00005A34 00000019FEDB        <1>
   180 00005A3A 0280FF2F0000000000- <1>     db 0x02,0x80,0xFF,0x2F,0x00,0x00,0x00,0x00,0x00,0x00,0x00,0x00,0x00,0x00,0x00,0x00,0x06,0x00,0x74,0x00,0x00,0x04,0xBD,0x05
   180 00005A43 000000000000000600- <1>
   180 00005A4C 74000004BD05        <1>
   181 00005A52 00000000000000A411- <1>     db 0x00,0x00,0x00,0x00,0x00,0x00,0x00,0xA4,0x11,0x00,0x00,0x00,0x00,0xB8,0xFC,0x0F,0x02,0x00,0xA9,0x6A,0x00,0x00,0x00,0x00
   181 00005A5B 00000000B8FC0F0200- <1>
   181 00005A64 A96A00000000        <1>
   182 00005A6A 000000000000000002- <1>     db 0x00,0x00,0x00,0x00,0x00,0x00,0x00,0x00,0x02,0x00,0x78,0x00,0x00,0xE0,0xBA,0x01,0x00,0x00,0x00,0x00,0x00,0x00,0xA9,0xEA
   182 00005A73 00780000E0BA010000- <1>
   182 00005A7C 00000000A9EA        <1>
   183 00005A82 EB5B000000E0FE1F04- <1>     db 0xEB,0x5B,0x00,0x00,0x00,0xE0,0xFE,0x1F,0x04,0x00,0x00,0x00,0x00,0x00,0x00,0x00,0x00,0x00,0x00,0x00,0x00,0x00,0x00,0x00
   183 00005A8B 000000000000000000- <1>
   183 00005A94 000000000000        <1>
   184 00005A9A 02002C000054E60700- <1>     db 0x02,0x00,0x2C,0x00,0x00,0x54,0xE6,0x07,0x00,0x00,0x00,0x00,0x00,0x54,0xFA,0xFF,0xFF,0x97,0x1A,0x00,0x00,0x50,0x7F,0x2F
   184 00005AA3 0000000054FAFFFF97- <1>
   184 00005AAC 1A0000507F2F        <1>
   185 00005AB2 400100000000000000- <1>     db 0x40,0x01,0x00,0x00,0x00,0x00,0x00,0x00,0x00,0x00,0x00,0x00,0x00,0x00,0x00,0x00,0x02,0x00,0x09,0x00,0x00,0xF4,0xEF,0x6A
   185 00005ABB 000000000000000200- <1>
   185 00005AC4 090000F4EF6A        <1>
   186 00005ACA 446E01000094FF9B56- <1>     db 0x44,0x6E,0x01,0x00,0x00,0x94,0xFF,0x9B,0x56,0x1A,0x00,0x00,0x00,0x00,0x7E,0x3D,0x00,0x02,0x00,0x00,0x00,0x00,0x00,0x00
   186 00005AD3 1A000000007E3D0002- <1>
   186 00005ADC 000000000000        <1>
   187 00005AE2 000000000000000085- <1>     db 0x00,0x00,0x00,0x00,0x00,0x00,0x00,0x00,0x85,0x05,0x00,0x00,0x00,0x59,0xFF,0x01,0xA0,0x14,0x00,0x00,0x90,0xFF,0xAB,0x2A
   187 00005AEB 0500000059FF01A014- <1>
   187 00005AF4 000090FFAB2A        <1>
   188 00005AFA 000000000000BC7800- <1>     db 0x00,0x00,0x00,0x00,0x00,0x00,0xBC,0x78,0x00,0x00,0x00,0x00,0x00,0x00,0x00,0x00,0x00,0x00,0x00,0x00,0x00,0x00,0x00,0x00
   188 00005B03 000000000000000000- <1>
   188 00005B0C 000000000000        <1>
   189 00005B12 0802000000E5EB4615- <1>     db 0x08,0x02,0x00,0x00,0x00,0xE5,0xEB,0x46,0x15,0x00,0x00,0x00,0xF9,0x1A,0x00,0x00,0x00,0x00,0x00,0x00,0x00,0x00,0xF8,0x70
   189 00005B1B 000000F91A00000000- <1>
   189 00005B24 00000000F870        <1>
   190 00005B2A 000000000000000000- <1>     db 0x00,0x00,0x00,0x00,0x00,0x00,0x00,0x00,0x00,0x00,0x00,0x00,0x00,0x00,0x00,0x00,0x24,0x00,0x00,0x00,0x00,0x54,0x0F,0x41
   190 00005B33 000000000000002400- <1>
   190 00005B3C 000000540F41        <1>
   191 00005B42 1B0000E41B00000000- <1>     db 0x1B,0x00,0x00,0xE4,0x1B,0x00,0x00,0x00,0x00,0x00,0x00,0x00,0x00,0x00,0xF4,0xA0,0x00,0x00,0x00,0x00,0x00,0x00,0x00,0x00
   191 00005B4B 0000000000F4A00000- <1>
   191 00005B54 000000000000        <1>
   192 00005B5A 000000000000000060- <1>     db 0x00,0x00,0x00,0x00,0x00,0x00,0x00,0x00,0x60,0x00,0x00,0x00,0x00,0x64,0x14,0x55,0x01,0x00,0x00,0x6E,0x00,0x00,0x00,0x00
   192 00005B63 000000006414550100- <1>
   192 00005B6C 006E00000000        <1>
   193 00005B72 000000000000F09000- <1>     db 0x00,0x00,0x00,0x00,0x00,0x00,0xF0,0x90,0x00,0x00,0x00,0x00,0x68,0x00,0x00,0x00,0x00,0x00,0x00,0x00,0x00,0x00,0x00,0x00
   193 00005B7B 000000680000000000- <1>
   193 00005B84 000000000000        <1>
   194 00005B8A D06100004000E02500- <1>     db 0xD0,0x61,0x00,0x00,0x40,0x00,0xE0,0x25,0x00,0x00,0xE4,0x06,0x00,0x00,0x00,0x00,0x00,0x00,0x00,0x00,0x00,0x00,0xF0,0x80
   194 00005B93 00E406000000000000- <1>
   194 00005B9C 00000000F080        <1>
   195 00005BA2 00000000F407000000- <1>     db 0x00,0x00,0x00,0x00,0xF4,0x07,0x00,0x00,0x00,0x00,0x00,0x00,0x00,0x00,0x00,0x00,0x40,0xEB,0x5B,0x01,0x40,0x01,0x59,0x00
   195 00005BAB 0000000000000040EB- <1>
   195 00005BB4 5B0140015900        <1>
   196 00005BBA 00402E000000000000- <1>     db 0x00,0x40,0x2E,0x00,0x00,0x00,0x00,0x00,0x00,0x00,0x00,0x00,0x00,0x00,0xE0,0x40,0x00,0xC0,0x01,0x00,0xD0,0x1F,0x00,0x00
   196 00005BC3 0000000000E04000C0- <1>
   196 00005BCC 0100D01F0000        <1>
   197 00005BD2 000000000000000000- <1>     db 0x00,0x00,0x00,0x00,0x00,0x00,0x00,0x00,0x00,0xE8,0xEA,0xFF,0xAA,0x7A,0x01,0x09,0x00,0x50,0x01,0x00,0x00,0x55,0x40,0x00
   197 00005BDB E8EAFFAA7A01090050- <1>
   197 00005BE4 010000554000        <1>
   198 00005BEA 000000000000E00000- <1>     db 0x00,0x00,0x00,0x00,0x00,0x00,0xE0,0x00,0x00,0x40,0x0B,0x00,0x40,0x7E,0x00,0x00,0x00,0x00,0x00,0x00,0x00,0x00,0x00,0x00
   198 00005BF3 400B00407E00000000- <1>
   198 00005BFC 000000000000        <1>
   199 00005C02 00004465A902D02F00- <1>     db 0x00,0x00,0x44,0x65,0xA9,0x02,0xD0,0x2F,0x00,0x04,0x00,0x40,0x15,0x50,0x01,0x15,0x00,0x00,0x00,0x00,0x00,0x00,0xA0,0x00
   199 00005C0B 040040155001150000- <1>
   199 00005C14 00000000A000        <1>
   200 00005C1A 00001E000090010000- <1>     db 0x00,0x00,0x1E,0x00,0x00,0x90,0x01,0x00,0x00,0x00,0x00,0x00,0x00,0x00,0x00,0x00,0x00,0x00,0x18,0x00,0x00,0x01,0xD0,0x7F
   200 00005C23 000000000000000000- <1>
   200 00005C2C 18000001D07F        <1>
   201 00005C32 00004015000000600A- <1>     db 0x00,0x00,0x40,0x15,0x00,0x00,0x00,0x60,0x0A,0x00,0x00,0x00,0x00,0x00,0xA0,0x00,0x00,0x00,0x24,0x00,0x00,0x00,0x00,0x00
   201 00005C3B 0000000000A0000000- <1>
   201 00005C44 240000000000        <1>
   202 00005C4A 000000000000000000- <1>     db 0x00,0x00,0x00,0x00,0x00,0x00,0x00,0x00,0x00,0x00,0x74,0x00,0x00,0x04,0x80,0xFF,0x00,0x00,0x69,0x00,0x00,0x00,0x00,0x00
   202 00005C53 007400000480FF0000- <1>
   202 00005C5C 690000000000        <1>
   203 00005C62 3D0800000000600000- <1>     db 0x3D,0x08,0x00,0x00,0x00,0x00,0x60,0x00,0x00,0x00,0x00,0x00,0x00,0x00,0x00,0x00,0x00,0x00,0x00,0x00,0x00,0x00,0x00,0x00
   203 00005C6B 000000000000000000- <1>
   203 00005C74 000000000000        <1>
   204 00005C7A 0000E042000400FE02- <1>     db 0x00,0x00,0xE0,0x42,0x00,0x04,0x00,0xFE,0x02,0x64,0x01,0x00,0x00,0x00,0x00,0x00,0xF0,0x14,0x00,0x00,0x00,0x00,0x20,0x00
   204 00005C83 64010000000000F014- <1>
   204 00005C8C 000000002000        <1>
   205 00005C92 000000000000000000- <1>     db 0x00,0x00,0x00,0x00,0x00,0x00,0x00,0x00,0x00,0x00,0x00,0x00,0x00,0x00,0x00,0x00,0x00,0x00,0x80,0xAF,0x04,0x00,0x00,0xFC
   205 00005C9B 000000000000000000- <1>
   205 00005CA4 80AF040000FC        <1>
   206 00005CAA 4B05000000000000D0- <1>     db 0x4B,0x05,0x00,0x00,0x00,0x00,0x00,0x00,0xD0,0x36,0x00,0x00,0x00,0x00,0x20,0x00,0x00,0x00,0x00,0x00,0x00,0x00,0x00,0x00
   206 00005CB3 360000000020000000- <1>
   206 00005CBC 000000000000        <1>
   207 00005CC2 000000000000000000- <1>     db 0x00,0x00,0x00,0x00,0x00,0x00,0x00,0x00,0x00,0x00,0x00,0xFD,0x5E,0x15,0x00,0xF4,0x1F,0x00,0x00,0x00,0x00,0x00,0x00,0x00
   207 00005CCB 0000FD5E1500F41F00- <1>
   207 00005CD4 000000000000        <1>
   208 00005CDA 80B700000000100000- <1>     db 0x80,0xB7,0x00,0x00,0x00,0x00,0x10,0x00,0x00,0x00,0x00,0x00,0x00,0x00,0x00,0x00,0x00,0x00,0x00,0x00,0x00,0x00,0x00,0x00
   208 00005CE3 000000000000000000- <1>
   208 00005CEC 000000000000        <1>
   209 00005CF2 00000090FFFF06D07F- <1>     db 0x00,0x00,0x00,0x90,0xFF,0xFF,0x06,0xD0,0x7F,0x00,0x00,0x00,0x00,0x00,0x00,0x00,0x40,0xFE,0x00,0x00,0x00,0x00,0x00,0x00
   209 00005CFB 0000000000000040FE- <1>
   209 00005D04 000000000000        <1>
   210 00005D0A 000000000000000000- <1>     db 0x00,0x00,0x00,0x00,0x00,0x00,0x00,0x00,0x00,0x00,0x00,0x00,0x00,0x00,0x00,0x00,0x00,0x00,0x00,0x00,0x91,0x56,0x00,0x52
   210 00005D13 000000000000000000- <1>
   210 00005D1C 000091560052        <1>
   211 00005D22 FF0100000000000000- <1>     db 0xFF,0x01,0x00,0x00,0x00,0x00,0x00,0x00,0x00,0xFE,0x01,0x00,0x00,0x00,0x00,0x00,0x00,0x00,0x00,0x00,0x00,0x00,0x00,0x00
   211 00005D2B FE0100000000000000- <1>
   211 00005D34 000000000000        <1>
   212 00005D3A 000000000000000000- <1>     db 0x00,0x00,0x00,0x00,0x00,0x00,0x00,0x00,0x00,0x00,0x00,0x00,0x00,0x00,0x00,0xD8,0xFD,0x07,0x00,0x00,0x00,0x00,0x00,0x00
   212 00005D43 000000000000D8FD07- <1>
   212 00005D4C 000000000000        <1>
   213 00005D52 00F902000000000000- <1>     db 0x00,0xF9,0x02,0x00,0x00,0x00,0x00,0x00,0x00,0x00,0x00,0x00,0x00,0x00,0x00,0x00,0x00,0x00,0x00,0x00,0x00,0x00,0x00,0x00
   213 00005D5B 000000000000000000- <1>
   213 00005D64 000000000000        <1>
   214 00005D6A 00000000000000A0F6- <1>     db 0x00,0x00,0x00,0x00,0x00,0x00,0x00,0xA0,0xF6,0x1F,0x00,0x00,0x00,0x00,0x00,0x00,0x00,0xF4,0x12,0x00,0x00,0x00,0x00,0x00
   214 00005D73 1F00000000000000F4- <1>
   214 00005D7C 120000000000        <1>
   215 00005D82 000000090000000000- <1>     db 0x00,0x00,0x00,0x09,0x00,0x00,0x00,0x00,0x00,0x00,0x00,0x00,0x00,0x00,0x00,0x00,0x00,0x00,0x00,0x00,0x00,0x00,0x00,0x80
   215 00005D8B 000000000000000000- <1>
   215 00005D94 000000000080        <1>
   216 00005D9A 8B7F00000000000000- <1>     db 0x8B,0x7F,0x00,0x00,0x00,0x00,0x00,0x00,0x00,0xF4,0x23,0x00,0x00,0x00,0x00,0x00,0x00,0x00,0x00,0x28,0x00,0x00,0x00,0x00
   216 00005DA3 F42300000000000000- <1>
   216 00005DAC 002800000000        <1>
   217 00005DB2 000000000000000000- <1>     db 0x00,0x00,0x00,0x00,0x00,0x00,0x00,0x00,0x00,0x00,0x00,0x00,0x00,0x00,0x00,0x00,0x1E,0xFD,0x02,0x00,0x00,0x00,0x00,0x00
   217 00005DBB 000000000000001EFD- <1>
   217 00005DC4 020000000000        <1>
   218 00005DCA 00F433000000000000- <1>     db 0x00,0xF4,0x33,0x00,0x00,0x00,0x00,0x00,0x00,0x00,0x00,0x10,0x00,0x00,0x00,0x00,0x00,0x00,0x00,0x00,0x00,0x00,0x00,0x00
   218 00005DD3 000010000000000000- <1>
   218 00005DDC 000000000000        <1>
   219 00005DE2 000000000000000074- <1>     db 0x00,0x00,0x00,0x00,0x00,0x00,0x00,0x00,0x74,0xE4,0x0B,0x00,0x00,0x00,0x00,0x00,0x00,0xF4,0x37,0x00,0x00,0x00,0x00,0x00
   219 00005DEB E40B000000000000F4- <1>
   219 00005DF4 370000000000        <1>
   220 00005DFA 000000000000000000- <1>     db 0x00,0x00,0x00,0x00,0x00,0x00,0x00,0x00,0x00,0x00,0x00,0x00,0x00,0x00,0x00,0x00,0x00,0x00,0x00,0x00,0x00,0x00,0x00,0x00
   220 00005E03 000000000000000000- <1>
   220 00005E0C 000000000000        <1>
   221 00005E12 80417F000000000000- <1>     db 0x80,0x41,0x7F,0x00,0x00,0x00,0x00,0x00,0x00,0xB4,0x3B,0x00,0x00,0x00,0x00,0x00,0x00,0x00,0x00,0x00,0x00,0x00,0x00,0x00
   221 00005E1B B43B00000000000000- <1>
   221 00005E24 000000000000        <1>
   222 00005E2A 000000000000000000- <1>     db 0x00,0x00,0x00,0x00,0x00,0x00,0x00,0x00,0x00,0x00,0x00,0x00,0x00,0x00,0x00,0x00,0x00,0x05,0xF4,0x02,0x00,0x00,0x00,0x00
   222 00005E33 000000000000000005- <1>
   222 00005E3C F40200000000        <1>
   223 00005E42 00742F100000000000- <1>     db 0x00,0x74,0x2F,0x10,0x00,0x00,0x00,0x00,0x00,0x00,0x00,0x00,0x00,0x00,0x00,0x00,0x00,0x00,0x00,0x00,0x00,0x00,0x00,0x00
   223 00005E4B 000000000000000000- <1>
   223 00005E54 000000000000        <1>
   224 00005E5A 000000000000000000- <1>     db 0x00,0x00,0x00,0x00,0x00,0x00,0x00,0x00,0x00,0x00,0x40,0x2E,0x00,0x00,0x00,0x00,0x00,0x68,0x1F,0x20,0x00,0x00,0x00,0x00
   224 00005E63 00402E000000000068- <1>
   224 00005E6C 1F2000000000        <1>
   225 00005E72 000000000000000000- <1>     db 0x00,0x00,0x00,0x00,0x00,0x00,0x00,0x00,0x00,0x00,0x00,0x00,0x00,0x00,0x00,0x00,0x00,0x00,0x00,0x00,0x00,0x00,0x00,0x00
   225 00005E7B 000000000000000000- <1>
   225 00005E84 000000000000        <1>
   226 00005E8A 000080910100000000- <1>     db 0x00,0x00,0x80,0x91,0x01,0x00,0x00,0x00,0x00,0x88,0x1F,0x18,0x00,0x00,0x00,0x00,0x00,0x00,0x00,0x00,0x00,0x00,0x00,0x00
   226 00005E93 881F18000000000000- <1>
   226 00005E9C 000000000000        <1>
   227 00005EA2 000000000000000000- <1>     db 0x00,0x00,0x00,0x00,0x00,0x00,0x00,0x00,0x00,0x00,0x00,0x00,0x00,0x00,0x00,0x00,0x00,0x00,0x00,0x02,0x00,0x00,0x00,0x00
   227 00005EAB 000000000000000000- <1>
   227 00005EB4 000200000000        <1>
   228 00005EBA 00850F0D0000000000- <1>     db 0x00,0x85,0x0F,0x0D,0x00,0x00,0x00,0x00,0x00,0x00,0x00,0x00,0x00,0x00,0x00,0x00,0x00,0x00,0x00,0x00,0x00,0x00,0x00,0x00
   228 00005EC3 000000000000000000- <1>
   228 00005ECC 000000000000        <1>
   229 00005ED2 000000000000000000- <1>     db 0x00,0x00,0x00,0x00,0x00,0x00,0x00,0x00,0x00,0x00,0x00,0x08,0x00,0x00,0x00,0x00,0x00,0xC1,0x0B,0x07,0x00,0x00,0x00,0x00
   229 00005EDB 0000080000000000C1- <1>
   229 00005EE4 0B0700000000        <1>
   230 00005EEA 000000000000000000- <1>     db 0x00,0x00,0x00,0x00,0x00,0x00,0x00,0x00,0x00,0x00,0x00,0x00,0x00,0x00,0x00,0x00,0x00,0x00,0x00,0x00,0x00,0x00,0x00,0x00
   230 00005EF3 000000000000000000- <1>
   230 00005EFC 000000000000        <1>
   231 00005F02 000000100000000000- <1>     db 0x00,0x00,0x00,0x10,0x00,0x00,0x00,0x00,0x00,0xD0,0x87,0x03,0x00,0x00,0x00,0x00,0x00,0x00,0x00,0x00,0x00,0x00,0x00,0x00
   231 00005F0B D08703000000000000- <1>
   231 00005F14 000000000000        <1>
   232 00005F1A 000000000000000000- <1>     db 0x00,0x00,0x00,0x00,0x00,0x00,0x00,0x00,0x00,0x00,0x00,0x00,0x00,0x00,0x00,0x00,0x00,0x00,0x00,0x40,0x00,0x00,0x00,0x00
   232 00005F23 000000000000000000- <1>
   232 00005F2C 004000000000        <1>
   233 00005F32 00E0E3010000000000- <1>     db 0x00,0xE0,0xE3,0x01,0x00,0x00,0x00,0x00,0x00,0x00,0x00,0x00,0x00,0x00,0x00,0x00,0x00,0x00,0x00,0x00,0x00,0x00,0x00,0x00
   233 00005F3B 000000000000000000- <1>
   233 00005F44 000000000000        <1>
   234 00005F4A 000000000000000000- <1>     db 0x00,0x00,0x00,0x00,0x00,0x00,0x00,0x00,0x00,0x00,0x00,0x00,0x00,0x00,0x00,0x00,0x00,0xF0,0xB9,0x00,0x00,0x00,0x00,0x00
   234 00005F53 0000000000000000F0- <1>
   234 00005F5C B90000000000        <1>
   235 00005F62 000000000000000000- <1>     db 0x00,0x00,0x00,0x00,0x00,0x00,0x00,0x00,0x00,0x00,0x00,0x00,0x00,0x00,0x00,0x00,0x00,0x00,0x00,0x00,0x00,0x00,0x00,0x00
   235 00005F6B 000000000000000000- <1>
   235 00005F74 000000000000        <1>
   236 00005F7A 000000000000000000- <1>     db 0x00,0x00,0x00,0x00,0x00,0x00,0x00,0x00,0x00,0xF4,0x2E,0x00,0x00,0x00,0x00,0x00,0x00,0x00,0x00,0x00,0x00,0x00,0x00,0x00
   236 00005F83 F42E00000000000000- <1>
   236 00005F8C 000000000000        <1>
   237 00005F92 000000000000000000- <1>     db 0x00,0x00,0x00,0x00,0x00,0x00,0x00,0x00,0x00,0x00,0x00,0x00,0x00,0x00,0x00,0x00,0x00,0x00,0x00,0x00,0x00,0x00,0x00,0x00
   237 00005F9B 000000000000000000- <1>
   237 00005FA4 000000000000        <1>
   238 00005FAA 00F80F000000000000- <1>     db 0x00,0xF8,0x0F,0x00,0x00,0x00,0x00,0x00,0x00,0x00,0x00,0x00,0x00,0x00,0x00,0x00,0x00,0x00,0x00,0x00,0x00,0x00,0x00,0x00
   238 00005FB3 000000000000000000- <1>
   238 00005FBC 000000000000        <1>
   239 00005FC2 000000000000000000- <1>     db 0x00,0x00,0x00,0x00,0x00,0x00,0x00,0x00,0x00,0x00,0x00,0x00,0x00,0x00,0x00,0x00,0x00,0xFD,0x07,0x00,0x00,0x00,0x00,0x00
   239 00005FCB 0000000000000000FD- <1>
   239 00005FD4 070000000000        <1>
   240 00005FDA 000000000000000000- <1>     db 0x00,0x00,0x00,0x00,0x00,0x00,0x00,0x00,0x00,0x00,0x00,0x00,0x00,0x00,0x00,0x00,0x00,0x00,0x00,0x00,0x00,0x00,0x00,0x00
   240 00005FE3 000000000000000000- <1>
   240 00005FEC 000000000000        <1>
   241 00005FF2 000000000000000000- <1>     db 0x00,0x00,0x00,0x00,0x00,0x00,0x00,0x00,0x00,0xFE,0x01,0x00,0x00,0x00,0x00,0x00,0x00,0x00,0x00,0x00,0x00,0x00,0x00,0x00
   241 00005FFB FE0100000000000000- <1>
   241 00006004 000000000000        <1>
   242 0000600A 000000000000000000- <1>     db 0x00,0x00,0x00,0x00,0x00,0x00,0x00,0x00,0x00,0x00,0x00,0x00,0x00,0x00,0x00,0x00,0x00,0x00,0x00,0x00,0x00,0x00,0x00,0x00
   242 00006013 000000000000000000- <1>
   242 0000601C 000000000000        <1>
   243 00006022 407F00000000000000- <1>     db 0x40,0x7F,0x00,0x00,0x00,0x00,0x00,0x00,0x00,0x00,0x00,0x00,0x00,0x00,0x00,0x00,0x00,0x00,0x00,0x00,0x00,0x00,0x00,0x00
   243 0000602B 000000000000000000- <1>
   243 00006034 000000000000        <1>
   244 0000603A 000000000000000000- <1>     db 0x00,0x00,0x00,0x00,0x00,0x00,0x00,0x00,0x00,0x00,0x00,0x00,0x00,0x00,0x00,0x00,0xD0,0x0B,0x00,0x00,0x00,0x00,0x00,0x00
   244 00006043 00000000000000D00B- <1>
   244 0000604C 000000000000        <1>
   245 00006052 000000000000000000- <1>     db 0x00,0x00,0x00,0x00,0x00,0x00,0x00,0x00,0x00,0x00,0x00,0x00,0x00,0x00,0x00,0x00,0x00,0x00,0x00,0x00,0x00,0x00,0x00,0x00
   245 0000605B 000000000000000000- <1>
   245 00006064 000000000000        <1>
   246 0000606A 0000000000000000F0- <1>     db 0x00,0x00,0x00,0x00,0x00,0x00,0x00,0x00,0xF0,0x02,0x00,0x00,0x00,0x00,0x00,0x00,0x00,0x00,0x00,0x00,0x00,0x00,0x00,0x00
   246 00006073 020000000000000000- <1>
   246 0000607C 000000000000        <1>
   247 00006082 000000000000000000- <1>     db 0x00,0x00,0x00,0x00,0x00,0x00,0x00,0x00,0x00,0x00,0x00,0x00,0x00,0x00,0x00,0x00,0x00,0x00,0x00,0x00,0x00,0x00,0x00,0x00
   247 0000608B 000000000000000000- <1>
   247 00006094 000000000000        <1>
   248 0000609A 781800000000000000- <1>     db 0x78,0x18,0x00,0x00,0x00,0x00,0x00,0x00,0x00,0x00,0x00,0x00,0x00,0x00,0x00,0x00,0x00,0x00,0x00,0x00,0x00,0x00,0x00,0x00
   248 000060A3 000000000000000000- <1>
   248 000060AC 000000000000        <1>
   249 000060B2 000000000000000000- <1>     db 0x00,0x00,0x00,0x00,0x00,0x00,0x00,0x00,0x00,0x00,0x00,0x00,0x00,0x00,0x00,0x00,0x46,0x06,0x00,0x00,0x00,0x00,0x00,0x00
   249 000060BB 000000000000004606- <1>
   249 000060C4 000000000000        <1>
   250 000060CA 000000000000000000- <1>     db 0x00,0x00,0x00,0x00,0x00,0x00,0x00,0x00,0x00,0x00,0x00,0x00,0x00,0x00,0x00,0x00,0x00,0x00,0x00,0x00,0x00,0x00,0x00,0x00
   250 000060D3 000000000000000000- <1>
   250 000060DC 000000000000        <1>
   251 000060E2 0000000000000000D0- <1>     db 0x00,0x00,0x00,0x00,0x00,0x00,0x00,0x00,0xD0,0x01,0x00,0x00,0x00,0x00,0x00,0x00,0x00,0x00,0x00,0x00,0x00,0x00,0x00,0x00
   251 000060EB 010000000000000000- <1>
   251 000060F4 000000000000        <1>
   252 000060FA 000000000000000000- <1>     db 0x00,0x00,0x00,0x00,0x00,0x00,0x00,0x00,0x00,0x00,0x00,0x00,0x00,0x00,0x00,0x00,0x00,0x00,0x00,0x00,0x00,0x00,0x00,0x00
   252 00006103 000000000000000000- <1>
   252 0000610C 000000000000        <1>
   253 00006112 740000000000000000- <1>     db 0x74,0x00,0x00,0x00,0x00,0x00,0x00,0x00,0x00,0x00,0x00,0x00,0x00,0x00,0x00,0x00,0x00,0x00,0x00,0x00,0x00,0x00,0x00,0x00
   253 0000611B 000000000000000000- <1>
   253 00006124 000000000000        <1>
   254 0000612A 000000000000000000- <1>     db 0x00,0x00,0x00,0x00,0x00,0x00,0x00,0x00,0x00,0x00,0x00,0x00,0x00,0x00,0x00,0x00,0x09,0x00,0x00,0x00,0x00,0x00,0x00,0x00
   254 00006133 000000000000000900- <1>
   254 0000613C 000000000000        <1>
   255 00006142 000000000000000000- <1>     db 0x00,0x00,0x00,0x00,0x00,0x00,0x00,0x00,0x00,0x00,0x00,0x00,0x00,0x00,0x00,0x00,0x00,0x00,0x00,0x00,0x00,0x00,0x00,0x00
   255 0000614B 000000000000000000- <1>
   255 00006154 000000000000        <1>
   256 0000615A 000000000000008001- <1>     db 0x00,0x00,0x00,0x00,0x00,0x00,0x00,0x80,0x01,0x00,0x00,0x00,0x00,0x00,0x00,0x00,0x00,0x00,0x00,0x00,0x00,0x00,0x00,0x00
   256 00006163 000000000000000000- <1>
   256 0000616C 000000000000        <1>
   257 00006172 000000000000000000- <1>     db 0x00,0x00,0x00,0x00,0x00,0x00,0x00,0x00,0x00,0x00,0x00,0x00,0x00,0x00,0x00,0x00,0x00,0x00,0x00,0x00,0x00,0x00,0x00,0x14
   257 0000617B 000000000000000000- <1>
   257 00006184 000000000014        <1>
   258 0000618A 000000000000000000- <1>     db 0x00,0x00,0x00,0x00,0x00,0x00,0x00,0x00,0x00,0x00,0x00,0x00,0x00,0x00,0x00,0x00,0x00,0x00,0x00,0x00,0x00,0x00,0x00,0x00
   258 00006193 000000000000000000- <1>
   258 0000619C 000000000000        <1>
   259                              <1> nova_error_mark_bitmap:
   260 000061A2 000000000000000000- <1>     db 0x00,0x00,0x00,0x00,0x00,0x00,0x00,0x00,0x00,0x00,0x00,0x00,0x00,0x00,0x00,0x00,0x00,0x00,0x00,0x00,0x00,0x00,0x00,0x00
   260 000061AB 000000000000000000- <1>
   260 000061B4 000000000000        <1>
   261 000061BA 000000000000000000- <1>     db 0x00,0x00,0x00,0x00,0x00,0x00,0x00,0x00,0x00,0x00,0x00,0x00,0x00,0x00,0x00,0x00,0x00,0x00,0x00,0x00,0x00,0x00,0x00,0x00
   261 000061C3 000000000000000000- <1>
   261 000061CC 000000000000        <1>
   262 000061D2 000000000000000000- <1>     db 0x00,0x00,0x00,0x00,0x00,0x00,0x00,0x00,0x00,0x00,0x00,0x00,0x00,0x00,0x00,0x00,0x00,0x00,0x00,0x00,0x00,0x00,0x00,0x00
   262 000061DB 000000000000000000- <1>
   262 000061E4 000000000000        <1>
   263 000061EA 000000000000000000- <1>     db 0x00,0x00,0x00,0x00,0x00,0x00,0x00,0x00,0x00,0x00,0x00,0x00,0x00,0x00,0x00,0x00,0x00,0x00,0x00,0x00,0x00,0x00,0x00,0x00
   263 000061F3 000000000000000000- <1>
   263 000061FC 000000000000        <1>
   264 00006202 000000000000000000- <1>     db 0x00,0x00,0x00,0x00,0x00,0x00,0x00,0x00,0x00,0x00,0x00,0x00,0x00,0x00,0x00,0x00,0x00,0x00,0x00,0x00,0x00,0x00,0x00,0x00
   264 0000620B 000000000000000000- <1>
   264 00006214 000000000000        <1>
   265 0000621A 000000000000000000- <1>     db 0x00,0x00,0x00,0x00,0x00,0x00,0x00,0x00,0x00,0x00,0x00,0x00,0x00,0x00,0x00,0x00,0x00,0x00,0x00,0x00,0x00,0x00,0x00,0xA8
   265 00006223 000000000000000000- <1>
   265 0000622C 0000000000A8        <1>
   266 00006232 6A0000000000000000- <1>     db 0x6A,0x00,0x00,0x00,0x00,0x00,0x00,0x00,0x00,0x00,0x00,0x00,0x00,0x00,0x00,0x00,0x00,0x00,0x00,0x00,0xFE,0x3F,0x00,0x00
   266 0000623B 000000000000000000- <1>
   266 00006244 0000FE3F0000        <1>
   267 0000624A 000000000000000000- <1>     db 0x00,0x00,0x00,0x00,0x00,0x00,0x00,0x00,0x00,0x00,0x00,0x00,0x00,0x00,0x00,0x00,0x80,0xFF,0x1F,0x00,0x00,0x00,0x00,0x00
   267 00006253 0000000000000080FF- <1>
   267 0000625C 1F0000000000        <1>
   268 00006262 000000000000000000- <1>     db 0x00,0x00,0x00,0x00,0x00,0x00,0x00,0x00,0x00,0x00,0x00,0x00,0x00,0xD0,0xFF,0x07,0x00,0x00,0x00,0x00,0x00,0x00,0x00,0x00
   268 0000626B 00000000D0FF070000- <1>
   268 00006274 000000000000        <1>
   269 0000627A 000000000000000000- <1>     db 0x00,0x00,0x00,0x00,0x00,0x00,0x00,0x00,0x00,0x00,0xF0,0xFF,0x02,0x00,0x00,0x00,0x00,0x00,0x00,0x00,0x00,0x00,0x00,0x00
   269 00006283 00F0FF020000000000- <1>
   269 0000628C 000000000000        <1>
   270 00006292 00000000000000F8FF- <1>     db 0x00,0x00,0x00,0x00,0x00,0x00,0x00,0xF8,0xFF,0x00,0x00,0x00,0x00,0x00,0x00,0x00,0x00,0x00,0x00,0x00,0x00,0x00,0x00,0x00
   270 0000629B 000000000000000000- <1>
   270 000062A4 000000000000        <1>
   271 000062AA 00000000FD7F000000- <1>     db 0x00,0x00,0x00,0x00,0xFD,0x7F,0x00,0x00,0x00,0x00,0x00,0x00,0x00,0x00,0x00,0x00,0x00,0x00,0x00,0x00,0x00,0x00,0x00,0x00
   271 000062B3 000000000000000000- <1>
   271 000062BC 000000000000        <1>
   272 000062C2 00FF2F000000000000- <1>     db 0x00,0xFF,0x2F,0x00,0x00,0x00,0x00,0x00,0x00,0x00,0x00,0x00,0x00,0x00,0x00,0x00,0x00,0x00,0x00,0x00,0x00,0x80,0xFF,0x1F
   272 000062CB 000000000000000000- <1>
   272 000062D4 00000080FF1F        <1>
   273 000062DA 000000000000000000- <1>     db 0x00,0x00,0x00,0x00,0x00,0x00,0x00,0x00,0x00,0x00,0x00,0x00,0x00,0x00,0x00,0x00,0x00,0x00,0xD0,0xFF,0x0B,0x00,0x00,0x00
   273 000062E3 000000000000000000- <1>
   273 000062EC D0FF0B000000        <1>
   274 000062F2 000000000000000000- <1>     db 0x00,0x00,0x00,0x00,0x00,0x00,0x00,0x00,0x00,0x00,0x00,0x00,0x00,0x00,0x00,0xE0,0xFF,0x03,0x00,0x00,0x00,0x00,0x00,0x00
   274 000062FB 000000000000E0FF03- <1>
   274 00006304 000000000000        <1>
   275 0000630A 000000000000000000- <1>     db 0x00,0x00,0x00,0x00,0x00,0x00,0x00,0x00,0x00,0x00,0x00,0x00,0xF4,0xFF,0x01,0x00,0x00,0x00,0x00,0x00,0x00,0x00,0x00,0x00
   275 00006313 000000F4FF01000000- <1>
   275 0000631C 000000000000        <1>
   276 00006322 000000000000000000- <1>     db 0x00,0x00,0x00,0x00,0x00,0x00,0x00,0x00,0x00,0xF8,0xFF,0x00,0x00,0x00,0x00,0x00,0x00,0x00,0x00,0x00,0x00,0x00,0x00,0x00
   276 0000632B F8FF00000000000000- <1>
   276 00006334 000000000000        <1>
   277 0000633A 000000000000FD7F00- <1>     db 0x00,0x00,0x00,0x00,0x00,0x00,0xFD,0x7F,0x00,0x00,0x00,0x00,0x00,0x00,0x00,0x00,0x00,0x00,0x00,0x00,0x00,0x00,0x00,0x00
   277 00006343 000000000000000000- <1>
   277 0000634C 000000000000        <1>
   278 00006352 000000FE3F00000000- <1>     db 0x00,0x00,0x00,0xFE,0x3F,0x00,0x00,0x00,0x00,0x00,0x00,0x00,0x00,0x00,0x00,0x00,0x00,0x00,0x00,0x00,0x00,0x00,0x00,0x40
   278 0000635B 000000000000000000- <1>
   278 00006364 000000000040        <1>
   279 0000636A FF2F00000000000000- <1>     db 0xFF,0x2F,0x00,0x00,0x00,0x00,0x00,0x00,0x00,0x00,0x00,0x00,0x00,0x00,0x00,0x00,0x00,0x00,0x00,0x00,0x80,0xFF,0x1F,0x00
   279 00006373 000000000000000000- <1>
   279 0000637C 000080FF1F00        <1>
   280 00006382 000000000000000000- <1>     db 0x00,0x00,0x00,0x00,0x00,0x00,0x00,0x00,0x00,0x00,0x00,0x00,0x00,0x00,0x00,0x00,0x00,0x80,0xFF,0x0B,0x00,0x00,0x00,0x00
   280 0000638B 000000000000000080- <1>
   280 00006394 FF0B00000000        <1>
   281 0000639A 0000A06F0000000000- <1>     db 0x00,0x00,0xA0,0x6F,0x00,0x00,0x00,0x00,0x00,0x00,0x00,0x00,0x00,0x00,0xD0,0xFF,0x07,0x00,0x00,0x00,0x00,0x00,0x00,0xF8
   281 000063A3 0000000000D0FF0700- <1>
   281 000063AC 0000000000F8        <1>
   282 000063B2 FF0100000000000000- <1>     db 0xFF,0x01,0x00,0x00,0x00,0x00,0x00,0x00,0x00,0x00,0x00,0xE0,0xFF,0x03,0x00,0x00,0x00,0x00,0x00,0x00,0xFE,0xFF,0x03,0x00
   282 000063BB 0000E0FF0300000000- <1>
   282 000063C4 0000FEFF0300        <1>
   283 000063CA 0000000000000000E0- <1>     db 0x00,0x00,0x00,0x00,0x00,0x00,0x00,0x00,0xE0,0xFF,0x02,0x00,0x00,0x00,0x00,0x00,0x40,0xFF,0xFF,0x07,0x00,0x00,0x00,0x00
   283 000063D3 FF02000000000040FF- <1>
   283 000063DC FF0700000000        <1>
   284 000063E2 0000000000F4FF0100- <1>     db 0x00,0x00,0x00,0x00,0x00,0xF4,0xFF,0x01,0x00,0x00,0x00,0x00,0x00,0x40,0xFF,0xFF,0x0B,0x00,0x00,0x00,0x00,0x00,0x00,0x00
   284 000063EB 0000000040FFFF0B00- <1>
   284 000063F4 000000000000        <1>
   285 000063FA 0000F4FF0000000000- <1>     db 0x00,0x00,0xF4,0xFF,0x00,0x00,0x00,0x00,0x00,0x00,0x40,0xFF,0xFF,0x0B,0x00,0x00,0x00,0x00,0x00,0x00,0x00,0x00,0x00,0xF8
   285 00006403 0040FFFF0B00000000- <1>
   285 0000640C 0000000000F8        <1>
   286 00006412 BF00000000000040FF- <1>     db 0xBF,0x00,0x00,0x00,0x00,0x00,0x00,0x40,0xFF,0xFF,0x07,0x00,0x00,0x00,0x00,0x00,0x00,0x00,0x00,0x00,0xFC,0xBF,0x00,0x00
   286 0000641B FF0700000000000000- <1>
   286 00006424 0000FCBF0000        <1>
   287 0000642A 0000000000FEFF0200- <1>     db 0x00,0x00,0x00,0x00,0x00,0xFE,0xFF,0x02,0x00,0x00,0x00,0x00,0x00,0x00,0x00,0x00,0x00,0xFD,0x7F,0x00,0x00,0x00,0x00,0x00
   287 00006433 0000000000000000FD- <1>
   287 0000643C 7F0000000000        <1>
   288 00006442 0000F8FF0100000000- <1>     db 0x00,0x00,0xF8,0xFF,0x01,0x00,0x00,0x00,0x00,0x00,0x00,0x00,0x00,0x00,0xFD,0x7F,0x00,0x00,0x00,0x00,0x00,0x00,0x00,0x90
   288 0000644B 0000000000FD7F0000- <1>
   288 00006454 000000000090        <1>
   289 0000645A 2A0000000000000000- <1>     db 0x2A,0x00,0x00,0x00,0x00,0x00,0x00,0x00,0x00,0x00,0x00,0xFE,0x2F,0x00,0x00,0x00,0x00,0x00,0x00,0x00,0x00,0x00,0x00,0x00
   289 00006463 0000FE2F0000000000- <1>
   289 0000646C 000000000000        <1>
   290 00006472 0000000000000000FE- <1>     db 0x00,0x00,0x00,0x00,0x00,0x00,0x00,0x00,0xFE,0x2F,0x00,0x00,0x00,0x00,0x00,0x00,0x00,0x00,0x00,0x00,0x00,0x00,0x00,0x00
   290 0000647B 2F0000000000000000- <1>
   290 00006484 000000000000        <1>
   291 0000648A 0000000000FF1F0000- <1>     db 0x00,0x00,0x00,0x00,0x00,0xFF,0x1F,0x00,0x00,0x00,0x00,0x00,0x00,0x00,0x00,0x00,0x00,0x00,0x00,0x00,0x00,0x00,0x00,0x00
   291 00006493 000000000000000000- <1>
   291 0000649C 000000000000        <1>
   292 000064A2 0040FF1F0000000000- <1>     db 0x00,0x40,0xFF,0x1F,0x00,0x00,0x00,0x00,0x00,0x00,0x00,0x00,0x00,0x00,0x00,0x00,0x00,0x00,0x00,0x00,0x00,0x00,0x40,0xFF
   292 000064AB 000000000000000000- <1>
   292 000064B4 0000000040FF        <1>
   293 000064BA 1F0000000000000000- <1>     db 0x1F,0x00,0x00,0x00,0x00,0x00,0x00,0x00,0x00,0x00,0x00,0x00,0x00,0x00,0x00,0x00,0x00,0x00,0x00,0x40,0xFF,0x1F,0x00,0x00
   293 000064C3 000000000000000000- <1>
   293 000064CC 0040FF1F0000        <1>
   294 000064D2 000000000000000000- <1>     db 0x00,0x00,0x00,0x00,0x00,0x00,0x00,0x00,0x00,0x00,0x00,0x00,0x00,0x00,0x00,0x00,0x40,0xFF,0x0F,0x00,0x00,0x00,0x00,0x00
   294 000064DB 0000000000000040FF- <1>
   294 000064E4 0F0000000000        <1>
   295 000064EA 000000000000000000- <1>     db 0x00,0x00,0x00,0x00,0x00,0x00,0x00,0x00,0x00,0x00,0x00,0x00,0x00,0x80,0xFF,0x0B,0x00,0x00,0x00,0x00,0x00,0x00,0x00,0x00
   295 000064F3 0000000080FF0B0000- <1>
   295 000064FC 000000000000        <1>
   296 00006502 000000000000000000- <1>     db 0x00,0x00,0x00,0x00,0x00,0x00,0x00,0x00,0x00,0x00,0x80,0xFF,0x0B,0x00,0x00,0x00,0x00,0x00,0x00,0x00,0x00,0x00,0x00,0x00
   296 0000650B 0080FF0B0000000000- <1>
   296 00006514 000000000000        <1>
   297 0000651A 0000000000000080FF- <1>     db 0x00,0x00,0x00,0x00,0x00,0x00,0x00,0x80,0xFF,0x0B,0x00,0x00,0x00,0x00,0x00,0x00,0x00,0x00,0x00,0x00,0x00,0x00,0x00,0x00
   297 00006523 0B0000000000000000- <1>
   297 0000652C 000000000000        <1>
   298 00006532 0000000080FF0B0000- <1>     db 0x00,0x00,0x00,0x00,0x80,0xFF,0x0B,0x00,0x00,0x00,0x00,0x00,0x00,0x00,0x00,0x00,0x00,0x00,0x00,0x00,0x00,0x00,0x00,0x00
   298 0000653B 000000000000000000- <1>
   298 00006544 000000000000        <1>
   299 0000654A 0080FF0B0000000000- <1>     db 0x00,0x80,0xFF,0x0B,0x00,0x00,0x00,0x00,0x00,0x00,0x00,0x00,0x00,0x00,0x00,0x00,0x00,0x00,0x00,0x00,0x00,0x00,0x80,0xFF
   299 00006553 000000000000000000- <1>
   299 0000655C 0000000080FF        <1>
   300 00006562 0B0000000000000000- <1>     db 0x0B,0x00,0x00,0x00,0x00,0x00,0x00,0x00,0x00,0x00,0x00,0x00,0x00,0x00,0x00,0x00,0x00,0x00,0x00,0x80,0xFF,0x0B,0x00,0x00
   300 0000656B 000000000000000000- <1>
   300 00006574 0080FF0B0000        <1>
   301 0000657A 000000000000000000- <1>     db 0x00,0x00,0x00,0x00,0x00,0x00,0x00,0x00,0x00,0x00,0x00,0x00,0x00,0x00,0x00,0x00,0x80,0xFF,0x0B,0x00,0x00,0x00,0x00,0x00
   301 00006583 0000000000000080FF- <1>
   301 0000658C 0B0000000000        <1>
   302 00006592 000000000000000000- <1>     db 0x00,0x00,0x00,0x00,0x00,0x00,0x00,0x00,0x00,0x00,0x00,0x00,0x00,0x80,0xFF,0x0B,0x00,0x00,0x00,0x00,0x00,0x00,0x00,0x00
   302 0000659B 0000000080FF0B0000- <1>
   302 000065A4 000000000000        <1>
   303 000065AA 000000000000000000- <1>     db 0x00,0x00,0x00,0x00,0x00,0x00,0x00,0x00,0x00,0x00,0x80,0xFF,0x0B,0x00,0x00,0x00,0x00,0x00,0x00,0x00,0x00,0x00,0x00,0x00
   303 000065B3 0080FF0B0000000000- <1>
   303 000065BC 000000000000        <1>
   304 000065C2 0000000000000080FF- <1>     db 0x00,0x00,0x00,0x00,0x00,0x00,0x00,0x80,0xFF,0x0B,0x00,0x00,0x00,0x00,0x00,0x00,0x00,0x00,0x00,0x00,0x00,0x00,0x00,0x00
   304 000065CB 0B0000000000000000- <1>
   304 000065D4 000000000000        <1>
   305 000065DA 0000000080FF0B0000- <1>     db 0x00,0x00,0x00,0x00,0x80,0xFF,0x0B,0x00,0x00,0x00,0x00,0x00,0x00,0x00,0x00,0x00,0x00,0x00,0x00,0x00,0x00,0x00,0x00,0x00
   305 000065E3 000000000000000000- <1>
   305 000065EC 000000000000        <1>
   306 000065F2 0080FF0B0000000000- <1>     db 0x00,0x80,0xFF,0x0B,0x00,0x00,0x00,0x00,0x00,0x00,0x00,0x00,0x00,0x00,0x00,0x00,0x00,0x00,0x00,0x00,0x00,0x00,0x40,0xFF
   306 000065FB 000000000000000000- <1>
   306 00006604 0000000040FF        <1>
   307 0000660A 1F0000000000000000- <1>     db 0x1F,0x00,0x00,0x00,0x00,0x00,0x00,0x00,0x00,0x00,0x00,0x00,0x00,0x00,0x00,0x00,0x00,0x00,0x00,0x40,0xFF,0x1F,0x00,0x00
   307 00006613 000000000000000000- <1>
   307 0000661C 0040FF1F0000        <1>
   308 00006622 000000000000000000- <1>     db 0x00,0x00,0x00,0x00,0x00,0x00,0x00,0x00,0x00,0x00,0x00,0x00,0x00,0x00,0x00,0x00,0x40,0xFF,0x1F,0x00,0x00,0x00,0x00,0x00
   308 0000662B 0000000000000040FF- <1>
   308 00006634 1F0000000000        <1>
   309 0000663A 000000000000000000- <1>     db 0x00,0x00,0x00,0x00,0x00,0x00,0x00,0x00,0x00,0x00,0x00,0x00,0x00,0x40,0xFF,0x1F,0x00,0x00,0x00,0x00,0x00,0x00,0x00,0x00
   309 00006643 0000000040FF1F0000- <1>
   309 0000664C 000000000000        <1>
   310 00006652 000000000000000000- <1>     db 0x00,0x00,0x00,0x00,0x00,0x00,0x00,0x00,0x00,0x00,0x00,0xFE,0x2F,0x00,0x00,0x00,0x00,0x00,0x00,0x00,0x00,0x00,0x00,0x00
   310 0000665B 0000FE2F0000000000- <1>
   310 00006664 000000000000        <1>
   311 0000666A 0000000000000000FE- <1>     db 0x00,0x00,0x00,0x00,0x00,0x00,0x00,0x00,0xFE,0x2F,0x00,0x00,0x00,0x00,0x00,0x00,0x00,0x00,0x00,0x00,0x00,0x00,0x00,0x00
   311 00006673 2F0000000000000000- <1>
   311 0000667C 000000000000        <1>
   312 00006682 0000000000FE3F0000- <1>     db 0x00,0x00,0x00,0x00,0x00,0xFE,0x3F,0x00,0x00,0x00,0x00,0x00,0x00,0x00,0x50,0x55,0x01,0x00,0x00,0x00,0x00,0x00,0x00,0x00
   312 0000668B 000000000050550100- <1>
   312 00006694 000000000000        <1>
   313 0000669A 0000FD7F0000000000- <1>     db 0x00,0x00,0xFD,0x7F,0x00,0x00,0x00,0x00,0x00,0x00,0x00,0xF8,0xFF,0x01,0x00,0x00,0x00,0x00,0x00,0x00,0x00,0x00,0x00,0xFD
   313 000066A3 0000F8FF0100000000- <1>
   313 000066AC 0000000000FD        <1>
   314 000066B2 7F00000000000000F8- <1>     db 0x7F,0x00,0x00,0x00,0x00,0x00,0x00,0x00,0xF8,0xFF,0x01,0x00,0x00,0x00,0x00,0x00,0x00,0x00,0x00,0x00,0xFC,0xBF,0x00,0x00
   314 000066BB FF0100000000000000- <1>
   314 000066C4 0000FCBF0000        <1>
   315 000066CA 0000000000FDBF0000- <1>     db 0x00,0x00,0x00,0x00,0x00,0xFD,0xBF,0x00,0x00,0x00,0x00,0x00,0x00,0x00,0x00,0x00,0x00,0xF8,0xFF,0x00,0x00,0x00,0x00,0x00
   315 000066D3 0000000000000000F8- <1>
   315 000066DC FF0000000000        <1>
   316 000066E2 0000FDBF0000000000- <1>     db 0x00,0x00,0xFD,0xBF,0x00,0x00,0x00,0x00,0x00,0x00,0x00,0x00,0x00,0x00,0xF4,0xFF,0x01,0x00,0x00,0x00,0x00,0x00,0x00,0xFE
   316 000066EB 0000000000F4FF0100- <1>
   316 000066F4 0000000000FE        <1>
   317 000066FA 7F0000000000000000- <1>     db 0x7F,0x00,0x00,0x00,0x00,0x00,0x00,0x00,0x00,0x00,0x00,0xF4,0xFF,0x02,0x00,0x00,0x00,0x00,0x00,0x00,0xFE,0x2F,0x00,0x00
   317 00006703 0000F4FF0200000000- <1>
   317 0000670C 0000FE2F0000        <1>
   318 00006712 0000000000000000E0- <1>     db 0x00,0x00,0x00,0x00,0x00,0x00,0x00,0x00,0xE0,0xFF,0x02,0x00,0x00,0x00,0x00,0x00,0x00,0xFF,0x2F,0x00,0x00,0x00,0x00,0x00
   318 0000671B FF02000000000000FF- <1>
   318 00006724 2F0000000000        <1>
   319 0000672A 0000000000D0FF0700- <1>     db 0x00,0x00,0x00,0x00,0x00,0xD0,0xFF,0x07,0x00,0x00,0x00,0x00,0x00,0x40,0xFF,0x1F,0x00,0x00,0x00,0x00,0x00,0x00,0x00,0x00
   319 00006733 0000000040FF1F0000- <1>
   319 0000673C 000000000000        <1>
   320 00006742 0000D0FF0B00000000- <1>     db 0x00,0x00,0xD0,0xFF,0x0B,0x00,0x00,0x00,0x00,0x00,0x80,0xFF,0x0B,0x00,0x00,0x00,0x00,0x00,0x00,0x00,0x00,0x00,0x00,0x80
   320 0000674B 0080FF0B0000000000- <1>
   320 00006754 000000000080        <1>
   321 0000675A FF0F000000000080FF- <1>     db 0xFF,0x0F,0x00,0x00,0x00,0x00,0x00,0x80,0xFF,0x0B,0x00,0x00,0x00,0x00,0x00,0x00,0x00,0x00,0x00,0x00,0x40,0xFF,0x1F,0x00
   321 00006763 0B0000000000000000- <1>
   321 0000676C 000040FF1F00        <1>
   322 00006772 00000000C0FF070000- <1>     db 0x00,0x00,0x00,0x00,0xC0,0xFF,0x07,0x00,0x00,0x00,0x00,0x00,0x00,0x00,0x00,0x00,0x00,0x00,0xFE,0x2F,0x00,0x00,0x00,0x00
   322 0000677B 000000000000000000- <1>
   322 00006784 FE2F00000000        <1>
   323 0000678A 00D0FF020000000000- <1>     db 0x00,0xD0,0xFF,0x02,0x00,0x00,0x00,0x00,0x00,0x00,0x00,0x00,0x00,0x00,0x00,0xFD,0x7F,0x00,0x00,0x00,0x00,0x00,0xE0,0xFF
   323 00006793 000000000000FD7F00- <1>
   323 0000679C 00000000E0FF        <1>
   324 000067A2 020000000000000000- <1>     db 0x02,0x00,0x00,0x00,0x00,0x00,0x00,0x00,0x00,0x00,0x00,0x00,0xFC,0xBF,0x00,0x00,0x00,0x00,0x00,0xE0,0xFF,0x01,0x00,0x00
   324 000067AB 000000FCBF00000000- <1>
   324 000067B4 00E0FF010000        <1>
   325 000067BA 000000000000000000- <1>     db 0x00,0x00,0x00,0x00,0x00,0x00,0x00,0x00,0x00,0xF4,0xFF,0x01,0x00,0x00,0x00,0x00,0xF0,0xBF,0x00,0x00,0x00,0x00,0x00,0x00
   325 000067C3 F4FF0100000000F0BF- <1>
   325 000067CC 000000000000        <1>
   326 000067D2 000000000000E0FF02- <1>     db 0x00,0x00,0x00,0x00,0x00,0x00,0xE0,0xFF,0x02,0x00,0x00,0x00,0x00,0xF4,0xBF,0x00,0x00,0x00,0x00,0x00,0x00,0x00,0x00,0x00
   326 000067DB 00000000F4BF000000- <1>
   326 000067E4 000000000000        <1>
   327 000067EA 000000D0FF07000000- <1>     db 0x00,0x00,0x00,0xD0,0xFF,0x07,0x00,0x00,0x00,0x00,0xF4,0x7F,0x00,0x00,0x00,0x00,0x00,0x00,0x00,0x00,0x00,0x00,0x00,0x00
   327 000067F3 00F47F000000000000- <1>
   327 000067FC 000000000000        <1>
   328 00006802 80FF0B00000000F83F- <1>     db 0x80,0xFF,0x0B,0x00,0x00,0x00,0x00,0xF8,0x3F,0x00,0x00,0x00,0x00,0x00,0x00,0x00,0x00,0x00,0x00,0x00,0x00,0x40,0xFF,0x2F
   328 0000680B 000000000000000000- <1>
   328 00006814 00000040FF2F        <1>
   329 0000681A 00000000F82F000000- <1>     db 0x00,0x00,0x00,0x00,0xF8,0x2F,0x00,0x00,0x00,0x00,0x00,0x00,0x00,0x00,0x00,0x00,0x00,0x00,0x00,0xFE,0x7F,0x00,0x00,0x00
   329 00006823 000000000000000000- <1>
   329 0000682C 00FE7F000000        <1>
   330 00006832 00FD1F000000000000- <1>     db 0x00,0xFD,0x1F,0x00,0x00,0x00,0x00,0x00,0x00,0x00,0x00,0x00,0x00,0x00,0x00,0x00,0xF8,0xBF,0x00,0x00,0x00,0x00,0xFD,0x0F
   330 0000683B 00000000000000F8BF- <1>
   330 00006844 00000000FD0F        <1>
   331 0000684A 000000000000000000- <1>     db 0x00,0x00,0x00,0x00,0x00,0x00,0x00,0x00,0x00,0x00,0x00,0x00,0x00,0xF4,0xFF,0x02,0x00,0x00,0x00,0xAD,0x0B,0x00,0x00,0x00
   331 00006853 00000000F4FF020000- <1>
   331 0000685C 00AD0B000000        <1>
   332 00006862 000000000000000000- <1>     db 0x00,0x00,0x00,0x00,0x00,0x00,0x00,0x00,0x00,0x00,0xD0,0xFF,0x07,0x00,0x00,0x00,0x00,0x00,0x00,0x00,0x00,0x00,0x00,0x00
   332 0000686B 00D0FF070000000000- <1>
   332 00006874 000000000000        <1>
   333 0000687A 0000000000000080FF- <1>     db 0x00,0x00,0x00,0x00,0x00,0x00,0x00,0x80,0xFF,0x0F,0x00,0x00,0x00,0x00,0x00,0x00,0x00,0x00,0x00,0x00,0x00,0x00,0x00,0x00
   333 00006883 0F0000000000000000- <1>
   333 0000688C 000000000000        <1>
   334 00006892 0000000000FE2F0000- <1>     db 0x00,0x00,0x00,0x00,0x00,0xFE,0x2F,0x00,0x00,0x00,0x00,0x00,0x00,0x00,0x00,0x00,0x00,0x00,0x00,0x00,0x00,0x00,0x00,0x00
   334 0000689B 000000000000000000- <1>
   334 000068A4 000000000000        <1>
   335 000068AA 0000A86A0000000000- <1>     db 0x00,0x00,0xA8,0x6A,0x00,0x00,0x00,0x00,0x00,0x00,0x00,0x00,0x00,0x00,0x00,0x00,0x00,0x00,0x00,0x00,0x00,0x00,0x00,0x00
   335 000068B3 000000000000000000- <1>
   335 000068BC 000000000000        <1>
   336 000068C2 000000000000000000- <1>     db 0x00,0x00,0x00,0x00,0x00,0x00,0x00,0x00,0x00,0x00,0x00,0x00,0x00,0x00,0x00,0x00,0x00,0x00,0x00,0x00,0x00,0x00,0x00,0x00
   336 000068CB 000000000000000000- <1>
   336 000068D4 000000000000        <1>
   337 000068DA 000000000000000000- <1>     db 0x00,0x00,0x00,0x00,0x00,0x00,0x00,0x00,0x00,0x00,0x00,0x00,0x00,0x00,0x00,0x00,0x00,0x00,0x00,0x00,0x00,0x00,0x00,0x00
   337 000068E3 000000000000000000- <1>
   337 000068EC 000000000000        <1>
   338 000068F2 000000000000000000- <1>     db 0x00,0x00,0x00,0x00,0x00,0x00,0x00,0x00,0x00,0x00,0x00,0x00,0x00,0x00,0x00,0x00,0x00,0x00
   338 000068FB 000000000000000000  <1>
  3313                                  %include "boot-icons-aa.inc"
     1                              <1> ; 20x20 Pixel, 2 Bit Alpha, vier Pixel pro Byte.
     2                              <1> bm_icon_home:
     3 00006904 000000000000000000- <1>     db 0x00,0x00,0x00,0x00,0x00,0x00,0x00,0x00,0x00,0x00,0x00,0x00,0x28,0x00,0x00,0x00,0x00,0xBE,0x01,0x00
     3 0000690D 0000002800000000BE- <1>
     3 00006916 0100                <1>
     4 00006918 0080EB070000F4821F- <1>     db 0x00,0x80,0xEB,0x07,0x00,0x00,0xF4,0x82,0x1F,0x00,0x00,0xBD,0x00,0xBD,0x00,0x40,0x2F,0x00,0xF4,0x02
     4 00006921 0000BD00BD00402F00- <1>
     4 0000692A F402                <1>
     5 0000692C E01F00F00B901F00F0- <1>     db 0xE0,0x1F,0x00,0xF0,0x0B,0x90,0x1F,0x00,0xF0,0x06,0x00,0x1E,0x00,0xF0,0x00,0x00,0x1E,0x54,0xF0,0x00
     5 00006935 06001E00F000001E54- <1>
     5 0000693E F000                <1>
     6 00006940 001EEEF200001E4AF2- <1>     db 0x00,0x1E,0xEE,0xF2,0x00,0x00,0x1E,0x4A,0xF2,0x00,0x00,0x1E,0x4A,0xF2,0x00,0x00,0x1E,0x4A,0xF2,0x00
     6 00006949 00001E4AF200001E4A- <1>
     6 00006952 F200                <1>
     7 00006954 00AEEFFB0000FEFFBF- <1>     db 0x00,0xAE,0xEF,0xFB,0x00,0x00,0xFE,0xFF,0xBF,0x00,0x00,0x54,0x55,0x15,0x00,0x00,0x00,0x00,0x00,0x00
     7 0000695D 000054551500000000- <1>
     7 00006966 0000                <1>
     8                              <1> bm_icon_install:
     9 00006968 000000000000001000- <1>     db 0x00,0x00,0x00,0x00,0x00,0x00,0x00,0x10,0x00,0x00,0x00,0x00,0xAA,0x00,0x00,0x00,0x90,0x82,0x0B,0x00
     9 00006971 000000AA0000009082- <1>
     9 0000697A 0B00                <1>
    10 0000697C 00E902690080062E90- <1>     db 0x00,0xE9,0x02,0x69,0x00,0x80,0x06,0x2E,0x90,0x06,0xD0,0x02,0xA0,0x81,0x0B,0x90,0x2D,0x40,0xAA,0x0A
    10 00006985 06D002A0810B902D40- <1>
    10 0000698E AA0A                <1>
    11 00006990 90A0421A0A9040AA01- <1>     db 0x90,0xA0,0x42,0x1A,0x0A,0x90,0x40,0xAA,0x01,0x0A,0x90,0x00,0x38,0x00,0x0A,0x90,0x00,0x24,0x00,0x0A
    11 00006999 0A900038000A900024- <1>
    11 000069A2 000A                <1>
    12 000069A4 900024000AD0002400- <1>     db 0x90,0x00,0x24,0x00,0x0A,0xD0,0x00,0x24,0x00,0x0A,0xC0,0x02,0x24,0x80,0x07,0x00,0x2E,0x24,0xA4,0x00
    12 000069AD 0AC002248007002E24- <1>
    12 000069B6 A400                <1>
    13 000069B8 00A0651A000040BE01- <1>     db 0x00,0xA0,0x65,0x1A,0x00,0x00,0x40,0xBE,0x01,0x00,0x00,0x00,0x24,0x00,0x00,0x00,0x00,0x00,0x00,0x00
    13 000069C1 000000240000000000- <1>
    13 000069CA 0000                <1>
    14                              <1> bm_icon_settings:
    15 000069CC 000000000000002D00- <1>     db 0x00,0x00,0x00,0x00,0x00,0x00,0x00,0x2D,0x00,0x00,0x40,0x00,0x3D,0x10,0x00,0xD0,0x02,0xB8,0xB4,0x00
    15 000069D5 0040003D1000D002B8- <1>
    15 000069DE B400                <1>
    16 000069E0 904BFEE60200FEFF9B- <1>     db 0x90,0x4B,0xFE,0xE6,0x02,0x00,0xFE,0xFF,0x9B,0x0B,0x00,0xFC,0x41,0x7E,0x06,0x00,0x3D,0x00,0xB8,0x00
    16 000069E9 0B00FC417E06003D00- <1>
    16 000069F2 B800                <1>
    17 000069F4 141E7DF401BC0FD7E1- <1>     db 0x14,0x1E,0x7D,0xF4,0x01,0xBC,0x0F,0xD7,0xE1,0x1B,0xF8,0x0F,0xC3,0xE1,0xBF,0x80,0x1F,0xAD,0xF0,0x79
    17 000069FD 1BF80FC3E1BF801FAD- <1>
    17 00006A06 F079                <1>
    18 00006A08 002E14B80040BD017E- <1>     db 0x00,0x2E,0x14,0xB8,0x00,0x40,0xBD,0x01,0x7E,0x00,0xD0,0xF6,0xEB,0xBF,0x00,0x90,0x9B,0xFF,0xE6,0x02
    18 00006A11 00D0F6EBBF00909BFF- <1>
    18 00006A1A E602                <1>
    19 00006A1C 002E7D800B0018B800- <1>     db 0x00,0x2E,0x7D,0x80,0x0B,0x00,0x18,0xB8,0x00,0x06,0x00,0x00,0xF4,0x00,0x00,0x00,0x00,0x60,0x00,0x00
    19 00006A25 060000F40000000060- <1>
    19 00006A2E 0000                <1>
    20                              <1> bm_icon_diagnostics:
    21 00006A30 000000000000000000- <1>     db 0x00,0x00,0x00,0x00,0x00,0x00,0x00,0x00,0x00,0x00,0x00,0x00,0x00,0x00,0x00,0x00,0x00,0x00,0x00,0x00
    21 00006A39 000000000000000000- <1>
    21 00006A42 0000                <1>
    22 00006A44 E00B000000701C5555- <1>     db 0xE0,0x0B,0x00,0x00,0x00,0x70,0x1C,0x55,0x55,0x05,0x30,0x18,0xAA,0xAA,0x1A,0xA0,0x1E,0x00,0x00,0x00
    22 00006A4D 053018AAAA1AA01E00- <1>
    22 00006A56 0000                <1>
    23 00006A58 4005000000A00A0000- <1>     db 0x40,0x05,0x00,0x00,0x00,0xA0,0x0A,0x00,0x00,0x00,0x70,0x1C,0x55,0x55,0x05,0x30,0x18,0xAA,0xAA,0x1A
    23 00006A61 00701C5555053018AA- <1>
    23 00006A6A AA1A                <1>
    24 00006A6C A01E00000040050000- <1>     db 0xA0,0x1E,0x00,0x00,0x00,0x40,0x05,0x00,0x00,0x00,0xA0,0x0A,0x00,0x00,0x00,0x70,0x1C,0x55,0x55,0x05
    24 00006A75 00A00A000000701C55- <1>
    24 00006A7E 5505                <1>
    25 00006A80 3018AAAA1AE01E0000- <1>     db 0x30,0x18,0xAA,0xAA,0x1A,0xE0,0x1E,0x00,0x00,0x00,0x40,0x05,0x00,0x00,0x00,0x00,0x00,0x00,0x00,0x00
    25 00006A89 004005000000000000- <1>
    25 00006A92 0000                <1>
    26                              <1> bm_icon_recover:
    27 00006A94 000000000000000000- <1>     db 0x00,0x00,0x00,0x00,0x00,0x00,0x00,0x00,0x00,0x00,0x00,0x00,0x00,0x00,0x00,0x00,0x80,0xFF,0x02,0x00
    27 00006A9D 0000000000000080FF- <1>
    27 00006AA6 0200                <1>
    28 00006AA8 00C001070000D00006- <1>     db 0x00,0xC0,0x01,0x07,0x00,0x00,0xD0,0x00,0x06,0x00,0xD0,0xFF,0xFF,0xFF,0x07,0x70,0x00,0x55,0x01,0x1D
    28 00006AB1 00D0FFFFFF07700055- <1>
    28 00006ABA 011D                <1>
    29 00006ABC 300000001830000000- <1>     db 0x30,0x00,0x00,0x00,0x18,0x30,0x00,0x00,0x00,0x18,0x70,0x55,0xBD,0x55,0x1D,0xB0,0xAA,0xFE,0xAA,0x1E
    29 00006AC5 187055BD551DB0AAFE- <1>
    29 00006ACE AA1E                <1>
    30 00006AD0 30007C001830001400- <1>     db 0x30,0x00,0x7C,0x00,0x18,0x30,0x00,0x14,0x00,0x18,0x30,0x00,0x00,0x00,0x18,0x70,0x00,0x00,0x00,0x1C
    30 00006AD9 183000000018700000- <1>
    30 00006AE2 001C                <1>
    31 00006AE4 D0AAAAAA0B40555555- <1>     db 0xD0,0xAA,0xAA,0xAA,0x0B,0x40,0x55,0x55,0x55,0x01,0x00,0x00,0x00,0x00,0x00,0x00,0x00,0x00,0x00,0x00
    31 00006AED 010000000000000000- <1>
    31 00006AF6 0000                <1>
    32                              <1> bm_icon_power:
    33 00006AF8 000000000000000000- <1>     db 0x00,0x00,0x00,0x00,0x00,0x00,0x00,0x00,0x00,0x00,0x00,0x00,0x78,0x00,0x00,0x00,0x00,0x78,0x00,0x00
    33 00006B01 000000780000000078- <1>
    33 00006B0A 0000                <1>
    34 00006B0C 0000780000000978A0- <1>     db 0x00,0x00,0x78,0x00,0x00,0x00,0x09,0x78,0xA0,0x00,0x00,0x1F,0x78,0xF0,0x01,0x80,0x0B,0x78,0xE0,0x02
    34 00006B15 00001F78F001800B78- <1>
    34 00006B1E E002                <1>
    35 00006B20 800778C003C0037880- <1>     db 0x80,0x07,0x78,0xC0,0x03,0xC0,0x03,0x78,0x80,0x07,0xC0,0x03,0x14,0x80,0x07,0xC0,0x07,0x00,0xC0,0x07
    35 00006B29 07C003148007C00700- <1>
    35 00006B32 C007                <1>
    36 00006B34 800B00D003401F00F0- <1>     db 0x80,0x0B,0x00,0xD0,0x03,0x40,0x1F,0x00,0xF0,0x01,0x00,0xBD,0x00,0xBD,0x00,0x00,0xF8,0xEB,0x2F,0x00
    36 00006B3D 0100BD00BD0000F8EB- <1>
    36 00006B46 2F00                <1>
    37 00006B48 0090FF060000005400- <1>     db 0x00,0x90,0xFF,0x06,0x00,0x00,0x00,0x54,0x00,0x00,0x00,0x00,0x00,0x00,0x00,0x00,0x00,0x00,0x00,0x00
    37 00006B51 000000000000000000- <1>
    37 00006B5A 0000                <1>
  3314                                  
  3315 00006B5C 90<rep 4h>              align 8
  3316                                  gdt_start:
  3317 00006B60 0000000000000000            dq 0
  3318 00006B68 FFFF0000009ACF00            dq 0x00CF9A000000FFFF
  3319 00006B70 FFFF00000092CF00            dq 0x00CF92000000FFFF
  3320 00006B78 FFFF0000009AAF00            dq 0x00AF9A000000FFFF
  3321                                  gdt_end:
  3322                                  gdt_descriptor:
  3323 00006B80 1F00                        dw gdt_end - gdt_start - 1
  3324 00006B82 [606B0000]                  dd gdt_start
  3324          ******************       warning: 32-bit absolute section-crossing relocation [-w+reloc-abs-dword]
  3325                                  
  3326                                  [bits 16]
  3327                                  print_string:
  3328 00006B86 AC                          lodsb
  3329 00006B87 84C0                        test al, al
  3330 00006B89 7410                        jz .done
  3331 00006B8B 52                          push dx
  3332 00006B8C BAE900                      mov dx, 0x00E9
  3333 00006B8F EE                          out dx, al
  3334 00006B90 5A                          pop dx
  3335 00006B91 B40E                        mov ah, 0x0E
  3336 00006B93 30FF                        xor bh, bh
  3337 00006B95 B307                        mov bl, 0x07
  3338 00006B97 CD10                        int 0x10
  3339 00006B99 EBEB                        jmp print_string
  3340                                  .done:
  3341 00006B9B C3                          ret
  3342                                  
  3343                                  fatal_halt:
  3344 00006B9C FA                          cli
  3345                                  .loop:
  3346 00006B9D F4                          hlt
  3347 00006B9E EBFD                        jmp .loop
  3348                                  
  3349                                  kernel_load_error:
  3350 00006BA0 BE[106D]                    mov si, message_kernel_load_error
  3350          ******************       warning: 16-bit absolute section-crossing relocation [-w+reloc-abs-word]
  3351 00006BA3 E8E0FF                      call print_string
  3352 00006BA6 EBF4                        jmp fatal_halt
  3353                                  
  3354 00006BA8 00                      boot_drive:                 db 0
  3355 00006BA9 00                      boot_error_code:            db 0
  3356 00006BAA 00                      kernel_payload_format:      db 0
  3357 00006BAB 00                      retry_count:                db 0
  3358 00006BAC 0000                    kernel_destination_offset: dw 0
  3359 00006BAE 00                      kernel_cylinder:            db 0
  3360 00006BAF 00                      kernel_head:                db 0
  3361 00006BB0 00                      kernel_sector:              db 0
  3362 00006BB1 00                      kernel_remaining:           db 0
  3363 00006BB2 12                      sectors_per_track:          db 18
  3364 00006BB3 01                      maximum_head:               db 1
  3365                                  
  3366                                  align 4
  3367 00006BB4 00000000                kernel_payload_base:        dd 0
  3368 00006BB8 00000000                kernel_payload_crc:         dd 0
  3369 00006BBC 00000000                elf_load_address:           dd 0
  3370 00006BC0 00000000                elf_memory_size:            dd 0
  3371 00006BC4 00000000                elf_entry_point:            dd 0
  3372 00006BC8 00000000                elf_ph_pointer:             dd 0
  3373 00006BCC 00000000                elf_ph_remaining:           dd 0
  3374 00006BD0 00000000                elf_min_address:            dd 0
  3375 00006BD4 00000000                elf_max_address:            dd 0
  3376 00006BD8 00000000                elf_segment_count:          dd 0
  3377 00006BDC 00000000                elf_current_start:          dd 0
  3378 00006BE0 00000000                elf_current_end:            dd 0
  3379 00006BE4 00000000                elf_note_name_size:         dd 0
  3380 00006BE8 00000000                elf_note_desc_size:         dd 0
  3381 00006BEC 00000000                elf_note_next:              dd 0
  3382 00006BF0 00                      elf_entry_covered:          db 0
  3383 00006BF1 00                      elf_build_id_found:         db 0
  3384 00006BF2 00                      elf_nova_metadata_found:    db 0
  3385                                  
  3386 00006BF3 90                      align 4
  3387 00006BF4 00000000<rep 5h>        elf_build_id:               times 5 dd 0
  3388 00006C08 00000000<rep 10h>       elf_segment_starts:         times 16 dd 0
  3389 00006C48 00000000<rep 10h>       elf_segment_ends:           times 16 dd 0
  3390                                  
  3391                                  align 4
  3392                                  kernel_dap:
  3393 00006C88 1000                        db 0x10, 0
  3394 00006C8A 5100                        dw KERNEL_IMAGE_SECTOR_COUNT
  3395 00006C8C 0000                        dw KERNEL_TEMP_OFFSET
  3396 00006C8E 0010                        dw KERNEL_TEMP_SEGMENT
  3397 00006C90 3900000000000000            dq KERNEL_FIRST_LBA
  3398                                  
  3399                                  message_start:
  3400 00006C98 4E6F76612053746167-         db "Nova Stage 2 / NBHP v1", 13, 10, 0
  3400 00006CA1 652032202F204E4248-
  3400 00006CAA 502076310D0A00     
  3401                                  message_vbe_fallback:
  3402 00006CB1 424F4F542D57303031-         db "BOOT-W001: VBE nicht verfuegbar, Textmodus aktiv", 13, 10, 0
  3402 00006CBA 3A20564245206E6963-
  3402 00006CC3 687420766572667565-
  3402 00006CCC 676261722C20546578-
  3402 00006CD5 746D6F64757320616B-
  3402 00006CDE 7469760D0A00       
  3403                                  message_memory_error:
  3404 00006CE4 424F4F542D32303031-         db "BOOT-2001: Speicherkarte nicht verfuegbar", 13, 10, 0
  3404 00006CED 3A2053706569636865-
  3404 00006CF6 726B61727465206E69-
  3404 00006CFF 636874207665726675-
  3404 00006D08 65676261720D0A00   
  3405                                  message_kernel_load_error:
  3406 00006D10 424F4F542D31303031-         db "BOOT-1001: Kernel nicht gefunden", 13, 10, 0
  3406 00006D19 3A204B65726E656C20-
  3406 00006D22 6E6963687420676566-
  3406 00006D2B 756E64656E0D0A00   
  3407                                  message_kernel_header_error:
  3408 00006D33 424F4F542D31303032-         db "BOOT-1002: Kernel-Header ungueltig", 13, 10, 0
  3408 00006D3C 3A204B65726E656C2D-
  3408 00006D45 48656164657220756E-
  3408 00006D4E 6775656C7469670D0A-
  3408 00006D57 00                 
  3409                                  message_kernel_checksum_error:
  3410 00006D58 424F4F542D31303032-         db "BOOT-1002: Kernel-Pruefsumme ungueltig", 13, 10, 0
  3410 00006D61 3A204B65726E656C2D-
  3410 00006D6A 507275656673756D6D-
  3410 00006D73 6520756E6775656C74-
  3410 00006D7C 69670D0A00         
  3411                                  message_bib_error:
  3412 00006D81 424F4F542D31303131-         db "BOOT-1011: NBHP/BIB-Struktur ungueltig", 13, 10, 0
  3412 00006D8A 3A204E4248502F4249-
  3412 00006D93 422D537472756B7475-
  3412 00006D9C 7220756E6775656C74-
  3412 00006DA5 69670D0A00         
  3413                                  
  3414 00006DAA 00<rep 256h>            times STAGE2_BYTE_COUNT - ($ - $$) db 0
