     1                                  ; Nova Kernel - x86-32 Entry und früher Kernel Context
     2                                  ; Validiert NBHP/BIB v1, übernimmt ausschließlich TLV-Daten und ruft danach
     3                                  ; den minimalen Kernel Main auf.
     4                                  
     5                                  %include "layout.inc"
     1                              <1> ; Gemeinsames physisches Speicher- und Datenträgerlayout des BIOS-Bootpfads.
     2                              <1> ; Änderungen an diesen Konstanten müssen zusammen mit Image Builder,
     3                              <1> ; Kernel-Linkerskript und BootInfo-ABI erfolgen.
     4                              <1> 
     5                              <1> %ifndef NOVA_BOOT_LAYOUT_INC
     6                              <1> %define NOVA_BOOT_LAYOUT_INC
     7                              <1> 
     8                              <1> %include "nova_boot_protocol.inc"
     1                              <2> ; Öffentliche Nova Boot ABI für NASM.
     2                              <2> ; Diese Datei enthält ausschließlich versionierte, von Bootloader und Kernel
     3                              <2> ; gemeinsam verwendete Konstanten. Private Speicherlayouts gehören nicht hierher.
     4                              <2> 
     5                              <2> %ifndef NOVA_BOOT_PROTOCOL_INC
     6                              <2> %define NOVA_BOOT_PROTOCOL_INC
     7                              <2> 
     8                              <2> NOVA_NKI_VERSION              equ 1
     9                              <2> NOVA_NKI_HEADER_SIZE          equ 64
    10                              <2> NOVA_BOOT_ARCH_X86_32         equ 1
    11                              <2> NOVA_NKI_FLAG_ELF_BUILD_ID    equ 0x00000001
    12                              <2> NOVA_NKI_FLAG_NOVA_METADATA   equ 0x00000002
    13                              <2> NOVA_LOADER_ABI_VERSION       equ 0x00010000
    14                              <2> 
    15                              <2> NOVA_BIB_MAGIC_LOW            equ 0x5048424E ; "NBHP"
    16                              <2> NOVA_BIB_MAGIC_HIGH           equ 0x00424942 ; "BIB\0"
    17                              <2> NOVA_BIB_VERSION_MAJOR        equ 1
    18                              <2> NOVA_BIB_VERSION_MINOR        equ 2
    19                              <2> NOVA_BIB_VERSION_PATCH        equ 0
    20                              <2> NOVA_BIB_HEADER_SIZE          equ 32
    21                              <2> NOVA_X86_BOOT_MAGIC           equ 0x4E4F5641
    22                              <2> 
    23                              <2> NOVA_BOOT_PLATFORM_BIOS       equ 1
    24                              <2> NOVA_BOOT_FLAG_FRAMEBUFFER    equ 0x00000001
    25                              <2> 
    26                              <2> BIB_OFF_MAGIC_LOW             equ 0
    27                              <2> BIB_OFF_MAGIC_HIGH            equ 4
    28                              <2> BIB_OFF_VERSION_MAJOR         equ 8
    29                              <2> BIB_OFF_VERSION_MINOR         equ 10
    30                              <2> BIB_OFF_VERSION_PATCH         equ 12
    31                              <2> BIB_OFF_HEADER_SIZE           equ 14
    32                              <2> BIB_OFF_TOTAL_SIZE            equ 16
    33                              <2> BIB_OFF_CHECKSUM              equ 20
    34                              <2> BIB_OFF_ARCHITECTURE          equ 24
    35                              <2> BIB_OFF_FLAGS                 equ 28
    36                              <2> 
    37                              <2> BIB_TLV_HEADER_SIZE           equ 8
    38                              <2> BIB_TLV_FLAG_REQUIRED         equ 0x0001
    39                              <2> 
    40                              <2> BIB_TLV_FIRMWARE              equ 1
    41                              <2> BIB_TLV_CPU                   equ 2
    42                              <2> BIB_TLV_MEMORY                equ 3
    43                              <2> BIB_TLV_GRAPHICS              equ 4
    44                              <2> BIB_TLV_STORAGE               equ 5
    45                              <2> BIB_TLV_KERNEL                equ 6
    46                              <2> BIB_TLV_SECURITY              equ 7
    47                              <2> BIB_TLV_ACPI                  equ 8
    48                              <2> BIB_TLV_BOOT_OPTIONS          equ 9
    49                              <2> BIB_TLV_MODULES               equ 10
    50                              <2> BIB_TLV_TIMING                equ 11
    51                              <2> BIB_TLV_ENTROPY               equ 12
    52                              <2> BIB_TLV_SYSTEM                equ 13
    53                              <2> BIB_TLV_KERNEL_IDENTITY       equ 14
    54                              <2> 
    55                              <2> BIB_FIRMWARE_SIZE             equ 16
    56                              <2> BIB_CPU_SIZE                  equ 32
    57                              <2> BIB_MEMORY_SIZE               equ 16
    58                              <2> BIB_GRAPHICS_SIZE             equ 32
    59                              <2> BIB_STORAGE_SIZE              equ 24
    60                              <2> BIB_KERNEL_SIZE               equ 32
    61                              <2> BIB_SECURITY_SIZE             equ 16
    62                              <2> BIB_ACPI_SIZE                 equ 16
    63                              <2> BIB_BOOT_OPTIONS_SIZE         equ 16
    64                              <2> BIB_MODULES_SIZE              equ 16
    65                              <2> BIB_TIMING_SIZE               equ 24
    66                              <2> BIB_ENTROPY_SIZE              equ 32
    67                              <2> BIB_SYSTEM_SIZE               equ 16
    68                              <2> BIB_KERNEL_IDENTITY_SIZE      equ 32
    69                              <2> 
    70                              <2> NOVA_ENTROPY_SOURCE_NONE      equ 0
    71                              <2> NOVA_ENTROPY_SOURCE_RDTSC     equ 1
    72                              <2> NOVA_ENTROPY_QUALITY_WEAK     equ 1
    73                              <2> 
    74                              <2> NOVA_KERNEL_FORMAT_NATIVE     equ 1
    75                              <2> NOVA_KERNEL_FORMAT_ELF32      equ 2
    76                              <2> NOVA_KERNEL_FORMAT_ELF64      equ 3
    77                              <2> 
    78                              <2> ELF_MAGIC                     equ 0x464C457F
    79                              <2> ELFCLASS32                    equ 1
    80                              <2> ELFCLASS64                    equ 2
    81                              <2> ELFDATA2LSB                   equ 1
    82                              <2> ELF_ET_EXEC                   equ 2
    83                              <2> ELF_EM_386                    equ 3
    84                              <2> ELF_EM_X86_64                 equ 62
    85                              <2> ELF_PT_LOAD                   equ 1
    86                              <2> ELF_PT_DYNAMIC                equ 2
    87                              <2> ELF_PT_INTERP                 equ 3
    88                              <2> ELF_PT_NOTE                   equ 4
    89                              <2> ELF_PF_EXECUTE                equ 1
    90                              <2> ELF_PF_WRITE                  equ 2
    91                              <2> ELF_NT_GNU_BUILD_ID           equ 3
    92                              <2> ELF_NT_NOVA_REQUIREMENTS      equ 0x4E4F5601
    93                              <2> ELF32_HEADER_SIZE             equ 52
    94                              <2> ELF32_PROGRAM_HEADER_SIZE     equ 32
    95                              <2> 
    96                              <2> ELF32_OFF_ENTRY               equ 24
    97                              <2> ELF32_OFF_PHOFF               equ 28
    98                              <2> ELF32_OFF_EHSIZE              equ 40
    99                              <2> ELF32_OFF_PHENTSIZE           equ 42
   100                              <2> ELF32_OFF_PHNUM               equ 44
   101                              <2> 
   102                              <2> ELF32_PH_OFF_TYPE             equ 0
   103                              <2> ELF32_PH_OFF_OFFSET           equ 4
   104                              <2> ELF32_PH_OFF_VADDR            equ 8
   105                              <2> ELF32_PH_OFF_PADDR            equ 12
   106                              <2> ELF32_PH_OFF_FILESZ           equ 16
   107                              <2> ELF32_PH_OFF_MEMSZ            equ 20
   108                              <2> ELF32_PH_OFF_FLAGS            equ 24
   109                              <2> ELF32_PH_OFF_ALIGN            equ 28
   110                              <2> 
   111                              <2> ELF64_HEADER_SIZE             equ 64
   112                              <2> ELF64_PROGRAM_HEADER_SIZE     equ 56
   113                              <2> ELF64_OFF_ENTRY               equ 24
   114                              <2> ELF64_OFF_PHOFF               equ 32
   115                              <2> ELF64_OFF_EHSIZE              equ 52
   116                              <2> ELF64_OFF_PHENTSIZE           equ 54
   117                              <2> ELF64_OFF_PHNUM               equ 56
   118                              <2> ELF64_PH_OFF_TYPE             equ 0
   119                              <2> ELF64_PH_OFF_FLAGS            equ 4
   120                              <2> ELF64_PH_OFF_OFFSET           equ 8
   121                              <2> ELF64_PH_OFF_VADDR            equ 16
   122                              <2> ELF64_PH_OFF_PADDR            equ 24
   123                              <2> ELF64_PH_OFF_FILESZ           equ 32
   124                              <2> ELF64_PH_OFF_MEMSZ            equ 40
   125                              <2> ELF64_PH_OFF_ALIGN            equ 48
   126                              <2> 
   127                              <2> %endif
     9                              <1> 
    10                              <1> ; Datenträgerlayout
    11                              <1> STAGE2_FIRST_SECTOR        equ 2
    12                              <1> STAGE2_SECTOR_COUNT        equ 64
    13                              <1> STAGE2_BYTE_COUNT          equ STAGE2_SECTOR_COUNT * 512
    14                              <1> KERNEL_FIRST_LBA           equ 65
    15                              <1> KERNEL_PAYLOAD_MAX_SIZE    equ 40960
    16                              <1> NKI_HEADER_SIZE            equ NOVA_NKI_HEADER_SIZE
    17                              <1> KERNEL_IMAGE_SECTOR_COUNT  equ 81
    18                              <1> KERNEL_IMAGE_BYTE_COUNT    equ KERNEL_IMAGE_SECTOR_COUNT * 512
    19                              <1> 
    20                              <1> DISK_RETRY_COUNT           equ 3
    21                              <1> 
    22                              <1> ; Physisches Speicherlayout unterhalb von 1 MiB
    23                              <1> BOOT_INFO_ADDRESS          equ 0x00005000
    24                              <1> BOOT_INFO_CAPACITY         equ 0x00000800
    25                              <1> MEMORY_MAP_ADDRESS         equ 0x00005800
    26                              <1> MEMORY_MAP_ENTRY_SIZE      equ 24
    27                              <1> MEMORY_MAP_MAX_ENTRIES     equ 64
    28                              <1> VBE_MODE_INFO_ADDRESS      equ 0x00006000
    29                              <1> VBE_CONTROLLER_INFO_ADDRESS equ 0x00006100
    30                              <1> STAGE2_STACK_TOP           equ 0x00007800
    31                              <1> STAGE1_STACK_TOP           equ 0x00007C00
    32                              <1> STAGE2_LOAD_ADDRESS        equ 0x00007E00
    33                              <1> 
    34                              <1> KERNEL_TEMP_SEGMENT        equ 0x1000
    35                              <1> KERNEL_TEMP_OFFSET         equ 0x0000
    36                              <1> KERNEL_TEMP_ADDRESS        equ 0x00010000
    37                              <1> 
    38                              <1> ; 32-Bit-Kernel
    39                              <1> KERNEL_ENTRY_ADDRESS       equ 0x00100000
    40                              <1> KERNEL_STACK_TOP           equ 0x00090000
    41                              <1> 
    42                              <1> ; Protected-Mode-Segmente
    43                              <1> CODE_SEGMENT               equ 0x08
    44                              <1> DATA_SEGMENT               equ 0x10
    45                              <1> LONG_CODE_SEGMENT          equ 0x18
    46                              <1> LONG_MODE_PML4             equ 0x00070000
    47                              <1> LONG_MODE_PDPT             equ 0x00071000
    48                              <1> LONG_MODE_PD               equ 0x00072000
    49                              <1> 
    50                              <1> ; Grafik
    51                              <1> ; Der Modus wird aus der VBE-Modusliste nach der in BOOTRENDER-0007
    52                              <1> ; definierten Auflösungspräferenz ausgewählt.
    53                              <1> NOVA_PIXEL_FORMAT_BGRX8888 equ 1
    54                              <1> 
    55                              <1> ; Nova Kernel Image v1 (NKI)
    56                              <1> NKI_MAGIC_LOW              equ 0x41564F4E ; "NOVA"
    57                              <1> NKI_MAGIC_HIGH             equ 0x00494B4E ; "NKI\0"
    58                              <1> NKI_VERSION                equ 1
    59                              <1> NKI_ARCH_X86_32            equ 1
    60                              <1> NKI_COMPRESSION_NONE       equ 0
    61                              <1> 
    62                              <1> NKI_OFF_MAGIC_LOW          equ 0
    63                              <1> NKI_OFF_MAGIC_HIGH         equ 4
    64                              <1> NKI_OFF_VERSION            equ 8
    65                              <1> NKI_OFF_HEADER_SIZE        equ 12
    66                              <1> NKI_OFF_ARCHITECTURE       equ 16
    67                              <1> NKI_OFF_FLAGS              equ 20
    68                              <1> NKI_OFF_ENTRY_POINT        equ 24
    69                              <1> NKI_OFF_LOAD_ADDRESS       equ 28
    70                              <1> NKI_OFF_IMAGE_SIZE         equ 32
    71                              <1> NKI_OFF_COMPRESSION        equ 36
    72                              <1> NKI_OFF_CRC32              equ 40
    73                              <1> NKI_OFF_BUILD_ID           equ 44
    74                              <1> 
    75                              <1> %endif
     6                                  
     7                                  [org KERNEL_ENTRY_ADDRESS]
     8                                  [bits 32]
     9                                  
    10                                  kernel_entry:
    11 00000000 FA                          cli
    12 00000001 FC                          cld
    13 00000002 BC00000900                  mov esp, KERNEL_STACK_TOP
    14 00000007 31ED                        xor ebp, ebp
    15 00000009 C705[343B0000]0000-         mov dword [boot_phase_current], BOOT_PHASE_KERNEL_ENTRY
    15 00000011 0000               
    16 00000013 C705[383B0000]FFFF-         mov dword [boot_phase_last_success], BOOT_PHASE_NONE
    16 0000001B FFFF               
    17                                  
    18 0000001D 50                          push eax
    19 0000001E 53                          push ebx
    20 0000001F E8E03C0000                  call serial_initialize
    21 00000024 BE[0A520000]                mov esi, message_entered
    22 00000029 E8083D0000                  call serial_write_string
    23 0000002E E8093B0000                  call boot_phase_log
    24 00000033 5B                          pop ebx
    25 00000034 58                          pop eax
    26                                  
    27 00000035 50                          push eax
    28 00000036 53                          push ebx
    29 00000037 E814390000                  call panic_manager_initialize
    30 0000003C E833390000                  call panic_manager_self_test
    31 00000041 0F82B93C0000                jc kernel_halt
    32 00000047 BE[42520000]                mov esi, message_panic_manager_ok
    33 0000004C E8E53C0000                  call serial_write_string
    34 00000051 5B                          pop ebx
    35 00000052 58                          pop eax
    36                                  
    37 00000053 3D41564F4E                  cmp eax, NOVA_X86_BOOT_MAGIC
    38 00000058 0F8595030000                jne panic_invalid_handoff
    39 0000005E 85DB                        test ebx, ebx
    40 00000060 0F848D030000                jz panic_invalid_handoff
    41 00000066 F7C307000000                test ebx, 7
    42 0000006C 0F8581030000                jnz panic_invalid_handoff
    43                                  
    44 00000072 C705[383B0000]0000-         mov dword [boot_phase_last_success], BOOT_PHASE_KERNEL_ENTRY
    44 0000007A 0000               
    45 0000007C C705[343B0000]0100-         mov dword [boot_phase_current], BOOT_PHASE_HANDOFF
    45 00000084 0000               
    46 00000086 E8B13A0000                  call boot_phase_log
    47 0000008B 891D[384A0000]              mov [kernel_context + CONTEXT_BIB], ebx
    48 00000091 E871030000                  call validate_bib
    49 00000096 0F8257030000                jc panic_invalid_handoff
    50                                  
    51 0000009C E8EC030000                  call create_kernel_context
    52 000000A1 0F824C030000                jc panic_invalid_handoff
    53 000000A7 E8DD060000                  call early_security_entropy_initialize
    54 000000AC 0F8241030000                jc panic_invalid_handoff
    55 000000B2 C705[383B0000]0100-         mov dword [boot_phase_last_success], BOOT_PHASE_HANDOFF
    55 000000BA 0000               
    56 000000BC C705[343B0000]0200-         mov dword [boot_phase_current], BOOT_PHASE_EARLY_ARCH
    56 000000C4 0000               
    57 000000C6 E8713A0000                  call boot_phase_log
    58                                  
    59 000000CB BE[43530000]                mov esi, message_bib_ok
    60 000000D0 E8613C0000                  call serial_write_string
    61 000000D5 F705[3C4A0000]8000-         test dword [kernel_context + CONTEXT_SEEN], CONTEXT_HAS_KERNEL_ID
    61 000000DD 0000               
    62 000000DF 740A                        jz .kernel_identity_done
    63 000000E1 BE[61530000]                mov esi, message_kernel_identity_ok
    64 000000E6 E84B3C0000                  call serial_write_string
    65                                  .kernel_identity_done:
    66                                  
    67 000000EB C705[383B0000]0200-         mov dword [boot_phase_last_success], BOOT_PHASE_EARLY_ARCH
    67 000000F3 0000               
    68 000000F5 C705[343B0000]0300-         mov dword [boot_phase_current], BOOT_PHASE_EARLY_MEMORY
    68 000000FD 0000               
    69 000000FF E8383A0000                  call boot_phase_log
    70 00000104 E8AA060000                  call pmm_initialize
    71 00000109 0F82D0020000                jc panic_memory_manager
    72 0000010F E8C1070000                  call pmm_self_test
    73 00000114 0F82C5020000                jc panic_memory_manager
    74 0000011A BE[91530000]                mov esi, message_pmm_ok
    75 0000011F E8123C0000                  call serial_write_string
    76                                  
    77 00000124 C705[383B0000]0300-         mov dword [boot_phase_last_success], BOOT_PHASE_EARLY_MEMORY
    77 0000012C 0000               
    78 0000012E C705[343B0000]0400-         mov dword [boot_phase_current], BOOT_PHASE_VIRTUAL_MEMORY
    78 00000136 0000               
    79 00000138 E8FF390000                  call boot_phase_log
    80 0000013D E8F61D0000                  call paging_initialize
    81 00000142 0F8233020000                jc panic_paging
    82                                  
    83 00000148 C705[383B0000]0400-         mov dword [boot_phase_last_success], BOOT_PHASE_VIRTUAL_MEMORY
    83 00000150 0000               
    84 00000152 C705[343B0000]0500-         mov dword [boot_phase_current], BOOT_PHASE_KERNEL_CORE
    84 0000015A 0000               
    85 0000015C E8DB390000                  call boot_phase_log
    86 00000161 E8EA170000                  call heap_initialize
    87 00000166 0F824B020000                jc panic_heap
    88 0000016C E87B180000                  call heap_self_test
    89 00000171 0F8240020000                jc panic_heap
    90 00000177 BE[FA530000]                mov esi, message_heap_ok
    91 0000017C E8B53B0000                  call serial_write_string
    92                                  
    93 00000181 E8EA180000                  call object_manager_initialize
    94 00000186 0F8203020000                jc panic_object_manager
    95 0000018C E82A1A0000                  call object_manager_self_test
    96 00000191 0F82F8010000                jc panic_object_manager
    97 00000197 BE[59540000]                mov esi, message_object_manager_ok
    98 0000019C E8953B0000                  call serial_write_string
    99                                  
   100 000001A1 E81E1B0000                  call component_manager_initialize
   101 000001A6 0F82F7010000                jc panic_component_manager
   102 000001AC E8001C0000                  call component_manager_self_test
   103 000001B1 0F82EC010000                jc panic_component_manager
   104 000001B7 BE[B9540000]                mov esi, message_component_manager_ok
   105 000001BC E8753B0000                  call serial_write_string
   106                                  
   107 000001C1 E88E1E0000                  call paging_self_test
   108 000001C6 0F82AF010000                jc panic_paging
   109 000001CC BE[1F550000]                mov esi, message_paging_ok
   110 000001D1 E8603B0000                  call serial_write_string
   111                                  
   112 000001D6 C705[383B0000]0500-         mov dword [boot_phase_last_success], BOOT_PHASE_KERNEL_CORE
   112 000001DE 0000               
   113 000001E0 C705[343B0000]0600-         mov dword [boot_phase_current], BOOT_PHASE_INTERRUPTS_TIME
   113 000001E8 0000               
   114 000001EA E84D390000                  call boot_phase_log
   115 000001EF E8BC1E0000                  call interrupt_initialize
   116 000001F4 0F82D1010000                jc panic_interrupt_manager
   117 000001FA E8711F0000                  call timer_initialize
   118 000001FF 0F82C6010000                jc panic_interrupt_manager
   119 00000205 FB                          sti
   120 00000206 E8891F0000                  call timer_self_test
   121 0000020B 0F82BA010000                jc panic_interrupt_manager
   122 00000211 BE[8D550000]                mov esi, message_interrupts_ok
   123 00000216 E81B3B0000                  call serial_write_string
   124                                  
   125 0000021B E8882A0000                  call ipc_initialize
   126 00000220 0F82DD000000                jc panic_ipc
   127 00000226 BE[F5550000]                mov esi, message_ipc_ok
   128 0000022B E8063B0000                  call serial_write_string
   129                                  
   130 00000230 E8CB2C0000                  call service_manager_initialize
   131 00000235 0F82DC000000                jc panic_service_manager
   132 0000023B E8BF2D0000                  call service_manager_self_test
   133 00000240 0F82D1000000                jc panic_service_manager
   134 00000246 BE[44560000]                mov esi, message_service_manager_ok
   135 0000024B E8E63A0000                  call serial_write_string
   136                                  
   137 00000250 E82F2F0000                  call process_manager_initialize
   138 00000255 0F82D0000000                jc panic_process_manager
   139 0000025B E801300000                  call process_manager_self_test
   140 00000260 0F82C5000000                jc panic_process_manager
   141 00000266 BE[A6560000]                mov esi, message_process_manager_ok
   142 0000026B E8C63A0000                  call serial_write_string
   143                                  
   144 00000270 E8DB300000                  call security_initialize
   145 00000275 0F82C4000000                jc panic_security
   146 0000027B E897310000                  call security_self_test
   147 00000280 0F82B9000000                jc panic_security
   148 00000286 BE[08570000]                mov esi, message_security_ok
   149 0000028B E8A63A0000                  call serial_write_string
   150                                  
   151 00000290 C705[383B0000]0600-         mov dword [boot_phase_last_success], BOOT_PHASE_INTERRUPTS_TIME
   151 00000298 0000               
   152 0000029A C705[343B0000]0700-         mov dword [boot_phase_current], BOOT_PHASE_SCHEDULER_SMP
   152 000002A2 0000               
   153 000002A4 E893380000                  call boot_phase_log
   154 000002A9 E80A340000                  call scheduler_initialize
   155 000002AE 0F829F000000                jc panic_scheduler
   156 000002B4 E8EF310000                  call thread_manager_initialize
   157 000002B9 0F82A8000000                jc panic_thread_manager
   158 000002BF E82C330000                  call thread_manager_self_test
   159 000002C4 0F829D000000                jc panic_thread_manager
   160 000002CA BE[68570000]                mov esi, message_thread_manager_ok
   161 000002CF E8623A0000                  call serial_write_string
   162 000002D4 E8A7350000                  call scheduler_self_test
   163 000002D9 7278                        jc panic_scheduler
   164 000002DB BE[C8570000]                mov esi, message_scheduler_ok
   165 000002E0 E8513A0000                  call serial_write_string
   166                                  
   167 000002E5 C705[383B0000]0700-         mov dword [boot_phase_last_success], BOOT_PHASE_SCHEDULER_SMP
   167 000002ED 0000               
   168 000002EF C705[343B0000]0B00-         mov dword [boot_phase_current], BOOT_PHASE_OPERATIONAL
   168 000002F7 0000               
   169 000002F9 E83E380000                  call boot_phase_log
   170                                  
   171 000002FE E8ED350000                  call kernel_main
   172                                  
   173                                  panic_ipc:
   174 00000303 B805200000                  mov eax, 0x00002005
   175 00000308 BA05000000                  mov edx, 5
   176 0000030D BE[15560000]                mov esi, message_ipc_error
   177 00000312 E97D360000                  jmp kernel_panic
   178                                  
   179                                  panic_service_manager:
   180 00000317 B810200000                  mov eax, 0x00002010
   181 0000031C BA0A000000                  mov edx, 10
   182 00000321 BE[6B560000]                mov esi, message_service_manager_error
   183 00000326 E969360000                  jmp kernel_panic
   184                                  
   185                                  panic_process_manager:
   186 0000032B B811200000                  mov eax, 0x00002011
   187 00000330 BA0B000000                  mov edx, 11
   188 00000335 BE[CD560000]                mov esi, message_process_manager_error
   189 0000033A E955360000                  jmp kernel_panic
   190                                  
   191                                  panic_security:
   192 0000033F B813200000                  mov eax, 0x00002013
   193 00000344 BA0D000000                  mov edx, 13
   194 00000349 BE[34570000]                mov esi, message_security_error
   195 0000034E E941360000                  jmp kernel_panic
   196                                  
   197                                  panic_scheduler:
   198 00000353 B804200000                  mov eax, 0x00002004
   199 00000358 BA04000000                  mov edx, 4
   200 0000035D BE[F9570000]                mov esi, message_scheduler_error
   201 00000362 E92D360000                  jmp kernel_panic
   202                                  
   203                                  panic_thread_manager:
   204 00000367 B812200000                  mov eax, 0x00002012
   205 0000036C BA0C000000                  mov edx, 12
   206 00000371 BE[8E570000]                mov esi, message_thread_manager_error
   207 00000376 E919360000                  jmp kernel_panic
   208                                  
   209                                  panic_paging:
   210 0000037B B802200000                  mov eax, 0x00002002
   211 00000380 BA02000000                  mov edx, 2
   212 00000385 BE[4E550000]                mov esi, message_paging_error
   213 0000038A E905360000                  jmp kernel_panic
   214                                  
   215                                  panic_object_manager:
   216 0000038F B808200000                  mov eax, 0x00002008
   217 00000394 BA08000000                  mov edx, 8
   218 00000399 BE[7F540000]                mov esi, message_object_manager_error
   219 0000039E E9F1350000                  jmp kernel_panic
   220                                  
   221                                  panic_component_manager:
   222 000003A3 B809200000                  mov eax, 0x00002009
   223 000003A8 BA09000000                  mov edx, 9
   224 000003AD BE[E2540000]                mov esi, message_component_manager_error
   225 000003B2 E9DD350000                  jmp kernel_panic
   226                                  
   227                                  panic_heap:
   228 000003B7 B803200000                  mov eax, 0x00002003
   229 000003BC BA03000000                  mov edx, 3
   230 000003C1 BE[26540000]                mov esi, message_heap_error
   231 000003C6 E9C9350000                  jmp kernel_panic
   232                                  
   233                                  panic_interrupt_manager:
   234 000003CB B807200000                  mov eax, 0x00002007
   235 000003D0 BA07000000                  mov edx, 7
   236 000003D5 BE[B3550000]                mov esi, message_interrupts_error
   237 000003DA E9B5350000                  jmp kernel_panic
   238                                  
   239                                  panic_memory_manager:
   240 000003DF B801200000                  mov eax, 0x00002001
   241 000003E4 BA01000000                  mov edx, 1
   242 000003E9 BE[BB530000]                mov esi, message_pmm_error
   243 000003EE E9A1350000                  jmp kernel_panic
   244                                  
   245                                  panic_invalid_handoff:
   246 000003F3 B804100000                  mov eax, 0x00001004
   247 000003F8 BA04100000                  mov edx, 0x1004
   248 000003FD BE[BE580000]                mov esi, message_bib_error
   249 00000402 E98D350000                  jmp kernel_panic
   250                                  
   251                                  ; ---------------------------------------------------------------------------
   252                                  ; BIB-Validierung
   253                                  ; ---------------------------------------------------------------------------
   254                                  
   255                                  validate_bib:
   256 00000407 813B4E424850                cmp dword [ebx + BIB_OFF_MAGIC_LOW], NOVA_BIB_MAGIC_LOW
   257 0000040D 7545                        jne .invalid
   258 0000040F 817B0442494200              cmp dword [ebx + BIB_OFF_MAGIC_HIGH], NOVA_BIB_MAGIC_HIGH
   259 00000416 753C                        jne .invalid
   260 00000418 66837B0801                  cmp word [ebx + BIB_OFF_VERSION_MAJOR], NOVA_BIB_VERSION_MAJOR
   261 0000041D 7535                        jne .invalid
   262 0000041F 66837B0E20                  cmp word [ebx + BIB_OFF_HEADER_SIZE], NOVA_BIB_HEADER_SIZE
   263 00000424 752E                        jne .invalid
   264 00000426 837B1801                    cmp dword [ebx + BIB_OFF_ARCHITECTURE], NKI_ARCH_X86_32
   265 0000042A 7528                        jne .invalid
   266                                  
   267 0000042C 8B4B10                      mov ecx, [ebx + BIB_OFF_TOTAL_SIZE]
   268 0000042F 83F920                      cmp ecx, NOVA_BIB_HEADER_SIZE
   269 00000432 7220                        jb .invalid
   270 00000434 81F900080000                cmp ecx, BOOT_INFO_CAPACITY
   271 0000043A 7718                        ja .invalid
   272 0000043C F7C107000000                test ecx, 7
   273 00000442 7510                        jnz .invalid
   274                                  
   275 00000444 8B7B14                      mov edi, [ebx + BIB_OFF_CHECKSUM]
   276 00000447 89DE                        mov esi, ebx
   277 00000449 E808000000                  call crc32_bib
   278 0000044E 39F8                        cmp eax, edi
   279 00000450 7502                        jne .invalid
   280                                  
   281 00000452 F8                          clc
   282 00000453 C3                          ret
   283                                  .invalid:
   284 00000454 F9                          stc
   285 00000455 C3                          ret
   286                                  
   287                                  ; CRC32 über den BIB; Bytes des Checksum-Felds werden als null behandelt.
   288                                  crc32_bib:
   289 00000456 53                          push ebx
   290 00000457 B8FFFFFFFF                  mov eax, 0xFFFFFFFF
   291 0000045C 31D2                        xor edx, edx
   292                                  .byte:
   293 0000045E 85C9                        test ecx, ecx
   294 00000460 7427                        jz .finish
   295                                  
   296 00000462 31DB                        xor ebx, ebx
   297 00000464 83FA14                      cmp edx, BIB_OFF_CHECKSUM
   298 00000467 7205                        jb .load
   299 00000469 83FA18                      cmp edx, BIB_OFF_CHECKSUM + 4
   300 0000046C 7202                        jb .have_byte
   301                                  .load:
   302 0000046E 8A1E                        mov bl, [esi]
   303                                  .have_byte:
   304 00000470 30D8                        xor al, bl
   305                                  
   306 00000472 51                          push ecx
   307 00000473 B908000000                  mov ecx, 8
   308                                  .bit:
   309 00000478 D1E8                        shr eax, 1
   310 0000047A 7305                        jnc .next_bit
   311 0000047C 352083B8ED                  xor eax, 0xEDB88320
   312                                  .next_bit:
   313 00000481 E2F5                        loop .bit
   314 00000483 59                          pop ecx
   315                                  
   316 00000484 46                          inc esi
   317 00000485 42                          inc edx
   318 00000486 49                          dec ecx
   319 00000487 EBD5                        jmp .byte
   320                                  .finish:
   321 00000489 F7D0                        not eax
   322 0000048B 5B                          pop ebx
   323 0000048C C3                          ret
   324                                  
   325                                  ; ---------------------------------------------------------------------------
   326                                  ; TLV -> interner Kernel Context
   327                                  ; ---------------------------------------------------------------------------
   328                                  
   329                                  create_kernel_context:
   330 0000048D C705[3C4A0000]0000-         mov dword [kernel_context + CONTEXT_SEEN], 0
   330 00000495 0000               
   331 00000497 89DE                        mov esi, ebx
   332 00000499 83C620                      add esi, NOVA_BIB_HEADER_SIZE
   333 0000049C 89DF                        mov edi, ebx
   334 0000049E 037B10                      add edi, [ebx + BIB_OFF_TOTAL_SIZE]
   335                                  
   336                                  .next:
   337 000004A1 39FE                        cmp esi, edi
   338 000004A3 0F84CF020000                je .complete
   339 000004A9 0F87D8020000                ja .invalid
   340                                  
   341 000004AF 0FB706                      movzx eax, word [esi + 0]       ; Type
   342 000004B2 8B4E04                      mov ecx, [esi + 4]              ; Length
   343 000004B5 F7C107000000                test ecx, 7
   344 000004BB 0F85C6020000                jnz .invalid
   345 000004C1 8D5608                      lea edx, [esi + BIB_TLV_HEADER_SIZE]
   346 000004C4 8D2C0A                      lea ebp, [edx + ecx]
   347 000004C7 39FD                        cmp ebp, edi
   348 000004C9 0F87B8020000                ja .invalid
   349                                  
   350 000004CF 83F801                      cmp eax, BIB_TLV_FIRMWARE
   351 000004D2 747D                        je .firmware
   352 000004D4 83F802                      cmp eax, BIB_TLV_CPU
   353 000004D7 0F84DA000000                je .cpu
   354 000004DD 83F803                      cmp eax, BIB_TLV_MEMORY
   355 000004E0 0F848F000000                je .memory
   356 000004E6 83F804                      cmp eax, BIB_TLV_GRAPHICS
   357 000004E9 0F84ED000000                je .graphics
   358 000004EF 83F806                      cmp eax, BIB_TLV_KERNEL
   359 000004F2 0F8428010000                je .kernel
   360 000004F8 83F807                      cmp eax, BIB_TLV_SECURITY
   361 000004FB 0F84B2010000                je .security
   362 00000501 83F805                      cmp eax, BIB_TLV_STORAGE
   363 00000504 0F84C6010000                je .storage
   364 0000050A 83F808                      cmp eax, BIB_TLV_ACPI
   365 0000050D 0F84D3010000                je .acpi
   366 00000513 83F809                      cmp eax, BIB_TLV_BOOT_OPTIONS
   367 00000516 0F84F6010000                je .boot_options
   368 0000051C 83F80A                      cmp eax, BIB_TLV_MODULES
   369 0000051F 0F84D3010000                je .modules
   370 00000525 83F80C                      cmp eax, BIB_TLV_ENTROPY
   371 00000528 0F84EB010000                je .entropy
   372 0000052E 83F80D                      cmp eax, BIB_TLV_SYSTEM
   373 00000531 0F841D020000                je .system
   374 00000537 83F80E                      cmp eax, BIB_TLV_KERNEL_IDENTITY
   375 0000053A 0F842C010000                je .kernel_identity
   376 00000540 66F746020100                test word [esi + 2], BIB_TLV_FLAG_REQUIRED
   377 00000546 0F853B020000                jnz .invalid
   378 0000054C E920020000                  jmp .advance                    ; unbekannte optionale TLVs überspringen
   379                                  
   380                                  .firmware:
   381 00000551 83F910                      cmp ecx, BIB_FIRMWARE_SIZE
   382 00000554 0F822D020000                jb .invalid
   383 0000055A 830D[3C4A0000]01            or dword [kernel_context + CONTEXT_SEEN], CONTEXT_HAS_FIRMWARE
   384 00000561 8B02                        mov eax, [edx + 0]
   385 00000563 A3[404A0000]                mov [kernel_context + CONTEXT_PLATFORM], eax
   386 00000568 8B4204                      mov eax, [edx + 4]
   387 0000056B A3[444A0000]                mov [kernel_context + CONTEXT_BOOT_DRIVE], eax
   388 00000570 E9FC010000                  jmp .advance
   389                                  
   390                                  .memory:
   391 00000575 83F910                      cmp ecx, BIB_MEMORY_SIZE
   392 00000578 0F8209020000                jb .invalid
   393 0000057E 830D[3C4A0000]02            or dword [kernel_context + CONTEXT_SEEN], CONTEXT_HAS_MEMORY
   394 00000585 8B02                        mov eax, [edx + 0]
   395 00000587 A3[484A0000]                mov [kernel_context + CONTEXT_MEMORY_MAP], eax
   396 0000058C 8B4204                      mov eax, [edx + 4]
   397 0000058F A3[4C4A0000]                mov [kernel_context + CONTEXT_MEMORY_COUNT], eax
   398 00000594 8B4208                      mov eax, [edx + 8]
   399 00000597 A3[504A0000]                mov [kernel_context + CONTEXT_MEMORY_ENTRY_SIZE], eax
   400 0000059C 83F818                      cmp eax, MEMORY_MAP_ENTRY_SIZE
   401 0000059F 0F85E2010000                jne .invalid
   402 000005A5 833D[4C4A0000]00            cmp dword [kernel_context + CONTEXT_MEMORY_COUNT], 0
   403 000005AC 0F84D5010000                je .invalid
   404 000005B2 E9BA010000                  jmp .advance
   405                                  
   406                                  .cpu:
   407 000005B7 83F920                      cmp ecx, BIB_CPU_SIZE
   408 000005BA 0F82C7010000                jb .invalid
   409 000005C0 830D[3C4A0000]10            or dword [kernel_context + CONTEXT_SEEN], CONTEXT_HAS_CPU
   410 000005C7 8B4210                      mov eax, [edx + 16]
   411 000005CA A3[7C4A0000]                mov [kernel_context + CONTEXT_CPU_FEATURE_EDX], eax
   412 000005CF 8B4214                      mov eax, [edx + 20]
   413 000005D2 A3[804A0000]                mov [kernel_context + CONTEXT_CPU_FEATURE_ECX], eax
   414 000005D7 E995010000                  jmp .advance
   415                                  
   416                                  .graphics:
   417 000005DC 83F920                      cmp ecx, BIB_GRAPHICS_SIZE
   418 000005DF 0F82A2010000                jb .invalid
   419 000005E5 830D[3C4A0000]04            or dword [kernel_context + CONTEXT_SEEN], CONTEXT_HAS_GRAPHICS
   420 000005EC 8B02                        mov eax, [edx + 0]
   421 000005EE A3[544A0000]                mov [kernel_context + CONTEXT_FRAMEBUFFER], eax
   422 000005F3 8B4204                      mov eax, [edx + 4]
   423 000005F6 A3[584A0000]                mov [kernel_context + CONTEXT_PITCH], eax
   424 000005FB 8B4208                      mov eax, [edx + 8]
   425 000005FE A3[5C4A0000]                mov [kernel_context + CONTEXT_WIDTH], eax
   426 00000603 8B420C                      mov eax, [edx + 12]
   427 00000606 A3[604A0000]                mov [kernel_context + CONTEXT_HEIGHT], eax
   428 0000060B 8B4210                      mov eax, [edx + 16]
   429 0000060E A3[644A0000]                mov [kernel_context + CONTEXT_BPP], eax
   430 00000613 8B4214                      mov eax, [edx + 20]
   431 00000616 A3[684A0000]                mov [kernel_context + CONTEXT_PIXEL_FORMAT], eax
   432 0000061B E951010000                  jmp .advance
   433                                  
   434                                  .kernel:
   435 00000620 83F920                      cmp ecx, BIB_KERNEL_SIZE
   436 00000623 0F825E010000                jb .invalid
   437 00000629 830D[3C4A0000]08            or dword [kernel_context + CONTEXT_SEEN], CONTEXT_HAS_KERNEL
   438 00000630 8B02                        mov eax, [edx + 0]
   439 00000632 A3[6C4A0000]                mov [kernel_context + CONTEXT_KERNEL_ADDRESS], eax
   440 00000637 8B4204                      mov eax, [edx + 4]
   441 0000063A A3[704A0000]                mov [kernel_context + CONTEXT_KERNEL_SIZE], eax
   442 0000063F 8B4208                      mov eax, [edx + 8]
   443 00000642 A3[744A0000]                mov [kernel_context + CONTEXT_KERNEL_ENTRY], eax
   444 00000647 813D[6C4A0000]0000-         cmp dword [kernel_context + CONTEXT_KERNEL_ADDRESS], KERNEL_ENTRY_ADDRESS
   444 0000064F 1000               
   445 00000651 0F8530010000                jne .invalid
   446 00000657 813D[744A0000]0000-         cmp dword [kernel_context + CONTEXT_KERNEL_ENTRY], KERNEL_ENTRY_ADDRESS
   446 0000065F 1000               
   447 00000661 0F8520010000                jne .invalid
   448 00000667 E905010000                  jmp .advance
   449                                  
   450                                  .kernel_identity:
   451 0000066C 83F920                      cmp ecx, BIB_KERNEL_IDENTITY_SIZE
   452 0000066F 0F8212010000                jb .invalid
   453 00000675 810D[3C4A0000]8000-         or dword [kernel_context + CONTEXT_SEEN], CONTEXT_HAS_KERNEL_ID
   453 0000067D 0000               
   454 0000067F 8B02                        mov eax, [edx + 0]
   455 00000681 A3[AC4A0000]                mov [kernel_context + CONTEXT_KERNEL_BUILD_ID + 0], eax
   456 00000686 8B4204                      mov eax, [edx + 4]
   457 00000689 A3[B04A0000]                mov [kernel_context + CONTEXT_KERNEL_BUILD_ID + 4], eax
   458 0000068E 8B4208                      mov eax, [edx + 8]
   459 00000691 A3[B44A0000]                mov [kernel_context + CONTEXT_KERNEL_BUILD_ID + 8], eax
   460 00000696 8B420C                      mov eax, [edx + 12]
   461 00000699 A3[B84A0000]                mov [kernel_context + CONTEXT_KERNEL_BUILD_ID + 12], eax
   462 0000069E 8B4210                      mov eax, [edx + 16]
   463 000006A1 A3[BC4A0000]                mov [kernel_context + CONTEXT_KERNEL_BUILD_ID + 16], eax
   464 000006A6 8B4214                      mov eax, [edx + 20]
   465 000006A9 A3[C04A0000]                mov [kernel_context + CONTEXT_KERNEL_FORMAT], eax
   466 000006AE E9BE000000                  jmp .advance
   467                                  
   468                                  .security:
   469 000006B3 83F910                      cmp ecx, BIB_SECURITY_SIZE
   470 000006B6 0F82CB000000                jb .invalid
   471 000006BC 8B02                        mov eax, [edx]
   472 000006BE A3[784A0000]                mov [kernel_context + CONTEXT_SECURITY_STATE], eax
   473 000006C3 8B4208                      mov eax, [edx + 8]
   474 000006C6 A3[904A0000]                mov [kernel_context + CONTEXT_ENTROPY_QUALITY], eax
   475 000006CB E9A1000000                  jmp .advance
   476                                  
   477                                  .storage:
   478 000006D0 83F918                      cmp ecx, BIB_STORAGE_SIZE
   479 000006D3 0F82AE000000                jb .invalid
   480 000006D9 8B4204                      mov eax, [edx + 4]
   481 000006DC A3[444A0000]                mov [kernel_context + CONTEXT_BOOT_DRIVE], eax
   482 000006E1 E98B000000                  jmp .advance
   483                                  
   484                                  .acpi:
   485 000006E6 83F910                      cmp ecx, BIB_ACPI_SIZE
   486 000006E9 0F8298000000                jb .invalid
   487 000006EF 8B02                        mov eax, [edx + 0]
   488 000006F1 A3[844A0000]                mov [kernel_context + CONTEXT_ACPI_ADDRESS], eax
   489 000006F6 EB79                        jmp .advance
   490                                  
   491                                  .modules:
   492 000006F8 83F910                      cmp ecx, BIB_MODULES_SIZE
   493 000006FB 0F8286000000                jb .invalid
   494 00000701 8B02                        mov eax, [edx + 0]
   495 00000703 A3[884A0000]                mov [kernel_context + CONTEXT_MODULES_ADDRESS], eax
   496 00000708 8B4204                      mov eax, [edx + 4]
   497 0000070B A3[8C4A0000]                mov [kernel_context + CONTEXT_MODULE_COUNT], eax
   498 00000710 EB5F                        jmp .advance
   499                                  
   500                                  .boot_options:
   501 00000712 83F910                      cmp ecx, BIB_BOOT_OPTIONS_SIZE
   502 00000715 7270                        jb .invalid
   503 00000717 EB58                        jmp .advance
   504                                  
   505                                  .entropy:
   506 00000719 83F920                      cmp ecx, BIB_ENTROPY_SIZE
   507 0000071C 7269                        jb .invalid
   508 0000071E 837A1810                    cmp dword [edx + 24], 16
   509 00000722 7263                        jb .invalid
   510 00000724 830D[3C4A0000]20            or dword [kernel_context + CONTEXT_SEEN], CONTEXT_HAS_ENTROPY
   511 0000072B 8B02                        mov eax, [edx + 0]
   512 0000072D A3[944A0000]                mov [kernel_context + CONTEXT_ENTROPY_SEED + 0], eax
   513 00000732 8B4204                      mov eax, [edx + 4]
   514 00000735 A3[984A0000]                mov [kernel_context + CONTEXT_ENTROPY_SEED + 4], eax
   515 0000073A 8B4208                      mov eax, [edx + 8]
   516 0000073D A3[9C4A0000]                mov [kernel_context + CONTEXT_ENTROPY_SEED + 8], eax
   517 00000742 8B420C                      mov eax, [edx + 12]
   518 00000745 A3[A04A0000]                mov [kernel_context + CONTEXT_ENTROPY_SEED + 12], eax
   519 0000074A 8B4214                      mov eax, [edx + 20]
   520 0000074D A3[904A0000]                mov [kernel_context + CONTEXT_ENTROPY_QUALITY], eax
   521 00000752 EB1D                        jmp .advance
   522                                  
   523                                  .system:
   524 00000754 83F910                      cmp ecx, BIB_SYSTEM_SIZE
   525 00000757 722E                        jb .invalid
   526 00000759 830D[3C4A0000]40            or dword [kernel_context + CONTEXT_SEEN], CONTEXT_HAS_SYSTEM
   527 00000760 8B02                        mov eax, [edx + 0]
   528 00000762 A3[A44A0000]                mov [kernel_context + CONTEXT_SYSTEM_GENERATION], eax
   529 00000767 8B4208                      mov eax, [edx + 8]
   530 0000076A A3[A84A0000]                mov [kernel_context + CONTEXT_BOOT_ATTEMPT], eax
   531 0000076F EB00                        jmp .advance
   532                                  
   533                                  .advance:
   534 00000771 89EE                        mov esi, ebp
   535 00000773 E929FDFFFF                  jmp .next
   536                                  
   537                                  .complete:
   538 00000778 A1[3C4A0000]                mov eax, [kernel_context + CONTEXT_SEEN]
   539 0000077D 83E07B                      and eax, CONTEXT_REQUIRED
   540 00000780 83F87B                      cmp eax, CONTEXT_REQUIRED
   541 00000783 7502                        jne .invalid
   542 00000785 F8                          clc
   543 00000786 C3                          ret
   544                                  .invalid:
   545 00000787 F9                          stc
   546 00000788 C3                          ret
   547                                  
   548                                  early_security_entropy_initialize:
   549 00000789 A1[944A0000]                mov eax, [kernel_context + CONTEXT_ENTROPY_SEED + 0]
   550 0000078E 3305[984A0000]              xor eax, [kernel_context + CONTEXT_ENTROPY_SEED + 4]
   551 00000794 C1C009                      rol eax, 9
   552 00000797 3305[9C4A0000]              xor eax, [kernel_context + CONTEXT_ENTROPY_SEED + 8]
   553 0000079D C1C00D                      rol eax, 13
   554 000007A0 3305[A04A0000]              xor eax, [kernel_context + CONTEXT_ENTROPY_SEED + 12]
   555 000007A6 85C0                        test eax, eax
   556 000007A8 7407                        jz .invalid
   557 000007AA A3[C44A0000]                mov [stack_canary_seed], eax
   558 000007AF F8                          clc
   559 000007B0 C3                          ret
   560                                  .invalid:
   561 000007B1 F9                          stc
   562 000007B2 C3                          ret
   563                                  
   564                                  ; ---------------------------------------------------------------------------
   565                                  ; Physischer Bootstrap-Speichermanager (ADR-2001)
   566                                  ; ---------------------------------------------------------------------------
   567                                  
   568                                  PMM_PAGE_SIZE        equ 4096
   569                                  PMM_MAX_FRAMES       equ 1024
   570                                  PMM_API_SIZE         equ 32
   571                                  PMM_API_ABI_MAJOR    equ 1
   572                                  PMM_API_ABI_MINOR    equ 0
   573                                  PMM_CAP_E820         equ 0x00000001
   574                                  PMM_CAP_LIFO_FRAMES  equ 0x00000002
   575                                  
   576                                  PMM_API_STRUCT_SIZE  equ 0
   577                                  PMM_API_ABI          equ 4
   578                                  PMM_API_PAGE_SIZE    equ 8
   579                                  PMM_API_CAPABILITIES equ 12
   580                                  PMM_API_ALLOC        equ 16
   581                                  PMM_API_FREE         equ 20
   582                                  PMM_API_TOTAL        equ 24
   583                                  PMM_API_AVAILABLE    equ 28
   584                                  
   585                                  pmm_initialize:
   586 000007B3 C705[44090000]0000-         mov dword [pmm_frame_count], 0
   586 000007BB 0000               
   587                                  
   588 000007BD A1[6C4A0000]                mov eax, [kernel_context + CONTEXT_KERNEL_ADDRESS]
   589 000007C2 0305[704A0000]              add eax, [kernel_context + CONTEXT_KERNEL_SIZE]
   590 000007C8 0F82AE000000                jc .invalid
   591 000007CE 05FF0F0000                  add eax, PMM_PAGE_SIZE - 1
   592 000007D3 2500F0FFFF                  and eax, 0xFFFFF000
   593 000007D8 A3[40090000]                mov [pmm_reserved_end], eax
   594                                  
   595 000007DD 8B35[484A0000]              mov esi, [kernel_context + CONTEXT_MEMORY_MAP]
   596 000007E3 8B0D[4C4A0000]              mov ecx, [kernel_context + CONTEXT_MEMORY_COUNT]
   597                                  .entry:
   598 000007E9 85C9                        test ecx, ecx
   599 000007EB 7475                        jz .complete
   600 000007ED 837E1001                    cmp dword [esi + 16], 1         ; E820: usable RAM
   601 000007F1 7569                        jne .next_entry
   602 000007F3 837E0400                    cmp dword [esi + 4], 0          ; Bootstrap-PMM verwaltet zunächst < 4 GiB
   603 000007F7 7563                        jne .next_entry
   604                                  
   605 000007F9 8B06                        mov eax, [esi + 0]
   606 000007FB 05FF0F0000                  add eax, PMM_PAGE_SIZE - 1
   607 00000800 725A                        jc .next_entry
   608 00000802 2500F0FFFF                  and eax, 0xFFFFF000
   609 00000807 3B05[40090000]              cmp eax, [pmm_reserved_end]
   610 0000080D 7305                        jae .start_ready
   611 0000080F A1[40090000]                mov eax, [pmm_reserved_end]
   612                                  .start_ready:
   613 00000814 8B1E                        mov ebx, [esi + 0]
   614 00000816 8B5608                      mov edx, [esi + 8]
   615 00000819 01D3                        add ebx, edx
   616 0000081B 720E                        jc .end_maximum
   617 0000081D 837E0C00                    cmp dword [esi + 12], 0
   618 00000821 7508                        jne .end_maximum
   619 00000823 81E300F0FFFF                and ebx, 0xFFFFF000
   620 00000829 EB05                        jmp .collect
   621                                  .end_maximum:
   622 0000082B BB00F0FFFF                  mov ebx, 0xFFFFF000
   623                                  
   624                                  .collect:
   625 00000830 39D8                        cmp eax, ebx
   626 00000832 7328                        jae .next_entry
   627 00000834 813D[44090000]0004-         cmp dword [pmm_frame_count], PMM_MAX_FRAMES
   627 0000083C 0000               
   628 0000083E 7322                        jae .complete
   629 00000840 8B3D[44090000]              mov edi, [pmm_frame_count]
   630 00000846 8904BD[50090000]            mov [pmm_frames + edi * 4], eax
   631 0000084D FF05[44090000]              inc dword [pmm_frame_count]
   632 00000853 0500100000                  add eax, PMM_PAGE_SIZE
   633 00000858 7202                        jc .next_entry
   634 0000085A EBD4                        jmp .collect
   635                                  
   636                                  .next_entry:
   637 0000085C 83C618                      add esi, MEMORY_MAP_ENTRY_SIZE
   638 0000085F 49                          dec ecx
   639 00000860 EB87                        jmp .entry
   640                                  
   641                                  .complete:
   642 00000862 833D[44090000]02            cmp dword [pmm_frame_count], 2
   643 00000869 7211                        jb .invalid
   644 0000086B A1[44090000]                mov eax, [pmm_frame_count]
   645 00000870 A3[38090000]                mov [pmm_api + PMM_API_TOTAL], eax
   646 00000875 A3[3C090000]                mov [pmm_api + PMM_API_AVAILABLE], eax
   647 0000087A F8                          clc
   648 0000087B C3                          ret
   649                                  .invalid:
   650 0000087C F9                          stc
   651 0000087D C3                          ret
   652                                  
   653                                  ; EAX = physische 4-KiB-Seite, EAX=0 bei Erschöpfung.
   654                                  pmm_alloc_page:
   655 0000087E 8B0D[44090000]              mov ecx, [pmm_frame_count]
   656 00000884 85C9                        test ecx, ecx
   657 00000886 7415                        jz .empty
   658 00000888 49                          dec ecx
   659 00000889 890D[44090000]              mov [pmm_frame_count], ecx
   660 0000088F 8B048D[50090000]            mov eax, [pmm_frames + ecx * 4]
   661 00000896 890D[3C090000]              mov [pmm_api + PMM_API_AVAILABLE], ecx
   662 0000089C C3                          ret
   663                                  .empty:
   664 0000089D 31C0                        xor eax, eax
   665 0000089F C3                          ret
   666                                  
   667                                  ; EAX = freizugebende Seite. CF meldet ungültige oder volle Übergabe.
   668                                  pmm_free_page:
   669 000008A0 A9FF0F0000                  test eax, PMM_PAGE_SIZE - 1
   670 000008A5 752C                        jnz .invalid
   671 000008A7 3B05[40090000]              cmp eax, [pmm_reserved_end]
   672 000008AD 7224                        jb .invalid
   673 000008AF 8B0D[44090000]              mov ecx, [pmm_frame_count]
   674 000008B5 81F900040000                cmp ecx, PMM_MAX_FRAMES
   675 000008BB 7316                        jae .invalid
   676 000008BD 89048D[50090000]            mov [pmm_frames + ecx * 4], eax
   677 000008C4 41                          inc ecx
   678 000008C5 890D[44090000]              mov [pmm_frame_count], ecx
   679 000008CB 890D[3C090000]              mov [pmm_api + PMM_API_AVAILABLE], ecx
   680 000008D1 F8                          clc
   681 000008D2 C3                          ret
   682                                  .invalid:
   683 000008D3 F9                          stc
   684 000008D4 C3                          ret
   685                                  
   686                                  ; Deterministischer Starttest: zwei verschiedene Seiten entnehmen und in
   687                                  ; umgekehrter Reihenfolge zurückgeben. Der freie Zähler muss identisch bleiben.
   688                                  pmm_self_test:
   689 000008D5 8B2D[44090000]              mov ebp, [pmm_frame_count]
   690 000008DB E89EFFFFFF                  call pmm_alloc_page
   691 000008E0 85C0                        test eax, eax
   692 000008E2 7439                        jz .invalid
   693 000008E4 89C3                        mov ebx, eax
   694 000008E6 E893FFFFFF                  call pmm_alloc_page
   695 000008EB 85C0                        test eax, eax
   696 000008ED 7427                        jz .restore_first
   697 000008EF 39D8                        cmp eax, ebx
   698 000008F1 741E                        je .restore_both
   699 000008F3 89C2                        mov edx, eax
   700 000008F5 89D0                        mov eax, edx
   701 000008F7 E8A4FFFFFF                  call pmm_free_page
   702 000008FC 721F                        jc .invalid
   703 000008FE 89D8                        mov eax, ebx
   704 00000900 E89BFFFFFF                  call pmm_free_page
   705 00000905 7216                        jc .invalid
   706 00000907 392D[44090000]              cmp [pmm_frame_count], ebp
   707 0000090D 750E                        jne .invalid
   708 0000090F F8                          clc
   709 00000910 C3                          ret
   710                                  .restore_both:
   711 00000911 E88AFFFFFF                  call pmm_free_page
   712                                  .restore_first:
   713 00000916 89D8                        mov eax, ebx
   714 00000918 E883FFFFFF                  call pmm_free_page
   715                                  .invalid:
   716 0000091D F9                          stc
   717 0000091E C3                          ret
   718                                  
   719                                  ; Öffentliche, versionierte Bootstrap-API. Die Implementierung bleibt intern
   720                                  ; austauschbar; Verbraucher prüfen StructSize und ABI vor der Verwendung.
   721 0000091F 90                      align 4
   722                                  pmm_api:
   723 00000920 20000000                    dd PMM_API_SIZE
   724 00000924 01000000                    dw PMM_API_ABI_MAJOR, PMM_API_ABI_MINOR
   725 00000928 00100000                    dd PMM_PAGE_SIZE
   726 0000092C 03000000                    dd PMM_CAP_E820 | PMM_CAP_LIFO_FRAMES
   727 00000930 [7E080000]                  dd pmm_alloc_page
   728 00000934 [A0080000]                  dd pmm_free_page
   729 00000938 00000000                    dd 0
   730 0000093C 00000000                    dd 0
   731                                  
   732 00000940 00000000                pmm_reserved_end: dd 0
   733 00000944 00000000                pmm_frame_count:  dd 0
   734 00000948 90<rep 8h>              align 16
   735                                  pmm_frames:
   736 00000950 00000000<rep 400h>          times PMM_MAX_FRAMES dd 0
   737                                  
   738                                  ; ---------------------------------------------------------------------------
   739                                  ; Bootstrap-Kernel-Heap (ADR-2003)
   740                                  ; ---------------------------------------------------------------------------
   741                                  
   742                                  HEAP_ALIGNMENT       equ 16
   743                                  HEAP_API_SIZE        equ 32
   744                                  HEAP_API_ABI_MAJOR   equ 1
   745                                  HEAP_API_ABI_MINOR   equ 0
   746                                  HEAP_CAP_PAGE_BACKED equ 0x00000001
   747                                  HEAP_CAP_ZEROED      equ 0x00000002
   748                                  
   749                                  heap_initialize:
   750 00001950 C705[601A0000]0000-         mov dword [heap_page], 0
   750 00001958 0000               
   751 0000195A C705[641A0000]0010-         mov dword [heap_offset], PMM_PAGE_SIZE
   751 00001962 0000               
   752 00001964 C705[681A0000]0000-         mov dword [heap_allocations], 0
   752 0000196C 0000               
   753 0000196E C705[6C1A0000]0000-         mov dword [heap_bytes], 0
   753 00001976 0000               
   754 00001978 F8                          clc
   755 00001979 C3                          ret
   756                                  
   757                                  ; ECX=Größe, EAX=Adresse oder 0. Bootstrap-Allokationen sind maximal eine
   758                                  ; Seite groß und werden auf 16 Byte ausgerichtet.
   759                                  heap_allocate:
   760 0000197A 85C9                        test ecx, ecx
   761 0000197C 746A                        jz .invalid
   762 0000197E 81F900100000                cmp ecx, PMM_PAGE_SIZE
   763 00001984 7762                        ja .invalid
   764 00001986 83C10F                      add ecx, HEAP_ALIGNMENT - 1
   765 00001989 725D                        jc .invalid
   766 0000198B 83E1F0                      and ecx, -HEAP_ALIGNMENT
   767                                  
   768 0000198E 8B15[641A0000]              mov edx, [heap_offset]
   769 00001994 89D3                        mov ebx, edx
   770 00001996 01CB                        add ebx, ecx
   771 00001998 724E                        jc .invalid
   772 0000199A 81FB00100000                cmp ebx, PMM_PAGE_SIZE
   773 000019A0 7629                        jbe .have_space
   774                                  
   775 000019A2 51                          push ecx
   776 000019A3 E8D6EEFFFF                  call pmm_alloc_page
   777 000019A8 59                          pop ecx
   778 000019A9 85C0                        test eax, eax
   779 000019AB 743B                        jz .invalid
   780 000019AD A3[601A0000]                mov [heap_page], eax
   781 000019B2 C705[641A0000]0000-         mov dword [heap_offset], 0
   781 000019BA 0000               
   782 000019BC 31D2                        xor edx, edx
   783                                  
   784                                      ; Neue Heap-Seiten werden deterministisch genullt.
   785 000019BE 51                          push ecx
   786 000019BF 89C7                        mov edi, eax
   787 000019C1 31C0                        xor eax, eax
   788 000019C3 B900040000                  mov ecx, PMM_PAGE_SIZE / 4
   789 000019C8 F3AB                        rep stosd
   790 000019CA 59                          pop ecx
   791                                  
   792                                  .have_space:
   793 000019CB A1[601A0000]                mov eax, [heap_page]
   794 000019D0 01D0                        add eax, edx
   795 000019D2 01CA                        add edx, ecx
   796 000019D4 8915[641A0000]              mov [heap_offset], edx
   797 000019DA FF05[681A0000]              inc dword [heap_allocations]
   798 000019E0 010D[6C1A0000]              add [heap_bytes], ecx
   799 000019E6 F8                          clc
   800 000019E7 C3                          ret
   801                                  .invalid:
   802 000019E8 31C0                        xor eax, eax
   803 000019EA F9                          stc
   804 000019EB C3                          ret
   805                                  
   806                                  heap_self_test:
   807 000019EC B940000000                  mov ecx, 64
   808 000019F1 E884FFFFFF                  call heap_allocate
   809 000019F6 7245                        jc .invalid
   810 000019F8 A90F000000                  test eax, HEAP_ALIGNMENT - 1
   811 000019FD 753E                        jnz .invalid
   812 000019FF 89C6                        mov esi, eax
   813 00001A01 C70641564F4E                mov dword [esi], 0x4E4F5641
   814 00001A07 C7463C50414548              mov dword [esi + 60], 0x48454150
   815                                  
   816 00001A0E B980000000                  mov ecx, 128
   817 00001A13 E862FFFFFF                  call heap_allocate
   818 00001A18 7223                        jc .invalid
   819 00001A1A A90F000000                  test eax, HEAP_ALIGNMENT - 1
   820 00001A1F 751C                        jnz .invalid
   821 00001A21 39F0                        cmp eax, esi
   822 00001A23 7618                        jbe .invalid
   823 00001A25 813E41564F4E                cmp dword [esi], 0x4E4F5641
   824 00001A2B 7510                        jne .invalid
   825 00001A2D 817E3C50414548              cmp dword [esi + 60], 0x48454150
   826 00001A34 7507                        jne .invalid
   827 00001A36 833800                      cmp dword [eax], 0
   828 00001A39 7502                        jne .invalid
   829 00001A3B F8                          clc
   830 00001A3C C3                          ret
   831                                  .invalid:
   832 00001A3D F9                          stc
   833 00001A3E C3                          ret
   834                                  
   835 00001A3F 90                      align 4
   836                                  heap_api:
   837 00001A40 20000000                    dd HEAP_API_SIZE
   838 00001A44 01000000                    dw HEAP_API_ABI_MAJOR, HEAP_API_ABI_MINOR
   839 00001A48 10000000                    dd HEAP_ALIGNMENT
   840 00001A4C 03000000                    dd HEAP_CAP_PAGE_BACKED | HEAP_CAP_ZEROED
   841 00001A50 [7A190000]                  dd heap_allocate
   842 00001A54 00000000                    dd 0                             ; Free ist im Bootstrap-Heap nicht verfügbar
   843 00001A58 [681A0000]                  dd heap_allocations
   844 00001A5C [6C1A0000]                  dd heap_bytes
   845                                  
   846 00001A60 00000000                heap_page:        dd 0
   847 00001A64 00000000                heap_offset:      dd 0
   848 00001A68 00000000                heap_allocations: dd 0
   849 00001A6C 00000000                heap_bytes:       dd 0
   850                                  
   851                                  ; ---------------------------------------------------------------------------
   852                                  ; Kernel Object Manager (ADR-2008)
   853                                  ; ---------------------------------------------------------------------------
   854                                  
   855                                  OBJECT_API_SIZE       equ 32
   856                                  OBJECT_API_ABI_MAJOR  equ 1
   857                                  OBJECT_API_ABI_MINOR  equ 0
   858                                  OBJECT_TABLE_CAPACITY equ 16
   859                                  OBJECT_HEADER_SIZE    equ 32
   860                                  OBJECT_STATE_LIVE     equ 1
   861                                  
   862                                  OBJ_STRUCT_SIZE equ 0
   863                                  OBJ_ABI         equ 4
   864                                  OBJ_TYPE        equ 8
   865                                  OBJ_STATE       equ 12
   866                                  OBJ_REFCOUNT    equ 16
   867                                  OBJ_HANDLE      equ 20
   868                                  OBJ_PAYLOAD0    equ 24
   869                                  OBJ_PAYLOAD1    equ 28
   870                                  
   871                                  object_manager_initialize:
   872 00001A70 BF[441C0000]                mov edi, object_table
   873 00001A75 31C0                        xor eax, eax
   874 00001A77 B910000000                  mov ecx, OBJECT_TABLE_CAPACITY
   875 00001A7C F3AB                        rep stosd
   876 00001A7E BF[841C0000]                mov edi, object_generations
   877 00001A83 B801000000                  mov eax, 1
   878 00001A88 B910000000                  mov ecx, OBJECT_TABLE_CAPACITY
   879 00001A8D F3AB                        rep stosd
   880 00001A8F C705[401C0000]0000-         mov dword [object_live_count], 0
   880 00001A97 0000               
   881 00001A99 F8                          clc
   882 00001A9A C3                          ret
   883                                  
   884                                  ; EAX=Typ, EDX/EBX=optionale Nutzwerte. EAX=Handle oder 0.
   885                                  object_create:
   886 00001A9B 85C0                        test eax, eax
   887 00001A9D 7470                        jz .invalid
   888 00001A9F 50                          push eax
   889 00001AA0 52                          push edx
   890 00001AA1 53                          push ebx
   891 00001AA2 31FF                        xor edi, edi
   892                                  .find_slot:
   893 00001AA4 83FF10                      cmp edi, OBJECT_TABLE_CAPACITY
   894 00001AA7 7363                        jae .full
   895 00001AA9 833CBD[441C0000]00          cmp dword [object_table + edi * 4], 0
   896 00001AB1 7403                        je .allocate
   897 00001AB3 47                          inc edi
   898 00001AB4 EBEE                        jmp .find_slot
   899                                  .allocate:
   900 00001AB6 B920000000                  mov ecx, OBJECT_HEADER_SIZE
   901 00001ABB E8BAFEFFFF                  call heap_allocate
   902 00001AC0 724A                        jc .full
   903 00001AC2 5B                          pop ebx
   904 00001AC3 5A                          pop edx
   905 00001AC4 59                          pop ecx
   906 00001AC5 C70020000000                mov dword [eax + OBJ_STRUCT_SIZE], OBJECT_HEADER_SIZE
   907 00001ACB C7400401000000              mov dword [eax + OBJ_ABI], 1
   908 00001AD2 894808                      mov [eax + OBJ_TYPE], ecx
   909 00001AD5 C7400C01000000              mov dword [eax + OBJ_STATE], OBJECT_STATE_LIVE
   910 00001ADC C7401001000000              mov dword [eax + OBJ_REFCOUNT], 1
   911 00001AE3 895018                      mov [eax + OBJ_PAYLOAD0], edx
   912 00001AE6 89581C                      mov [eax + OBJ_PAYLOAD1], ebx
   913 00001AE9 8B0CBD[841C0000]            mov ecx, [object_generations + edi * 4]
   914 00001AF0 C1E110                      shl ecx, 16
   915 00001AF3 8D5701                      lea edx, [edi + 1]
   916 00001AF6 09D1                        or ecx, edx
   917 00001AF8 894814                      mov [eax + OBJ_HANDLE], ecx
   918 00001AFB 8904BD[441C0000]            mov [object_table + edi * 4], eax
   919 00001B02 FF05[401C0000]              inc dword [object_live_count]
   920 00001B08 89C8                        mov eax, ecx
   921 00001B0A F8                          clc
   922 00001B0B C3                          ret
   923                                  .full:
   924 00001B0C 83C40C                      add esp, 12
   925                                  .invalid:
   926 00001B0F 31C0                        xor eax, eax
   927 00001B11 F9                          stc
   928 00001B12 C3                          ret
   929                                  
   930                                  ; EAX=Handle. EAX=Objektadresse oder 0.
   931                                  object_lookup:
   932 00001B13 89C2                        mov edx, eax
   933 00001B15 81E2FFFF0000                and edx, 0xFFFF
   934 00001B1B 7427                        jz .invalid
   935 00001B1D 4A                          dec edx
   936 00001B1E 83FA10                      cmp edx, OBJECT_TABLE_CAPACITY
   937 00001B21 7321                        jae .invalid
   938 00001B23 89C1                        mov ecx, eax
   939 00001B25 C1E910                      shr ecx, 16
   940 00001B28 3B0C95[841C0000]            cmp ecx, [object_generations + edx * 4]
   941 00001B2F 7513                        jne .invalid
   942 00001B31 8B0495[441C0000]            mov eax, [object_table + edx * 4]
   943 00001B38 85C0                        test eax, eax
   944 00001B3A 7408                        jz .invalid
   945 00001B3C 83780C01                    cmp dword [eax + OBJ_STATE], OBJECT_STATE_LIVE
   946 00001B40 7502                        jne .invalid
   947 00001B42 F8                          clc
   948 00001B43 C3                          ret
   949                                  .invalid:
   950 00001B44 31C0                        xor eax, eax
   951 00001B46 F9                          stc
   952 00001B47 C3                          ret
   953                                  
   954                                  object_retain:
   955 00001B48 50                          push eax
   956 00001B49 E8C5FFFFFF                  call object_lookup
   957 00001B4E 7208                        jc .invalid
   958 00001B50 FF4010                      inc dword [eax + OBJ_REFCOUNT]
   959 00001B53 83C404                      add esp, 4
   960 00001B56 F8                          clc
   961 00001B57 C3                          ret
   962                                  .invalid:
   963 00001B58 83C404                      add esp, 4
   964 00001B5B F9                          stc
   965 00001B5C C3                          ret
   966                                  
   967                                  object_release:
   968 00001B5D 50                          push eax
   969 00001B5E E8B0FFFFFF                  call object_lookup
   970 00001B63 7251                        jc .invalid
   971 00001B65 83781000                    cmp dword [eax + OBJ_REFCOUNT], 0
   972 00001B69 744B                        je .invalid
   973 00001B6B FF4810                      dec dword [eax + OBJ_REFCOUNT]
   974 00001B6E 7541                        jnz .done
   975 00001B70 C7400C00000000              mov dword [eax + OBJ_STATE], 0
   976 00001B77 8B1424                      mov edx, [esp]
   977 00001B7A 81E2FFFF0000                and edx, 0xFFFF
   978 00001B80 4A                          dec edx
   979 00001B81 C70495[441C0000]00-         mov dword [object_table + edx * 4], 0
   979 00001B89 000000             
   980 00001B8C FF0495[841C0000]            inc dword [object_generations + edx * 4]
   981 00001B93 812495[841C0000]FF-         and dword [object_generations + edx * 4], 0xFFFF
   981 00001B9B FF0000             
   982 00001B9E 750B                        jnz .generation_ok
   983 00001BA0 C70495[841C0000]01-         mov dword [object_generations + edx * 4], 1
   983 00001BA8 000000             
   984                                  .generation_ok:
   985 00001BAB FF0D[401C0000]              dec dword [object_live_count]
   986                                  .done:
   987 00001BB1 83C404                      add esp, 4
   988 00001BB4 F8                          clc
   989 00001BB5 C3                          ret
   990                                  .invalid:
   991 00001BB6 83C404                      add esp, 4
   992 00001BB9 F9                          stc
   993 00001BBA C3                          ret
   994                                  
   995                                  object_manager_self_test:
   996 00001BBB B801000000                  mov eax, 1
   997 00001BC0 BA41564F4E                  mov edx, 0x4E4F5641
   998 00001BC5 BB314A424F                  mov ebx, 0x4F424A31
   999 00001BCA E8CCFEFFFF                  call object_create
  1000 00001BCF 724D                        jc .invalid
  1001 00001BD1 89C6                        mov esi, eax
  1002 00001BD3 E83BFFFFFF                  call object_lookup
  1003 00001BD8 7244                        jc .invalid
  1004 00001BDA 83780801                    cmp dword [eax + OBJ_TYPE], 1
  1005 00001BDE 753E                        jne .invalid
  1006 00001BE0 81781841564F4E              cmp dword [eax + OBJ_PAYLOAD0], 0x4E4F5641
  1007 00001BE7 7535                        jne .invalid
  1008 00001BE9 89F0                        mov eax, esi
  1009 00001BEB E858FFFFFF                  call object_retain
  1010 00001BF0 722C                        jc .invalid
  1011 00001BF2 83781002                    cmp dword [eax + OBJ_REFCOUNT], 2
  1012 00001BF6 7526                        jne .invalid
  1013 00001BF8 89F0                        mov eax, esi
  1014 00001BFA E85EFFFFFF                  call object_release
  1015 00001BFF 721D                        jc .invalid
  1016 00001C01 89F0                        mov eax, esi
  1017 00001C03 E855FFFFFF                  call object_release
  1018 00001C08 7214                        jc .invalid
  1019 00001C0A 89F0                        mov eax, esi
  1020 00001C0C E802FFFFFF                  call object_lookup
  1021 00001C11 730B                        jnc .invalid
  1022 00001C13 833D[401C0000]00            cmp dword [object_live_count], 0
  1023 00001C1A 7502                        jne .invalid
  1024 00001C1C F8                          clc
  1025 00001C1D C3                          ret
  1026                                  .invalid:
  1027 00001C1E F9                          stc
  1028 00001C1F C3                          ret
  1029                                  
  1030                                  align 4
  1031                                  object_manager_api:
  1032 00001C20 20000000                    dd OBJECT_API_SIZE
  1033 00001C24 01000000                    dw OBJECT_API_ABI_MAJOR, OBJECT_API_ABI_MINOR
  1034 00001C28 10000000                    dd OBJECT_TABLE_CAPACITY
  1035 00001C2C [9B1A0000]                  dd object_create
  1036 00001C30 [131B0000]                  dd object_lookup
  1037 00001C34 [481B0000]                  dd object_retain
  1038 00001C38 [5D1B0000]                  dd object_release
  1039 00001C3C [401C0000]                  dd object_live_count
  1040                                  
  1041 00001C40 00000000                object_live_count: dd 0
  1042                                  align 4
  1043 00001C44 00000000<rep 10h>       object_table:       times OBJECT_TABLE_CAPACITY dd 0
  1044 00001C84 00000000<rep 10h>       object_generations: times OBJECT_TABLE_CAPACITY dd 0
  1045                                  
  1046                                  ; ---------------------------------------------------------------------------
  1047                                  ; Kernel Component Manager (ADR-2009)
  1048                                  ; ---------------------------------------------------------------------------
  1049                                  
  1050                                  COMPONENT_API_SIZE       equ 32
  1051                                  COMPONENT_API_ABI_MAJOR  equ 1
  1052                                  COMPONENT_API_ABI_MINOR  equ 0
  1053                                  COMPONENT_CAPACITY       equ 8
  1054                                  COMPONENT_RECORD_SIZE    equ 32
  1055                                  COMPONENT_STATE_EMPTY    equ 0
  1056                                  COMPONENT_STATE_REGISTERED equ 1
  1057                                  COMPONENT_STATE_ACTIVE   equ 2
  1058                                  OBJECT_TYPE_COMPONENT    equ 2
  1059                                  
  1060                                  COMP_ID       equ 0
  1061                                  COMP_VERSION  equ 4
  1062                                  COMP_FLAGS    equ 8
  1063                                  COMP_STATE    equ 12
  1064                                  COMP_HANDLE   equ 16
  1065                                  COMP_RESERVED equ 20
  1066                                  
  1067                                  component_manager_initialize:
  1068 00001CC4 BF[381E0000]                mov edi, component_table
  1069 00001CC9 31C0                        xor eax, eax
  1070 00001CCB B940000000                  mov ecx, (COMPONENT_CAPACITY * COMPONENT_RECORD_SIZE) / 4
  1071 00001CD0 F3AB                        rep stosd
  1072 00001CD2 C705[241E0000]0000-         mov dword [component_count], 0
  1072 00001CDA 0000               
  1073 00001CDC F8                          clc
  1074 00001CDD C3                          ret
  1075                                  
  1076                                  ; EAX=stabile Komponenten-ID, EDX=Version, EBX=Flags. EAX=Objekt-Handle.
  1077                                  component_register:
  1078 00001CDE 9C                          pushfd
  1079 00001CDF FA                          cli
  1080 00001CE0 85C0                        test eax, eax
  1081 00001CE2 0F8481000000                jz .invalid
  1082 00001CE8 A3[281E0000]                mov [component_temp_id], eax
  1083 00001CED 8915[2C1E0000]              mov [component_temp_version], edx
  1084 00001CF3 891D[301E0000]              mov [component_temp_flags], ebx
  1085 00001CF9 31C9                        xor ecx, ecx
  1086                                  .scan:
  1087 00001CFB 83F908                      cmp ecx, COMPONENT_CAPACITY
  1088 00001CFE 7369                        jae .full
  1089 00001D00 89CF                        mov edi, ecx
  1090 00001D02 C1E705                      shl edi, 5
  1091 00001D05 81C7[381E0000]              add edi, component_table
  1092 00001D0B 837F0C00                    cmp dword [edi + COMP_STATE], COMPONENT_STATE_EMPTY
  1093 00001D0F 7407                        je .slot
  1094 00001D11 3907                        cmp [edi + COMP_ID], eax
  1095 00001D13 7454                        je .invalid
  1096 00001D15 41                          inc ecx
  1097 00001D16 EBE3                        jmp .scan
  1098                                  .slot:
  1099 00001D18 893D[341E0000]              mov [component_temp_slot], edi
  1100 00001D1E B802000000                  mov eax, OBJECT_TYPE_COMPONENT
  1101 00001D23 8B15[281E0000]              mov edx, [component_temp_id]
  1102 00001D29 8B1D[2C1E0000]              mov ebx, [component_temp_version]
  1103 00001D2F E867FDFFFF                  call object_create
  1104 00001D34 7233                        jc .invalid
  1105 00001D36 8B3D[341E0000]              mov edi, [component_temp_slot]
  1106 00001D3C 8B15[281E0000]              mov edx, [component_temp_id]
  1107 00001D42 8917                        mov [edi + COMP_ID], edx
  1108 00001D44 8B15[2C1E0000]              mov edx, [component_temp_version]
  1109 00001D4A 895704                      mov [edi + COMP_VERSION], edx
  1110 00001D4D 8B15[301E0000]              mov edx, [component_temp_flags]
  1111 00001D53 895708                      mov [edi + COMP_FLAGS], edx
  1112 00001D56 C7470C01000000              mov dword [edi + COMP_STATE], COMPONENT_STATE_REGISTERED
  1113 00001D5D 894710                      mov [edi + COMP_HANDLE], eax
  1114 00001D60 FF05[241E0000]              inc dword [component_count]
  1115 00001D66 9D                          popfd
  1116 00001D67 F8                          clc
  1117 00001D68 C3                          ret
  1118                                  .full:
  1119                                  .invalid:
  1120 00001D69 31C0                        xor eax, eax
  1121 00001D6B 9D                          popfd
  1122 00001D6C F9                          stc
  1123 00001D6D C3                          ret
  1124                                  
  1125                                  ; EAX=Komponenten-ID. EAX=Datensatz oder 0.
  1126                                  component_lookup:
  1127 00001D6E 31C9                        xor ecx, ecx
  1128                                  .scan:
  1129 00001D70 83F908                      cmp ecx, COMPONENT_CAPACITY
  1130 00001D73 731C                        jae .invalid
  1131 00001D75 89CA                        mov edx, ecx
  1132 00001D77 C1E205                      shl edx, 5
  1133 00001D7A 81C2[381E0000]              add edx, component_table
  1134 00001D80 837A0C00                    cmp dword [edx + COMP_STATE], COMPONENT_STATE_EMPTY
  1135 00001D84 7404                        je .next
  1136 00001D86 3902                        cmp [edx + COMP_ID], eax
  1137 00001D88 7403                        je .found
  1138                                  .next:
  1139 00001D8A 41                          inc ecx
  1140 00001D8B EBE3                        jmp .scan
  1141                                  .found:
  1142 00001D8D 89D0                        mov eax, edx
  1143 00001D8F F8                          clc
  1144 00001D90 C3                          ret
  1145                                  .invalid:
  1146 00001D91 31C0                        xor eax, eax
  1147 00001D93 F9                          stc
  1148 00001D94 C3                          ret
  1149                                  
  1150                                  ; EAX=Komponenten-ID.
  1151                                  component_activate:
  1152 00001D95 9C                          pushfd
  1153 00001D96 FA                          cli
  1154 00001D97 E8D2FFFFFF                  call component_lookup
  1155 00001D9C 7210                        jc .invalid
  1156 00001D9E 83780C01                    cmp dword [eax + COMP_STATE], COMPONENT_STATE_REGISTERED
  1157 00001DA2 750A                        jne .invalid
  1158 00001DA4 C7400C02000000              mov dword [eax + COMP_STATE], COMPONENT_STATE_ACTIVE
  1159 00001DAB 9D                          popfd
  1160 00001DAC F8                          clc
  1161 00001DAD C3                          ret
  1162                                  .invalid:
  1163 00001DAE 9D                          popfd
  1164 00001DAF F9                          stc
  1165 00001DB0 C3                          ret
  1166                                  
  1167                                  component_manager_self_test:
  1168 00001DB1 B845524F43                  mov eax, 0x434F5245             ; "CORE"
  1169 00001DB6 BA00000100                  mov edx, 0x00010000             ; Version 1.0
  1170 00001DBB BB01000000                  mov ebx, 1                      ; essentielle Kernel-Komponente
  1171 00001DC0 E819FFFFFF                  call component_register
  1172 00001DC5 7239                        jc .invalid
  1173 00001DC7 89C6                        mov esi, eax
  1174 00001DC9 B845524F43                  mov eax, 0x434F5245
  1175 00001DCE E8C2FFFFFF                  call component_activate
  1176 00001DD3 722B                        jc .invalid
  1177 00001DD5 B845524F43                  mov eax, 0x434F5245
  1178 00001DDA E88FFFFFFF                  call component_lookup
  1179 00001DDF 721F                        jc .invalid
  1180 00001DE1 81780400000100              cmp dword [eax + COMP_VERSION], 0x00010000
  1181 00001DE8 7516                        jne .invalid
  1182 00001DEA 83780C02                    cmp dword [eax + COMP_STATE], COMPONENT_STATE_ACTIVE
  1183 00001DEE 7510                        jne .invalid
  1184 00001DF0 397010                      cmp [eax + COMP_HANDLE], esi
  1185 00001DF3 750B                        jne .invalid
  1186 00001DF5 833D[241E0000]01            cmp dword [component_count], 1
  1187 00001DFC 7502                        jne .invalid
  1188 00001DFE F8                          clc
  1189 00001DFF C3                          ret
  1190                                  .invalid:
  1191 00001E00 F9                          stc
  1192 00001E01 C3                          ret
  1193                                  
  1194 00001E02 90<rep 2h>              align 4
  1195                                  component_manager_api:
  1196 00001E04 20000000                    dd COMPONENT_API_SIZE
  1197 00001E08 01000000                    dw COMPONENT_API_ABI_MAJOR, COMPONENT_API_ABI_MINOR
  1198 00001E0C 08000000                    dd COMPONENT_CAPACITY
  1199 00001E10 [DE1C0000]                  dd component_register
  1200 00001E14 [6E1D0000]                  dd component_lookup
  1201 00001E18 [951D0000]                  dd component_activate
  1202 00001E1C [241E0000]                  dd component_count
  1203 00001E20 [381E0000]                  dd component_table
  1204                                  
  1205 00001E24 00000000                component_count:        dd 0
  1206 00001E28 00000000                component_temp_id:      dd 0
  1207 00001E2C 00000000                component_temp_version: dd 0
  1208 00001E30 00000000                component_temp_flags:   dd 0
  1209 00001E34 00000000                component_temp_slot:    dd 0
  1210                                  align 4
  1211                                  component_table:
  1212 00001E38 00<rep 100h>                times COMPONENT_CAPACITY * COMPONENT_RECORD_SIZE db 0
  1213                                  
  1214                                  ; ---------------------------------------------------------------------------
  1215                                  ; Virtueller Bootstrap-Speichermanager (ADR-2002)
  1216                                  ; ---------------------------------------------------------------------------
  1217                                  
  1218                                  PAGING_PAGE_PRESENT   equ 0x001
  1219                                  PAGING_PAGE_WRITE     equ 0x002
  1220                                  PAGING_API_SIZE       equ 32
  1221                                  PAGING_API_ABI_MAJOR  equ 1
  1222                                  PAGING_API_ABI_MINOR  equ 0
  1223                                  PAGING_CAP_4K_PAGES   equ 0x00000001
  1224                                  PAGING_CAP_IDENTITY   equ 0x00000002
  1225                                  PAGING_LOW_LIMIT      equ 0x00800000
  1226                                  
  1227                                  paging_initialize:
  1228 00001F38 E841E9FFFF                  call pmm_alloc_page
  1229 00001F3D 85C0                        test eax, eax
  1230 00001F3F 0F84A4000000                jz .invalid
  1231 00001F45 A3[A8200000]                mov [paging_directory], eax
  1232 00001F4A 89C7                        mov edi, eax
  1233 00001F4C 31C0                        xor eax, eax
  1234 00001F4E B900040000                  mov ecx, PMM_PAGE_SIZE / 4
  1235 00001F53 F3AB                        rep stosd
  1236                                  
  1237                                      ; Früher Kernel, Stack, BIB, Heap und Seitentabellen bleiben identisch
  1238                                      ; abgebildet. Der Bootstrap-PMM liefert ausschließlich Seiten in diesem
  1239                                      ; Fenster.
  1240 00001F55 31C0                        xor eax, eax
  1241                                  .map_low:
  1242 00001F57 89C2                        mov edx, eax
  1243 00001F59 BB03000000                  mov ebx, PAGING_PAGE_PRESENT | PAGING_PAGE_WRITE
  1244 00001F5E E888000000                  call paging_map_page
  1245 00001F63 0F8280000000                jc .invalid
  1246 00001F69 0500100000                  add eax, PMM_PAGE_SIZE
  1247 00001F6E 3D00008000                  cmp eax, PAGING_LOW_LIMIT
  1248 00001F73 72E2                        jb .map_low
  1249                                  
  1250                                      ; Linearen VBE-Framebuffer in seiner bestehenden Adresse abbilden.
  1251 00001F75 A1[544A0000]                mov eax, [kernel_context + CONTEXT_FRAMEBUFFER]
  1252 00001F7A 85C0                        test eax, eax
  1253 00001F7C 744A                        jz .enable
  1254 00001F7E 2500F0FFFF                  and eax, 0xFFFFF000
  1255 00001F83 89C6                        mov esi, eax
  1256 00001F85 8B0D[584A0000]              mov ecx, [kernel_context + CONTEXT_PITCH]
  1257 00001F8B 0FAF0D[604A0000]            imul ecx, [kernel_context + CONTEXT_HEIGHT]
  1258 00001F92 030D[544A0000]              add ecx, [kernel_context + CONTEXT_FRAMEBUFFER]
  1259 00001F98 724F                        jc .invalid
  1260 00001F9A 81C1FF0F0000                add ecx, PMM_PAGE_SIZE - 1
  1261 00001FA0 7247                        jc .invalid
  1262 00001FA2 81E100F0FFFF                and ecx, 0xFFFFF000
  1263 00001FA8 89CF                        mov edi, ecx
  1264                                  .map_framebuffer:
  1265 00001FAA 39FE                        cmp esi, edi
  1266 00001FAC 731A                        jae .enable
  1267 00001FAE 89F0                        mov eax, esi
  1268 00001FB0 89F2                        mov edx, esi
  1269 00001FB2 BB03000000                  mov ebx, PAGING_PAGE_PRESENT | PAGING_PAGE_WRITE
  1270 00001FB7 E82F000000                  call paging_map_page
  1271 00001FBC 722B                        jc .invalid
  1272 00001FBE 81C600100000                add esi, PMM_PAGE_SIZE
  1273 00001FC4 7223                        jc .invalid
  1274 00001FC6 EBE2                        jmp .map_framebuffer
  1275                                  
  1276                                  .enable:
  1277 00001FC8 A1[A8200000]                mov eax, [paging_directory]
  1278 00001FCD 0F22D8                      mov cr3, eax
  1279 00001FD0 0F20C0                      mov eax, cr0
  1280 00001FD3 0D00000080                  or eax, 0x80000000
  1281 00001FD8 0F22C0                      mov cr0, eax
  1282 00001FDB EB00                        jmp short .paging_active
  1283                                  .paging_active:
  1284 00001FDD C705[AC200000]0100-         mov dword [paging_enabled], 1
  1284 00001FE5 0000               
  1285 00001FE7 F8                          clc
  1286 00001FE8 C3                          ret
  1287                                  .invalid:
  1288 00001FE9 F9                          stc
  1289 00001FEA C3                          ret
  1290                                  
  1291                                  ; EAX=virtuelle Seite, EDX=physische Seite, EBX=Flags.
  1292                                  paging_map_page:
  1293 00001FEB 50                          push eax
  1294 00001FEC 56                          push esi
  1295 00001FED 57                          push edi
  1296 00001FEE 55                          push ebp
  1297 00001FEF 89C6                        mov esi, eax
  1298 00001FF1 89D7                        mov edi, edx
  1299 00001FF3 89DD                        mov ebp, ebx
  1300                                  
  1301 00001FF5 89F1                        mov ecx, esi
  1302 00001FF7 C1E916                      shr ecx, 22
  1303 00001FFA 8B15[A8200000]              mov edx, [paging_directory]
  1304 00002000 8D148A                      lea edx, [edx + ecx * 4]
  1305 00002003 8B02                        mov eax, [edx]
  1306 00002005 A901000000                  test eax, PAGING_PAGE_PRESENT
  1307 0000200A 751F                        jnz .have_table
  1308                                  
  1309 0000200C 52                          push edx
  1310 0000200D E86CE8FFFF                  call pmm_alloc_page
  1311 00002012 5A                          pop edx
  1312 00002013 85C0                        test eax, eax
  1313 00002015 7437                        jz .invalid
  1314 00002017 57                          push edi
  1315 00002018 50                          push eax
  1316 00002019 89C7                        mov edi, eax
  1317 0000201B 31C0                        xor eax, eax
  1318 0000201D B900040000                  mov ecx, PMM_PAGE_SIZE / 4
  1319 00002022 F3AB                        rep stosd
  1320 00002024 58                          pop eax
  1321 00002025 5F                          pop edi
  1322 00002026 83C803                      or eax, PAGING_PAGE_PRESENT | PAGING_PAGE_WRITE
  1323 00002029 8902                        mov [edx], eax
  1324                                  .have_table:
  1325 0000202B 2500F0FFFF                  and eax, 0xFFFFF000
  1326 00002030 89F1                        mov ecx, esi
  1327 00002032 C1E90C                      shr ecx, 12
  1328 00002035 81E1FF030000                and ecx, 0x3FF
  1329 0000203B 8D0488                      lea eax, [eax + ecx * 4]
  1330 0000203E 81E700F0FFFF                and edi, 0xFFFFF000
  1331 00002044 09EF                        or edi, ebp
  1332 00002046 8938                        mov [eax], edi
  1333 00002048 5D                          pop ebp
  1334 00002049 5F                          pop edi
  1335 0000204A 5E                          pop esi
  1336 0000204B 58                          pop eax
  1337 0000204C F8                          clc
  1338 0000204D C3                          ret
  1339                                  .invalid:
  1340 0000204E 5D                          pop ebp
  1341 0000204F 5F                          pop edi
  1342 00002050 5E                          pop esi
  1343 00002051 58                          pop eax
  1344 00002052 F9                          stc
  1345 00002053 C3                          ret
  1346                                  
  1347                                  paging_self_test:
  1348 00002054 833D[AC200000]01            cmp dword [paging_enabled], 1
  1349 0000205B 7526                        jne .invalid
  1350 0000205D 0F20C0                      mov eax, cr0
  1351 00002060 A900000080                  test eax, 0x80000000
  1352 00002065 741C                        jz .invalid
  1353 00002067 B920000000                  mov ecx, 32
  1354 0000206C E809F9FFFF                  call heap_allocate
  1355 00002071 7210                        jc .invalid
  1356 00002073 C70045474150                mov dword [eax], 0x50414745
  1357 00002079 813845474150                cmp dword [eax], 0x50414745
  1358 0000207F 7502                        jne .invalid
  1359 00002081 F8                          clc
  1360 00002082 C3                          ret
  1361                                  .invalid:
  1362 00002083 F9                          stc
  1363 00002084 C3                          ret
  1364                                  
  1365 00002085 90<rep 3h>              align 4
  1366                                  paging_api:
  1367 00002088 20000000                    dd PAGING_API_SIZE
  1368 0000208C 01000000                    dw PAGING_API_ABI_MAJOR, PAGING_API_ABI_MINOR
  1369 00002090 00100000                    dd PMM_PAGE_SIZE
  1370 00002094 03000000                    dd PAGING_CAP_4K_PAGES | PAGING_CAP_IDENTITY
  1371 00002098 [EB1F0000]                  dd paging_map_page
  1372 0000209C 00000000                    dd 0                             ; Unmap folgt mit dem vollständigen VMM
  1373 000020A0 [A8200000]                  dd paging_directory
  1374 000020A4 [AC200000]                  dd paging_enabled
  1375                                  
  1376 000020A8 00000000                paging_directory: dd 0
  1377 000020AC 00000000                paging_enabled:   dd 0
  1378                                  
  1379                                  ; ---------------------------------------------------------------------------
  1380                                  ; Interrupt- und Timer-Architektur (ADR-2006 / ADR-2007)
  1381                                  ; ---------------------------------------------------------------------------
  1382                                  
  1383                                  IDT_ENTRY_COUNT equ 256
  1384                                  IDT_GATE_FLAGS  equ 0x8E
  1385                                  PIC1_COMMAND    equ 0x20
  1386                                  PIC1_DATA       equ 0x21
  1387                                  PIC2_COMMAND    equ 0xA0
  1388                                  PIC2_DATA       equ 0xA1
  1389                                  PIC_EOI         equ 0x20
  1390                                  PIT_COMMAND     equ 0x43
  1391                                  PIT_CHANNEL0    equ 0x40
  1392                                  PIT_DIVISOR     equ 11932           ; ungefähr 100 Hz
  1393                                  INTERRUPT_API_SIZE equ 32
  1394                                  INTERRUPT_CAPABILITIES equ 0x00000007
  1395                                  
  1396                                  interrupt_initialize:
  1397 000020B0 FA                          cli
  1398 000020B1 31DB                        xor ebx, ebx
  1399                                  .default_gate:
  1400 000020B3 B8[DD230000]                mov eax, isr_unexpected
  1401 000020B8 E890000000                  call idt_set_gate
  1402 000020BD 43                          inc ebx
  1403 000020BE 81FB00010000                cmp ebx, IDT_ENTRY_COUNT
  1404 000020C4 72ED                        jb .default_gate
  1405                                  
  1406 000020C6 31DB                        xor ebx, ebx
  1407                                  .exception_gate:
  1408 000020C8 8B049D[EC230000]            mov eax, [exception_stub_table + ebx * 4]
  1409 000020CF E879000000                  call idt_set_gate
  1410 000020D4 43                          inc ebx
  1411 000020D5 83FB20                      cmp ebx, 32
  1412 000020D8 72EE                        jb .exception_gate
  1413                                  
  1414 000020DA BB20000000                  mov ebx, 32
  1415 000020DF B8[CB230000]                mov eax, irq0_stub
  1416 000020E4 E864000000                  call idt_set_gate
  1417 000020E9 BB21000000                  mov ebx, 33
  1418 000020EE B8[D4230000]                mov eax, irq1_stub
  1419 000020F3 E855000000                  call idt_set_gate
  1420 000020F8 0F011D[702C0000]            lidt [idt_descriptor]
  1421                                  
  1422                                      ; 8259 PIC: IRQs auf Vektoren 32..47 verschieben.
  1423 000020FF B011                        mov al, 0x11
  1424 00002101 E620                        out PIC1_COMMAND, al
  1425 00002103 E8A3000000                  call io_wait
  1426 00002108 E6A0                        out PIC2_COMMAND, al
  1427 0000210A E89C000000                  call io_wait
  1428 0000210F B020                        mov al, 0x20
  1429 00002111 E621                        out PIC1_DATA, al
  1430 00002113 E893000000                  call io_wait
  1431 00002118 B028                        mov al, 0x28
  1432 0000211A E6A1                        out PIC2_DATA, al
  1433 0000211C E88A000000                  call io_wait
  1434 00002121 B004                        mov al, 0x04
  1435 00002123 E621                        out PIC1_DATA, al
  1436 00002125 E881000000                  call io_wait
  1437 0000212A B002                        mov al, 0x02
  1438 0000212C E6A1                        out PIC2_DATA, al
  1439 0000212E E878000000                  call io_wait
  1440 00002133 B001                        mov al, 0x01
  1441 00002135 E621                        out PIC1_DATA, al
  1442 00002137 E86F000000                  call io_wait
  1443 0000213C E6A1                        out PIC2_DATA, al
  1444 0000213E E868000000                  call io_wait
  1445 00002143 B0FC                        mov al, 0xFC                    ; nur Timer und Tastatur freigeben
  1446 00002145 E621                        out PIC1_DATA, al
  1447 00002147 B0FF                        mov al, 0xFF
  1448 00002149 E6A1                        out PIC2_DATA, al
  1449 0000214B F8                          clc
  1450 0000214C C3                          ret
  1451                                  
  1452                                  ; EBX=Vektor, EAX=Handleradresse.
  1453                                  idt_set_gate:
  1454 0000214D 57                          push edi
  1455 0000214E BF[70240000]                mov edi, idt_table
  1456 00002153 8D3CDF                      lea edi, [edi + ebx * 8]
  1457 00002156 668907                      mov [edi + 0], ax
  1458 00002159 66C747020800                mov word [edi + 2], CODE_SEGMENT
  1459 0000215F C6470400                    mov byte [edi + 4], 0
  1460 00002163 C647058E                    mov byte [edi + 5], IDT_GATE_FLAGS
  1461 00002167 C1E810                      shr eax, 16
  1462 0000216A 66894706                    mov [edi + 6], ax
  1463 0000216E 5F                          pop edi
  1464 0000216F C3                          ret
  1465                                  
  1466                                  timer_initialize:
  1467 00002170 B036                        mov al, 0x36
  1468 00002172 E643                        out PIT_COMMAND, al
  1469 00002174 66B89C2E                    mov ax, PIT_DIVISOR
  1470 00002178 E640                        out PIT_CHANNEL0, al
  1471 0000217A 88E0                        mov al, ah
  1472 0000217C E640                        out PIT_CHANNEL0, al
  1473 0000217E C705[762C0000]0000-         mov dword [timer_ticks], 0
  1473 00002186 0000               
  1474 00002188 F8                          clc
  1475 00002189 C3                          ret
  1476                                  
  1477                                  interrupt_enable:
  1478 0000218A FB                          sti
  1479 0000218B C3                          ret
  1480                                  
  1481                                  interrupt_disable:
  1482 0000218C FA                          cli
  1483 0000218D C3                          ret
  1484                                  
  1485                                  timer_get_ticks:
  1486 0000218E A1[762C0000]                mov eax, [timer_ticks]
  1487 00002193 C3                          ret
  1488                                  
  1489                                  ; Mindestens zwei echte IRQ0-Ereignisse müssen eintreffen.
  1490                                  timer_self_test:
  1491 00002194 B980F0FA02                  mov ecx, 50000000
  1492                                  .wait:
  1493 00002199 833D[762C0000]02            cmp dword [timer_ticks], 2
  1494 000021A0 7307                        jae .success
  1495 000021A2 F390                        pause
  1496 000021A4 49                          dec ecx
  1497 000021A5 75F2                        jnz .wait
  1498                                  .invalid:
  1499 000021A7 F9                          stc
  1500 000021A8 C3                          ret
  1501                                  .success:
  1502 000021A9 F8                          clc
  1503 000021AA C3                          ret
  1504                                  
  1505                                  io_wait:
  1506 000021AB B000                        mov al, 0
  1507 000021AD E680                        out 0x80, al
  1508 000021AF C3                          ret
  1509                                  
  1510                                  interrupt_dispatch:
  1511 000021B0 55                          push ebp
  1512 000021B1 89E5                        mov ebp, esp
  1513 000021B3 8B4508                      mov eax, [ebp + 8]
  1514 000021B6 8B550C                      mov edx, [ebp + 12]
  1515 000021B9 8915[822C0000]              mov [interrupt_return_frame], edx
  1516 000021BF 83F820                      cmp eax, 32
  1517 000021C2 741C                        je .timer
  1518 000021C4 83F821                      cmp eax, 33
  1519 000021C7 745B                        je .keyboard
  1520 000021C9 83F820                      cmp eax, 32
  1521 000021CC 0F8290000000                jb .exception
  1522 000021D2 83F830                      cmp eax, 48
  1523 000021D5 0F827F000000                jb .slave_irq
  1524 000021DB E9D5000000                  jmp .done
  1525                                  .timer:
  1526 000021E0 FF05[762C0000]              inc dword [timer_ticks]
  1527 000021E6 E464                        in al, 0x64                     ; Fallback, falls QEMU IRQ1 nicht zustellt
  1528 000021E8 A801                        test al, 0x01
  1529 000021EA 741A                        jz .timer_schedule
  1530 000021EC E460                        in al, 0x60
  1531 000021EE 3C58                        cmp al, 0x58
  1532 000021F0 744E                        je .debug_panic
  1533 000021F2 3C07                        cmp al, 0x07
  1534 000021F4 744A                        je .debug_panic
  1535 000021F6 3C01                        cmp al, 0x01
  1536 000021F8 0F8432170000                je kernel_shutdown
  1537 000021FE 3C76                        cmp al, 0x76
  1538 00002200 0F842A170000                je kernel_shutdown
  1539                                  .timer_schedule:
  1540 00002206 A1[822C0000]                mov eax, [interrupt_return_frame]
  1541 0000220B 50                          push eax
  1542 0000220C E8A7150000                  call scheduler_on_tick
  1543 00002211 83C404                      add esp, 4
  1544 00002214 A3[822C0000]                mov [interrupt_return_frame], eax
  1545 00002219 50                          push eax
  1546 0000221A B020                        mov al, PIC_EOI
  1547 0000221C E620                        out PIC1_COMMAND, al
  1548 0000221E 58                          pop eax
  1549 0000221F E991000000                  jmp .done
  1550                                  .keyboard:
  1551 00002224 E460                        in al, 0x60                     ; Controllerdaten quittieren
  1552 00002226 3C58                        cmp al, 0x58                    ; F12 Make-Code in Scan-Code-Set 1
  1553 00002228 7416                        je .debug_panic
  1554 0000222A 3C07                        cmp al, 0x07                    ; F12 Make-Code in Scan-Code-Set 2
  1555 0000222C 7412                        je .debug_panic
  1556 0000222E 3C01                        cmp al, 0x01                    ; Escape: geordneter Shutdown
  1557 00002230 0F84FA160000                je kernel_shutdown
  1558 00002236 3C76                        cmp al, 0x76
  1559 00002238 0F84F2160000                je kernel_shutdown
  1560 0000223E EB14                        jmp .keyboard_ack
  1561                                  .debug_panic:
  1562 00002240 B80100B6DE                  mov eax, 0xDEB60001
  1563 00002245 BAB6DE0000                  mov edx, 0x0000DEB6
  1564 0000224A BE[E2520000]                mov esi, message_debug_panic
  1565 0000224F E840170000                  call kernel_panic
  1566                                  .keyboard_ack:
  1567 00002254 B020                        mov al, PIC_EOI
  1568 00002256 E620                        out PIC1_COMMAND, al
  1569 00002258 EB5B                        jmp .done
  1570                                  .slave_irq:
  1571 0000225A B020                        mov al, PIC_EOI
  1572 0000225C E6A0                        out PIC2_COMMAND, al
  1573 0000225E E620                        out PIC1_COMMAND, al
  1574 00002260 EB53                        jmp .done
  1575                                  .exception:
  1576 00002262 FA                          cli
  1577 00002263 A3[7A2C0000]                mov [last_exception_vector], eax
  1578 00002268 83F80E                      cmp eax, 14
  1579 0000226B 7508                        jne .log_exception
  1580 0000226D 0F20D0                      mov eax, cr2
  1581 00002270 A3[7E2C0000]                mov [last_fault_address], eax
  1582                                  .log_exception:
  1583 00002275 BE[33580000]                mov esi, message_exception
  1584 0000227A E8B71A0000                  call serial_write_string
  1585 0000227F A1[7A2C0000]                mov eax, [last_exception_vector]
  1586 00002284 E8CF1A0000                  call serial_write_hex32
  1587 00002289 833D[7A2C0000]0E            cmp dword [last_exception_vector], 14
  1588 00002290 7514                        jne .exception_newline
  1589 00002292 BE[56580000]                mov esi, message_fault_address
  1590 00002297 E89A1A0000                  call serial_write_string
  1591 0000229C A1[7E2C0000]                mov eax, [last_fault_address]
  1592 000022A1 E8B21A0000                  call serial_write_hex32
  1593                                  .exception_newline:
  1594 000022A6 BE[66580000]                mov esi, message_newline
  1595 000022AB E8861A0000                  call serial_write_string
  1596 000022B0 E94B1A0000                  jmp kernel_halt
  1597                                  .done:
  1598 000022B5 A1[822C0000]                mov eax, [interrupt_return_frame]
  1599 000022BA 5D                          pop ebp
  1600 000022BB C3                          ret
  1601                                  
  1602                                  isr_common:
  1603 000022BC 60                          pushad
  1604 000022BD 1E                          push ds
  1605 000022BE 06                          push es
  1606 000022BF 0FA0                        push fs
  1607 000022C1 0FA8                        push gs
  1608 000022C3 66B81000                    mov ax, DATA_SEGMENT
  1609 000022C7 8ED8                        mov ds, ax
  1610 000022C9 8EC0                        mov es, ax
  1611 000022CB 8EE0                        mov fs, ax
  1612 000022CD 8EE8                        mov gs, ax
  1613 000022CF 8B442430                    mov eax, [esp + 48]             ; normalisierter Vektor
  1614 000022D3 89E2                        mov edx, esp
  1615 000022D5 52                          push edx
  1616 000022D6 50                          push eax
  1617 000022D7 E8D4FEFFFF                  call interrupt_dispatch
  1618 000022DC 83C408                      add esp, 8
  1619 000022DF 89C4                        mov esp, eax
  1620 000022E1 0FA9                        pop gs
  1621 000022E3 0FA1                        pop fs
  1622 000022E5 07                          pop es
  1623 000022E6 1F                          pop ds
  1624 000022E7 61                          popad
  1625 000022E8 83C408                      add esp, 8                      ; Vektor + Fehlercode
  1626 000022EB CF                          iretd
  1627                                  
  1628                                  %macro ISR_NO_ERROR 1
  1629                                  isr_%1:
  1630                                      push dword 0
  1631                                      push dword %1
  1632                                      jmp isr_common
  1633                                  %endmacro
  1634                                  
  1635                                  %macro ISR_WITH_ERROR 1
  1636                                  isr_%1:
  1637                                      push dword %1
  1638                                      jmp isr_common
  1639                                  %endmacro
  1640                                  
  1641                                  ISR_NO_ERROR 0
  1629                              <1> isr_%1:
  1630 000022EC 6A00                <1>  push dword 0
  1631 000022EE 6A00                <1>  push dword %1
  1632 000022F0 EBCA                <1>  jmp isr_common
  1642                                  ISR_NO_ERROR 1
  1629                              <1> isr_%1:
  1630 000022F2 6A00                <1>  push dword 0
  1631 000022F4 6A01                <1>  push dword %1
  1632 000022F6 EBC4                <1>  jmp isr_common
  1643                                  ISR_NO_ERROR 2
  1629                              <1> isr_%1:
  1630 000022F8 6A00                <1>  push dword 0
  1631 000022FA 6A02                <1>  push dword %1
  1632 000022FC EBBE                <1>  jmp isr_common
  1644                                  ISR_NO_ERROR 3
  1629                              <1> isr_%1:
  1630 000022FE 6A00                <1>  push dword 0
  1631 00002300 6A03                <1>  push dword %1
  1632 00002302 EBB8                <1>  jmp isr_common
  1645                                  ISR_NO_ERROR 4
  1629                              <1> isr_%1:
  1630 00002304 6A00                <1>  push dword 0
  1631 00002306 6A04                <1>  push dword %1
  1632 00002308 EBB2                <1>  jmp isr_common
  1646                                  ISR_NO_ERROR 5
  1629                              <1> isr_%1:
  1630 0000230A 6A00                <1>  push dword 0
  1631 0000230C 6A05                <1>  push dword %1
  1632 0000230E EBAC                <1>  jmp isr_common
  1647                                  ISR_NO_ERROR 6
  1629                              <1> isr_%1:
  1630 00002310 6A00                <1>  push dword 0
  1631 00002312 6A06                <1>  push dword %1
  1632 00002314 EBA6                <1>  jmp isr_common
  1648                                  ISR_NO_ERROR 7
  1629                              <1> isr_%1:
  1630 00002316 6A00                <1>  push dword 0
  1631 00002318 6A07                <1>  push dword %1
  1632 0000231A EBA0                <1>  jmp isr_common
  1649                                  ISR_WITH_ERROR 8
  1636                              <1> isr_%1:
  1637 0000231C 6A08                <1>  push dword %1
  1638 0000231E EB9C                <1>  jmp isr_common
  1650                                  ISR_NO_ERROR 9
  1629                              <1> isr_%1:
  1630 00002320 6A00                <1>  push dword 0
  1631 00002322 6A09                <1>  push dword %1
  1632 00002324 EB96                <1>  jmp isr_common
  1651                                  ISR_WITH_ERROR 10
  1636                              <1> isr_%1:
  1637 00002326 6A0A                <1>  push dword %1
  1638 00002328 EB92                <1>  jmp isr_common
  1652                                  ISR_WITH_ERROR 11
  1636                              <1> isr_%1:
  1637 0000232A 6A0B                <1>  push dword %1
  1638 0000232C EB8E                <1>  jmp isr_common
  1653                                  ISR_WITH_ERROR 12
  1636                              <1> isr_%1:
  1637 0000232E 6A0C                <1>  push dword %1
  1638 00002330 EB8A                <1>  jmp isr_common
  1654                                  ISR_WITH_ERROR 13
  1636                              <1> isr_%1:
  1637 00002332 6A0D                <1>  push dword %1
  1638 00002334 EB86                <1>  jmp isr_common
  1655                                  ISR_WITH_ERROR 14
  1636                              <1> isr_%1:
  1637 00002336 6A0E                <1>  push dword %1
  1638 00002338 EB82                <1>  jmp isr_common
  1656                                  ISR_NO_ERROR 15
  1629                              <1> isr_%1:
  1630 0000233A 6A00                <1>  push dword 0
  1631 0000233C 6A0F                <1>  push dword %1
  1632 0000233E E979FFFFFF          <1>  jmp isr_common
  1657                                  ISR_NO_ERROR 16
  1629                              <1> isr_%1:
  1630 00002343 6A00                <1>  push dword 0
  1631 00002345 6A10                <1>  push dword %1
  1632 00002347 E970FFFFFF          <1>  jmp isr_common
  1658                                  ISR_WITH_ERROR 17
  1636                              <1> isr_%1:
  1637 0000234C 6A11                <1>  push dword %1
  1638 0000234E E969FFFFFF          <1>  jmp isr_common
  1659                                  ISR_NO_ERROR 18
  1629                              <1> isr_%1:
  1630 00002353 6A00                <1>  push dword 0
  1631 00002355 6A12                <1>  push dword %1
  1632 00002357 E960FFFFFF          <1>  jmp isr_common
  1660                                  ISR_NO_ERROR 19
  1629                              <1> isr_%1:
  1630 0000235C 6A00                <1>  push dword 0
  1631 0000235E 6A13                <1>  push dword %1
  1632 00002360 E957FFFFFF          <1>  jmp isr_common
  1661                                  ISR_NO_ERROR 20
  1629                              <1> isr_%1:
  1630 00002365 6A00                <1>  push dword 0
  1631 00002367 6A14                <1>  push dword %1
  1632 00002369 E94EFFFFFF          <1>  jmp isr_common
  1662                                  ISR_WITH_ERROR 21
  1636                              <1> isr_%1:
  1637 0000236E 6A15                <1>  push dword %1
  1638 00002370 E947FFFFFF          <1>  jmp isr_common
  1663                                  ISR_NO_ERROR 22
  1629                              <1> isr_%1:
  1630 00002375 6A00                <1>  push dword 0
  1631 00002377 6A16                <1>  push dword %1
  1632 00002379 E93EFFFFFF          <1>  jmp isr_common
  1664                                  ISR_NO_ERROR 23
  1629                              <1> isr_%1:
  1630 0000237E 6A00                <1>  push dword 0
  1631 00002380 6A17                <1>  push dword %1
  1632 00002382 E935FFFFFF          <1>  jmp isr_common
  1665                                  ISR_NO_ERROR 24
  1629                              <1> isr_%1:
  1630 00002387 6A00                <1>  push dword 0
  1631 00002389 6A18                <1>  push dword %1
  1632 0000238B E92CFFFFFF          <1>  jmp isr_common
  1666                                  ISR_NO_ERROR 25
  1629                              <1> isr_%1:
  1630 00002390 6A00                <1>  push dword 0
  1631 00002392 6A19                <1>  push dword %1
  1632 00002394 E923FFFFFF          <1>  jmp isr_common
  1667                                  ISR_NO_ERROR 26
  1629                              <1> isr_%1:
  1630 00002399 6A00                <1>  push dword 0
  1631 0000239B 6A1A                <1>  push dword %1
  1632 0000239D E91AFFFFFF          <1>  jmp isr_common
  1668                                  ISR_NO_ERROR 27
  1629                              <1> isr_%1:
  1630 000023A2 6A00                <1>  push dword 0
  1631 000023A4 6A1B                <1>  push dword %1
  1632 000023A6 E911FFFFFF          <1>  jmp isr_common
  1669                                  ISR_NO_ERROR 28
  1629                              <1> isr_%1:
  1630 000023AB 6A00                <1>  push dword 0
  1631 000023AD 6A1C                <1>  push dword %1
  1632 000023AF E908FFFFFF          <1>  jmp isr_common
  1670                                  ISR_WITH_ERROR 29
  1636                              <1> isr_%1:
  1637 000023B4 6A1D                <1>  push dword %1
  1638 000023B6 E901FFFFFF          <1>  jmp isr_common
  1671                                  ISR_WITH_ERROR 30
  1636                              <1> isr_%1:
  1637 000023BB 6A1E                <1>  push dword %1
  1638 000023BD E9FAFEFFFF          <1>  jmp isr_common
  1672                                  ISR_NO_ERROR 31
  1629                              <1> isr_%1:
  1630 000023C2 6A00                <1>  push dword 0
  1631 000023C4 6A1F                <1>  push dword %1
  1632 000023C6 E9F1FEFFFF          <1>  jmp isr_common
  1673                                  
  1674                                  irq0_stub:
  1675 000023CB 6A00                        push dword 0
  1676 000023CD 6A20                        push dword 32
  1677 000023CF E9E8FEFFFF                  jmp isr_common
  1678                                  irq1_stub:
  1679 000023D4 6A00                        push dword 0
  1680 000023D6 6A21                        push dword 33
  1681 000023D8 E9DFFEFFFF                  jmp isr_common
  1682                                  isr_unexpected:
  1683 000023DD 6A00                        push dword 0
  1684 000023DF 68FF000000                  push dword 255
  1685 000023E4 E9D3FEFFFF                  jmp isr_common
  1686                                  
  1687 000023E9 90<rep 3h>              align 4
  1688                                  exception_stub_table:
  1689                                  %assign __vector 0
  1690                                  %rep 32
  1691                                      dd isr_%+__vector
  1692                                  %assign __vector __vector + 1
  1693                                  %endrep
  1691 000023EC [EC220000]          <1>  dd isr_%+__vector
  1692                              <1> %assign __vector __vector + 1
  1691 000023F0 [F2220000]          <1>  dd isr_%+__vector
  1692                              <1> %assign __vector __vector + 1
  1691 000023F4 [F8220000]          <1>  dd isr_%+__vector
  1692                              <1> %assign __vector __vector + 1
  1691 000023F8 [FE220000]          <1>  dd isr_%+__vector
  1692                              <1> %assign __vector __vector + 1
  1691 000023FC [04230000]          <1>  dd isr_%+__vector
  1692                              <1> %assign __vector __vector + 1
  1691 00002400 [0A230000]          <1>  dd isr_%+__vector
  1692                              <1> %assign __vector __vector + 1
  1691 00002404 [10230000]          <1>  dd isr_%+__vector
  1692                              <1> %assign __vector __vector + 1
  1691 00002408 [16230000]          <1>  dd isr_%+__vector
  1692                              <1> %assign __vector __vector + 1
  1691 0000240C [1C230000]          <1>  dd isr_%+__vector
  1692                              <1> %assign __vector __vector + 1
  1691 00002410 [20230000]          <1>  dd isr_%+__vector
  1692                              <1> %assign __vector __vector + 1
  1691 00002414 [26230000]          <1>  dd isr_%+__vector
  1692                              <1> %assign __vector __vector + 1
  1691 00002418 [2A230000]          <1>  dd isr_%+__vector
  1692                              <1> %assign __vector __vector + 1
  1691 0000241C [2E230000]          <1>  dd isr_%+__vector
  1692                              <1> %assign __vector __vector + 1
  1691 00002420 [32230000]          <1>  dd isr_%+__vector
  1692                              <1> %assign __vector __vector + 1
  1691 00002424 [36230000]          <1>  dd isr_%+__vector
  1692                              <1> %assign __vector __vector + 1
  1691 00002428 [3A230000]          <1>  dd isr_%+__vector
  1692                              <1> %assign __vector __vector + 1
  1691 0000242C [43230000]          <1>  dd isr_%+__vector
  1692                              <1> %assign __vector __vector + 1
  1691 00002430 [4C230000]          <1>  dd isr_%+__vector
  1692                              <1> %assign __vector __vector + 1
  1691 00002434 [53230000]          <1>  dd isr_%+__vector
  1692                              <1> %assign __vector __vector + 1
  1691 00002438 [5C230000]          <1>  dd isr_%+__vector
  1692                              <1> %assign __vector __vector + 1
  1691 0000243C [65230000]          <1>  dd isr_%+__vector
  1692                              <1> %assign __vector __vector + 1
  1691 00002440 [6E230000]          <1>  dd isr_%+__vector
  1692                              <1> %assign __vector __vector + 1
  1691 00002444 [75230000]          <1>  dd isr_%+__vector
  1692                              <1> %assign __vector __vector + 1
  1691 00002448 [7E230000]          <1>  dd isr_%+__vector
  1692                              <1> %assign __vector __vector + 1
  1691 0000244C [87230000]          <1>  dd isr_%+__vector
  1692                              <1> %assign __vector __vector + 1
  1691 00002450 [90230000]          <1>  dd isr_%+__vector
  1692                              <1> %assign __vector __vector + 1
  1691 00002454 [99230000]          <1>  dd isr_%+__vector
  1692                              <1> %assign __vector __vector + 1
  1691 00002458 [A2230000]          <1>  dd isr_%+__vector
  1692                              <1> %assign __vector __vector + 1
  1691 0000245C [AB230000]          <1>  dd isr_%+__vector
  1692                              <1> %assign __vector __vector + 1
  1691 00002460 [B4230000]          <1>  dd isr_%+__vector
  1692                              <1> %assign __vector __vector + 1
  1691 00002464 [BB230000]          <1>  dd isr_%+__vector
  1692                              <1> %assign __vector __vector + 1
  1691 00002468 [C2230000]          <1>  dd isr_%+__vector
  1692                              <1> %assign __vector __vector + 1
  1694                                  
  1695 0000246C 90<rep 4h>              align 16
  1696                                  idt_table:
  1697 00002470 0000000000000000-           times IDT_ENTRY_COUNT dq 0
  1697 00002470 <rep 100h>         
  1698                                  idt_descriptor:
  1699 00002C70 FF07                        dw (IDT_ENTRY_COUNT * 8) - 1
  1700 00002C72 [70240000]                  dd idt_table
  1701                                  
  1702 00002C76 00000000                timer_ticks:           dd 0
  1703 00002C7A 00000000                last_exception_vector: dd 0
  1704 00002C7E 00000000                last_fault_address:    dd 0
  1705 00002C82 00000000                interrupt_return_frame: dd 0
  1706                                  
  1707                                  ; Versionierte öffentliche Modulgrenze gemäß ADR-2006/2007.
  1708 00002C86 90<rep 2h>              align 4
  1709                                  interrupt_api:
  1710 00002C88 20000000                    dd INTERRUPT_API_SIZE
  1711 00002C8C 01000000                    dw 1, 0
  1712 00002C90 00010000                    dd IDT_ENTRY_COUNT
  1713 00002C94 07000000                    dd INTERRUPT_CAPABILITIES
  1714 00002C98 [8A210000]                  dd interrupt_enable
  1715 00002C9C [8C210000]                  dd interrupt_disable
  1716 00002CA0 [8E210000]                  dd timer_get_ticks
  1717 00002CA4 64000000                    dd 100
  1718                                  
  1719                                  ; ---------------------------------------------------------------------------
  1720                                  ; Kernel-Nachrichtenwarteschlange (ADR-2005)
  1721                                  ; ---------------------------------------------------------------------------
  1722                                  
  1723                                  IPC_MESSAGE_SIZE   equ 16
  1724                                  IPC_QUEUE_CAPACITY equ 16
  1725                                  IPC_API_SIZE       equ 32
  1726                                  IPC_CAP_FIFO       equ 0x00000001
  1727                                  IPC_CAP_IRQ_SAFE   equ 0x00000002
  1728                                  
  1729                                  ipc_initialize:
  1730 00002CA8 C705[B82D0000]0000-         mov dword [ipc_head], 0
  1730 00002CB0 0000               
  1731 00002CB2 C705[BC2D0000]0000-         mov dword [ipc_tail], 0
  1731 00002CBA 0000               
  1732 00002CBC C705[C02D0000]0000-         mov dword [ipc_count], 0
  1732 00002CC4 0000               
  1733 00002CC6 C705[C42D0000]0000-         mov dword [ipc_sent], 0
  1733 00002CCE 0000               
  1734 00002CD0 C705[C82D0000]0000-         mov dword [ipc_received], 0
  1734 00002CD8 0000               
  1735 00002CDA C705[CC2D0000]0000-         mov dword [ipc_last_sequence], 0
  1735 00002CE2 0000               
  1736 00002CE4 C705[D02D0000]0000-         mov dword [ipc_error], 0
  1736 00002CEC 0000               
  1737 00002CEE BF[002E0000]                mov edi, ipc_messages
  1738 00002CF3 31C0                        xor eax, eax
  1739 00002CF5 B940000000                  mov ecx, (IPC_MESSAGE_SIZE * IPC_QUEUE_CAPACITY) / 4
  1740 00002CFA F3AB                        rep stosd
  1741 00002CFC F8                          clc
  1742 00002CFD C3                          ret
  1743                                  
  1744                                  ; ESI zeigt auf eine 16-Byte-Nachricht. EAX=1 bei Erfolg, sonst 0.
  1745                                  ipc_send:
  1746 00002CFE 9C                          pushfd
  1747 00002CFF FA                          cli
  1748 00002D00 833D[C02D0000]10            cmp dword [ipc_count], IPC_QUEUE_CAPACITY
  1749 00002D07 733E                        jae .full
  1750 00002D09 A1[BC2D0000]                mov eax, [ipc_tail]
  1751 00002D0E 6BC010                      imul eax, IPC_MESSAGE_SIZE
  1752 00002D11 8DB8[002E0000]              lea edi, [ipc_messages + eax]
  1753 00002D17 8B06                        mov eax, [esi + 0]
  1754 00002D19 8907                        mov [edi + 0], eax
  1755 00002D1B 8B4604                      mov eax, [esi + 4]
  1756 00002D1E 894704                      mov [edi + 4], eax
  1757 00002D21 8B4608                      mov eax, [esi + 8]
  1758 00002D24 894708                      mov [edi + 8], eax
  1759 00002D27 8B460C                      mov eax, [esi + 12]
  1760 00002D2A 89470C                      mov [edi + 12], eax
  1761 00002D2D FF05[BC2D0000]              inc dword [ipc_tail]
  1762 00002D33 8325[BC2D0000]0F            and dword [ipc_tail], IPC_QUEUE_CAPACITY - 1
  1763 00002D3A FF05[C02D0000]              inc dword [ipc_count]
  1764 00002D40 9D                          popfd
  1765 00002D41 B801000000                  mov eax, 1
  1766 00002D46 C3                          ret
  1767                                  .full:
  1768 00002D47 9D                          popfd
  1769 00002D48 31C0                        xor eax, eax
  1770 00002D4A C3                          ret
  1771                                  
  1772                                  ; EDI zeigt auf 16 Byte Zielspeicher. EAX=1 bei Erfolg, sonst 0.
  1773                                  ipc_receive:
  1774 00002D4B 9C                          pushfd
  1775 00002D4C FA                          cli
  1776 00002D4D 833D[C02D0000]00            cmp dword [ipc_count], 0
  1777 00002D54 743E                        je .empty
  1778 00002D56 A1[B82D0000]                mov eax, [ipc_head]
  1779 00002D5B 6BC010                      imul eax, IPC_MESSAGE_SIZE
  1780 00002D5E 8DB0[002E0000]              lea esi, [ipc_messages + eax]
  1781 00002D64 8B06                        mov eax, [esi + 0]
  1782 00002D66 8907                        mov [edi + 0], eax
  1783 00002D68 8B4604                      mov eax, [esi + 4]
  1784 00002D6B 894704                      mov [edi + 4], eax
  1785 00002D6E 8B4608                      mov eax, [esi + 8]
  1786 00002D71 894708                      mov [edi + 8], eax
  1787 00002D74 8B460C                      mov eax, [esi + 12]
  1788 00002D77 89470C                      mov [edi + 12], eax
  1789 00002D7A FF05[B82D0000]              inc dword [ipc_head]
  1790 00002D80 8325[B82D0000]0F            and dword [ipc_head], IPC_QUEUE_CAPACITY - 1
  1791 00002D87 FF0D[C02D0000]              dec dword [ipc_count]
  1792 00002D8D 9D                          popfd
  1793 00002D8E B801000000                  mov eax, 1
  1794 00002D93 C3                          ret
  1795                                  .empty:
  1796 00002D94 9D                          popfd
  1797 00002D95 31C0                        xor eax, eax
  1798 00002D97 C3                          ret
  1799                                  
  1800                                  align 4
  1801                                  ipc_api:
  1802 00002D98 20000000                    dd IPC_API_SIZE
  1803 00002D9C 01000000                    dw 1, 0
  1804 00002DA0 10000000                    dd IPC_MESSAGE_SIZE
  1805 00002DA4 10000000                    dd IPC_QUEUE_CAPACITY
  1806 00002DA8 03000000                    dd IPC_CAP_FIFO | IPC_CAP_IRQ_SAFE
  1807 00002DAC [FE2C0000]                  dd ipc_send
  1808 00002DB0 [4B2D0000]                  dd ipc_receive
  1809 00002DB4 [C02D0000]                  dd ipc_count
  1810                                  
  1811 00002DB8 00000000                ipc_head:          dd 0
  1812 00002DBC 00000000                ipc_tail:          dd 0
  1813 00002DC0 00000000                ipc_count:         dd 0
  1814 00002DC4 00000000                ipc_sent:          dd 0
  1815 00002DC8 00000000                ipc_received:      dd 0
  1816 00002DCC 00000000                ipc_last_sequence: dd 0
  1817 00002DD0 00000000                ipc_error:         dd 0
  1818                                  ipc_thread_message:
  1819 00002DD4 00<rep 10h>                 times IPC_MESSAGE_SIZE db 0
  1820                                  ipc_receive_buffer:
  1821 00002DE4 00<rep 10h>                 times IPC_MESSAGE_SIZE db 0
  1822 00002DF4 90<rep Ch>              align 16
  1823                                  ipc_messages:
  1824 00002E00 00<rep 100h>                times IPC_QUEUE_CAPACITY * IPC_MESSAGE_SIZE db 0
  1825                                  
  1826                                  ; Kernel Service Manager (ADR-2010)
  1827                                  SERVICE_API_SIZE        equ 32
  1828                                  SERVICE_CAPACITY        equ 8
  1829                                  SERVICE_RECORD_SIZE     equ 32
  1830                                  SERVICE_STATE_EMPTY     equ 0
  1831                                  SERVICE_STATE_AVAILABLE equ 1
  1832                                  OBJECT_TYPE_SERVICE     equ 3
  1833                                  SERVICE_ID       equ 0
  1834                                  SERVICE_VERSION  equ 4
  1835                                  SERVICE_OWNER    equ 8
  1836                                  SERVICE_STATE    equ 12
  1837                                  SERVICE_HANDLE   equ 16
  1838                                  SERVICE_ENDPOINT equ 20
  1839                                  SERVICE_FLAGS    equ 24
  1840                                  
  1841                                  service_manager_initialize:
  1842 00002F00 BF[84300000]                mov edi, service_table
  1843 00002F05 31C0                        xor eax, eax
  1844 00002F07 B940000000                  mov ecx, (SERVICE_CAPACITY * SERVICE_RECORD_SIZE) / 4
  1845 00002F0C F3AB                        rep stosd
  1846 00002F0E C705[70300000]0000-         mov dword [service_count], 0
  1846 00002F16 0000               
  1847 00002F18 F8                          clc
  1848 00002F19 C3                          ret
  1849                                  
  1850                                  ; EAX=Service-ID, EDX=Version, EBX=besitzende Komponenten-ID.
  1851                                  service_register:
  1852 00002F1A 9C                          pushfd
  1853 00002F1B FA                          cli
  1854 00002F1C 85C0                        test eax, eax
  1855 00002F1E 0F84AF000000                jz .invalid
  1856 00002F24 A3[74300000]                mov [service_temp_id], eax
  1857 00002F29 8915[78300000]              mov [service_temp_version], edx
  1858 00002F2F 891D[7C300000]              mov [service_temp_owner], ebx
  1859 00002F35 89D8                        mov eax, ebx
  1860 00002F37 E832EEFFFF                  call component_lookup
  1861 00002F3C 0F8291000000                jc .invalid
  1862 00002F42 83780C02                    cmp dword [eax + COMP_STATE], COMPONENT_STATE_ACTIVE
  1863 00002F46 0F8587000000                jne .invalid
  1864 00002F4C 31C9                        xor ecx, ecx
  1865                                  .scan:
  1866 00002F4E 83F908                      cmp ecx, SERVICE_CAPACITY
  1867 00002F51 0F837C000000                jae .invalid
  1868 00002F57 89CF                        mov edi, ecx
  1869 00002F59 C1E705                      shl edi, 5
  1870 00002F5C 81C7[84300000]              add edi, service_table
  1871 00002F62 837F0C00                    cmp dword [edi + SERVICE_STATE], SERVICE_STATE_EMPTY
  1872 00002F66 740C                        je .slot
  1873 00002F68 A1[74300000]                mov eax, [service_temp_id]
  1874 00002F6D 3907                        cmp [edi + SERVICE_ID], eax
  1875 00002F6F 7462                        je .invalid
  1876 00002F71 41                          inc ecx
  1877 00002F72 EBDA                        jmp .scan
  1878                                  .slot:
  1879 00002F74 893D[80300000]              mov [service_temp_slot], edi
  1880 00002F7A B803000000                  mov eax, OBJECT_TYPE_SERVICE
  1881 00002F7F 8B15[74300000]              mov edx, [service_temp_id]
  1882 00002F85 8B1D[7C300000]              mov ebx, [service_temp_owner]
  1883 00002F8B E80BEBFFFF                  call object_create
  1884 00002F90 7241                        jc .invalid
  1885 00002F92 8B3D[80300000]              mov edi, [service_temp_slot]
  1886 00002F98 8B15[74300000]              mov edx, [service_temp_id]
  1887 00002F9E 8917                        mov [edi + SERVICE_ID], edx
  1888 00002FA0 8B15[78300000]              mov edx, [service_temp_version]
  1889 00002FA6 895704                      mov [edi + SERVICE_VERSION], edx
  1890 00002FA9 8B15[7C300000]              mov edx, [service_temp_owner]
  1891 00002FAF 895708                      mov [edi + SERVICE_OWNER], edx
  1892 00002FB2 C7470C01000000              mov dword [edi + SERVICE_STATE], SERVICE_STATE_AVAILABLE
  1893 00002FB9 894710                      mov [edi + SERVICE_HANDLE], eax
  1894 00002FBC C74714[002E0000]            mov dword [edi + SERVICE_ENDPOINT], ipc_messages
  1895 00002FC3 C7471803000000              mov dword [edi + SERVICE_FLAGS], IPC_CAP_FIFO | IPC_CAP_IRQ_SAFE
  1896 00002FCA FF05[70300000]              inc dword [service_count]
  1897 00002FD0 9D                          popfd
  1898 00002FD1 F8                          clc
  1899 00002FD2 C3                          ret
  1900                                  .invalid:
  1901 00002FD3 31C0                        xor eax, eax
  1902 00002FD5 9D                          popfd
  1903 00002FD6 F9                          stc
  1904 00002FD7 C3                          ret
  1905                                  
  1906                                  ; EAX=Service-ID. EAX=Datensatz oder 0.
  1907                                  service_lookup:
  1908 00002FD8 31C9                        xor ecx, ecx
  1909                                  .scan:
  1910 00002FDA 83F908                      cmp ecx, SERVICE_CAPACITY
  1911 00002FDD 731C                        jae .invalid
  1912 00002FDF 89CA                        mov edx, ecx
  1913 00002FE1 C1E205                      shl edx, 5
  1914 00002FE4 81C2[84300000]              add edx, service_table
  1915 00002FEA 837A0C00                    cmp dword [edx + SERVICE_STATE], SERVICE_STATE_EMPTY
  1916 00002FEE 7404                        je .next
  1917 00002FF0 3902                        cmp [edx + SERVICE_ID], eax
  1918 00002FF2 7403                        je .found
  1919                                  .next:
  1920 00002FF4 41                          inc ecx
  1921 00002FF5 EBE3                        jmp .scan
  1922                                  .found:
  1923 00002FF7 89D0                        mov eax, edx
  1924 00002FF9 F8                          clc
  1925 00002FFA C3                          ret
  1926                                  .invalid:
  1927 00002FFB 31C0                        xor eax, eax
  1928 00002FFD F9                          stc
  1929 00002FFE C3                          ret
  1930                                  
  1931                                  service_manager_self_test:
  1932 00002FFF B84E52454B                  mov eax, 0x4B45524E
  1933 00003004 BA00000100                  mov edx, 0x00010000
  1934 00003009 BB45524F43                  mov ebx, 0x434F5245
  1935 0000300E E807FFFFFF                  call service_register
  1936 00003013 7236                        jc .invalid
  1937 00003015 89C6                        mov esi, eax
  1938 00003017 B84E52454B                  mov eax, 0x4B45524E
  1939 0000301C E8B7FFFFFF                  call service_lookup
  1940 00003021 7228                        jc .invalid
  1941 00003023 81780400000100              cmp dword [eax + SERVICE_VERSION], 0x00010000
  1942 0000302A 751F                        jne .invalid
  1943 0000302C 81780845524F43              cmp dword [eax + SERVICE_OWNER], 0x434F5245
  1944 00003033 7516                        jne .invalid
  1945 00003035 83780C01                    cmp dword [eax + SERVICE_STATE], SERVICE_STATE_AVAILABLE
  1946 00003039 7510                        jne .invalid
  1947 0000303B 397010                      cmp [eax + SERVICE_HANDLE], esi
  1948 0000303E 750B                        jne .invalid
  1949 00003040 833D[70300000]01            cmp dword [service_count], 1
  1950 00003047 7502                        jne .invalid
  1951 00003049 F8                          clc
  1952 0000304A C3                          ret
  1953                                  .invalid:
  1954 0000304B F9                          stc
  1955 0000304C C3                          ret
  1956                                  
  1957 0000304D 90<rep 3h>              align 4
  1958                                  service_manager_api:
  1959 00003050 20000000                    dd SERVICE_API_SIZE
  1960 00003054 01000000                    dw 1, 0
  1961 00003058 08000000                    dd SERVICE_CAPACITY
  1962 0000305C [1A2F0000]                  dd service_register
  1963 00003060 [D82F0000]                  dd service_lookup
  1964 00003064 [70300000]                  dd service_count
  1965 00003068 [84300000]                  dd service_table
  1966 0000306C [982D0000]                  dd ipc_api
  1967                                  
  1968 00003070 00000000                service_count:        dd 0
  1969 00003074 00000000                service_temp_id:      dd 0
  1970 00003078 00000000                service_temp_version: dd 0
  1971 0000307C 00000000                service_temp_owner:   dd 0
  1972 00003080 00000000                service_temp_slot:    dd 0
  1973                                  align 4
  1974                                  service_table:
  1975 00003084 00<rep 100h>                times SERVICE_CAPACITY * SERVICE_RECORD_SIZE db 0
  1976                                  
  1977                                  ; Kernel Process Manager (ADR-2011)
  1978                                  PROCESS_API_SIZE      equ 32
  1979                                  PROCESS_CAPACITY      equ 4
  1980                                  PROCESS_RECORD_SIZE   equ 32
  1981                                  PROCESS_STATE_EMPTY   equ 0
  1982                                  PROCESS_STATE_RUNNING equ 1
  1983                                  OBJECT_TYPE_PROCESS   equ 4
  1984                                  PROCESS_PID       equ 0
  1985                                  PROCESS_STATE     equ 4
  1986                                  PROCESS_CR3       equ 8
  1987                                  PROCESS_HANDLE    equ 12
  1988                                  PROCESS_PARENT    equ 16
  1989                                  PROCESS_FLAGS     equ 20
  1990                                  
  1991                                  process_manager_initialize:
  1992 00003184 BF[D0320000]                mov edi, process_table
  1993 00003189 31C0                        xor eax, eax
  1994 0000318B B920000000                  mov ecx, (PROCESS_CAPACITY * PROCESS_RECORD_SIZE) / 4
  1995 00003190 F3AB                        rep stosd
  1996 00003192 C705[B8320000]0000-         mov dword [process_count], 0
  1996 0000319A 0000               
  1997 0000319C C705[BC320000]0100-         mov dword [process_next_pid], 1
  1997 000031A4 0000               
  1998 000031A6 F8                          clc
  1999 000031A7 C3                          ret
  2000                                  
  2001                                  ; EAX=Flags, EDX=Page-Directory. EAX=PID.
  2002                                  process_create:
  2003 000031A8 9C                          pushfd
  2004 000031A9 FA                          cli
  2005 000031AA A3[C8320000]                mov [process_temp_flags], eax
  2006 000031AF 8915[C4320000]              mov [process_temp_cr3], edx
  2007 000031B5 31C9                        xor ecx, ecx
  2008                                  .scan:
  2009 000031B7 83F904                      cmp ecx, PROCESS_CAPACITY
  2010 000031BA 7379                        jae .invalid
  2011 000031BC 89CF                        mov edi, ecx
  2012 000031BE C1E705                      shl edi, 5
  2013 000031C1 81C7[D0320000]              add edi, process_table
  2014 000031C7 837F0400                    cmp dword [edi + PROCESS_STATE], PROCESS_STATE_EMPTY
  2015 000031CB 7403                        je .slot
  2016 000031CD 41                          inc ecx
  2017 000031CE EBE7                        jmp .scan
  2018                                  .slot:
  2019 000031D0 893D[CC320000]              mov [process_temp_slot], edi
  2020 000031D6 8B15[BC320000]              mov edx, [process_next_pid]
  2021 000031DC 8915[C0320000]              mov [process_temp_pid], edx
  2022 000031E2 B804000000                  mov eax, OBJECT_TYPE_PROCESS
  2023 000031E7 31DB                        xor ebx, ebx
  2024 000031E9 E8ADE8FFFF                  call object_create
  2025 000031EE 7245                        jc .invalid
  2026 000031F0 8B3D[CC320000]              mov edi, [process_temp_slot]
  2027 000031F6 8B15[C0320000]              mov edx, [process_temp_pid]
  2028 000031FC 8917                        mov [edi + PROCESS_PID], edx
  2029 000031FE C7470401000000              mov dword [edi + PROCESS_STATE], PROCESS_STATE_RUNNING
  2030 00003205 8B15[C4320000]              mov edx, [process_temp_cr3]
  2031 0000320B 895708                      mov [edi + PROCESS_CR3], edx
  2032 0000320E 89470C                      mov [edi + PROCESS_HANDLE], eax
  2033 00003211 C7471000000000              mov dword [edi + PROCESS_PARENT], 0
  2034 00003218 8B15[C8320000]              mov edx, [process_temp_flags]
  2035 0000321E 895714                      mov [edi + PROCESS_FLAGS], edx
  2036 00003221 FF05[B8320000]              inc dword [process_count]
  2037 00003227 FF05[BC320000]              inc dword [process_next_pid]
  2038 0000322D A1[C0320000]                mov eax, [process_temp_pid]
  2039 00003232 9D                          popfd
  2040 00003233 F8                          clc
  2041 00003234 C3                          ret
  2042                                  .invalid:
  2043 00003235 31C0                        xor eax, eax
  2044 00003237 9D                          popfd
  2045 00003238 F9                          stc
  2046 00003239 C3                          ret
  2047                                  
  2048                                  ; EAX=PID. EAX=Prozessdatensatz oder 0.
  2049                                  process_lookup:
  2050 0000323A 31C9                        xor ecx, ecx
  2051                                  .scan:
  2052 0000323C 83F904                      cmp ecx, PROCESS_CAPACITY
  2053 0000323F 731C                        jae .invalid
  2054 00003241 89CA                        mov edx, ecx
  2055 00003243 C1E205                      shl edx, 5
  2056 00003246 81C2[D0320000]              add edx, process_table
  2057 0000324C 837A0400                    cmp dword [edx + PROCESS_STATE], PROCESS_STATE_EMPTY
  2058 00003250 7404                        je .next
  2059 00003252 3902                        cmp [edx + PROCESS_PID], eax
  2060 00003254 7403                        je .found
  2061                                  .next:
  2062 00003256 41                          inc ecx
  2063 00003257 EBE3                        jmp .scan
  2064                                  .found:
  2065 00003259 89D0                        mov eax, edx
  2066 0000325B F8                          clc
  2067 0000325C C3                          ret
  2068                                  .invalid:
  2069 0000325D 31C0                        xor eax, eax
  2070 0000325F F9                          stc
  2071 00003260 C3                          ret
  2072                                  
  2073                                  process_manager_self_test:
  2074 00003261 B801000000                  mov eax, 1                      ; Kernel/System-Prozess
  2075 00003266 0F20DA                      mov edx, cr3
  2076 00003269 E83AFFFFFF                  call process_create
  2077 0000326E 7225                        jc .invalid
  2078 00003270 83F801                      cmp eax, 1
  2079 00003273 7520                        jne .invalid
  2080 00003275 E8C0FFFFFF                  call process_lookup
  2081 0000327A 7219                        jc .invalid
  2082 0000327C 83780401                    cmp dword [eax + PROCESS_STATE], PROCESS_STATE_RUNNING
  2083 00003280 7513                        jne .invalid
  2084 00003282 0F20DA                      mov edx, cr3
  2085 00003285 395008                      cmp [eax + PROCESS_CR3], edx
  2086 00003288 750B                        jne .invalid
  2087 0000328A 833D[B8320000]01            cmp dword [process_count], 1
  2088 00003291 7502                        jne .invalid
  2089 00003293 F8                          clc
  2090 00003294 C3                          ret
  2091                                  .invalid:
  2092 00003295 F9                          stc
  2093 00003296 C3                          ret
  2094                                  
  2095 00003297 90                      align 4
  2096                                  process_manager_api:
  2097 00003298 20000000                    dd PROCESS_API_SIZE
  2098 0000329C 01000000                    dw 1, 0
  2099 000032A0 04000000                    dd PROCESS_CAPACITY
  2100 000032A4 [A8310000]                  dd process_create
  2101 000032A8 [3A320000]                  dd process_lookup
  2102 000032AC [B8320000]                  dd process_count
  2103 000032B0 [D0320000]                  dd process_table
  2104 000032B4 [BC320000]                  dd process_next_pid
  2105                                  
  2106 000032B8 00000000                process_count:      dd 0
  2107 000032BC 00000000                process_next_pid:   dd 0
  2108 000032C0 00000000                process_temp_pid:   dd 0
  2109 000032C4 00000000                process_temp_cr3:   dd 0
  2110 000032C8 00000000                process_temp_flags: dd 0
  2111 000032CC 00000000                process_temp_slot:  dd 0
  2112                                  align 4
  2113                                  process_table:
  2114 000032D0 00<rep 80h>                 times PROCESS_CAPACITY * PROCESS_RECORD_SIZE db 0
  2115                                  
  2116                                  ; Kernel Security / Capability Manager (ADR-2013)
  2117                                  SECURITY_API_SIZE       equ 32
  2118                                  SECURITY_CAPACITY       equ PROCESS_CAPACITY
  2119                                  SECURITY_RECORD_SIZE    equ 8
  2120                                  SECURITY_CAP_MEMORY     equ 0x00000001
  2121                                  SECURITY_CAP_IO         equ 0x00000002
  2122                                  SECURITY_CAP_SERVICE    equ 0x00000004
  2123                                  SECURITY_CAP_ADMIN      equ 0x00000008
  2124                                  SECURITY_KERNEL_CAPS    equ 0x0000000F
  2125                                  
  2126                                  security_initialize:
  2127 00003350 BF[88340000]                mov edi, security_table
  2128 00003355 31C0                        xor eax, eax
  2129 00003357 B908000000                  mov ecx, (SECURITY_CAPACITY * SECURITY_RECORD_SIZE) / 4
  2130 0000335C F3AB                        rep stosd
  2131 0000335E C705[7C340000]0000-         mov dword [security_count], 0
  2131 00003366 0000               
  2132 00003368 B801000000                  mov eax, 1
  2133 0000336D BA0F000000                  mov edx, SECURITY_KERNEL_CAPS
  2134 00003372 E801000000                  call security_grant
  2135 00003377 C3                          ret
  2136                                  
  2137                                  ; EAX=PID, EDX=Capability-Maske.
  2138                                  security_grant:
  2139 00003378 9C                          pushfd
  2140 00003379 FA                          cli
  2141 0000337A 85D2                        test edx, edx
  2142 0000337C 7445                        jz .invalid
  2143 0000337E A3[80340000]                mov [security_temp_pid], eax
  2144 00003383 8915[84340000]              mov [security_temp_caps], edx
  2145 00003389 E8ACFEFFFF                  call process_lookup
  2146 0000338E 7233                        jc .invalid
  2147 00003390 A1[80340000]                mov eax, [security_temp_pid]
  2148 00003395 31C9                        xor ecx, ecx
  2149                                  .scan:
  2150 00003397 83F904                      cmp ecx, SECURITY_CAPACITY
  2151 0000339A 7327                        jae .invalid
  2152 0000339C 8D3CCD[88340000]            lea edi, [security_table + ecx * 8]
  2153 000033A3 3907                        cmp dword [edi], eax
  2154 000033A5 7410                        je .grant
  2155 000033A7 833F00                      cmp dword [edi], 0
  2156 000033AA 7403                        je .create
  2157 000033AC 41                          inc ecx
  2158 000033AD EBE8                        jmp .scan
  2159                                  .create:
  2160 000033AF 8907                        mov [edi], eax
  2161 000033B1 FF05[7C340000]              inc dword [security_count]
  2162                                  .grant:
  2163 000033B7 8B15[84340000]              mov edx, [security_temp_caps]
  2164 000033BD 095704                      or [edi + 4], edx
  2165 000033C0 9D                          popfd
  2166 000033C1 F8                          clc
  2167 000033C2 C3                          ret
  2168                                  .invalid:
  2169 000033C3 9D                          popfd
  2170 000033C4 F9                          stc
  2171 000033C5 C3                          ret
  2172                                  
  2173                                  ; EAX=PID, EDX=Capability-Maske.
  2174                                  security_revoke:
  2175 000033C6 9C                          pushfd
  2176 000033C7 FA                          cli
  2177 000033C8 89D1                        mov ecx, edx
  2178 000033CA F7D1                        not ecx
  2179 000033CC 31FF                        xor edi, edi
  2180                                  .scan:
  2181 000033CE 83FF04                      cmp edi, SECURITY_CAPACITY
  2182 000033D1 7316                        jae .invalid
  2183 000033D3 3904FD[88340000]            cmp [security_table + edi * 8], eax
  2184 000033DA 7403                        je .found
  2185 000033DC 47                          inc edi
  2186 000033DD EBEF                        jmp .scan
  2187                                  .found:
  2188 000033DF 210CFD[8C340000]            and [security_table + edi * 8 + 4], ecx
  2189 000033E6 9D                          popfd
  2190 000033E7 F8                          clc
  2191 000033E8 C3                          ret
  2192                                  .invalid:
  2193 000033E9 9D                          popfd
  2194 000033EA F9                          stc
  2195 000033EB C3                          ret
  2196                                  
  2197                                  ; EAX=PID, EDX=benötigte Capability-Maske. EAX=1 erlaubt, 0 verweigert.
  2198                                  security_check:
  2199 000033EC 31C9                        xor ecx, ecx
  2200                                  .scan:
  2201 000033EE 83F904                      cmp ecx, SECURITY_CAPACITY
  2202 000033F1 7320                        jae .denied
  2203 000033F3 3904CD[88340000]            cmp [security_table + ecx * 8], eax
  2204 000033FA 7403                        je .found
  2205 000033FC 41                          inc ecx
  2206 000033FD EBEF                        jmp .scan
  2207                                  .found:
  2208 000033FF 8B04CD[8C340000]            mov eax, [security_table + ecx * 8 + 4]
  2209 00003406 21D0                        and eax, edx
  2210 00003408 39D0                        cmp eax, edx
  2211 0000340A 7507                        jne .denied
  2212 0000340C B801000000                  mov eax, 1
  2213 00003411 F8                          clc
  2214 00003412 C3                          ret
  2215                                  .denied:
  2216 00003413 31C0                        xor eax, eax
  2217 00003415 F9                          stc
  2218 00003416 C3                          ret
  2219                                  
  2220                                  security_self_test:
  2221 00003417 B801000000                  mov eax, 1
  2222 0000341C BA0C000000                  mov edx, SECURITY_CAP_ADMIN | SECURITY_CAP_SERVICE
  2223 00003421 E8C6FFFFFF                  call security_check
  2224 00003426 7232                        jc .invalid
  2225 00003428 83F801                      cmp eax, 1
  2226 0000342B 752D                        jne .invalid
  2227 0000342D B801000000                  mov eax, 1
  2228 00003432 BA10000000                  mov edx, 0x00000010
  2229 00003437 E8B0FFFFFF                  call security_check
  2230 0000343C 731C                        jnc .invalid
  2231 0000343E B8FFFFFFFF                  mov eax, 0xFFFFFFFF
  2232 00003443 BA01000000                  mov edx, SECURITY_CAP_MEMORY
  2233 00003448 E89FFFFFFF                  call security_check
  2234 0000344D 730B                        jnc .invalid
  2235 0000344F 833D[7C340000]01            cmp dword [security_count], 1
  2236 00003456 7502                        jne .invalid
  2237 00003458 F8                          clc
  2238 00003459 C3                          ret
  2239                                  .invalid:
  2240 0000345A F9                          stc
  2241 0000345B C3                          ret
  2242                                  
  2243                                  align 4
  2244                                  security_api:
  2245 0000345C 20000000                    dd SECURITY_API_SIZE
  2246 00003460 01000000                    dw 1, 0
  2247 00003464 04000000                    dd SECURITY_CAPACITY
  2248 00003468 0F000000                    dd SECURITY_KERNEL_CAPS
  2249 0000346C [78330000]                  dd security_grant
  2250 00003470 [C6330000]                  dd security_revoke
  2251 00003474 [EC330000]                  dd security_check
  2252 00003478 [88340000]                  dd security_table
  2253                                  
  2254 0000347C 00000000                security_count:     dd 0
  2255 00003480 00000000                security_temp_pid:  dd 0
  2256 00003484 00000000                security_temp_caps: dd 0
  2257                                  align 4
  2258                                  security_table:
  2259 00003488 00<rep 20h>                 times SECURITY_CAPACITY * SECURITY_RECORD_SIZE db 0
  2260                                  
  2261                                  ; ---------------------------------------------------------------------------
  2262                                  ; Präemptiver Round-Robin-Scheduler (ADR-2004 / ADR-2012)
  2263                                  ; ---------------------------------------------------------------------------
  2264                                  
  2265                                  SCHEDULER_THREAD_COUNT equ 3
  2266                                  SCHEDULER_FRAME_SIZE   equ 68
  2267                                  SCHEDULER_API_SIZE     equ 32
  2268                                  SCHEDULER_CAP_PREEMPT  equ 0x00000001
  2269                                  SCHEDULER_CAP_RR       equ 0x00000002
  2270                                  
  2271                                  ; Thread Manager (ADR-2012)
  2272                                  THREAD_API_SIZE      equ 32
  2273                                  THREAD_CAPACITY      equ 3
  2274                                  THREAD_RECORD_SIZE   equ 32
  2275                                  THREAD_STATE_READY   equ 1
  2276                                  OBJECT_TYPE_THREAD   equ 5
  2277                                  THREAD_TID      equ 0
  2278                                  THREAD_PID      equ 4
  2279                                  THREAD_STATE    equ 8
  2280                                  THREAD_SLOT     equ 12
  2281                                  THREAD_HANDLE   equ 16
  2282                                  THREAD_ENTRY    equ 20
  2283                                  THREAD_CONTEXT  equ 24
  2284                                  
  2285                                  thread_manager_initialize:
  2286 000034A8 BF[58360000]                mov edi, thread_table
  2287 000034AD 31C0                        xor eax, eax
  2288 000034AF B918000000                  mov ecx, (THREAD_CAPACITY * THREAD_RECORD_SIZE) / 4
  2289 000034B4 F3AB                        rep stosd
  2290 000034B6 C705[40360000]0000-         mov dword [thread_count], 0
  2290 000034BE 0000               
  2291 000034C0 C705[44360000]0100-         mov dword [thread_next_tid], 1
  2291 000034C8 0000               
  2292 000034CA B8[F0380000]                mov eax, kernel_main
  2293 000034CF BA01000000                  mov edx, 1
  2294 000034D4 31DB                        xor ebx, ebx
  2295 000034D6 E832000000                  call thread_register
  2296 000034DB 722E                        jc .invalid
  2297 000034DD B8[E8370000]                mov eax, scheduler_thread1
  2298 000034E2 BA01000000                  mov edx, 1
  2299 000034E7 BB01000000                  mov ebx, 1
  2300 000034EC E81C000000                  call thread_register
  2301 000034F1 7218                        jc .invalid
  2302 000034F3 B8[2F380000]                mov eax, scheduler_thread2
  2303 000034F8 BA01000000                  mov edx, 1
  2304 000034FD BB02000000                  mov ebx, 2
  2305 00003502 E806000000                  call thread_register
  2306 00003507 7202                        jc .invalid
  2307 00003509 F8                          clc
  2308 0000350A C3                          ret
  2309                                  .invalid:
  2310 0000350B F9                          stc
  2311 0000350C C3                          ret
  2312                                  
  2313                                  ; EAX=Einstieg, EDX=PID, EBX=Scheduler-Slot. EAX=TID.
  2314                                  thread_register:
  2315 0000350D 9C                          pushfd
  2316 0000350E FA                          cli
  2317 0000350F 85C0                        test eax, eax
  2318 00003511 0F84B3000000                jz .invalid
  2319 00003517 83FB03                      cmp ebx, SCHEDULER_THREAD_COUNT
  2320 0000351A 0F83AA000000                jae .invalid
  2321 00003520 A3[48360000]                mov [thread_temp_entry], eax
  2322 00003525 8915[4C360000]              mov [thread_temp_pid], edx
  2323 0000352B 891D[50360000]              mov [thread_temp_slot], ebx
  2324 00003531 89D0                        mov eax, edx
  2325 00003533 E802FDFFFF                  call process_lookup
  2326 00003538 0F828C000000                jc .invalid
  2327 0000353E 8B0D[40360000]              mov ecx, [thread_count]
  2328 00003544 83F903                      cmp ecx, THREAD_CAPACITY
  2329 00003547 0F837D000000                jae .invalid
  2330 0000354D 89CF                        mov edi, ecx
  2331 0000354F C1E705                      shl edi, 5
  2332 00003552 81C7[58360000]              add edi, thread_table
  2333 00003558 893D[54360000]              mov [thread_temp_record], edi
  2334 0000355E B805000000                  mov eax, OBJECT_TYPE_THREAD
  2335 00003563 8B15[4C360000]              mov edx, [thread_temp_pid]
  2336 00003569 8B1D[48360000]              mov ebx, [thread_temp_entry]
  2337 0000356F E827E5FFFF                  call object_create
  2338 00003574 7254                        jc .invalid
  2339 00003576 8B3D[54360000]              mov edi, [thread_temp_record]
  2340 0000357C 8B15[44360000]              mov edx, [thread_next_tid]
  2341 00003582 8917                        mov [edi + THREAD_TID], edx
  2342 00003584 8B0D[4C360000]              mov ecx, [thread_temp_pid]
  2343 0000358A 894F04                      mov [edi + THREAD_PID], ecx
  2344 0000358D C7470801000000              mov dword [edi + THREAD_STATE], THREAD_STATE_READY
  2345 00003594 8B0D[50360000]              mov ecx, [thread_temp_slot]
  2346 0000359A 894F0C                      mov [edi + THREAD_SLOT], ecx
  2347 0000359D 894710                      mov [edi + THREAD_HANDLE], eax
  2348 000035A0 8B0D[48360000]              mov ecx, [thread_temp_entry]
  2349 000035A6 894F14                      mov [edi + THREAD_ENTRY], ecx
  2350 000035A9 8B0D[50360000]              mov ecx, [thread_temp_slot]
  2351 000035AF 8B0C8D[DC380000]            mov ecx, [scheduler_contexts + ecx * 4]
  2352 000035B6 894F18                      mov [edi + THREAD_CONTEXT], ecx
  2353 000035B9 FF05[40360000]              inc dword [thread_count]
  2354 000035BF FF05[44360000]              inc dword [thread_next_tid]
  2355 000035C5 89D0                        mov eax, edx
  2356 000035C7 9D                          popfd
  2357 000035C8 F8                          clc
  2358 000035C9 C3                          ret
  2359                                  .invalid:
  2360 000035CA 31C0                        xor eax, eax
  2361 000035CC 9D                          popfd
  2362 000035CD F9                          stc
  2363 000035CE C3                          ret
  2364                                  
  2365                                  ; EAX=TID. EAX=Datensatz oder 0.
  2366                                  thread_lookup:
  2367 000035CF 31C9                        xor ecx, ecx
  2368                                  .scan:
  2369 000035D1 83F903                      cmp ecx, THREAD_CAPACITY
  2370 000035D4 7316                        jae .invalid
  2371 000035D6 89CA                        mov edx, ecx
  2372 000035D8 C1E205                      shl edx, 5
  2373 000035DB 81C2[58360000]              add edx, thread_table
  2374 000035E1 3902                        cmp [edx + THREAD_TID], eax
  2375 000035E3 7403                        je .found
  2376 000035E5 41                          inc ecx
  2377 000035E6 EBE9                        jmp .scan
  2378                                  .found:
  2379 000035E8 89D0                        mov eax, edx
  2380 000035EA F8                          clc
  2381 000035EB C3                          ret
  2382                                  .invalid:
  2383 000035EC 31C0                        xor eax, eax
  2384 000035EE F9                          stc
  2385 000035EF C3                          ret
  2386                                  
  2387                                  thread_manager_self_test:
  2388 000035F0 B802000000                  mov eax, 2
  2389 000035F5 E8D5FFFFFF                  call thread_lookup
  2390 000035FA 7220                        jc .invalid
  2391 000035FC 83780401                    cmp dword [eax + THREAD_PID], 1
  2392 00003600 751A                        jne .invalid
  2393 00003602 83780C01                    cmp dword [eax + THREAD_SLOT], 1
  2394 00003606 7514                        jne .invalid
  2395 00003608 817814[E8370000]            cmp dword [eax + THREAD_ENTRY], scheduler_thread1
  2396 0000360F 750B                        jne .invalid
  2397 00003611 833D[40360000]03            cmp dword [thread_count], THREAD_CAPACITY
  2398 00003618 7502                        jne .invalid
  2399 0000361A F8                          clc
  2400 0000361B C3                          ret
  2401                                  .invalid:
  2402 0000361C F9                          stc
  2403 0000361D C3                          ret
  2404                                  
  2405 0000361E 90<rep 2h>              align 4
  2406                                  thread_manager_api:
  2407 00003620 20000000                    dd THREAD_API_SIZE
  2408 00003624 01000000                    dw 1, 0
  2409 00003628 03000000                    dd THREAD_CAPACITY
  2410 0000362C [0D350000]                  dd thread_register
  2411 00003630 [CF350000]                  dd thread_lookup
  2412 00003634 [40360000]                  dd thread_count
  2413 00003638 [58360000]                  dd thread_table
  2414 0000363C [44360000]                  dd thread_next_tid
  2415                                  
  2416 00003640 00000000                thread_count:       dd 0
  2417 00003644 00000000                thread_next_tid:    dd 0
  2418 00003648 00000000                thread_temp_entry:  dd 0
  2419 0000364C 00000000                thread_temp_pid:    dd 0
  2420 00003650 00000000                thread_temp_slot:   dd 0
  2421 00003654 00000000                thread_temp_record: dd 0
  2422                                  align 4
  2423                                  thread_table:
  2424 00003658 00<rep 60h>                 times THREAD_CAPACITY * THREAD_RECORD_SIZE db 0
  2425                                  
  2426                                  scheduler_initialize:
  2427 000036B8 C705[D4380000]0000-         mov dword [scheduler_enabled], 0
  2427 000036C0 0000               
  2428 000036C2 C705[D8380000]0000-         mov dword [scheduler_current], 0
  2428 000036CA 0000               
  2429 000036CC C705[DC380000]0000-         mov dword [scheduler_contexts + 0], 0
  2429 000036D4 0000               
  2430 000036D6 C705[E8380000]0000-         mov dword [scheduler_thread1_runs], 0
  2430 000036DE 0000               
  2431 000036E0 C705[EC380000]0000-         mov dword [scheduler_thread2_runs], 0
  2431 000036E8 0000               
  2432                                  
  2433 000036EA B8[E8370000]                mov eax, scheduler_thread1
  2434 000036EF E826000000                  call scheduler_create_frame
  2435 000036F4 7222                        jc .invalid
  2436 000036F6 A3[E0380000]                mov [scheduler_contexts + 4], eax
  2437                                  
  2438 000036FB B8[2F380000]                mov eax, scheduler_thread2
  2439 00003700 E815000000                  call scheduler_create_frame
  2440 00003705 7211                        jc .invalid
  2441 00003707 A3[E4380000]                mov [scheduler_contexts + 8], eax
  2442                                  
  2443 0000370C C705[D4380000]0100-         mov dword [scheduler_enabled], 1
  2443 00003714 0000               
  2444 00003716 F8                          clc
  2445 00003717 C3                          ret
  2446                                  .invalid:
  2447 00003718 F9                          stc
  2448 00003719 C3                          ret
  2449                                  
  2450                                  ; EAX=Thread-Einstieg, EAX=synthetischer Interruptframe.
  2451                                  scheduler_create_frame:
  2452 0000371A 53                          push ebx
  2453 0000371B 51                          push ecx
  2454 0000371C 57                          push edi
  2455 0000371D 89C3                        mov ebx, eax
  2456 0000371F E85AD1FFFF                  call pmm_alloc_page
  2457 00003724 85C0                        test eax, eax
  2458 00003726 0F8487000000                jz .invalid
  2459 0000372C 89C7                        mov edi, eax
  2460 0000372E 31C0                        xor eax, eax
  2461 00003730 B900040000                  mov ecx, PMM_PAGE_SIZE / 4
  2462 00003735 F3AB                        rep stosd
  2463 00003737 83EF44                      sub edi, SCHEDULER_FRAME_SIZE
  2464                                  
  2465 0000373A C70710000000                mov dword [edi + 0], DATA_SEGMENT
  2466 00003740 C7470410000000              mov dword [edi + 4], DATA_SEGMENT
  2467 00003747 C7470810000000              mov dword [edi + 8], DATA_SEGMENT
  2468 0000374E C7470C10000000              mov dword [edi + 12], DATA_SEGMENT
  2469 00003755 C7471000000000              mov dword [edi + 16], 0          ; EDI
  2470 0000375C C7471400000000              mov dword [edi + 20], 0          ; ESI
  2471 00003763 C7471800000000              mov dword [edi + 24], 0          ; EBP
  2472 0000376A C7471C00000000              mov dword [edi + 28], 0          ; ESP-Platzhalter von PUSHAD
  2473 00003771 C7472000000000              mov dword [edi + 32], 0          ; EBX
  2474 00003778 C7472400000000              mov dword [edi + 36], 0          ; EDX
  2475 0000377F C7472800000000              mov dword [edi + 40], 0          ; ECX
  2476 00003786 C7472C00000000              mov dword [edi + 44], 0          ; EAX
  2477 0000378D C7473020000000              mov dword [edi + 48], 32         ; normalisierter Vektor
  2478 00003794 C7473400000000              mov dword [edi + 52], 0          ; Fehlercode
  2479 0000379B 895F38                      mov [edi + 56], ebx              ; EIP
  2480 0000379E C7473C08000000              mov dword [edi + 60], CODE_SEGMENT
  2481 000037A5 C7474002020000              mov dword [edi + 64], 0x00000202 ; IF gesetzt
  2482 000037AC 89F8                        mov eax, edi
  2483 000037AE 5F                          pop edi
  2484 000037AF 59                          pop ecx
  2485 000037B0 5B                          pop ebx
  2486 000037B1 F8                          clc
  2487 000037B2 C3                          ret
  2488                                  .invalid:
  2489 000037B3 5F                          pop edi
  2490 000037B4 59                          pop ecx
  2491 000037B5 5B                          pop ebx
  2492 000037B6 F9                          stc
  2493 000037B7 C3                          ret
  2494                                  
  2495                                  ; [ESP+4] enthält den vollständigen Frame des unterbrochenen Threads.
  2496                                  scheduler_on_tick:
  2497 000037B8 8B442404                    mov eax, [esp + 4]
  2498 000037BC 833D[D4380000]01            cmp dword [scheduler_enabled], 1
  2499 000037C3 7522                        jne .done
  2500 000037C5 8B15[D8380000]              mov edx, [scheduler_current]
  2501 000037CB 890495[DC380000]            mov [scheduler_contexts + edx * 4], eax
  2502 000037D2 42                          inc edx
  2503 000037D3 83FA03                      cmp edx, SCHEDULER_THREAD_COUNT
  2504 000037D6 7202                        jb .selected
  2505 000037D8 31D2                        xor edx, edx
  2506                                  .selected:
  2507 000037DA 8915[D8380000]              mov [scheduler_current], edx
  2508 000037E0 8B0495[DC380000]            mov eax, [scheduler_contexts + edx * 4]
  2509                                  .done:
  2510 000037E7 C3                          ret
  2511                                  
  2512                                  scheduler_thread1:
  2513 000037E8 FF05[E8380000]              inc dword [scheduler_thread1_runs]
  2514 000037EE A1[C42D0000]                mov eax, [ipc_sent]
  2515 000037F3 40                          inc eax
  2516 000037F4 C705[D42D0000]0100-         mov dword [ipc_thread_message + 0], 1
  2516 000037FC 0000               
  2517 000037FE A3[D82D0000]                mov [ipc_thread_message + 4], eax
  2518 00003803 C705[DC2D0000]4156-         mov dword [ipc_thread_message + 8], 0x4E4F5641
  2518 0000380B 4F4E               
  2519 0000380D C705[E02D0000]0000-         mov dword [ipc_thread_message + 12], 0
  2519 00003815 0000               
  2520 00003817 BE[D42D0000]                mov esi, ipc_thread_message
  2521 0000381C E8DDF4FFFF                  call ipc_send
  2522 00003821 85C0                        test eax, eax
  2523 00003823 7406                        jz .pause
  2524 00003825 FF05[C42D0000]              inc dword [ipc_sent]
  2525                                  .pause:
  2526 0000382B F390                        pause
  2527 0000382D EBB9                        jmp scheduler_thread1
  2528                                  
  2529                                  scheduler_thread2:
  2530 0000382F FF05[EC380000]              inc dword [scheduler_thread2_runs]
  2531 00003835 BF[E42D0000]                mov edi, ipc_receive_buffer
  2532 0000383A E80CF5FFFF                  call ipc_receive
  2533 0000383F 85C0                        test eax, eax
  2534 00003841 7439                        jz .pause
  2535 00003843 833D[E42D0000]01            cmp dword [ipc_receive_buffer + 0], 1
  2536 0000384A 7526                        jne .error
  2537 0000384C 813D[EC2D0000]4156-         cmp dword [ipc_receive_buffer + 8], 0x4E4F5641
  2537 00003854 4F4E               
  2538 00003856 751A                        jne .error
  2539 00003858 A1[E82D0000]                mov eax, [ipc_receive_buffer + 4]
  2540 0000385D 3B05[CC2D0000]              cmp eax, [ipc_last_sequence]
  2541 00003863 760D                        jbe .error
  2542 00003865 A3[CC2D0000]                mov [ipc_last_sequence], eax
  2543 0000386A FF05[C82D0000]              inc dword [ipc_received]
  2544 00003870 EB0A                        jmp .pause
  2545                                  .error:
  2546 00003872 C705[D02D0000]0100-         mov dword [ipc_error], 1
  2546 0000387A 0000               
  2547                                  .pause:
  2548 0000387C F390                        pause
  2549 0000387E EBAF                        jmp scheduler_thread2
  2550                                  
  2551                                  scheduler_self_test:
  2552 00003880 B900E1F505                  mov ecx, 100000000
  2553                                  .wait:
  2554 00003885 833D[E8380000]00            cmp dword [scheduler_thread1_runs], 0
  2555 0000388C 741B                        je .continue
  2556 0000388E 833D[EC380000]00            cmp dword [scheduler_thread2_runs], 0
  2557 00003895 7412                        je .continue
  2558 00003897 833D[D02D0000]00            cmp dword [ipc_error], 0
  2559 0000389E 750E                        jne .invalid
  2560 000038A0 833D[C82D0000]04            cmp dword [ipc_received], 4
  2561 000038A7 7307                        jae .success
  2562                                  .continue:
  2563 000038A9 F390                        pause
  2564 000038AB 49                          dec ecx
  2565 000038AC 75D7                        jnz .wait
  2566                                  .invalid:
  2567 000038AE F9                          stc
  2568 000038AF C3                          ret
  2569                                  .success:
  2570 000038B0 F8                          clc
  2571 000038B1 C3                          ret
  2572                                  
  2573 000038B2 90<rep 2h>              align 4
  2574                                  scheduler_api:
  2575 000038B4 20000000                    dd SCHEDULER_API_SIZE
  2576 000038B8 01000000                    dw 1, 0
  2577 000038BC 03000000                    dd SCHEDULER_THREAD_COUNT
  2578 000038C0 03000000                    dd SCHEDULER_CAP_PREEMPT | SCHEDULER_CAP_RR
  2579 000038C4 [B8370000]                  dd scheduler_on_tick
  2580 000038C8 [D8380000]                  dd scheduler_current
  2581 000038CC [E8380000]                  dd scheduler_thread1_runs
  2582 000038D0 [EC380000]                  dd scheduler_thread2_runs
  2583                                  
  2584 000038D4 00000000                scheduler_enabled: dd 0
  2585 000038D8 00000000                scheduler_current: dd 0
  2586                                  scheduler_contexts:
  2587 000038DC 00000000<rep 3h>            times SCHEDULER_THREAD_COUNT dd 0
  2588 000038E8 00000000                scheduler_thread1_runs: dd 0
  2589 000038EC 00000000                scheduler_thread2_runs: dd 0
  2590                                  
  2591                                  ; ---------------------------------------------------------------------------
  2592                                  ; Minimaler Kernel Main
  2593                                  ; ---------------------------------------------------------------------------
  2594                                  
  2595                                  kernel_main:
  2596 000038F0 A1[3C4A0000]                mov eax, [kernel_context + CONTEXT_SEEN]
  2597 000038F5 A904000000                  test eax, CONTEXT_HAS_GRAPHICS
  2598 000038FA 741A                        jz .text_mode
  2599 000038FC 833D[644A0000]20            cmp dword [kernel_context + CONTEXT_BPP], 32
  2600 00003903 7511                        jne .text_mode
  2601 00003905 E871040000                  call draw_boot_screen
  2602 0000390A BE[69580000]                mov esi, message_framebuffer_ok
  2603 0000390F E822040000                  call serial_write_string
  2604 00003914 EB0A                        jmp .ready
  2605                                  
  2606                                  .text_mode:
  2607 00003916 BE[96580000]                mov esi, message_text_mode
  2608 0000391B E816040000                  call serial_write_string
  2609                                  
  2610                                  .ready:
  2611 00003920 BE[E5580000]                mov esi, message_ready
  2612 00003925 E80C040000                  call serial_write_string
  2613 0000392A EB00                        jmp kernel_idle
  2614                                  
  2615                                  kernel_idle:
  2616 0000392C FB                          sti
  2617                                  .loop:
  2618 0000392D F4                          hlt
  2619 0000392E EBFD                        jmp .loop
  2620                                  
  2621                                  kernel_shutdown:
  2622 00003930 FA                          cli
  2623 00003931 BE[0B530000]                mov esi, message_shutdown
  2624 00003936 E8FB030000                  call serial_write_string
  2625 0000393B 66B80020                    mov ax, 0x2000
  2626 0000393F 66BA0406                    mov dx, 0x0604                  ; QEMU/ACPI Poweroff
  2627 00003943 66EF                        out dx, ax
  2628 00003945 66BA04B0                    mov dx, 0xB004                  ; Bochs/QEMU Fallback
  2629 00003949 66EF                        out dx, ax
  2630 0000394B E9B0030000                  jmp kernel_halt
  2631                                  
  2632                                  ; Strukturierter Panic-Reporter (ADR-2014)
  2633                                  PANIC_API_SIZE    equ 32
  2634                                  PANIC_REPORT_SIZE equ 48
  2635                                  
  2636                                  BOOT_PHASE_NONE            equ 0xFFFFFFFF
  2637                                  BOOT_PHASE_KERNEL_ENTRY    equ 0
  2638                                  BOOT_PHASE_HANDOFF         equ 1
  2639                                  BOOT_PHASE_EARLY_ARCH      equ 2
  2640                                  BOOT_PHASE_EARLY_MEMORY    equ 3
  2641                                  BOOT_PHASE_VIRTUAL_MEMORY  equ 4
  2642                                  BOOT_PHASE_KERNEL_CORE     equ 5
  2643                                  BOOT_PHASE_INTERRUPTS_TIME equ 6
  2644                                  BOOT_PHASE_SCHEDULER_SMP   equ 7
  2645                                  BOOT_PHASE_OPERATIONAL     equ 11
  2646                                  BOOT_SEQUENCE_API_SIZE     equ 32
  2647                                  BOOT_LOG_API_SIZE          equ 32
  2648                                  BOOT_EVENT_SIZE            equ 24
  2649                                  BOOT_LOG_CAPACITY          equ 12
  2650                                  BOOT_COMPONENT_KERNEL      equ 0x4B45524E
  2651                                  
  2652                                  panic_manager_initialize:
  2653 00003950 BF[E43A0000]                mov edi, panic_report
  2654 00003955 31C0                        xor eax, eax
  2655 00003957 B90C000000                  mov ecx, PANIC_REPORT_SIZE / 4
  2656 0000395C F3AB                        rep stosd
  2657 0000395E C705[E43A0000]3000-         mov dword [panic_report], PANIC_REPORT_SIZE
  2657 00003966 0000               
  2658 00003968 C705[E83A0000]0100-         mov dword [panic_report + 4], 1
  2658 00003970 0000               
  2659 00003972 F8                          clc
  2660 00003973 C3                          ret
  2661                                  
  2662                                  panic_manager_self_test:
  2663 00003974 833D[C43A0000]20            cmp dword [panic_api], PANIC_API_SIZE
  2664 0000397B 7515                        jne .invalid
  2665 0000397D 66833D[C83A0000]01          cmp word [panic_api + 4], 1
  2666 00003985 750B                        jne .invalid
  2667 00003987 833D[E43A0000]30            cmp dword [panic_report], PANIC_REPORT_SIZE
  2668 0000398E 7502                        jne .invalid
  2669 00003990 F8                          clc
  2670 00003991 C3                          ret
  2671                                  .invalid:
  2672 00003992 F9                          stc
  2673 00003993 C3                          ret
  2674                                  
  2675                                  ; EAX=Fehlercode, EDX=Subsystem, ESI=erklärender Text.
  2676                                  kernel_panic:
  2677 00003994 FA                          cli
  2678 00003995 A3[EC3A0000]                mov [panic_report + 8], eax
  2679 0000399A 8915[F03A0000]              mov [panic_report + 12], edx
  2680 000039A0 8B0C24                      mov ecx, [esp]
  2681 000039A3 890D[F43A0000]              mov [panic_report + 16], ecx
  2682 000039A9 8925[F83A0000]              mov [panic_report + 20], esp
  2683 000039AF 0F20D1                      mov ecx, cr2
  2684 000039B2 890D[FC3A0000]              mov [panic_report + 24], ecx
  2685 000039B8 8B0D[762C0000]              mov ecx, [timer_ticks]
  2686 000039BE 890D[003B0000]              mov [panic_report + 28], ecx
  2687 000039C4 8B0D[343B0000]              mov ecx, [boot_phase_current]
  2688 000039CA 890D[043B0000]              mov [panic_report + 32], ecx
  2689 000039D0 8B0D[383B0000]              mov ecx, [boot_phase_last_success]
  2690 000039D6 890D[083B0000]              mov [panic_report + 36], ecx
  2691 000039DC 53                          push ebx
  2692 000039DD B801000000                  mov eax, 1
  2693 000039E2 0FA2                        cpuid
  2694 000039E4 C1EB18                      shr ebx, 24
  2695 000039E7 891D[0C3B0000]              mov [panic_report + 40], ebx
  2696 000039ED 5B                          pop ebx
  2697 000039EE 8B0D[784A0000]              mov ecx, [kernel_context + CONTEXT_SECURITY_STATE]
  2698 000039F4 890D[103B0000]              mov [panic_report + 44], ecx
  2699 000039FA 56                          push esi
  2700 000039FB E8DE070000                  call draw_kernel_panic_screen
  2701 00003A00 5E                          pop esi
  2702 00003A01 56                          push esi
  2703 00003A02 BE[68520000]                mov esi, message_panic_begin
  2704 00003A07 E82A030000                  call serial_write_string
  2705 00003A0C A1[EC3A0000]                mov eax, [panic_report + 8]
  2706 00003A11 E842030000                  call serial_write_hex32
  2707 00003A16 BE[82520000]                mov esi, message_panic_subsystem
  2708 00003A1B E816030000                  call serial_write_string
  2709 00003A20 A1[F03A0000]                mov eax, [panic_report + 12]
  2710 00003A25 E82E030000                  call serial_write_hex32
  2711 00003A2A BE[90520000]                mov esi, message_panic_eip
  2712 00003A2F E802030000                  call serial_write_string
  2713 00003A34 A1[F43A0000]                mov eax, [panic_report + 16]
  2714 00003A39 E81A030000                  call serial_write_hex32
  2715 00003A3E BE[98520000]                mov esi, message_panic_cr2
  2716 00003A43 E8EE020000                  call serial_write_string
  2717 00003A48 A1[FC3A0000]                mov eax, [panic_report + 24]
  2718 00003A4D E806030000                  call serial_write_hex32
  2719 00003A52 BE[A0520000]                mov esi, message_panic_phase
  2720 00003A57 E8DA020000                  call serial_write_string
  2721 00003A5C A1[043B0000]                mov eax, [panic_report + 32]
  2722 00003A61 E8F2020000                  call serial_write_hex32
  2723 00003A66 BE[AA520000]                mov esi, message_panic_last_phase
  2724 00003A6B E8C6020000                  call serial_write_string
  2725 00003A70 A1[083B0000]                mov eax, [panic_report + 36]
  2726 00003A75 E8DE020000                  call serial_write_hex32
  2727 00003A7A BE[B9520000]                mov esi, message_panic_cpu
  2728 00003A7F E8B2020000                  call serial_write_string
  2729 00003A84 A1[0C3B0000]                mov eax, [panic_report + 40]
  2730 00003A89 E8CA020000                  call serial_write_hex32
  2731 00003A8E BE[C1520000]                mov esi, message_panic_security
  2732 00003A93 E89E020000                  call serial_write_string
  2733 00003A98 A1[103B0000]                mov eax, [panic_report + 44]
  2734 00003A9D E8B6020000                  call serial_write_hex32
  2735 00003AA2 BE[66580000]                mov esi, message_newline
  2736 00003AA7 E88A020000                  call serial_write_string
  2737 00003AAC 5E                          pop esi
  2738 00003AAD E884020000                  call serial_write_string
  2739 00003AB2 BE[CE520000]                mov esi, message_panic_end
  2740 00003AB7 E87A020000                  call serial_write_string
  2741 00003ABC E93F020000                  jmp kernel_halt
  2742                                  
  2743 00003AC1 90<rep 3h>              align 4
  2744                                  panic_api:
  2745 00003AC4 20000000                    dd PANIC_API_SIZE
  2746 00003AC8 01000100                    dw 1, 1
  2747 00003ACC 30000000                    dd PANIC_REPORT_SIZE
  2748 00003AD0 [94390000]                  dd kernel_panic
  2749 00003AD4 [E43A0000]                  dd panic_report
  2750 00003AD8 [74390000]                  dd panic_manager_self_test
  2751 00003ADC 00000000                    dd 0
  2752 00003AE0 00000000                    dd 0
  2753                                  panic_report:
  2754 00003AE4 00<rep 30h>                 times PANIC_REPORT_SIZE db 0
  2755                                  
  2756                                  ; Frühe, lesbare Bootsequenz-ABI. Sie hält die aktuelle und die letzte
  2757                                  ; erfolgreich abgeschlossene NPSPEC-KERNEL-0002-Phase ohne Heapabhängigkeit.
  2758                                  align 4
  2759                                  boot_sequence_api:
  2760 00003B14 20000000                    dd BOOT_SEQUENCE_API_SIZE
  2761 00003B18 01000000                    dw 1, 0
  2762 00003B1C [343B0000]                  dd boot_phase_current
  2763 00003B20 [383B0000]                  dd boot_phase_last_success
  2764 00003B24 0C000000                    dd BOOT_PHASE_OPERATIONAL + 1
  2765 00003B28 00000000                    dd 0
  2766 00003B2C 00000000                    dd 0
  2767 00003B30 00000000                    dd 0
  2768 00003B34 FFFFFFFF                boot_phase_current:      dd BOOT_PHASE_NONE
  2769 00003B38 FFFFFFFF                boot_phase_last_success: dd BOOT_PHASE_NONE
  2770                                  
  2771                                  ; Heapfreies Frühstartprotokoll; bewahrt sämtliche Aufruferregister.
  2772                                  boot_phase_log:
  2773 00003B3C 60                          pushad
  2774 00003B3D E834000000                  call boot_event_record_current
  2775 00003B42 BE[1F520000]                mov esi, message_boot_phase
  2776 00003B47 E8EA010000                  call serial_write_string
  2777 00003B4C A1[343B0000]                mov eax, [boot_phase_current]
  2778 00003B51 E802020000                  call serial_write_hex32
  2779 00003B56 BE[33520000]                mov esi, message_boot_last_phase
  2780 00003B5B E8D6010000                  call serial_write_string
  2781 00003B60 A1[383B0000]                mov eax, [boot_phase_last_success]
  2782 00003B65 E8EE010000                  call serial_write_hex32
  2783 00003B6A BE[66580000]                mov esi, message_newline
  2784 00003B6F E8C2010000                  call serial_write_string
  2785 00003B74 61                          popad
  2786 00003B75 C3                          ret
  2787                                  
  2788                                  ; Schreibt genau ein NPSPEC-KERNEL-0002-Bootereignis in den statischen Ring.
  2789                                  ; Ein voller Ring verwirft weitere Ereignisse deterministisch.
  2790                                  boot_event_record_current:
  2791 00003B76 8B0D[DC3B0000]              mov ecx, [boot_event_count]
  2792 00003B7C 83F90C                      cmp ecx, BOOT_LOG_CAPACITY
  2793 00003B7F 733A                        jae .done
  2794 00003B81 6BF918                      imul edi, ecx, BOOT_EVENT_SIZE
  2795 00003B84 81C7[E03B0000]              add edi, boot_events
  2796 00003B8A A1[762C0000]                mov eax, [timer_ticks]
  2797 00003B8F 8907                        mov [edi + 0], eax
  2798 00003B91 C7470400000000              mov dword [edi + 4], 0
  2799 00003B98 A1[343B0000]                mov eax, [boot_phase_current]
  2800 00003B9D 894708                      mov [edi + 8], eax
  2801 00003BA0 C7470C4E52454B              mov dword [edi + 12], BOOT_COMPONENT_KERNEL
  2802 00003BA7 C7471000000000              mov dword [edi + 16], 0
  2803 00003BAE C7471400000000              mov dword [edi + 20], 0
  2804 00003BB5 FF05[DC3B0000]              inc dword [boot_event_count]
  2805                                  .done:
  2806 00003BBB C3                          ret
  2807                                  
  2808                                  align 4
  2809                                  boot_log_api:
  2810 00003BBC 20000000                    dd BOOT_LOG_API_SIZE
  2811 00003BC0 01000000                    dw 1, 0
  2812 00003BC4 0C000000                    dd BOOT_LOG_CAPACITY
  2813 00003BC8 18000000                    dd BOOT_EVENT_SIZE
  2814 00003BCC [DC3B0000]                  dd boot_event_count
  2815 00003BD0 [E03B0000]                  dd boot_events
  2816 00003BD4 00000000                    dd 0
  2817 00003BD8 00000000                    dd 0
  2818 00003BDC 00000000                boot_event_count: dd 0
  2819                                  align 8
  2820                                  boot_events:
  2821 00003BE0 00<rep 120h>                times BOOT_LOG_CAPACITY * BOOT_EVENT_SIZE db 0
  2822                                  
  2823                                  kernel_halt:
  2824 00003D00 FA                          cli
  2825                                  .loop:
  2826 00003D01 F4                          hlt
  2827 00003D02 EBFD                        jmp .loop
  2828                                  
  2829                                  ; ---------------------------------------------------------------------------
  2830                                  ; COM1
  2831                                  ; ---------------------------------------------------------------------------
  2832                                  
  2833                                  serial_initialize:
  2834 00003D04 66BAF903                    mov dx, COM1_BASE + 1
  2835 00003D08 30C0                        xor al, al
  2836 00003D0A EE                          out dx, al
  2837 00003D0B 66BAFB03                    mov dx, COM1_BASE + 3
  2838 00003D0F B080                        mov al, 0x80
  2839 00003D11 EE                          out dx, al
  2840 00003D12 66BAF803                    mov dx, COM1_BASE
  2841 00003D16 B001                        mov al, 1
  2842 00003D18 EE                          out dx, al
  2843 00003D19 66BAF903                    mov dx, COM1_BASE + 1
  2844 00003D1D 30C0                        xor al, al
  2845 00003D1F EE                          out dx, al
  2846 00003D20 66BAFB03                    mov dx, COM1_BASE + 3
  2847 00003D24 B003                        mov al, 0x03
  2848 00003D26 EE                          out dx, al
  2849 00003D27 66BAFA03                    mov dx, COM1_BASE + 2
  2850 00003D2B B0C7                        mov al, 0xC7
  2851 00003D2D EE                          out dx, al
  2852 00003D2E 66BAFC03                    mov dx, COM1_BASE + 4
  2853 00003D32 B00B                        mov al, 0x0B
  2854 00003D34 EE                          out dx, al
  2855 00003D35 C3                          ret
  2856                                  
  2857                                  serial_write_string:
  2858 00003D36 AC                          lodsb
  2859 00003D37 84C0                        test al, al
  2860 00003D39 7407                        jz .done
  2861 00003D3B E803000000                  call serial_write_byte
  2862 00003D40 EBF4                        jmp serial_write_string
  2863                                  .done:
  2864 00003D42 C3                          ret
  2865                                  
  2866                                  serial_write_byte:
  2867 00003D43 50                          push eax
  2868 00003D44 88C4                        mov ah, al
  2869                                  .wait:
  2870 00003D46 66BAFD03                    mov dx, COM1_BASE + 5
  2871 00003D4A EC                          in al, dx
  2872 00003D4B A820                        test al, 0x20
  2873 00003D4D 74F7                        jz .wait
  2874 00003D4F 66BAF803                    mov dx, COM1_BASE
  2875 00003D53 88E0                        mov al, ah
  2876 00003D55 EE                          out dx, al
  2877 00003D56 58                          pop eax
  2878 00003D57 C3                          ret
  2879                                  
  2880                                  serial_write_hex32:
  2881 00003D58 60                          pushad
  2882 00003D59 89C3                        mov ebx, eax
  2883 00003D5B B908000000                  mov ecx, 8
  2884                                  .digit:
  2885 00003D60 C1C304                      rol ebx, 4
  2886 00003D63 89D8                        mov eax, ebx
  2887 00003D65 83E00F                      and eax, 0x0F
  2888 00003D68 3C0A                        cmp al, 10
  2889 00003D6A 7204                        jb .number
  2890 00003D6C 0437                        add al, 'A' - 10
  2891 00003D6E EB02                        jmp .write
  2892                                  .number:
  2893 00003D70 0430                        add al, '0'
  2894                                  .write:
  2895 00003D72 E8CCFFFFFF                  call serial_write_byte
  2896 00003D77 E2E7                        loop .digit
  2897 00003D79 61                          popad
  2898 00003D7A C3                          ret
  2899                                  
  2900                                  draw_boot_screen:
  2901 00003D7B EB00                        jmp draw_kernel_log_screen
  2902                                  
  2903                                  draw_kernel_log_screen:
  2904 00003D7D B800000000                  mov eax, NOVA_COLOR_BLACK
  2905 00003D82 31DB                        xor ebx, ebx
  2906 00003D84 31C9                        xor ecx, ecx
  2907 00003D86 8B15[5C4A0000]              mov edx, [kernel_context + CONTEXT_WIDTH]
  2908 00003D8C 8B35[604A0000]              mov esi, [kernel_context + CONTEXT_HEIGHT]
  2909 00003D92 E8B4090000                  call fill_rectangle
  2910                                  
  2911 00003D97 B8C17F2D00                  mov eax, NOVA_COLOR_BLUE
  2912 00003D9C BB66000000                  mov ebx, 102
  2913 00003DA1 31C9                        xor ecx, ecx
  2914 00003DA3 BA74020000                  mov edx, 628
  2915 00003DA8 BE0D000000                  mov esi, 13
  2916 00003DAD E89C080000                  call fill_rounded_rectangle
  2917                                  
  2918 00003DB2 C705[004B0000]2000-         mov dword [logo_x], 32
  2918 00003DBA 0000               
  2919 00003DBC C705[044B0000]2600-         mov dword [logo_y], 38
  2919 00003DC4 0000               
  2920 00003DC6 C705[084B0000]C17F-         mov dword [logo_color], NOVA_COLOR_BLUE
  2920 00003DCE 2D00               
  2921 00003DD0 C605[0C4B0000]01            mov byte [logo_compact], 1
  2922 00003DD7 C605[0D4B0000]01            mov byte [logo_mirror], 1
  2923 00003DDE E8CA090000                  call draw_nova_logo
  2924 00003DE3 BE[2A4B0000]                mov esi, text_brand_compact
  2925 00003DE8 BB20000000                  mov ebx, 32
  2926 00003DED B99C000000                  mov ecx, 156
  2927 00003DF2 BAC17F2D00                  mov edx, NOVA_COLOR_BLUE
  2928 00003DF7 BD03000000                  mov ebp, 3
  2929 00003DFC E89A0A0000                  call draw_text
  2930                                  
  2931 00003E01 BE[314B0000]                mov esi, text_logsystem
  2932 00003E06 BBFA000000                  mov ebx, 250
  2933 00003E0B B934000000                  mov ecx, 52
  2934 00003E10 BAFFFFFF00                  mov edx, NOVA_COLOR_WHITE
  2935 00003E15 BD02000000                  mov ebp, 2
  2936 00003E1A E87C0A0000                  call draw_text
  2937 00003E1F B8FFFFFF00                  mov eax, NOVA_COLOR_WHITE
  2938 00003E24 BBD4000000                  mov ebx, 212
  2939 00003E29 B935000000                  mov ecx, 53
  2940 00003E2E BA04000000                  mov edx, 4
  2941 00003E33 BE04000000                  mov esi, 4
  2942 00003E38 E80E090000                  call fill_rectangle
  2943 00003E3D B93D000000                  mov ecx, 61
  2944 00003E42 E804090000                  call fill_rectangle
  2945 00003E47 B945000000                  mov ecx, 69
  2946 00003E4C E8FA080000                  call fill_rectangle
  2947 00003E51 BBDC000000                  mov ebx, 220
  2948 00003E56 B936000000                  mov ecx, 54
  2949 00003E5B BA0C000000                  mov edx, 12
  2950 00003E60 BE02000000                  mov esi, 2
  2951 00003E65 E8E1080000                  call fill_rectangle
  2952 00003E6A B93E000000                  mov ecx, 62
  2953 00003E6F E8D7080000                  call fill_rectangle
  2954 00003E74 B946000000                  mov ecx, 70
  2955 00003E79 E8CD080000                  call fill_rectangle
  2956                                  
  2957 00003E7E B8C17F2D00                  mov eax, NOVA_COLOR_BLUE
  2958 00003E83 BBB8000000                  mov ebx, 184
  2959 00003E88 B95C000000                  mov ecx, 92
  2960 00003E8D BA47020000                  mov edx, 583
  2961 00003E92 BEE0010000                  mov esi, 480
  2962 00003E97 E8B2070000                  call fill_rounded_rectangle
  2963 00003E9C B812121200                  mov eax, NOVA_COLOR_LOG_PANEL
  2964 00003EA1 BBB9000000                  mov ebx, 185
  2965 00003EA6 B95D000000                  mov ecx, 93
  2966 00003EAB BA45020000                  mov edx, 581
  2967 00003EB0 BEDE010000                  mov esi, 478
  2968 00003EB5 E894070000                  call fill_rounded_rectangle
  2969                                  
  2970 00003EBA BE[3F4B0000]                mov esi, text_kernel_log
  2971 00003EBF BBCD000000                  mov ebx, 205
  2972 00003EC4 B970000000                  mov ecx, 112
  2973 00003EC9 BAFFFFFF00                  mov edx, NOVA_COLOR_WHITE
  2974 00003ECE BD01000000                  mov ebp, 1
  2975 00003ED3 E8C3090000                  call draw_text
  2976                                  
  2977 00003ED8 BE[3B4B0000]                mov esi, text_escape
  2978 00003EDD BB49000000                  mov ebx, 73
  2979 00003EE2 B9C8010000                  mov ecx, 456
  2980 00003EE7 BAFFFFFF00                  mov edx, NOVA_COLOR_WHITE
  2981 00003EEC BD02000000                  mov ebp, 2
  2982 00003EF1 E8A5090000                  call draw_text
  2983 00003EF6 B829292900                  mov eax, NOVA_COLOR_BUTTON
  2984 00003EFB BB36000000                  mov ebx, 54
  2985 00003F00 B9E7010000                  mov ecx, 487
  2986 00003F05 BA4E000000                  mov edx, 78
  2987 00003F0A BE4E000000                  mov esi, 78
  2988 00003F0F E83A070000                  call fill_rounded_rectangle
  2989 00003F14 E801000000                  call draw_power_icon_aa
  2990 00003F19 C3                          ret
  2991                                  
  2992                                  ; Geglättetes Power-Symbol: Kreisring mit oberer Öffnung und runder Taste.
  2993                                  ; Die drei Deckungsstufen werden mit dem vorhandenen Hintergrund gemischt.
  2994                                  draw_power_icon_aa:
  2995 00003F1A 60                          pushad
  2996 00003F1B C705[EC4A0000]FFFF-         mov dword [text_color], NOVA_COLOR_WHITE
  2996 00003F23 FF00               
  2997 00003F25 31ED                        xor ebp, ebp
  2998                                  .row:
  2999 00003F27 83FD24                      cmp ebp, 36
  3000 00003F2A 0F83C5000000                jae .done
  3001 00003F30 31C9                        xor ecx, ecx
  3002                                  .column:
  3003 00003F32 83F924                      cmp ecx, 36
  3004 00003F35 0F83B4000000                jae .next_row
  3005 00003F3B 31C0                        xor eax, eax
  3006                                  
  3007                                      ; Abgerundeter senkrechter Schalter (x 16..20, y 1..18).
  3008 00003F3D 83FD01                      cmp ebp, 1
  3009 00003F40 7227                        jb .ring
  3010 00003F42 83FD12                      cmp ebp, 18
  3011 00003F45 7722                        ja .ring
  3012 00003F47 83F910                      cmp ecx, 16
  3013 00003F4A 720C                        jb .stem_edge
  3014 00003F4C 83F914                      cmp ecx, 20
  3015 00003F4F 7707                        ja .stem_edge
  3016 00003F51 B803000000                  mov eax, 3
  3017 00003F56 EB6D                        jmp .paint
  3018                                  .stem_edge:
  3019 00003F58 83F90F                      cmp ecx, 15
  3020 00003F5B 7405                        je .stem_alpha
  3021 00003F5D 83F915                      cmp ecx, 21
  3022 00003F60 7507                        jne .ring
  3023                                  .stem_alpha:
  3024 00003F62 B801000000                  mov eax, 1
  3025 00003F67 EB5C                        jmp .paint
  3026                                  
  3027                                  .ring:
  3028                                      ; Öffnung des Rings im oberen Bereich.
  3029 00003F69 83FD0A                      cmp ebp, 10
  3030 00003F6C 730A                        jae .distance
  3031 00003F6E 83F90C                      cmp ecx, 12
  3032 00003F71 7205                        jb .distance
  3033 00003F73 83F918                      cmp ecx, 24
  3034 00003F76 7671                        jbe .skip
  3035                                  .distance:
  3036 00003F78 89C8                        mov eax, ecx
  3037 00003F7A 83E812                      sub eax, 18
  3038 00003F7D 0FAFC0                      imul eax, eax
  3039 00003F80 89EA                        mov edx, ebp
  3040 00003F82 83EA13                      sub edx, 19
  3041 00003F85 0FAFD2                      imul edx, edx
  3042 00003F88 01D0                        add eax, edx
  3043 00003F8A 83F879                      cmp eax, 121
  3044 00003F8D 725A                        jb .skip
  3045 00003F8F 3DFF000000                  cmp eax, 255
  3046 00003F94 7753                        ja .skip
  3047 00003F96 3D84000000                  cmp eax, 132
  3048 00003F9B 7223                        jb .soft
  3049 00003F9D 3DF0000000                  cmp eax, 240
  3050 00003FA2 771C                        ja .soft
  3051 00003FA4 3D96000000                  cmp eax, 150
  3052 00003FA9 720E                        jb .medium
  3053 00003FAB 3DDA000000                  cmp eax, 218
  3054 00003FB0 7707                        ja .medium
  3055 00003FB2 B803000000                  mov eax, 3
  3056 00003FB7 EB0C                        jmp .paint
  3057                                  .medium:
  3058 00003FB9 B802000000                  mov eax, 2
  3059 00003FBE EB05                        jmp .paint
  3060                                  .soft:
  3061 00003FC0 B801000000                  mov eax, 1
  3062                                  .paint:
  3063 00003FC5 89EF                        mov edi, ebp
  3064 00003FC7 81C7FB010000                add edi, 507
  3065 00003FCD 0FAF3D[584A0000]            imul edi, [kernel_context + CONTEXT_PITCH]
  3066 00003FD4 033D[544A0000]              add edi, [kernel_context + CONTEXT_FRAMEBUFFER]
  3067 00003FDA 89CA                        mov edx, ecx
  3068 00003FDC 83C24B                      add edx, 75
  3069 00003FDF C1E202                      shl edx, 2
  3070 00003FE2 01D7                        add edi, edx
  3071 00003FE4 E8B1090000                  call blend_text_pixel
  3072                                  .skip:
  3073 00003FE9 41                          inc ecx
  3074 00003FEA E943FFFFFF                  jmp .column
  3075                                  .next_row:
  3076 00003FEF 45                          inc ebp
  3077 00003FF0 E932FFFFFF                  jmp .row
  3078                                  .done:
  3079 00003FF5 61                          popad
  3080 00003FF6 C3                          ret
  3081                                  
  3082                                  draw_boot_screen_legacy:
  3083                                      ; Vollständiger Hintergrund
  3084 00003FF7 B813111000                  mov eax, NOVA_COLOR_BACKGROUND
  3085 00003FFC 31DB                        xor ebx, ebx
  3086 00003FFE 31C9                        xor ecx, ecx
  3087 00004000 8B15[5C4A0000]              mov edx, [kernel_context + CONTEXT_WIDTH]
  3088 00004006 8B35[604A0000]              mov esi, [kernel_context + CONTEXT_HEIGHT]
  3089 0000400C E83A070000                  call fill_rectangle
  3090                                  
  3091                                      ; Cyanfarbene Markenlinie
  3092 00004011 B8FFC24C00                  mov eax, NOVA_COLOR_CYAN
  3093 00004016 31DB                        xor ebx, ebx
  3094 00004018 31C9                        xor ecx, ecx
  3095 0000401A 8B15[5C4A0000]              mov edx, [kernel_context + CONTEXT_WIDTH]
  3096 00004020 BE06000000                  mov esi, 6
  3097 00004025 E821070000                  call fill_rectangle
  3098                                  
  3099                                      ; Nova-Marke
  3100 0000402A BE[224B0000]                mov esi, text_brand
  3101 0000402F BB40000000                  mov ebx, 64
  3102 00004034 B92A000000                  mov ecx, 42
  3103 00004039 BAFFC24C00                  mov edx, NOVA_COLOR_CYAN
  3104 0000403E BD02000000                  mov ebp, 2
  3105 00004043 E853080000                  call draw_text
  3106                                  
  3107 00004048 E860070000                  call draw_nova_logo
  3108                                  
  3109                                      ; Hauptstatus
  3110 0000404D BE[A24D0000]                mov esi, text_ready
  3111 00004052 BB40000000                  mov ebx, 64
  3112 00004057 B95C000000                  mov ecx, 92
  3113 0000405C BAFFFFFF00                  mov edx, NOVA_COLOR_WHITE
  3114 00004061 BD04000000                  mov ebp, 4
  3115 00004066 E830080000                  call draw_text
  3116                                  
  3117 0000406B BE[B04D0000]                mov esi, text_subtitle
  3118 00004070 BB42000000                  mov ebx, 66
  3119 00004075 B988000000                  mov ecx, 136
  3120 0000407A BACFCFCF00                  mov edx, NOVA_COLOR_SECONDARY
  3121 0000407F BD02000000                  mov ebp, 2
  3122 00004084 E812080000                  call draw_text
  3123                                  
  3124                                      ; Statuskarte
  3125 00004089 B8201C1A00                  mov eax, NOVA_COLOR_PANEL
  3126 0000408E BB40000000                  mov ebx, 64
  3127 00004093 B9B8000000                  mov ecx, 184
  3128 00004098 BAA0020000                  mov edx, 672
  3129 0000409D BEFA000000                  mov esi, 250
  3130 000040A2 E8A4060000                  call fill_rectangle
  3131                                  
  3132 000040A7 B8FF7D3D00                  mov eax, NOVA_COLOR_PANEL_EDGE
  3133 000040AC BB40000000                  mov ebx, 64
  3134 000040B1 B9B8000000                  mov ecx, 184
  3135 000040B6 BA04000000                  mov edx, 4
  3136 000040BB BEFA000000                  mov esi, 250
  3137 000040C0 E886060000                  call fill_rectangle
  3138                                  
  3139 000040C5 BE[D74D0000]                mov esi, text_status_heading
  3140 000040CA BB5C000000                  mov ebx, 92
  3141 000040CF B9D2000000                  mov ecx, 210
  3142 000040D4 BACFCFCF00                  mov edx, NOVA_COLOR_SECONDARY
  3143 000040D9 BD01000000                  mov ebp, 1
  3144 000040DE E8B8070000                  call draw_text
  3145                                  
  3146 000040E3 BE[F34D0000]                mov esi, text_check_kernel
  3147 000040E8 BB5C000000                  mov ebx, 92
  3148 000040ED B9F6000000                  mov ecx, 246
  3149 000040F2 BAFFFFFF00                  mov edx, NOVA_COLOR_WHITE
  3150 000040F7 BD02000000                  mov ebp, 2
  3151 000040FC E89A070000                  call draw_text
  3152                                  
  3153 00004101 BE[0A4E0000]                mov esi, text_check_handoff
  3154 00004106 BB5C000000                  mov ebx, 92
  3155 0000410B B91E010000                  mov ecx, 286
  3156 00004110 BAFFFFFF00                  mov edx, NOVA_COLOR_WHITE
  3157 00004115 BD02000000                  mov ebp, 2
  3158 0000411A E87C070000                  call draw_text
  3159                                  
  3160 0000411F BE[214E0000]                mov esi, text_check_memory
  3161 00004124 BB5C000000                  mov ebx, 92
  3162 00004129 B946010000                  mov ecx, 326
  3163 0000412E BAFFFFFF00                  mov edx, NOVA_COLOR_WHITE
  3164 00004133 BD02000000                  mov ebp, 2
  3165 00004138 E85E070000                  call draw_text
  3166                                  
  3167 0000413D BE[444E0000]                mov esi, text_check_graphics
  3168 00004142 BB5C000000                  mov ebx, 92
  3169 00004147 B96E010000                  mov ecx, 366
  3170 0000414C BAFFFFFF00                  mov edx, NOVA_COLOR_WHITE
  3171 00004151 BD02000000                  mov ebp, 2
  3172 00004156 E840070000                  call draw_text
  3173                                  
  3174 0000415B BE[544E0000]                mov esi, text_check_interrupts
  3175 00004160 BB5C000000                  mov ebx, 92
  3176 00004165 B996010000                  mov ecx, 406
  3177 0000416A BAFFFFFF00                  mov edx, NOVA_COLOR_WHITE
  3178 0000416F BD02000000                  mov ebp, 2
  3179 00004174 E822070000                  call draw_text
  3180                                  
  3181                                      ; Grüne Zustandsmarkierungen
  3182 00004179 B858D13000                  mov eax, NOVA_COLOR_SUCCESS
  3183 0000417E BB8A020000                  mov ebx, 650
  3184 00004183 B9F6000000                  mov ecx, 246
  3185 00004188 BA12000000                  mov edx, 18
  3186 0000418D BE12000000                  mov esi, 18
  3187 00004192 E8B4050000                  call fill_rectangle
  3188 00004197 B91E010000                  mov ecx, 286
  3189 0000419C E8AA050000                  call fill_rectangle
  3190 000041A1 B946010000                  mov ecx, 326
  3191 000041A6 E8A0050000                  call fill_rectangle
  3192 000041AB B96E010000                  mov ecx, 366
  3193 000041B0 E896050000                  call fill_rectangle
  3194 000041B5 B996010000                  mov ecx, 406
  3195 000041BA E88C050000                  call fill_rectangle
  3196                                  
  3197                                      ; Technische und transparente Sicherheitsinformation
  3198 000041BF BE[784E0000]                mov esi, text_technical
  3199 000041C4 BB42000000                  mov ebx, 66
  3200 000041C9 B9D6010000                  mov ecx, 470
  3201 000041CE BACFCFCF00                  mov edx, NOVA_COLOR_SECONDARY
  3202 000041D3 BD01000000                  mov ebp, 1
  3203 000041D8 E8BE060000                  call draw_text
  3204                                  
  3205 000041DD C3                          ret
  3206                                  
  3207                                  ; EAX=Farbe, EBX=x, ECX=y, EDX=Breite, ESI=Höhe
  3208                                  draw_kernel_panic_screen:
  3209 000041DE 833D[544A0000]00            cmp dword [kernel_context + CONTEXT_FRAMEBUFFER], 0
  3210 000041E5 0F84C3010000                je .done
  3211 000041EB 833D[644A0000]20            cmp dword [kernel_context + CONTEXT_BPP], 32
  3212 000041F2 0F85B6010000                jne .done
  3213 000041F8 813D[5C4A0000]8002-         cmp dword [kernel_context + CONTEXT_WIDTH], 640
  3213 00004200 0000               
  3214 00004202 0F82A6010000                jb .done
  3215 00004208 813D[604A0000]E001-         cmp dword [kernel_context + CONTEXT_HEIGHT], 480
  3215 00004210 0000               
  3216 00004212 0F8296010000                jb .done
  3217 00004218 A1[EC3A0000]                mov eax, [panic_report + 8]
  3218 0000421D E88D030000                  call format_panic_hex
  3219 00004222 E988010000                  jmp draw_kernel_error_reference
  3220 00004227 B813111000                  mov eax, NOVA_COLOR_BACKGROUND
  3221 0000422C 31DB                        xor ebx, ebx
  3222 0000422E 31C9                        xor ecx, ecx
  3223 00004230 8B15[5C4A0000]              mov edx, [kernel_context + CONTEXT_WIDTH]
  3224 00004236 8B35[604A0000]              mov esi, [kernel_context + CONTEXT_HEIGHT]
  3225 0000423C E80A050000                  call fill_rectangle
  3226 00004241 B8FFC24C00                  mov eax, NOVA_COLOR_CYAN
  3227 00004246 31DB                        xor ebx, ebx
  3228 00004248 31C9                        xor ecx, ecx
  3229 0000424A 8B15[5C4A0000]              mov edx, [kernel_context + CONTEXT_WIDTH]
  3230 00004250 BE06000000                  mov esi, 6
  3231 00004255 E8F1040000                  call fill_rectangle
  3232 0000425A BE[224B0000]                mov esi, text_brand
  3233 0000425F BB40000000                  mov ebx, 64
  3234 00004264 B92A000000                  mov ecx, 42
  3235 00004269 BAFFC24C00                  mov edx, NOVA_COLOR_CYAN
  3236 0000426E BD02000000                  mov ebp, 2
  3237 00004273 E823060000                  call draw_text
  3238 00004278 E830050000                  call draw_nova_logo
  3239 0000427D E854030000                  call draw_panic_smile
  3240 00004282 BE[9D4E0000]                mov esi, text_panic_title
  3241 00004287 BB42000000                  mov ebx, 66
  3242 0000428C B9AA000000                  mov ecx, 170
  3243 00004291 BAFFFFFF00                  mov edx, NOVA_COLOR_WHITE
  3244 00004296 BD02000000                  mov ebp, 2
  3245 0000429B E8FB050000                  call draw_text
  3246 000042A0 BE[BE4E0000]                mov esi, text_panic_explain1
  3247 000042A5 BB42000000                  mov ebx, 66
  3248 000042AA B9D6000000                  mov ecx, 214
  3249 000042AF BACFCFCF00                  mov edx, NOVA_COLOR_SECONDARY
  3250 000042B4 BD02000000                  mov ebp, 2
  3251 000042B9 E8DD050000                  call draw_text
  3252 000042BE BE[F94E0000]                mov esi, text_panic_explain2
  3253 000042C3 BB42000000                  mov ebx, 66
  3254 000042C8 B9F4000000                  mov ecx, 244
  3255 000042CD BACFCFCF00                  mov edx, NOVA_COLOR_SECONDARY
  3256 000042D2 BD02000000                  mov ebp, 2
  3257 000042D7 E8BF050000                  call draw_text
  3258 000042DC B8201C1A00                  mov eax, NOVA_COLOR_PANEL
  3259 000042E1 BB40000000                  mov ebx, 64
  3260 000042E6 B924010000                  mov ecx, 292
  3261 000042EB BAA0020000                  mov edx, 672
  3262 000042F0 BE70000000                  mov esi, 112
  3263 000042F5 E851040000                  call fill_rectangle
  3264 000042FA B847B3FF00                  mov eax, NOVA_COLOR_WARNING
  3265 000042FF BB40000000                  mov ebx, 64
  3266 00004304 B924010000                  mov ecx, 292
  3267 00004309 BA05000000                  mov edx, 5
  3268 0000430E BE70000000                  mov esi, 112
  3269 00004313 E833040000                  call fill_rectangle
  3270 00004318 BE[2D4F0000]                mov esi, text_panic_action1
  3271 0000431D BB5C000000                  mov ebx, 92
  3272 00004322 B93E010000                  mov ecx, 318
  3273 00004327 BAFFFFFF00                  mov edx, NOVA_COLOR_WHITE
  3274 0000432C BD02000000                  mov ebp, 2
  3275 00004331 E865050000                  call draw_text
  3276 00004336 BE[4C4F0000]                mov esi, text_panic_action2
  3277 0000433B BB5C000000                  mov ebx, 92
  3278 00004340 B95E010000                  mov ecx, 350
  3279 00004345 BACFCFCF00                  mov edx, NOVA_COLOR_SECONDARY
  3280 0000434A BD02000000                  mov ebp, 2
  3281 0000434F E847050000                  call draw_text
  3282 00004354 BE[7D4F0000]                mov esi, text_panic_code
  3283 00004359 BB42000000                  mov ebx, 66
  3284 0000435E B9B6010000                  mov ecx, 438
  3285 00004363 BA47B3FF00                  mov edx, NOVA_COLOR_WARNING
  3286 00004368 BD02000000                  mov ebp, 2
  3287 0000436D E829050000                  call draw_text
  3288 00004372 BE[A0500000]                mov esi, panic_hex_buffer
  3289 00004377 BBF6000000                  mov ebx, 246
  3290 0000437C B9B6010000                  mov ecx, 438
  3291 00004381 BA47B3FF00                  mov edx, NOVA_COLOR_WARNING
  3292 00004386 BD02000000                  mov ebp, 2
  3293 0000438B E80B050000                  call draw_text
  3294 00004390 BE[8B4F0000]                mov esi, text_panic_footer
  3295 00004395 BB42000000                  mov ebx, 66
  3296 0000439A B9EC010000                  mov ecx, 492
  3297 0000439F BACFCFCF00                  mov edx, NOVA_COLOR_SECONDARY
  3298 000043A4 BD01000000                  mov ebp, 1
  3299 000043A9 E8ED040000                  call draw_text
  3300                                  .done:
  3301 000043AE C3                          ret
  3302                                  
  3303                                  draw_kernel_error_reference:
  3304 000043AF B800000000                  mov eax, NOVA_COLOR_BLACK
  3305 000043B4 31DB                        xor ebx, ebx
  3306 000043B6 31C9                        xor ecx, ecx
  3307 000043B8 8B15[5C4A0000]              mov edx, [kernel_context + CONTEXT_WIDTH]
  3308 000043BE 8B35[604A0000]              mov esi, [kernel_context + CONTEXT_HEIGHT]
  3309 000043C4 E882030000                  call fill_rectangle
  3310 000043C9 B84B15B600                  mov eax, NOVA_COLOR_ERROR
  3311 000043CE BB66000000                  mov ebx, 102
  3312 000043D3 31C9                        xor ecx, ecx
  3313 000043D5 BA74020000                  mov edx, 628
  3314 000043DA BE0D000000                  mov esi, 13
  3315 000043DF E86A020000                  call fill_rounded_rectangle
  3316 000043E4 C705[004B0000]2D00-         mov dword [logo_x], 45
  3316 000043EC 0000               
  3317 000043EE C705[044B0000]2200-         mov dword [logo_y], 34
  3317 000043F6 0000               
  3318 000043F8 C705[084B0000]A9A9-         mov dword [logo_color], NOVA_COLOR_ERROR_TEXT
  3318 00004400 A900               
  3319 00004402 C605[0C4B0000]00            mov byte [logo_compact], 0
  3320 00004409 C605[0D4B0000]00            mov byte [logo_mirror], 0
  3321 00004410 E898030000                  call draw_nova_logo
  3322 00004415 E81E010000                  call draw_kernel_error_mark_full
  3323 0000441A BE[2A4B0000]                mov esi, text_brand_compact
  3324 0000441F BB50010000                  mov ebx, 336
  3325 00004424 B946000000                  mov ecx, 70
  3326 00004429 BAC17F2D00                  mov edx, NOVA_COLOR_BLUE
  3327 0000442E BD03000000                  mov ebp, 3
  3328 00004433 E863040000                  call draw_text
  3329 00004438 BE[C54F0000]                mov esi, text_error_title
  3330 0000443D BB52010000                  mov ebx, 338
  3331 00004442 B986000000                  mov ecx, 134
  3332 00004447 BAA9A9A900                  mov edx, NOVA_COLOR_ERROR_TEXT
  3333 0000444C BD02000000                  mov ebp, 2
  3334 00004451 E845040000                  call draw_text
  3335 00004456 BE[D94F0000]                mov esi, text_error_explain1
  3336 0000445B BB1B000000                  mov ebx, 27
  3337 00004460 B9F5000000                  mov ecx, 245
  3338 00004465 BAA9A9A900                  mov edx, NOVA_COLOR_ERROR_TEXT
  3339 0000446A BD01000000                  mov ebp, 1
  3340 0000446F E827040000                  call draw_text
  3341 00004474 BE[0D500000]                mov esi, text_error_explain2
  3342 00004479 B911010000                  mov ecx, 273
  3343 0000447E E818040000                  call draw_text
  3344 00004483 B84B15B600                  mov eax, NOVA_COLOR_ERROR
  3345 00004488 BB95000000                  mov ebx, 149
  3346 0000448D B95E010000                  mov ecx, 350
  3347 00004492 BA00020000                  mov edx, 512
  3348 00004497 BE78000000                  mov esi, 120
  3349 0000449C E8AD010000                  call fill_rounded_rectangle
  3350 000044A1 B812121200                  mov eax, NOVA_COLOR_LOG_PANEL
  3351 000044A6 BB96000000                  mov ebx, 150
  3352 000044AB B95F010000                  mov ecx, 351
  3353 000044B0 BAFE010000                  mov edx, 510
  3354 000044B5 BE76000000                  mov esi, 118
  3355 000044BA E88F010000                  call fill_rounded_rectangle
  3356 000044BF BE[3D500000]                mov esi, text_error_action1
  3357 000044C4 BBBA000000                  mov ebx, 186
  3358 000044C9 B973010000                  mov ecx, 371
  3359 000044CE BAA9A9A900                  mov edx, NOVA_COLOR_ERROR_TEXT
  3360 000044D3 BD01000000                  mov ebp, 1
  3361 000044D8 E8BE030000                  call draw_text
  3362 000044DD BE[5C500000]                mov esi, text_error_action2
  3363 000044E2 BB7D010000                  mov ebx, 381
  3364 000044E7 B98F010000                  mov ecx, 399
  3365 000044EC E8AA030000                  call draw_text
  3366 000044F1 BE[61500000]                mov esi, text_error_action3
  3367 000044F6 BBBB000000                  mov ebx, 187
  3368 000044FB B9AB010000                  mov ecx, 427
  3369 00004500 E896030000                  call draw_text
  3370 00004505 BE[8A500000]                mov esi, text_error_code
  3371 0000450A BB14000000                  mov ebx, 20
  3372 0000450F B930020000                  mov ecx, 560
  3373 00004514 BA4B15B600                  mov edx, NOVA_COLOR_ERROR
  3374 00004519 BD01000000                  mov ebp, 1
  3375 0000451E E878030000                  call draw_text
  3376 00004523 BE[A0500000]                mov esi, panic_hex_buffer
  3377 00004528 BB0E010000                  mov ebx, 270
  3378 0000452D B930020000                  mov ecx, 560
  3379 00004532 E864030000                  call draw_text
  3380 00004537 C3                          ret
  3381                                  
  3382                                  draw_kernel_error_mark_full:
  3383 00004538 60                          pushad
  3384 00004539 A1[EC4A0000]                mov eax, [text_color]
  3385 0000453E 50                          push eax
  3386 0000453F C705[EC4A0000]A9A9-         mov dword [text_color], NOVA_COLOR_ERROR_TEXT
  3386 00004547 A900               
  3387 00004549 31ED                        xor ebp, ebp
  3388                                  .row:
  3389 0000454B 83FD5A                      cmp ebp, NOVA_ERROR_MARK_HEIGHT
  3390 0000454E 7357                        jae .restore
  3391 00004550 31C9                        xor ecx, ecx
  3392                                  .column:
  3393 00004552 83F952                      cmp ecx, NOVA_ERROR_MARK_WIDTH
  3394 00004555 734D                        jae .next_row
  3395 00004557 89E8                        mov eax, ebp
  3396 00004559 6BC015                      imul eax, NOVA_ERROR_MARK_ROW_BYTES
  3397 0000455C 89CA                        mov edx, ecx
  3398 0000455E C1EA02                      shr edx, 2
  3399 00004561 01D0                        add eax, edx
  3400 00004563 8A80[69700000]              mov al, [nova_error_mark_bitmap + eax]
  3401 00004569 89CA                        mov edx, ecx
  3402 0000456B 83E203                      and edx, 3
  3403 0000456E 51                          push ecx
  3404 0000456F 88D1                        mov cl, dl
  3405 00004571 D0E1                        shl cl, 1
  3406 00004573 D2E8                        shr al, cl
  3407 00004575 59                          pop ecx
  3408 00004576 83E003                      and eax, 3
  3409 00004579 7426                        jz .next_column
  3410 0000457B 50                          push eax
  3411 0000457C 89EF                        mov edi, ebp
  3412 0000457E 83C754                      add edi, 84
  3413 00004581 0FAF3D[584A0000]            imul edi, [kernel_context + CONTEXT_PITCH]
  3414 00004588 033D[544A0000]              add edi, [kernel_context + CONTEXT_FRAMEBUFFER]
  3415 0000458E 89CA                        mov edx, ecx
  3416 00004590 81C28A020000                add edx, 650
  3417 00004596 C1E202                      shl edx, 2
  3418 00004599 01D7                        add edi, edx
  3419 0000459B 58                          pop eax
  3420 0000459C E8F9030000                  call blend_text_pixel
  3421                                  .next_column:
  3422 000045A1 41                          inc ecx
  3423 000045A2 EBAE                        jmp .column
  3424                                  .next_row:
  3425 000045A4 45                          inc ebp
  3426 000045A5 EBA4                        jmp .row
  3427                                  .restore:
  3428 000045A7 58                          pop eax
  3429 000045A8 A3[EC4A0000]                mov [text_color], eax
  3430 000045AD 61                          popad
  3431 000045AE C3                          ret
  3432                                  
  3433                                  format_panic_hex:
  3434 000045AF 60                          pushad
  3435 000045B0 89C3                        mov ebx, eax
  3436 000045B2 BF[A0500000]                mov edi, panic_hex_buffer
  3437 000045B7 B908000000                  mov ecx, 8
  3438                                  .digit:
  3439 000045BC C1C304                      rol ebx, 4
  3440 000045BF 89D8                        mov eax, ebx
  3441 000045C1 83E00F                      and eax, 0x0F
  3442 000045C4 3C0A                        cmp al, 10
  3443 000045C6 7204                        jb .number
  3444 000045C8 0437                        add al, 'A' - 10
  3445 000045CA EB02                        jmp .store
  3446                                  .number:
  3447 000045CC 0430                        add al, '0'
  3448                                  .store:
  3449 000045CE AA                          stosb
  3450 000045CF E2EB                        loop .digit
  3451 000045D1 C60700                      mov byte [edi], 0
  3452 000045D4 61                          popad
  3453 000045D5 C3                          ret
  3454                                  
  3455                                  draw_panic_smile:
  3456 000045D6 60                          pushad
  3457 000045D7 A1[EC4A0000]                mov eax, [text_color]
  3458 000045DC 50                          push eax
  3459 000045DD C705[EC4A0000]FFFF-         mov dword [text_color], NOVA_COLOR_WHITE
  3459 000045E5 FF00               
  3460 000045E7 31ED                        xor ebp, ebp
  3461                                  .row:
  3462 000045E9 83FD2D                      cmp ebp, NOVA_ERROR_MARK_HEIGHT / 2
  3463 000045EC 7358                        jae .restore
  3464 000045EE 31C9                        xor ecx, ecx
  3465                                  .column:
  3466 000045F0 83F929                      cmp ecx, NOVA_ERROR_MARK_WIDTH / 2
  3467 000045F3 734E                        jae .next_row
  3468 000045F5 89E8                        mov eax, ebp
  3469 000045F7 D1E0                        shl eax, 1
  3470 000045F9 6BC015                      imul eax, NOVA_ERROR_MARK_ROW_BYTES
  3471 000045FC 89CA                        mov edx, ecx
  3472 000045FE D1E2                        shl edx, 1
  3473 00004600 89D3                        mov ebx, edx
  3474 00004602 C1EB02                      shr ebx, 2
  3475 00004605 01D8                        add eax, ebx
  3476 00004607 8A80[69700000]              mov al, [nova_error_mark_bitmap + eax]
  3477 0000460D 83E203                      and edx, 3
  3478 00004610 51                          push ecx
  3479 00004611 88D1                        mov cl, dl
  3480 00004613 D0E1                        shl cl, 1
  3481 00004615 D2E8                        shr al, cl
  3482 00004617 59                          pop ecx
  3483 00004618 83E003                      and eax, 3
  3484 0000461B 7423                        jz .next_column
  3485 0000461D 50                          push eax
  3486 0000461E 89EF                        mov edi, ebp
  3487 00004620 83C75E                      add edi, 94
  3488 00004623 0FAF3D[584A0000]            imul edi, [kernel_context + CONTEXT_PITCH]
  3489 0000462A 033D[544A0000]              add edi, [kernel_context + CONTEXT_FRAMEBUFFER]
  3490 00004630 89CA                        mov edx, ecx
  3491 00004632 83C242                      add edx, 66
  3492 00004635 C1E202                      shl edx, 2
  3493 00004638 01D7                        add edi, edx
  3494 0000463A 58                          pop eax
  3495 0000463B E85A030000                  call blend_text_pixel
  3496                                  .next_column:
  3497 00004640 41                          inc ecx
  3498 00004641 EBAD                        jmp .column
  3499                                  .next_row:
  3500 00004643 45                          inc ebp
  3501 00004644 EBA3                        jmp .row
  3502                                  .restore:
  3503 00004646 58                          pop eax
  3504 00004647 A3[EC4A0000]                mov [text_color], eax
  3505 0000464C 61                          popad
  3506 0000464D C3                          ret
  3507                                  
  3508                                  fill_rounded_rectangle:
  3509 0000464E 60                          pushad
  3510 0000464F A3[0E4B0000]                mov [round_color], eax
  3511 00004654 891D[124B0000]              mov [round_x], ebx
  3512 0000465A 890D[164B0000]              mov [round_y], ecx
  3513 00004660 8915[1A4B0000]              mov [round_width], edx
  3514 00004666 8935[1E4B0000]              mov [round_height], esi
  3515 0000466C A1[0E4B0000]                mov eax, [round_color]
  3516 00004671 8B1D[124B0000]              mov ebx, [round_x]
  3517 00004677 83C306                      add ebx, 6
  3518 0000467A 8B0D[164B0000]              mov ecx, [round_y]
  3519 00004680 8B15[1A4B0000]              mov edx, [round_width]
  3520 00004686 83EA0C                      sub edx, 12
  3521 00004689 BE01000000                  mov esi, 1
  3522 0000468E E8B8000000                  call fill_rectangle
  3523 00004693 8B1D[124B0000]              mov ebx, [round_x]
  3524 00004699 83C303                      add ebx, 3
  3525 0000469C 41                          inc ecx
  3526 0000469D 8B15[1A4B0000]              mov edx, [round_width]
  3527 000046A3 83EA06                      sub edx, 6
  3528 000046A6 E8A0000000                  call fill_rectangle
  3529 000046AB 8B1D[124B0000]              mov ebx, [round_x]
  3530 000046B1 43                          inc ebx
  3531 000046B2 41                          inc ecx
  3532 000046B3 8B15[1A4B0000]              mov edx, [round_width]
  3533 000046B9 83EA02                      sub edx, 2
  3534 000046BC BE03000000                  mov esi, 3
  3535 000046C1 E885000000                  call fill_rectangle
  3536 000046C6 8B1D[124B0000]              mov ebx, [round_x]
  3537 000046CC 8B0D[164B0000]              mov ecx, [round_y]
  3538 000046D2 83C105                      add ecx, 5
  3539 000046D5 8B15[1A4B0000]              mov edx, [round_width]
  3540 000046DB 8B35[1E4B0000]              mov esi, [round_height]
  3541 000046E1 83EE0A                      sub esi, 10
  3542 000046E4 E862000000                  call fill_rectangle
  3543 000046E9 8B1D[124B0000]              mov ebx, [round_x]
  3544 000046EF 43                          inc ebx
  3545 000046F0 8B0D[164B0000]              mov ecx, [round_y]
  3546 000046F6 030D[1E4B0000]              add ecx, [round_height]
  3547 000046FC 83E905                      sub ecx, 5
  3548 000046FF 8B15[1A4B0000]              mov edx, [round_width]
  3549 00004705 83EA02                      sub edx, 2
  3550 00004708 BE03000000                  mov esi, 3
  3551 0000470D E839000000                  call fill_rectangle
  3552 00004712 8B1D[124B0000]              mov ebx, [round_x]
  3553 00004718 83C303                      add ebx, 3
  3554 0000471B 83C103                      add ecx, 3
  3555 0000471E 8B15[1A4B0000]              mov edx, [round_width]
  3556 00004724 83EA06                      sub edx, 6
  3557 00004727 BE01000000                  mov esi, 1
  3558 0000472C E81A000000                  call fill_rectangle
  3559 00004731 8B1D[124B0000]              mov ebx, [round_x]
  3560 00004737 83C306                      add ebx, 6
  3561 0000473A 41                          inc ecx
  3562 0000473B 8B15[1A4B0000]              mov edx, [round_width]
  3563 00004741 83EA0C                      sub edx, 12
  3564 00004744 E802000000                  call fill_rectangle
  3565 00004749 61                          popad
  3566 0000474A C3                          ret
  3567                                  
  3568                                  fill_rectangle:
  3569 0000474B 60                          pushad
  3570 0000474C 85D2                        test edx, edx
  3571 0000474E 745B                        jz .done
  3572 00004750 85F6                        test esi, esi
  3573 00004752 7457                        jz .done
  3574                                  
  3575 00004754 A3[C84A0000]                mov [rect_color], eax
  3576 00004759 891D[CC4A0000]              mov [rect_x], ebx
  3577 0000475F 890D[D04A0000]              mov [rect_y], ecx
  3578 00004765 8915[D44A0000]              mov [rect_width], edx
  3579 0000476B 8935[D84A0000]              mov [rect_height], esi
  3580 00004771 31ED                        xor ebp, ebp
  3581                                  
  3582                                  .row:
  3583 00004773 3B2D[D84A0000]              cmp ebp, [rect_height]
  3584 00004779 7330                        jae .done
  3585 0000477B A1[D04A0000]                mov eax, [rect_y]
  3586 00004780 01E8                        add eax, ebp
  3587 00004782 0FAF05[584A0000]            imul eax, [kernel_context + CONTEXT_PITCH]
  3588 00004789 0305[544A0000]              add eax, [kernel_context + CONTEXT_FRAMEBUFFER]
  3589 0000478F 89C7                        mov edi, eax
  3590 00004791 A1[CC4A0000]                mov eax, [rect_x]
  3591 00004796 C1E002                      shl eax, 2
  3592 00004799 01C7                        add edi, eax
  3593 0000479B A1[C84A0000]                mov eax, [rect_color]
  3594 000047A0 8B0D[D44A0000]              mov ecx, [rect_width]
  3595 000047A6 F3AB                        rep stosd
  3596 000047A8 45                          inc ebp
  3597 000047A9 EBC8                        jmp .row
  3598                                  .done:
  3599 000047AB 61                          popad
  3600 000047AC C3                          ret
  3601                                  
  3602                                  ; Gemeinsames Nova-Logo aus der SVG-Quelle, rechts oben auf jeder
  3603                                  ; grafischen Oberfläche.
  3604                                  draw_nova_logo:
  3605 000047AD 60                          pushad
  3606 000047AE A1[EC4A0000]                mov eax, [text_color]
  3607 000047B3 50                          push eax
  3608 000047B4 A1[084B0000]                mov eax, [logo_color]
  3609 000047B9 A3[EC4A0000]                mov [text_color], eax
  3610 000047BE 31ED                        xor ebp, ebp
  3611                                  .row:
  3612 000047C0 81FD96000000                cmp ebp, NOVA_LOGO_HEIGHT
  3613 000047C6 0F83C7000000                jae .done
  3614 000047CC 803D[0C4B0000]00            cmp byte [logo_compact], 0
  3615 000047D3 740E                        je .row_visible
  3616 000047D5 89E8                        mov eax, ebp
  3617 000047D7 83E003                      and eax, 3
  3618 000047DA 83F803                      cmp eax, 3
  3619 000047DD 0F84AA000000                je .next_row
  3620                                  .row_visible:
  3621 000047E3 31C9                        xor ecx, ecx
  3622                                  .column:
  3623 000047E5 81F9A0000000                cmp ecx, NOVA_LOGO_WIDTH
  3624 000047EB 0F839C000000                jae .next_row
  3625 000047F1 803D[0C4B0000]00            cmp byte [logo_compact], 0
  3626 000047F8 740E                        je .column_visible
  3627 000047FA 89C8                        mov eax, ecx
  3628 000047FC 83E003                      and eax, 3
  3629 000047FF 83F803                      cmp eax, 3
  3630 00004802 0F847F000000                je .next_column
  3631                                  .column_visible:
  3632 00004808 89E8                        mov eax, ebp
  3633 0000480A 6BC028                      imul eax, NOVA_LOGO_ROW_BYTES
  3634 0000480D 89CA                        mov edx, ecx
  3635 0000480F C1EA02                      shr edx, 2
  3636 00004812 01D0                        add eax, edx
  3637 00004814 8A80[F9580000]              mov al, [nova_logo_bitmap + eax]
  3638 0000481A 89CA                        mov edx, ecx
  3639 0000481C 83E203                      and edx, 3
  3640 0000481F 51                          push ecx
  3641 00004820 88D1                        mov cl, dl
  3642 00004822 D0E1                        shl cl, 1
  3643 00004824 D2E8                        shr al, cl
  3644 00004826 59                          pop ecx
  3645 00004827 83E003                      and eax, 3
  3646 0000482A 745B                        jz .next_column
  3647 0000482C 50                          push eax
  3648 0000482D 89EF                        mov edi, ebp
  3649 0000482F 803D[0C4B0000]00            cmp byte [logo_compact], 0
  3650 00004836 7407                        je .row_scaled
  3651 00004838 89EA                        mov edx, ebp
  3652 0000483A C1EA02                      shr edx, 2
  3653 0000483D 29D7                        sub edi, edx
  3654                                  .row_scaled:
  3655 0000483F 033D[044B0000]              add edi, [logo_y]
  3656 00004845 0FAF3D[584A0000]            imul edi, [kernel_context + CONTEXT_PITCH]
  3657 0000484C 033D[544A0000]              add edi, [kernel_context + CONTEXT_FRAMEBUFFER]
  3658 00004852 89CA                        mov edx, ecx
  3659 00004854 803D[0C4B0000]00            cmp byte [logo_compact], 0
  3660 0000485B 7407                        je .column_scaled
  3661 0000485D 89CB                        mov ebx, ecx
  3662 0000485F C1EB02                      shr ebx, 2
  3663 00004862 29DA                        sub edx, ebx
  3664                                  .column_scaled:
  3665 00004864 803D[0D4B0000]00            cmp byte [logo_mirror], 0
  3666 0000486B 7409                        je .column_positioned
  3667 0000486D BB77000000                  mov ebx, 119
  3668 00004872 29D3                        sub ebx, edx
  3669 00004874 89DA                        mov edx, ebx
  3670                                  .column_positioned:
  3671 00004876 0315[004B0000]              add edx, [logo_x]
  3672 0000487C C1E202                      shl edx, 2
  3673 0000487F 01D7                        add edi, edx
  3674 00004881 58                          pop eax
  3675 00004882 E813010000                  call blend_text_pixel
  3676                                  .next_column:
  3677 00004887 41                          inc ecx
  3678 00004888 E958FFFFFF                  jmp .column
  3679                                  .next_row:
  3680 0000488D 45                          inc ebp
  3681 0000488E E92DFFFFFF                  jmp .row
  3682                                  .done:
  3683 00004893 58                          pop eax
  3684 00004894 A3[EC4A0000]                mov [text_color], eax
  3685 00004899 61                          popad
  3686 0000489A C3                          ret
  3687                                  
  3688                                  ; ESI=Text, EBX=x, ECX=y, EDX=Farbe, EBP=Skalierung
  3689                                  draw_text:
  3690 0000489B 8935[DC4A0000]              mov [text_pointer], esi
  3691 000048A1 891D[E04A0000]              mov [text_x], ebx
  3692 000048A7 891D[E44A0000]              mov [text_origin_x], ebx
  3693 000048AD 890D[E84A0000]              mov [text_y], ecx
  3694 000048B3 8915[EC4A0000]              mov [text_color], edx
  3695 000048B9 892D[F04A0000]              mov [text_scale], ebp
  3696                                  
  3697                                  .next_character:
  3698 000048BF 8B35[DC4A0000]              mov esi, [text_pointer]
  3699 000048C5 AC                          lodsb
  3700 000048C6 8935[DC4A0000]              mov [text_pointer], esi
  3701 000048CC 84C0                        test al, al
  3702 000048CE 743E                        jz .done
  3703 000048D0 3C0A                        cmp al, 10
  3704 000048D2 7427                        je .newline
  3705 000048D4 3C20                        cmp al, ' '
  3706 000048D6 741A                        je .space
  3707 000048D8 E832000000                  call draw_character
  3708                                  .advance:
  3709 000048DD 0FB605[F44A0000]            movzx eax, byte [character_advance]
  3710 000048E4 0305[F04A0000]              add eax, [text_scale]
  3711 000048EA 0105[E04A0000]              add [text_x], eax
  3712 000048F0 EBCD                        jmp .next_character
  3713                                  .space:
  3714 000048F2 C605[F44A0000]05            mov byte [character_advance], 5
  3715 000048F9 EBE2                        jmp .advance
  3716                                  .newline:
  3717 000048FB A1[E44A0000]                mov eax, [text_origin_x]
  3718 00004900 A3[E04A0000]                mov [text_x], eax
  3719 00004905 8305[E84A0000]18            add dword [text_y], 24
  3720 0000490C EBB1                        jmp .next_character
  3721                                  .done:
  3722 0000490E C3                          ret
  3723                                  
  3724                                  ; AL=ASCII-Zeichen. 2-Bit-Deckungswerte sorgen für geglättete Kanten.
  3725                                  draw_character:
  3726 0000490F 60                          pushad
  3727 00004910 88C3                        mov bl, al
  3728 00004912 BF[CB770000]                mov edi, bm_font_characters
  3729 00004917 31C9                        xor ecx, ecx
  3730                                  .find:
  3731 00004919 8A040F                      mov al, [edi + ecx]
  3732 0000491C 84C0                        test al, al
  3733 0000491E 7478                        jz .done
  3734 00004920 38D8                        cmp al, bl
  3735 00004922 7403                        je .found
  3736 00004924 41                          inc ecx
  3737 00004925 EBF2                        jmp .find
  3738                                  .found:
  3739 00004927 8A81[19780000]              mov al, [bm_font_widths + ecx]
  3740 0000492D A2[F44A0000]                mov [character_advance], al
  3741 00004932 6BC946                      imul ecx, BM_FONT_BYTES_PER_GLYPH
  3742 00004935 BE[66780000]                mov esi, bm_font_bitmap
  3743 0000493A 01CE                        add esi, ecx
  3744 0000493C 31ED                        xor ebp, ebp
  3745                                  .glyph_row:
  3746 0000493E 83FD14                      cmp ebp, BM_FONT_HEIGHT
  3747 00004941 7355                        jae .done
  3748 00004943 31C9                        xor ecx, ecx
  3749                                  .glyph_column:
  3750 00004945 83F90E                      cmp ecx, BM_FONT_WIDTH
  3751 00004948 734B                        jae .next_row
  3752 0000494A 89E8                        mov eax, ebp
  3753 0000494C 6BC00E                      imul eax, BM_FONT_WIDTH
  3754 0000494F 01C8                        add eax, ecx
  3755 00004951 89C2                        mov edx, eax
  3756 00004953 C1E802                      shr eax, 2
  3757 00004956 83E203                      and edx, 3
  3758 00004959 8A0406                      mov al, [esi + eax]
  3759 0000495C 51                          push ecx
  3760 0000495D 88D1                        mov cl, dl
  3761 0000495F D0E1                        shl cl, 1
  3762 00004961 D2E8                        shr al, cl
  3763 00004963 59                          pop ecx
  3764 00004964 83E003                      and eax, 3
  3765 00004967 7429                        jz .next_column
  3766                                  
  3767 00004969 50                          push eax
  3768 0000496A 8B3D[E84A0000]              mov edi, [text_y]
  3769 00004970 01EF                        add edi, ebp
  3770 00004972 0FAF3D[584A0000]            imul edi, [kernel_context + CONTEXT_PITCH]
  3771 00004979 033D[544A0000]              add edi, [kernel_context + CONTEXT_FRAMEBUFFER]
  3772 0000497F 8B15[E04A0000]              mov edx, [text_x]
  3773 00004985 01CA                        add edx, ecx
  3774 00004987 C1E202                      shl edx, 2
  3775 0000498A 01D7                        add edi, edx
  3776 0000498C 58                          pop eax
  3777 0000498D E808000000                  call blend_text_pixel
  3778                                  .next_column:
  3779 00004992 41                          inc ecx
  3780 00004993 EBB0                        jmp .glyph_column
  3781                                  .next_row:
  3782 00004995 45                          inc ebp
  3783 00004996 EBA6                        jmp .glyph_row
  3784                                  .done:
  3785 00004998 61                          popad
  3786 00004999 C3                          ret
  3787                                  
  3788                                  ; EDI=Framebuffer-Pixel, EAX=Deckung 1..3.
  3789                                  blend_text_pixel:
  3790 0000499A 83F803                      cmp eax, 3
  3791 0000499D 7471                        je .opaque
  3792 0000499F A3[F84A0000]                mov [blend_alpha], eax
  3793 000049A4 60                          pushad
  3794 000049A5 8B1F                        mov ebx, [edi]
  3795 000049A7 8B35[EC4A0000]              mov esi, [text_color]
  3796                                  
  3797 000049AD 89D8                        mov eax, ebx
  3798 000049AF 25FF000000                  and eax, 0xFF
  3799 000049B4 89F2                        mov edx, esi
  3800 000049B6 81E2FF000000                and edx, 0xFF
  3801 000049BC E857000000                  call blend_channel
  3802 000049C1 A3[FC4A0000]                mov [blend_result], eax
  3803                                  
  3804 000049C6 89D8                        mov eax, ebx
  3805 000049C8 C1E808                      shr eax, 8
  3806 000049CB 25FF000000                  and eax, 0xFF
  3807 000049D0 89F2                        mov edx, esi
  3808 000049D2 C1EA08                      shr edx, 8
  3809 000049D5 81E2FF000000                and edx, 0xFF
  3810 000049DB E838000000                  call blend_channel
  3811 000049E0 C1E008                      shl eax, 8
  3812 000049E3 0905[FC4A0000]              or [blend_result], eax
  3813                                  
  3814 000049E9 89D8                        mov eax, ebx
  3815 000049EB C1E810                      shr eax, 16
  3816 000049EE 25FF000000                  and eax, 0xFF
  3817 000049F3 89F2                        mov edx, esi
  3818 000049F5 C1EA10                      shr edx, 16
  3819 000049F8 81E2FF000000                and edx, 0xFF
  3820 000049FE E815000000                  call blend_channel
  3821 00004A03 C1E010                      shl eax, 16
  3822 00004A06 0B05[FC4A0000]              or eax, [blend_result]
  3823 00004A0C 8907                        mov [edi], eax
  3824 00004A0E 61                          popad
  3825 00004A0F C3                          ret
  3826                                  .opaque:
  3827 00004A10 A1[EC4A0000]                mov eax, [text_color]
  3828 00004A15 8907                        mov [edi], eax
  3829 00004A17 C3                          ret
  3830                                  
  3831                                  blend_channel:
  3832 00004A18 833D[F84A0000]01            cmp dword [blend_alpha], 1
  3833 00004A1F 7405                        je .one_third
  3834 00004A21 8D0450                      lea eax, [eax + edx * 2]
  3835 00004A24 EB03                        jmp .divide
  3836                                  .one_third:
  3837 00004A26 8D0442                      lea eax, [edx + eax * 2]
  3838                                  .divide:
  3839 00004A29 69C0AB000000                imul eax, eax, 171
  3840 00004A2F C1E809                      shr eax, 9
  3841 00004A32 C3                          ret
  3842                                  
  3843                                  ; Interner Kernel Context. Keine Bootloader-Struktur wird nach außen gereicht.
  3844                                  CONTEXT_BIB               equ 0
  3845                                  CONTEXT_SEEN              equ 4
  3846                                  CONTEXT_PLATFORM          equ 8
  3847                                  CONTEXT_BOOT_DRIVE        equ 12
  3848                                  CONTEXT_MEMORY_MAP        equ 16
  3849                                  CONTEXT_MEMORY_COUNT      equ 20
  3850                                  CONTEXT_MEMORY_ENTRY_SIZE equ 24
  3851                                  CONTEXT_FRAMEBUFFER       equ 28
  3852                                  CONTEXT_PITCH             equ 32
  3853                                  CONTEXT_WIDTH             equ 36
  3854                                  CONTEXT_HEIGHT            equ 40
  3855                                  CONTEXT_BPP               equ 44
  3856                                  CONTEXT_PIXEL_FORMAT      equ 48
  3857                                  CONTEXT_KERNEL_ADDRESS    equ 52
  3858                                  CONTEXT_KERNEL_SIZE       equ 56
  3859                                  CONTEXT_KERNEL_ENTRY      equ 60
  3860                                  CONTEXT_SECURITY_STATE    equ 64
  3861                                  CONTEXT_CPU_FEATURE_EDX   equ 68
  3862                                  CONTEXT_CPU_FEATURE_ECX   equ 72
  3863                                  CONTEXT_ACPI_ADDRESS      equ 76
  3864                                  CONTEXT_MODULES_ADDRESS   equ 80
  3865                                  CONTEXT_MODULE_COUNT      equ 84
  3866                                  CONTEXT_ENTROPY_QUALITY   equ 88
  3867                                  CONTEXT_ENTROPY_SEED      equ 92
  3868                                  CONTEXT_SYSTEM_GENERATION equ 108
  3869                                  CONTEXT_BOOT_ATTEMPT      equ 112
  3870                                  CONTEXT_KERNEL_BUILD_ID   equ 116
  3871                                  CONTEXT_KERNEL_FORMAT     equ 136
  3872                                  CONTEXT_SIZE              equ 140
  3873                                  
  3874                                  CONTEXT_HAS_FIRMWARE      equ 0x01
  3875                                  CONTEXT_HAS_MEMORY        equ 0x02
  3876                                  CONTEXT_HAS_GRAPHICS      equ 0x04
  3877                                  CONTEXT_HAS_KERNEL        equ 0x08
  3878                                  CONTEXT_HAS_CPU           equ 0x10
  3879                                  CONTEXT_HAS_ENTROPY       equ 0x20
  3880                                  CONTEXT_HAS_SYSTEM        equ 0x40
  3881                                  CONTEXT_HAS_KERNEL_ID     equ 0x80
  3882                                  CONTEXT_REQUIRED          equ CONTEXT_HAS_FIRMWARE | CONTEXT_HAS_MEMORY | CONTEXT_HAS_KERNEL | CONTEXT_HAS_CPU | CONTEXT_HAS_ENTROPY | CONTEXT_HAS_SYSTEM
  3883                                  
  3884 00004A33 90<rep 5h>              align 8
  3885                                  kernel_context:
  3886 00004A38 00<rep 8Ch>                 times CONTEXT_SIZE db 0
  3887 00004AC4 00000000                stack_canary_seed: dd 0
  3888                                  
  3889                                  COM1_BASE             equ 0x03F8
  3890                                  NOVA_COLOR_BACKGROUND equ 0x00101113
  3891                                  NOVA_COLOR_PANEL      equ 0x001A1C20
  3892                                  NOVA_COLOR_PANEL_EDGE equ 0x003D7DFF
  3893                                  NOVA_COLOR_CYAN       equ 0x004CC2FF
  3894                                  NOVA_COLOR_WHITE      equ 0x00FFFFFF
  3895                                  NOVA_COLOR_SECONDARY  equ 0x00CFCFCF
  3896                                  NOVA_COLOR_SUCCESS    equ 0x0030D158
  3897                                  NOVA_COLOR_WARNING    equ 0x00FFB347
  3898                                  NOVA_COLOR_BLACK      equ 0x00000000
  3899                                  NOVA_COLOR_BLUE       equ 0x002D7FC1
  3900                                  NOVA_COLOR_LOG_PANEL  equ 0x00121212
  3901                                  NOVA_COLOR_BUTTON     equ 0x00292929
  3902                                  NOVA_COLOR_ERROR      equ 0x00B6154B
  3903                                  NOVA_COLOR_ERROR_TEXT equ 0x00A9A9A9
  3904                                  
  3905                                  align 4
  3906 00004AC8 00000000                rect_color:    dd 0
  3907 00004ACC 00000000                rect_x:        dd 0
  3908 00004AD0 00000000                rect_y:        dd 0
  3909 00004AD4 00000000                rect_width:    dd 0
  3910 00004AD8 00000000                rect_height:   dd 0
  3911 00004ADC 00000000                text_pointer:  dd 0
  3912 00004AE0 00000000                text_x:        dd 0
  3913 00004AE4 00000000                text_origin_x: dd 0
  3914 00004AE8 00000000                text_y:        dd 0
  3915 00004AEC 00000000                text_color:    dd 0
  3916 00004AF0 01000000                text_scale:    dd 1
  3917 00004AF4 00                      character_advance: db 0
  3918 00004AF5 90<rep 3h>              align 4
  3919 00004AF8 00000000                blend_alpha:   dd 0
  3920 00004AFC 00000000                blend_result:  dd 0
  3921 00004B00 6C020000                logo_x:        dd 620
  3922 00004B04 16000000                logo_y:        dd 22
  3923 00004B08 FFFFFF00                logo_color:    dd NOVA_COLOR_WHITE
  3924 00004B0C 00                      logo_compact:  db 0
  3925 00004B0D 00                      logo_mirror:   db 0
  3926 00004B0E 00000000                round_color:   dd 0
  3927 00004B12 00000000                round_x:       dd 0
  3928 00004B16 00000000                round_y:       dd 0
  3929 00004B1A 00000000                round_width:   dd 0
  3930 00004B1E 00000000                round_height:  dd 0
  3931                                  
  3932                                  text_brand:
  3933 00004B22 4E4F5641204F5300            db "NOVA OS", 0
  3934                                  text_brand_compact:
  3935 00004B2A 4E6F76614F5300              db "NovaOS", 0
  3936                                  text_logsystem:
  3937 00004B31 4C6F6773797374656D-         db "Logsystem", 0
  3937 00004B3A 00                 
  3938                                  text_escape:
  3939 00004B3B 45534300                    db "ESC", 0
  3940                                  text_kernel_log:
  3941 00004B3F 4E4F56413A204B6572-         db "NOVA: Kernel Entry",10
  3941 00004B48 6E656C20456E747279-
  3941 00004B51 0A                 
  3942 00004B52 4E4F56413A2050616E-         db "NOVA: Panic Reporter ABI 1.0 bereit",10
  3942 00004B5B 6963205265706F7274-
  3942 00004B64 65722041424920312E-
  3942 00004B6D 30206265726569740A 
  3943 00004B76 4E4F56413A204E4248-         db "NOVA: NBHP/BIB v1 validiert",10
  3943 00004B7F 502F42494220763120-
  3943 00004B88 76616C696469657274-
  3943 00004B91 0A                 
  3944 00004B92 4E4F56413A20504D4D-         db "NOVA: PMM ABI 1.0 und Seitentest bereit",10
  3944 00004B9B 2041424920312E3020-
  3944 00004BA4 756E64205365697465-
  3944 00004BAD 6E7465737420626572-
  3944 00004BB6 6569740A           
  3945 00004BBA 4E4F56413A20486561-         db "NOVA: Heap ABI 1.0 und Schreibtest bereit",10
  3945 00004BC3 702041424920312E30-
  3945 00004BCC 20756E642053636872-
  3945 00004BD5 656962746573742062-
  3945 00004BDE 65726569740A       
  3946 00004BE4 4E4F56413A204F626A-         db "NOVA: Object Manager ABI 1.0 bereit",10
  3946 00004BED 656374204D616E6167-
  3946 00004BF6 65722041424920312E-
  3946 00004BFF 30206265726569740A 
  3947 00004C08 4E4F56413A20436F6D-         db "NOVA: Component Manager ABI 1.0 bereit",10
  3947 00004C11 706F6E656E74204D61-
  3947 00004C1A 6E6167657220414249-
  3947 00004C23 20312E302062657265-
  3947 00004C2C 69740A             
  3948 00004C2F 4E4F56413A20506167-         db "NOVA: Paging ABI 1.0 und Speichertest bereit",10
  3948 00004C38 696E67204142492031-
  3948 00004C41 2E3020756E64205370-
  3948 00004C4A 656963686572746573-
  3948 00004C53 74206265726569740A 
  3949 00004C5C 4E4F56413A20494454-         db "NOVA: IDT, PIC und PIT 100 Hz aktiv",10
  3949 00004C65 2C2050494320756E64-
  3949 00004C6E 205049542031303020-
  3949 00004C77 487A20616B7469760A 
  3950 00004C80 4E4F56413A20495043-         db "NOVA: IPC ABI 1.0 FIFO bereit",10
  3950 00004C89 2041424920312E3020-
  3950 00004C92 4649464F2062657265-
  3950 00004C9B 69740A             
  3951 00004C9E 4E4F56413A20536572-         db "NOVA: Service Manager ABI 1.0 bereit",10
  3951 00004CA7 76696365204D616E61-
  3951 00004CB0 676572204142492031-
  3951 00004CB9 2E3020626572656974-
  3951 00004CC2 0A                 
  3952 00004CC3 4E4F56413A2050726F-         db "NOVA: Process Manager ABI 1.0 bereit",10
  3952 00004CCC 63657373204D616E61-
  3952 00004CD5 676572204142492031-
  3952 00004CDE 2E3020626572656974-
  3952 00004CE7 0A                 
  3953 00004CE8 4E4F56413A20536563-         db "NOVA: Security ABI 1.0 Capabilities aktiv",10
  3953 00004CF1 757269747920414249-
  3953 00004CFA 20312E302043617061-
  3953 00004D03 62696C697469657320-
  3953 00004D0C 616B7469760A       
  3954 00004D12 4E4F56413A20546872-         db "NOVA: Thread Manager ABI 1.0 bereit",10
  3954 00004D1B 656164204D616E6167-
  3954 00004D24 65722041424920312E-
  3954 00004D2D 30206265726569740A 
  3955 00004D36 4E4F56413A20536368-         db "NOVA: Scheduler ABI 1.0 und zwei Threads aktiv",10
  3955 00004D3F 6564756C6572204142-
  3955 00004D48 4920312E3020756E64-
  3955 00004D51 207A77656920546872-
  3955 00004D5A 6561647320616B7469-
  3955 00004D63 760A               
  3956 00004D65 4E4F56413A204B6572-         db "NOVA: Kernel Context und Framebuffer aktiv",10
  3956 00004D6E 6E656C20436F6E7465-
  3956 00004D77 787420756E64204672-
  3956 00004D80 616D65627566666572-
  3956 00004D89 20616B7469760A     
  3957 00004D90 4E4F56415F4B45524E-         db "NOVA_KERNEL_READY",0
  3957 00004D99 454C5F524541445900 
  3958                                  text_ready:
  3959 00004DA2 53595354454D204245-         db "SYSTEM BEREIT", 0
  3959 00004DAB 5245495400         
  3960                                  text_subtitle:
  3961 00004DB0 444552204B45524E45-         db "DER KERNEL WURDE ERFOLGREICH GESTARTET", 0
  3961 00004DB9 4C2057555244452045-
  3961 00004DC2 52464F4C4752454943-
  3961 00004DCB 482047455354415254-
  3961 00004DD4 455400             
  3962                                  text_status_heading:
  3963 00004DD7 56414C494449455254-         db "VALIDIERTE STARTKOMPONENTEN", 0
  3963 00004DE0 452053544152544B4F-
  3963 00004DE9 4D504F4E454E54454E-
  3963 00004DF2 00                 
  3964                                  text_check_kernel:
  3965 00004DF3 4B45524E454C2D494D-         db "KERNEL-IMAGE UND CRC32", 0
  3965 00004DFC 41474520554E442043-
  3965 00004E05 5243333200         
  3966                                  text_check_handoff:
  3967 00004E0A 4E4248502F42494220-         db "NBHP/BIB BOOTPROTOKOLL", 0
  3967 00004E13 424F4F5450524F544F-
  3967 00004E1C 4B4F4C4C00         
  3968                                  text_check_memory:
  3969 00004E21 434F4D504F4E454E54-         db "COMPONENTS OBJECTS PMM HEAP PAGING", 0
  3969 00004E2A 53204F424A45435453-
  3969 00004E33 20504D4D2048454150-
  3969 00004E3C 20504147494E4700   
  3970                                  text_check_graphics:
  3971 00004E44 564245204652414D45-         db "VBE FRAMEBUFFER", 0
  3971 00004E4D 42554646455200     
  3972                                  text_check_interrupts:
  3973 00004E54 534543555249545920-         db "SECURITY PROCESS SERVICES SCHEDULER", 0
  3973 00004E5D 50524F434553532053-
  3973 00004E66 455256494345532053-
  3973 00004E6F 43484544554C455200 
  3974                                  text_technical:
  3975 00004E78 4E4248502F42494220-         db "NBHP/BIB 1.0 | X86-32 | 800 X 600", 0
  3975 00004E81 312E30207C20583836-
  3975 00004E8A 2D3332207C20383030-
  3975 00004E93 20582036303000     
  3976                                  text_panic_smile:
  3977 00004E9A 3B2800                      db ";(", 0
  3978                                  text_panic_title:
  3979 00004E9D 4E4F5641204F53204D-         db "NOVA OS MUSSTE ANGEHALTEN WERDEN", 0
  3979 00004EA6 555353544520414E47-
  3979 00004EAF 4548414C54454E2057-
  3979 00004EB8 455244454E00       
  3980                                  text_panic_explain1:
  3981 00004EBE 45494E205749434854-         db "EIN WICHTIGER TEIL DES SYSTEMS HAT NICHT RICHTIG REAGIERT.", 0
  3981 00004EC7 49474552205445494C-
  3981 00004ED0 204445532053595354-
  3981 00004ED9 454D5320484154204E-
  3981 00004EE2 494348542052494348-
  3981 00004EEB 544947205245414749-
  3981 00004EF4 4552542E00         
  3982                                  text_panic_explain2:
  3983 00004EF9 5A55204445494E4552-         db "ZU DEINER SICHERHEIT WURDE DER COMPUTER ANGEHALTEN.", 0
  3983 00004F02 205349434845524845-
  3983 00004F0B 495420575552444520-
  3983 00004F14 44455220434F4D5055-
  3983 00004F1D 54455220414E474548-
  3983 00004F26 414C54454E2E00     
  3984                                  text_panic_action1:
  3985 00004F2D 424954544520535441-         db "BITTE STARTE DEN COMPUTER NEU.", 0
  3985 00004F36 5254452044454E2043-
  3985 00004F3F 4F4D5055544552204E-
  3985 00004F48 45552E00           
  3986                                  text_panic_action2:
  3987 00004F4C 57454E4E2044415320-         db "WENN DAS ERNEUT PASSIERT NOTIERE DEN FEHLERCODE.", 0
  3987 00004F55 45524E455554205041-
  3987 00004F5E 535349455254204E4F-
  3987 00004F67 54494552452044454E-
  3987 00004F70 204645484C4552434F-
  3987 00004F79 44452E00           
  3988                                  text_panic_code:
  3989 00004F7D 4645484C4552434F44-         db "FEHLERCODE 0X", 0
  3989 00004F86 4520305800         
  3990                                  text_panic_footer:
  3991 00004F8B 544543484E49534348-         db "TECHNISCHE DETAILS WURDEN IM SYSTEMPROTOKOLL GESPEICHERT.", 0
  3991 00004F94 452044455441494C53-
  3991 00004F9D 2057555244454E2049-
  3991 00004FA6 4D2053595354454D50-
  3991 00004FAF 524F544F4B4F4C4C20-
  3991 00004FB8 474553504549434845-
  3991 00004FC1 52542E00           
  3992                                  text_error_title:
  3993 00004FC5 5374617274206E6963-         db "Start nicht m",0x94,"glich",0
  3993 00004FCE 6874206D94676C6963-
  3993 00004FD7 6800               
  3994                                  text_error_explain1:
  3995 00004FD9 4E6F76614F53206861-         db "NovaOS hat einen schweren Systemfehler festgestellt",0
  3995 00004FE2 742065696E656E2073-
  3995 00004FEB 6368776572656E2053-
  3995 00004FF4 797374656D6665686C-
  3995 00004FFD 657220666573746765-
  3995 00005006 7374656C6C7400     
  3996                                  text_error_explain2:
  3997 0000500D 5A7520496872657220-         db "Zu Ihrer Sicherheit wurde das System angehalten",0
  3997 00005016 536963686572686569-
  3997 0000501F 742077757264652064-
  3997 00005028 61732053797374656D-
  3997 00005031 20616E676568616C74-
  3997 0000503A 656E00             
  3998                                  text_error_action1:
  3999 0000503D 42697474652064656E-         db "Bitte den Computer neu starten",0
  3999 00005046 20436F6D7075746572-
  3999 0000504F 206E65752073746172-
  3999 00005058 74656E00           
  4000                                  text_error_action2:
  4001 0000505C 6F64657200                  db "oder",0
  4002                                  text_error_action3:
  4003 00005061 44656E204665686C65-         db "Den Fehlercode f",0x81,"r die Diagnose notieren",0
  4003 0000506A 72636F646520668172-
  4003 00005073 206469652044696167-
  4003 0000507C 6E6F7365206E6F7469-
  4003 00005085 6572656E00         
  4004                                  text_error_code:
  4005 0000508A 4645484C4552434F44-         db "FEHLERCODE: KERNEL 0x",0
  4005 00005093 453A204B45524E454C-
  4005 0000509C 20307800           
  4006                                  panic_hex_buffer:
  4007 000050A0 303030303030303000          db "00000000", 0
  4008                                  
  4009                                  ; 5x7-Bitmap-Font für den frühen Bootstatus.
  4010                                  font_characters:
  4011 000050A9 414243444546474849-         db "ABCDEFGHIJKLMNOPQRSTUVWXYZ0123456789-./:|();", 0
  4011 000050B2 4A4B4C4D4E4F505152-
  4011 000050BB 535455565758595A30-
  4011 000050C4 313233343536373839-
  4011 000050CD 2D2E2F3A7C28293B00 
  4012                                  
  4013                                  font_bitmap:
  4014                                      ; A-Z
  4015 000050D6 0E11111F111111              db 0x0E,0x11,0x11,0x1F,0x11,0x11,0x11
  4016 000050DD 1E11111E11111E              db 0x1E,0x11,0x11,0x1E,0x11,0x11,0x1E
  4017 000050E4 0E11101010110E              db 0x0E,0x11,0x10,0x10,0x10,0x11,0x0E
  4018 000050EB 1E11111111111E              db 0x1E,0x11,0x11,0x11,0x11,0x11,0x1E
  4019 000050F2 1F10101E10101F              db 0x1F,0x10,0x10,0x1E,0x10,0x10,0x1F
  4020 000050F9 1F10101E101010              db 0x1F,0x10,0x10,0x1E,0x10,0x10,0x10
  4021 00005100 0E11101711110F              db 0x0E,0x11,0x10,0x17,0x11,0x11,0x0F
  4022 00005107 1111111F111111              db 0x11,0x11,0x11,0x1F,0x11,0x11,0x11
  4023 0000510E 0E04040404040E              db 0x0E,0x04,0x04,0x04,0x04,0x04,0x0E
  4024 00005115 0702020212120C              db 0x07,0x02,0x02,0x02,0x12,0x12,0x0C
  4025 0000511C 11121418141211              db 0x11,0x12,0x14,0x18,0x14,0x12,0x11
  4026 00005123 1010101010101F              db 0x10,0x10,0x10,0x10,0x10,0x10,0x1F
  4027 0000512A 111B1515111111              db 0x11,0x1B,0x15,0x15,0x11,0x11,0x11
  4028 00005131 11191513111111              db 0x11,0x19,0x15,0x13,0x11,0x11,0x11
  4029 00005138 0E11111111110E              db 0x0E,0x11,0x11,0x11,0x11,0x11,0x0E
  4030 0000513F 1E11111E101010              db 0x1E,0x11,0x11,0x1E,0x10,0x10,0x10
  4031 00005146 0E11111115120D              db 0x0E,0x11,0x11,0x11,0x15,0x12,0x0D
  4032 0000514D 1E11111E141211              db 0x1E,0x11,0x11,0x1E,0x14,0x12,0x11
  4033 00005154 0F10100E01011E              db 0x0F,0x10,0x10,0x0E,0x01,0x01,0x1E
  4034 0000515B 1F040404040404              db 0x1F,0x04,0x04,0x04,0x04,0x04,0x04
  4035 00005162 1111111111110E              db 0x11,0x11,0x11,0x11,0x11,0x11,0x0E
  4036 00005169 11111111110A04              db 0x11,0x11,0x11,0x11,0x11,0x0A,0x04
  4037 00005170 1111111515150A              db 0x11,0x11,0x11,0x15,0x15,0x15,0x0A
  4038 00005177 11110A040A1111              db 0x11,0x11,0x0A,0x04,0x0A,0x11,0x11
  4039 0000517E 11110A04040404              db 0x11,0x11,0x0A,0x04,0x04,0x04,0x04
  4040 00005185 1F01020408101F              db 0x1F,0x01,0x02,0x04,0x08,0x10,0x1F
  4041                                      ; 0-9
  4042 0000518C 0E11131519110E              db 0x0E,0x11,0x13,0x15,0x19,0x11,0x0E
  4043 00005193 040C040404040E              db 0x04,0x0C,0x04,0x04,0x04,0x04,0x0E
  4044 0000519A 0E11010204081F              db 0x0E,0x11,0x01,0x02,0x04,0x08,0x1F
  4045 000051A1 1E01010E01011E              db 0x1E,0x01,0x01,0x0E,0x01,0x01,0x1E
  4046 000051A8 02060A121F0202              db 0x02,0x06,0x0A,0x12,0x1F,0x02,0x02
  4047 000051AF 1F10101E01011E              db 0x1F,0x10,0x10,0x1E,0x01,0x01,0x1E
  4048 000051B6 0E10101E11110E              db 0x0E,0x10,0x10,0x1E,0x11,0x11,0x0E
  4049 000051BD 1F010204080808              db 0x1F,0x01,0x02,0x04,0x08,0x08,0x08
  4050 000051C4 0E11110E11110E              db 0x0E,0x11,0x11,0x0E,0x11,0x11,0x0E
  4051 000051CB 0E11110F01010E              db 0x0E,0x11,0x11,0x0F,0x01,0x01,0x0E
  4052                                      ; - . / : | ( )
  4053 000051D2 0000001F000000              db 0x00,0x00,0x00,0x1F,0x00,0x00,0x00
  4054 000051D9 00000000000C0C              db 0x00,0x00,0x00,0x00,0x00,0x0C,0x0C
  4055 000051E0 01020204080810              db 0x01,0x02,0x02,0x04,0x08,0x08,0x10
  4056 000051E7 000C0C000C0C00              db 0x00,0x0C,0x0C,0x00,0x0C,0x0C,0x00
  4057 000051EE 04040404040404              db 0x04,0x04,0x04,0x04,0x04,0x04,0x04
  4058 000051F5 02040808080402              db 0x02,0x04,0x08,0x08,0x08,0x04,0x02
  4059 000051FC 08040202020408              db 0x08,0x04,0x02,0x02,0x02,0x04,0x08
  4060 00005203 000C0C000C0810              db 0x00,0x0C,0x0C,0x00,0x0C,0x08,0x10
  4061                                  
  4062                                  message_entered:
  4063 0000520A 4E4F56413A204B6572-         db "NOVA: Kernel Entry", 13, 10, 0
  4063 00005213 6E656C20456E747279-
  4063 0000521C 0D0A00             
  4064                                  message_boot_phase:
  4065 0000521F 4E4F56413A20424F4F-         db "NOVA: BOOT phase=0x", 0
  4065 00005228 542070686173653D30-
  4065 00005231 7800               
  4066                                  message_boot_last_phase:
  4067 00005233 206C6173745F706861-         db " last_phase=0x", 0
  4067 0000523C 73653D307800       
  4068                                  message_panic_manager_ok:
  4069 00005242 4E4F56413A2050616E-         db "NOVA: Panic Reporter ABI 1.1 bereit", 13, 10, 0
  4069 0000524B 6963205265706F7274-
  4069 00005254 65722041424920312E-
  4069 0000525D 31206265726569740D-
  4069 00005266 0A00               
  4070                                  message_panic_begin:
  4071 00005268 4E4F56412050414E49-         db "NOVA PANIC REPORT code=0x", 0
  4071 00005271 43205245504F525420-
  4071 0000527A 636F64653D307800   
  4072                                  message_panic_subsystem:
  4073 00005282 207375627379737465-         db " subsystem=0x", 0
  4073 0000528B 6D3D307800         
  4074                                  message_panic_eip:
  4075 00005290 206569703D307800            db " eip=0x", 0
  4076                                  message_panic_cr2:
  4077 00005298 206372323D307800            db " cr2=0x", 0
  4078                                  message_panic_phase:
  4079 000052A0 2070686173653D3078-         db " phase=0x", 0
  4079 000052A9 00                 
  4080                                  message_panic_last_phase:
  4081 000052AA 206C6173745F706861-         db " last_phase=0x", 0
  4081 000052B3 73653D307800       
  4082                                  message_panic_cpu:
  4083 000052B9 206370753D307800            db " cpu=0x", 0
  4084                                  message_panic_security:
  4085 000052C1 207365637572697479-         db " security=0x", 0
  4085 000052CA 3D307800           
  4086                                  message_panic_end:
  4087 000052CE 4E4F56415F50414E49-         db "NOVA_PANIC_HALTED", 13, 10, 0
  4087 000052D7 435F48414C5445440D-
  4087 000052E0 0A00               
  4088                                  message_debug_panic:
  4089 000052E2 4E4F56412050414E49-         db "NOVA PANIC: manueller F12-Diagnosetest", 13, 10, 0
  4089 000052EB 433A206D616E75656C-
  4089 000052F4 6C6572204631322D44-
  4089 000052FD 6961676E6F73657465-
  4089 00005306 73740D0A00         
  4090                                  message_shutdown:
  4091 0000530B 4E4F56413A20536875-         db "NOVA: Shutdown angefordert, System wird ausgeschaltet", 13, 10, 0
  4091 00005314 74646F776E20616E67-
  4091 0000531D 65666F72646572742C-
  4091 00005326 2053797374656D2077-
  4091 0000532F 697264206175736765-
  4091 00005338 736368616C7465740D-
  4091 00005341 0A00               
  4092                                  message_bib_ok:
  4093 00005343 4E4F56413A204E4248-         db "NOVA: NBHP/BIB v1 validiert", 13, 10, 0
  4093 0000534C 502F42494220763120-
  4093 00005355 76616C696469657274-
  4093 0000535E 0D0A00             
  4094                                  message_kernel_identity_ok:
  4095 00005361 4E4F56413A204B6572-         db "NOVA: Kernel Build-ID aus NBHP/BIB importiert", 13, 10, 0
  4095 0000536A 6E656C204275696C64-
  4095 00005373 2D494420617573204E-
  4095 0000537C 4248502F4249422069-
  4095 00005385 6D706F727469657274-
  4095 0000538E 0D0A00             
  4096                                  message_pmm_ok:
  4097 00005391 4E4F56413A20504D4D-         db "NOVA: PMM ABI 1.0 und Seitentest bereit", 13, 10, 0
  4097 0000539A 2041424920312E3020-
  4097 000053A3 756E64205365697465-
  4097 000053AC 6E7465737420626572-
  4097 000053B5 6569740D0A00       
  4098                                  message_pmm_error:
  4099 000053BB 4E4F56412050414E49-         db "NOVA PANIC: physischer Speichermanager nicht initialisierbar", 13, 10, 0
  4099 000053C4 433A20706879736973-
  4099 000053CD 636865722053706569-
  4099 000053D6 636865726D616E6167-
  4099 000053DF 6572206E6963687420-
  4099 000053E8 696E697469616C6973-
  4099 000053F1 6965726261720D0A00 
  4100                                  message_heap_ok:
  4101 000053FA 4E4F56413A20486561-         db "NOVA: Heap ABI 1.0 und Schreibtest bereit", 13, 10, 0
  4101 00005403 702041424920312E30-
  4101 0000540C 20756E642053636872-
  4101 00005415 656962746573742062-
  4101 0000541E 65726569740D0A00   
  4102                                  message_heap_error:
  4103 00005426 4E4F56412050414E49-         db "NOVA PANIC: Bootstrap-Heap nicht initialisierbar", 13, 10, 0
  4103 0000542F 433A20426F6F747374-
  4103 00005438 7261702D4865617020-
  4103 00005441 6E6963687420696E69-
  4103 0000544A 7469616C6973696572-
  4103 00005453 6261720D0A00       
  4104                                  message_object_manager_ok:
  4105 00005459 4E4F56413A204F626A-         db "NOVA: Object Manager ABI 1.0 bereit", 13, 10, 0
  4105 00005462 656374204D616E6167-
  4105 0000546B 65722041424920312E-
  4105 00005474 30206265726569740D-
  4105 0000547D 0A00               
  4106                                  message_object_manager_error:
  4107 0000547F 4E4F56412050414E49-         db "NOVA PANIC: Kernel Object Manager nicht initialisierbar", 13, 10, 0
  4107 00005488 433A204B65726E656C-
  4107 00005491 204F626A656374204D-
  4107 0000549A 616E61676572206E69-
  4107 000054A3 63687420696E697469-
  4107 000054AC 616C69736965726261-
  4107 000054B5 720D0A00           
  4108                                  message_component_manager_ok:
  4109 000054B9 4E4F56413A20436F6D-         db "NOVA: Component Manager ABI 1.0 bereit", 13, 10, 0
  4109 000054C2 706F6E656E74204D61-
  4109 000054CB 6E6167657220414249-
  4109 000054D4 20312E302062657265-
  4109 000054DD 69740D0A00         
  4110                                  message_component_manager_error:
  4111 000054E2 4E4F56412050414E49-         db "NOVA PANIC: Kernel Component Manager nicht initialisierbar", 13, 10, 0
  4111 000054EB 433A204B65726E656C-
  4111 000054F4 20436F6D706F6E656E-
  4111 000054FD 74204D616E61676572-
  4111 00005506 206E6963687420696E-
  4111 0000550F 697469616C69736965-
  4111 00005518 726261720D0A00     
  4112                                  message_paging_ok:
  4113 0000551F 4E4F56413A20506167-         db "NOVA: Paging ABI 1.0 und Speichertest bereit", 13, 10, 0
  4113 00005528 696E67204142492031-
  4113 00005531 2E3020756E64205370-
  4113 0000553A 656963686572746573-
  4113 00005543 74206265726569740D-
  4113 0000554C 0A00               
  4114                                  message_paging_error:
  4115 0000554E 4E4F56412050414E49-         db "NOVA PANIC: virtueller Speichermanager nicht initialisierbar", 13, 10, 0
  4115 00005557 433A20766972747565-
  4115 00005560 6C6C65722053706569-
  4115 00005569 636865726D616E6167-
  4115 00005572 6572206E6963687420-
  4115 0000557B 696E697469616C6973-
  4115 00005584 6965726261720D0A00 
  4116                                  message_interrupts_ok:
  4117 0000558D 4E4F56413A20494454-         db "NOVA: IDT, PIC und PIT 100 Hz aktiv", 13, 10, 0
  4117 00005596 2C2050494320756E64-
  4117 0000559F 205049542031303020-
  4117 000055A8 487A20616B7469760D-
  4117 000055B1 0A00               
  4118                                  message_interrupts_error:
  4119 000055B3 4E4F56412050414E49-         db "NOVA PANIC: Interrupt- oder Timerinitialisierung fehlgeschlagen", 13, 10, 0
  4119 000055BC 433A20496E74657272-
  4119 000055C5 7570742D206F646572-
  4119 000055CE 2054696D6572696E69-
  4119 000055D7 7469616C6973696572-
  4119 000055E0 756E67206665686C67-
  4119 000055E9 657363686C6167656E-
  4119 000055F2 0D0A00             
  4120                                  message_ipc_ok:
  4121 000055F5 4E4F56413A20495043-         db "NOVA: IPC ABI 1.0 FIFO bereit", 13, 10, 0
  4121 000055FE 2041424920312E3020-
  4121 00005607 4649464F2062657265-
  4121 00005610 69740D0A00         
  4122                                  message_ipc_error:
  4123 00005615 4E4F56412050414E49-         db "NOVA PANIC: Kernel-IPC nicht initialisierbar", 13, 10, 0
  4123 0000561E 433A204B65726E656C-
  4123 00005627 2D495043206E696368-
  4123 00005630 7420696E697469616C-
  4123 00005639 69736965726261720D-
  4123 00005642 0A00               
  4124                                  message_service_manager_ok:
  4125 00005644 4E4F56413A20536572-         db "NOVA: Service Manager ABI 1.0 bereit", 13, 10, 0
  4125 0000564D 76696365204D616E61-
  4125 00005656 676572204142492031-
  4125 0000565F 2E3020626572656974-
  4125 00005668 0D0A00             
  4126                                  message_service_manager_error:
  4127 0000566B 4E4F56412050414E49-         db "NOVA PANIC: Kernel Service Manager nicht initialisierbar", 13, 10, 0
  4127 00005674 433A204B65726E656C-
  4127 0000567D 205365727669636520-
  4127 00005686 4D616E61676572206E-
  4127 0000568F 6963687420696E6974-
  4127 00005698 69616C697369657262-
  4127 000056A1 61720D0A00         
  4128                                  message_process_manager_ok:
  4129 000056A6 4E4F56413A2050726F-         db "NOVA: Process Manager ABI 1.0 bereit", 13, 10, 0
  4129 000056AF 63657373204D616E61-
  4129 000056B8 676572204142492031-
  4129 000056C1 2E3020626572656974-
  4129 000056CA 0D0A00             
  4130                                  message_process_manager_error:
  4131 000056CD 4E4F56412050414E49-         db "NOVA PANIC: Kernel Process Manager nicht initialisierbar", 13, 10, 0
  4131 000056D6 433A204B65726E656C-
  4131 000056DF 2050726F6365737320-
  4131 000056E8 4D616E61676572206E-
  4131 000056F1 6963687420696E6974-
  4131 000056FA 69616C697369657262-
  4131 00005703 61720D0A00         
  4132                                  message_security_ok:
  4133 00005708 4E4F56413A20536563-         db "NOVA: Security ABI 1.0 Capabilities aktiv", 13, 10, 0
  4133 00005711 757269747920414249-
  4133 0000571A 20312E302043617061-
  4133 00005723 62696C697469657320-
  4133 0000572C 616B7469760D0A00   
  4134                                  message_security_error:
  4135 00005734 4E4F56412050414E49-         db "NOVA PANIC: Kernel Security nicht initialisierbar", 13, 10, 0
  4135 0000573D 433A204B65726E656C-
  4135 00005746 205365637572697479-
  4135 0000574F 206E6963687420696E-
  4135 00005758 697469616C69736965-
  4135 00005761 726261720D0A00     
  4136                                  message_thread_manager_ok:
  4137 00005768 4E4F56413A20546872-         db "NOVA: Thread Manager ABI 1.0 bereit", 13, 10, 0
  4137 00005771 656164204D616E6167-
  4137 0000577A 65722041424920312E-
  4137 00005783 30206265726569740D-
  4137 0000578C 0A00               
  4138                                  message_thread_manager_error:
  4139 0000578E 4E4F56412050414E49-         db "NOVA PANIC: Kernel Thread Manager nicht initialisierbar", 13, 10, 0
  4139 00005797 433A204B65726E656C-
  4139 000057A0 20546872656164204D-
  4139 000057A9 616E61676572206E69-
  4139 000057B2 63687420696E697469-
  4139 000057BB 616C69736965726261-
  4139 000057C4 720D0A00           
  4140                                  message_scheduler_ok:
  4141 000057C8 4E4F56413A20536368-         db "NOVA: Scheduler ABI 1.0 und zwei Threads aktiv", 13, 10, 0
  4141 000057D1 6564756C6572204142-
  4141 000057DA 4920312E3020756E64-
  4141 000057E3 207A77656920546872-
  4141 000057EC 6561647320616B7469-
  4141 000057F5 760D0A00           
  4142                                  message_scheduler_error:
  4143 000057F9 4E4F56412050414E49-         db "NOVA PANIC: praemptiver Scheduler nicht initialisierbar", 13, 10, 0
  4143 00005802 433A20707261656D70-
  4143 0000580B 746976657220536368-
  4143 00005814 6564756C6572206E69-
  4143 0000581D 63687420696E697469-
  4143 00005826 616C69736965726261-
  4143 0000582F 720D0A00           
  4144                                  message_exception:
  4145 00005833 4E4F56412050414E49-         db "NOVA PANIC: CPU-Ausnahme Vektor 0x", 0
  4145 0000583C 433A204350552D4175-
  4145 00005845 736E61686D65205665-
  4145 0000584E 6B746F7220307800   
  4146                                  message_fault_address:
  4147 00005856 206265692041647265-         db " bei Adresse 0x", 0
  4147 0000585F 73736520307800     
  4148                                  message_newline:
  4149 00005866 0D0A00                      db 13, 10, 0
  4150                                  message_framebuffer_ok:
  4151 00005869 4E4F56413A204B6572-         db "NOVA: Kernel Context und Framebuffer aktiv", 13, 10, 0
  4151 00005872 6E656C20436F6E7465-
  4151 0000587B 787420756E64204672-
  4151 00005884 616D65627566666572-
  4151 0000588D 20616B7469760D0A00 
  4152                                  message_text_mode:
  4153 00005896 4E4F56413A204B6572-         db "NOVA: Kernel Context, Textmodus aktiv", 13, 10, 0
  4153 0000589F 6E656C20436F6E7465-
  4153 000058A8 78742C20546578746D-
  4153 000058B1 6F64757320616B7469-
  4153 000058BA 760D0A00           
  4154                                  message_bib_error:
  4155 000058BE 4E4F56412050414E49-         db "NOVA PANIC: ungueltiger Boot Handoff", 13, 10, 0
  4155 000058C7 433A20756E6775656C-
  4155 000058D0 746967657220426F6F-
  4155 000058D9 742048616E646F6666-
  4155 000058E2 0D0A00             
  4156                                  message_ready:
  4157 000058E5 4E4F56415F4B45524E-         db "NOVA_KERNEL_READY", 13, 10, 0
  4157 000058EE 454C5F52454144590D-
  4157 000058F7 0A00               
  4158                                  
  4159                                  %include "nova-art.inc"
     1                              <1> ; Generated by scripts/generate-boot-art.ps1 from the checked-in UI sources.
     2                              <1> NOVA_LOGO_WIDTH equ 160
     3                              <1> NOVA_LOGO_HEIGHT equ 150
     4                              <1> NOVA_LOGO_ROW_BYTES equ 40
     5                              <1> NOVA_ERROR_MARK_WIDTH equ 82
     6                              <1> NOVA_ERROR_MARK_HEIGHT equ 90
     7                              <1> NOVA_ERROR_MARK_ROW_BYTES equ 21
     8                              <1> nova_logo_bitmap:
     9 000058F9 000000000000000000- <1>     db 0x00,0x00,0x00,0x00,0x00,0x00,0x00,0x00,0x00,0x00,0x00,0x00,0x00,0x00,0x00,0x00,0x00,0x00,0x00,0x00,0x00,0x00,0x00,0x00
     9 00005902 000000000000000000- <1>
     9 0000590B 000000000000        <1>
    10 00005911 00000090BE01000000- <1>     db 0x00,0x00,0x00,0x90,0xBE,0x01,0x00,0x00,0x00,0x00,0x00,0x00,0x00,0x00,0x00,0x00,0x00,0x00,0x00,0x00,0x00,0x00,0x00,0x00
    10 0000591A 000000000000000000- <1>
    10 00005923 000000000000        <1>
    11 00005929 000000000000000000- <1>     db 0x00,0x00,0x00,0x00,0x00,0x00,0x00,0x00,0x00,0x00,0x00,0x00,0x00,0x00,0x00,0x00,0x00,0x00,0x00,0xFE,0xFF,0x0B,0x00,0x00
    11 00005932 000000000000000000- <1>
    11 0000593B 00FEFF0B0000        <1>
    12 00005941 000000000000000000- <1>     db 0x00,0x00,0x00,0x00,0x00,0x00,0x00,0x00,0x00,0x00,0x00,0x00,0x00,0x00,0x00,0x00,0x00,0x00,0x00,0x00,0x00,0x00,0x00,0x00
    12 0000594A 000000000000000000- <1>
    12 00005953 000000000000        <1>
    13 00005959 000000000000000000- <1>     db 0x00,0x00,0x00,0x00,0x00,0x00,0x00,0x00,0x00,0x00,0xE0,0x6F,0x91,0x0F,0x00,0x00,0x00,0x00,0x00,0x00,0x00,0x00,0x00,0x00
    13 00005962 00E06F910F00000000- <1>
    13 0000596B 000000000000        <1>
    14 00005971 000000000000000000- <1>     db 0x00,0x00,0x00,0x00,0x00,0x00,0x00,0x00,0x00,0x00,0x00,0x00,0x00,0x00,0x00,0x00,0x00,0x00,0x00,0x00,0x00,0x00,0x00,0x00
    14 0000597A 000000000000000000- <1>
    14 00005983 000000000000        <1>
    15 00005989 0000FE02001E000000- <1>     db 0x00,0x00,0xFE,0x02,0x00,0x1E,0x00,0x00,0x00,0x00,0x00,0x00,0x00,0x00,0x00,0x00,0x00,0x00,0x00,0x00,0x00,0x00,0x00,0x00
    15 00005992 000000000000000000- <1>
    15 0000599B 000000000000        <1>
    16 000059A1 000000000000000000- <1>     db 0x00,0x00,0x00,0x00,0x00,0x00,0x00,0x00,0x00,0x00,0x00,0x00,0x00,0x00,0x00,0x00,0x00,0xD0,0x2F,0x00,0x00,0x2D,0x00,0x00
    16 000059AA 0000000000000000D0- <1>
    16 000059B3 2F00002D0000        <1>
    17 000059B9 000000000000000000- <1>     db 0x00,0x00,0x00,0x00,0x00,0x00,0x00,0x00,0x00,0x00,0x00,0x00,0x00,0x00,0x00,0x00,0x00,0x00,0x00,0x00,0x00,0x00,0x00,0x00
    17 000059C2 000000000000000000- <1>
    17 000059CB 000000000000        <1>
    18 000059D1 000000000000000000- <1>     db 0x00,0x00,0x00,0x00,0x00,0x00,0x00,0x00,0x00,0xF4,0x07,0x00,0x00,0x2C,0x00,0x00,0x00,0x00,0x00,0x00,0x00,0x00,0x00,0x00
    18 000059DA F40700002C00000000- <1>
    18 000059E3 000000000000        <1>
    19 000059E9 000000000000000000- <1>     db 0x00,0x00,0x00,0x00,0x00,0x00,0x00,0x00,0x00,0x00,0x00,0x00,0x00,0x00,0x00,0x00,0x00,0x00,0x00,0x00,0x00,0x00,0x00,0x00
    19 000059F2 000000000000000000- <1>
    19 000059FB 000000000000        <1>
    20 00005A01 00FE0000002C000000- <1>     db 0x00,0xFE,0x00,0x00,0x00,0x2C,0x00,0x00,0x00,0x00,0x00,0x00,0x00,0x00,0x00,0x00,0x00,0x00,0x00,0x00,0x00,0x00,0x00,0x00
    20 00005A0A 000000000000000000- <1>
    20 00005A13 000000000000        <1>
    21 00005A19 000000000000000000- <1>     db 0x00,0x00,0x00,0x00,0x00,0x00,0x00,0x00,0x00,0x00,0x00,0x00,0x00,0x00,0x00,0x00,0xC0,0x2F,0x01,0x00,0x00,0x38,0x00,0x00
    21 00005A22 00000000000000C02F- <1>
    21 00005A2B 010000380000        <1>
    22 00005A31 000000000000000000- <1>     db 0x00,0x00,0x00,0x00,0x00,0x00,0x00,0x00,0x00,0x00,0x00,0x00,0x00,0x00,0x00,0x00,0x00,0x00,0x00,0x00,0x00,0x00,0x00,0x00
    22 00005A3A 000000000000000000- <1>
    22 00005A43 000000000000        <1>
    23 00005A49 0000000000000000F4- <1>     db 0x00,0x00,0x00,0x00,0x00,0x00,0x00,0x00,0xF4,0x4B,0x00,0x00,0x00,0x38,0x00,0x00,0x00,0x00,0x00,0x00,0x00,0x00,0x00,0x00
    23 00005A52 4B0000003800000000- <1>
    23 00005A5B 000000000000        <1>
    24 00005A61 000000000000000000- <1>     db 0x00,0x00,0x00,0x00,0x00,0x00,0x00,0x00,0x00,0x00,0x00,0x00,0x00,0x00,0x00,0x00,0x00,0x00,0x00,0x00,0x00,0x00,0x00,0x00
    24 00005A6A 000000000000000000- <1>
    24 00005A73 000000000000        <1>
    25 00005A79 FD2100000038000000- <1>     db 0xFD,0x21,0x00,0x00,0x00,0x38,0x00,0x00,0x00,0x00,0x00,0x00,0x00,0x00,0x00,0x00,0x00,0x00,0x00,0x00,0x00,0x00,0x00,0x00
    25 00005A82 000000000000000000- <1>
    25 00005A8B 000000000000        <1>
    26 00005A91 000000000000000000- <1>     db 0x00,0x00,0x00,0x00,0x00,0x00,0x00,0x00,0x00,0x00,0x00,0x00,0x00,0x00,0x00,0x40,0x7F,0x08,0x00,0x00,0x00,0x28,0x00,0x00
    26 00005A9A 000000000000407F08- <1>
    26 00005AA3 000000280000        <1>
    27 00005AA9 000000000000000000- <1>     db 0x00,0x00,0x00,0x00,0x00,0x00,0x00,0x00,0x00,0x00,0x00,0x00,0x00,0x00,0x00,0x00,0x00,0x00,0x00,0x00,0x00,0x00,0x00,0x00
    27 00005AB2 000000000000000000- <1>
    27 00005ABB 000000000000        <1>
    28 00005AC1 00000000000000E01F- <1>     db 0x00,0x00,0x00,0x00,0x00,0x00,0x00,0xE0,0x1F,0x02,0x00,0x00,0x50,0x28,0x00,0x00,0x00,0x00,0x00,0x00,0x00,0x00,0x00,0x00
    28 00005ACA 020000502800000000- <1>
    28 00005AD3 000000000000        <1>
    29 00005AD9 000000000000000000- <1>     db 0x00,0x00,0x00,0x00,0x00,0x00,0x00,0x00,0x00,0x00,0x00,0x00,0x00,0x00,0x00,0x00,0x00,0x00,0x00,0x00,0x00,0x00,0x00,0xF8
    29 00005AE2 000000000000000000- <1>
    29 00005AEB 0000000000F8        <1>
    30 00005AF1 870000002028000000- <1>     db 0x87,0x00,0x00,0x00,0x20,0x28,0x00,0x00,0x00,0x00,0x00,0x00,0x00,0x00,0x00,0x00,0x00,0x00,0x00,0x00,0x00,0x00,0x00,0x00
    30 00005AFA 000000000000000000- <1>
    30 00005B03 000000000000        <1>
    31 00005B09 000000000000000000- <1>     db 0x00,0x00,0x00,0x00,0x00,0x00,0x00,0x00,0x00,0x00,0x00,0x00,0x00,0x00,0x00,0xFE,0x61,0x01,0x00,0x00,0x14,0x28,0x00,0x00
    31 00005B12 000000000000FE6101- <1>
    31 00005B1B 000014280000        <1>
    32 00005B21 000000000000000000- <1>     db 0x00,0x00,0x00,0x00,0x00,0x00,0x00,0x00,0x00,0x00,0x00,0x00,0x00,0x00,0x00,0x00,0x00,0x00,0x00,0x00,0x00,0x00,0x00,0x00
    32 00005B2A 000000000000000000- <1>
    32 00005B33 000000000000        <1>
    33 00005B39 00000000000080BF68- <1>     db 0x00,0x00,0x00,0x00,0x00,0x00,0x80,0xBF,0x68,0x00,0x00,0x00,0x18,0x28,0x00,0x00,0x00,0x00,0x00,0x00,0x00,0x00,0x00,0x00
    33 00005B42 000000182800000000- <1>
    33 00005B4B 000000000000        <1>
    34 00005B51 000000000000000000- <1>     db 0x00,0x00,0x00,0x00,0x00,0x00,0x00,0x00,0x00,0x00,0x00,0x00,0x00,0x00,0x00,0x00,0x00,0x00,0x00,0x00,0x00,0x00,0xE0,0x2F
    34 00005B5A 000000000000000000- <1>
    34 00005B63 00000000E02F        <1>
    35 00005B69 1E0000002E18000000- <1>     db 0x1E,0x00,0x00,0x00,0x2E,0x18,0x00,0x00,0x00,0x00,0x00,0x00,0x00,0x00,0x00,0x00,0x00,0x00,0x00,0x00,0x00,0x00,0x00,0x00
    35 00005B72 000000000000000000- <1>
    35 00005B7B 000000000000        <1>
    36 00005B81 000000000000000000- <1>     db 0x00,0x00,0x00,0x00,0x00,0x00,0x00,0x00,0x00,0x00,0x00,0x00,0x00,0x00,0xF8,0x4F,0x03,0x00,0x00,0x00,0x58,0x1C,0x00,0x00
    36 00005B8A 0000000000F84F0300- <1>
    36 00005B93 0000581C0000        <1>
    37 00005B99 000000000000000000- <1>     db 0x00,0x00,0x00,0x00,0x00,0x00,0x00,0x00,0x00,0x00,0x00,0x00,0x00,0x00,0x00,0x00,0x00,0x00,0x00,0x00,0x00,0x00,0x00,0x00
    37 00005BA2 000000000000000000- <1>
    37 00005BAB 000000000000        <1>
    38 00005BB1 000000000000FD9300- <1>     db 0x00,0x00,0x00,0x00,0x00,0x00,0xFD,0x93,0x00,0x00,0x00,0x00,0x2D,0x1C,0x00,0x00,0x00,0x00,0x00,0x00,0x00,0x00,0x00,0x00
    38 00005BBA 0000002D1C00000000- <1>
    38 00005BC3 000000000000        <1>
    39 00005BC9 000000000000000000- <1>     db 0x00,0x00,0x00,0x00,0x00,0x00,0x00,0x00,0x00,0x00,0x00,0x00,0x00,0x00,0x00,0x00,0x00,0x00,0x00,0x00,0x00,0x40,0xFF,0x31
    39 00005BD2 000000000000000000- <1>
    39 00005BDB 00000040FF31        <1>
    40 00005BE1 000000000F0C000000- <1>     db 0x00,0x00,0x00,0x00,0x0F,0x0C,0x00,0x00,0x00,0x00,0x00,0x00,0x00,0x00,0x00,0x00,0x00,0x00,0x00,0x00,0x00,0x00,0x00,0x00
    40 00005BEA 000000000000000000- <1>
    40 00005BF3 000000000000        <1>
    41 00005BF9 000000000000000000- <1>     db 0x00,0x00,0x00,0x00,0x00,0x00,0x00,0x00,0x00,0x00,0x00,0x00,0x00,0xD0,0x7F,0x18,0x05,0x00,0x00,0x80,0x07,0x0D,0x00,0x00
    41 00005C02 00000000D07F180500- <1>
    41 00005C0B 0080070D0000        <1>
    42 00005C11 000000000000000000- <1>     db 0x00,0x00,0x00,0x00,0x00,0x00,0x00,0x00,0x00,0x00,0x00,0x00,0x00,0x00,0x00,0x00,0x00,0x00,0x00,0x00,0x00,0x00,0x00,0x00
    42 00005C1A 000000000000000000- <1>
    42 00005C23 000000000000        <1>
    43 00005C29 0000000000F02F9900- <1>     db 0x00,0x00,0x00,0x00,0x00,0xF0,0x2F,0x99,0x00,0x00,0x00,0xF0,0x17,0x09,0x00,0x00,0x00,0x00,0x00,0x00,0x00,0x00,0x00,0x00
    43 00005C32 0000F0170900000000- <1>
    43 00005C3B 000000000000        <1>
    44 00005C41 000000000000000000- <1>     db 0x00,0x00,0x00,0x00,0x00,0x00,0x00,0x00,0x00,0x00,0x00,0x00,0x00,0x00,0x00,0x00,0x00,0x00,0x00,0x00,0x00,0xF8,0x4A,0x1A
    44 00005C4A 000000000000000000- <1>
    44 00005C53 000000F84A1A        <1>
    45 00005C59 000000E80F09000000- <1>     db 0x00,0x00,0x00,0xE8,0x0F,0x09,0x00,0x00,0x00,0x00,0x00,0x00,0x00,0x00,0x00,0x00,0x00,0x00,0x00,0x00,0x00,0x00,0x00,0x00
    45 00005C62 000000000000000000- <1>
    45 00005C6B 000000000000        <1>
    46 00005C71 000000000000000000- <1>     db 0x00,0x00,0x00,0x00,0x00,0x00,0x00,0x00,0x00,0x00,0x00,0x00,0x00,0xFE,0x81,0x07,0x00,0x00,0x00,0xD0,0x07,0x06,0x00,0x00
    46 00005C7A 00000000FE81070000- <1>
    46 00005C83 00D007060000        <1>
    47 00005C89 000000000000000000- <1>     db 0x00,0x00,0x00,0x00,0x00,0x00,0x00,0x00,0x00,0x00,0x00,0x00,0x00,0x00,0x00,0x00,0x00,0x00,0x00,0x00,0x00,0x00,0x00,0x00
    47 00005C92 000000000000000000- <1>
    47 00005C9B 000000000000        <1>
    48 00005CA1 00000000407FD00100- <1>     db 0x00,0x00,0x00,0x00,0x40,0x7F,0xD0,0x01,0x00,0x00,0x00,0xF4,0x02,0x06,0x00,0x00,0x00,0x00,0x00,0x00,0x00,0x00,0x00,0x00
    48 00005CAA 0000F4020600000000- <1>
    48 00005CB3 000000000000        <1>
    49 00005CB9 000000000000000000- <1>     db 0x00,0x00,0x00,0x00,0x00,0x00,0x00,0x00,0x00,0x00,0x00,0x00,0x00,0x00,0x00,0x00,0x00,0x00,0x00,0x00,0xC4,0x1F,0x70,0x10
    49 00005CC2 000000000000000000- <1>
    49 00005CCB 0000C41F7010        <1>
    50 00005CD1 000000BC0403000000- <1>     db 0x00,0x00,0x00,0xBC,0x04,0x03,0x00,0x00,0x00,0x00,0x00,0x00,0x00,0x00,0x00,0x00,0x00,0x00,0x00,0x00,0x00,0x00,0x00,0x00
    50 00005CDA 000000000000000000- <1>
    50 00005CE3 000000000000        <1>
    51 00005CE9 000000000000000000- <1>     db 0x00,0x00,0x00,0x00,0x00,0x00,0x00,0x00,0x00,0x00,0x00,0x00,0xE2,0x0B,0x68,0x0A,0x00,0x00,0x00,0xBE,0x0B,0x03,0x00,0x00
    51 00005CF2 000000E20B680A0000- <1>
    51 00005CFB 00BE0B030000        <1>
    52 00005D01 000000000000000400- <1>     db 0x00,0x00,0x00,0x00,0x00,0x00,0x00,0x04,0x00,0x00,0x00,0x00,0x00,0x00,0x00,0x00,0x00,0x00,0x00,0x00,0x00,0x00,0x00,0x00
    52 00005D0A 000000000000000000- <1>
    52 00005D13 000000000000        <1>
    53 00005D19 00000080F503FC0100- <1>     db 0x00,0x00,0x00,0x80,0xF5,0x03,0xFC,0x01,0x00,0x00,0x40,0xFE,0x42,0x02,0x00,0x00,0x00,0x00,0x00,0x00,0x00,0x00,0x00,0x07
    53 00005D22 0040FE420200000000- <1>
    53 00005D2B 000000000007        <1>
    54 00005D31 000000000000000000- <1>     db 0x00,0x00,0x00,0x00,0x00,0x00,0x00,0x00,0x00,0x00,0x00,0x00,0x00,0x00,0x00,0x00,0x00,0x00,0x00,0xA0,0xFD,0x01,0x7E,0x00
    54 00005D3A 000000000000000000- <1>
    54 00005D43 00A0FD017E00        <1>
    55 00005D49 000000BF4001000000- <1>     db 0x00,0x00,0x00,0xBF,0x40,0x01,0x00,0x00,0x00,0x00,0x00,0x18,0x00,0x00,0x40,0x01,0x00,0x00,0x00,0x00,0x00,0x00,0x00,0x00
    55 00005D52 000018000040010000- <1>
    55 00005D5B 000000000000        <1>
    56 00005D61 000000000000000000- <1>     db 0x00,0x00,0x00,0x00,0x00,0x00,0x00,0x00,0x00,0x00,0x00,0x38,0xBF,0x40,0x1F,0x00,0x00,0x00,0x80,0x1F,0x80,0x01,0x00,0x00
    56 00005D6A 000038BF401F000000- <1>
    56 00005D73 801F80010000        <1>
    57 00005D79 0000000E0000000000- <1>     db 0x00,0x00,0x00,0x0E,0x00,0x00,0x00,0x00,0x00,0x00,0x00,0x00,0x00,0x00,0x00,0x00,0x00,0x00,0x00,0x00,0x00,0x00,0x00,0x00
    57 00005D82 000000000000000000- <1>
    57 00005D8B 000000000000        <1>
    58 00005D91 0000009E3F801B0000- <1>     db 0x00,0x00,0x00,0x9E,0x3F,0x80,0x1B,0x00,0x00,0x00,0xE0,0x07,0x80,0x00,0x00,0x00,0x00,0x00,0x40,0x07,0x00,0x00,0x00,0x00
    58 00005D9A 00E007800000000000- <1>
    58 00005DA3 400700000000        <1>
    59 00005DA9 000000000000000000- <1>     db 0x00,0x00,0x00,0x00,0x00,0x00,0x00,0x00,0x00,0x00,0x00,0x00,0x00,0x00,0x00,0x00,0x00,0x00,0x80,0xCB,0x2F,0x90,0xA6,0x00
    59 00005DB2 000000000000000000- <1>
    59 00005DBB 80CB2F90A600        <1>
    60 00005DC1 0000FC4B8000000000- <1>     db 0x00,0x00,0xFC,0x4B,0x80,0x00,0x00,0x00,0x00,0x00,0x80,0x01,0x00,0x00,0x00,0x00,0x00,0x00,0x00,0x00,0x00,0x00,0x00,0x00
    60 00005DCA 008001000000000000- <1>
    60 00005DD3 000000000000        <1>
    61 00005DD9 000000000000000000- <1>     db 0x00,0x00,0x00,0x00,0x00,0x00,0x00,0x00,0x00,0x00,0xD0,0xE6,0x07,0xD0,0x1F,0x00,0x00,0x40,0xFF,0x67,0x90,0x00,0x00,0x00
    61 00005DE2 00D0E607D01F000040- <1>
    61 00005DEB FF6790000000        <1>
    62 00005DF1 000000000000000000- <1>     db 0x00,0x00,0x00,0x00,0x00,0x00,0x00,0x00,0x00,0x00,0x00,0x00,0x00,0x00,0x00,0x00,0x00,0x00,0x00,0x00,0x00,0x00,0x00,0x00
    62 00005DFA 000000000000000000- <1>
    62 00005E03 000000000000        <1>
    63 00005E09 0000F4F102F0030000- <1>     db 0x00,0x00,0xF4,0xF1,0x02,0xF0,0x03,0x00,0x00,0x00,0xF8,0x1F,0x50,0x00,0x00,0x00,0x00,0x00,0x00,0x00,0x00,0x00,0x00,0x00
    63 00005E12 00F81F500000000000- <1>
    63 00005E1B 000000000000        <1>
    64 00005E21 000000000000000000- <1>     db 0x00,0x00,0x00,0x00,0x00,0x00,0x00,0x00,0x00,0x00,0x00,0x00,0x00,0x00,0x00,0x00,0x00,0x00,0xBD,0xF4,0x01,0xA8,0x06,0x00
    64 00005E2A 000000000000000000- <1>
    64 00005E33 BDF401A80600        <1>
    65 00005E39 0000FD022000000000- <1>     db 0x00,0x00,0xFD,0x02,0x20,0x00,0x00,0x00,0x00,0x00,0x00,0x00,0x00,0x00,0x00,0x00,0x00,0x00,0x00,0x00,0x00,0x00,0x00,0x00
    65 00005E42 000000000000000000- <1>
    65 00005E4B 000000000000        <1>
    66 00005E51 000000000000000000- <1>     db 0x00,0x00,0x00,0x00,0x00,0x00,0x00,0x00,0x00,0x00,0x3F,0xBD,0x00,0xE9,0x50,0x00,0x00,0x40,0xBF,0x06,0x30,0x00,0x00,0x00
    66 00005E5A 003FBD00E950000040- <1>
    66 00005E63 BF0630000000        <1>
    67 00005E69 000000000000000000- <1>     db 0x00,0x00,0x00,0x00,0x00,0x00,0x00,0x00,0x00,0x00,0x00,0x00,0x00,0x00,0x00,0x00,0x00,0x00,0x00,0x00,0x00,0x00,0x00,0x00
    67 00005E72 000000000000000000- <1>
    67 00005E7B 000000000000        <1>
    68 00005E81 00801F7F00B51F0000- <1>     db 0x00,0x80,0x1F,0x7F,0x00,0xB5,0x1F,0x00,0x00,0xC0,0xFF,0x01,0x24,0x00,0x00,0x00,0x00,0x00,0x00,0x00,0x00,0x00,0x00,0x00
    68 00005E8A C0FF01240000000000- <1>
    68 00005E93 000000000000        <1>
    69 00005E99 000000000000000000- <1>     db 0x00,0x00,0x00,0x00,0x00,0x00,0x00,0x00,0x00,0x00,0x00,0x00,0x00,0x00,0x00,0x00,0x00,0xE0,0x4B,0x3F,0x00,0xFC,0x02,0x00
    69 00005EA2 0000000000000000E0- <1>
    69 00005EAB 4B3F00FC0200        <1>
    70 00005EB1 00F47F002400000000- <1>     db 0x00,0xF4,0x7F,0x00,0x24,0x00,0x00,0x00,0x00,0x00,0x00,0x00,0x00,0x00,0x00,0x00,0x00,0x00,0x00,0x00,0x00,0x00,0x00,0x00
    70 00005EBA 000000000000000000- <1>
    70 00005EC3 000000000000        <1>
    71 00005EC9 000000000000000000- <1>     db 0x00,0x00,0x00,0x00,0x00,0x00,0x00,0x00,0x00,0xF8,0x87,0x1F,0x00,0x7A,0x00,0x00,0x00,0xFD,0x0B,0x00,0x24,0x00,0x00,0x00
    71 00005ED2 F8871F007A000000FD- <1>
    71 00005EDB 0B0024000000        <1>
    72 00005EE1 000000004002000000- <1>     db 0x00,0x00,0x00,0x00,0x40,0x02,0x00,0x00,0x00,0x00,0x00,0x00,0x00,0x00,0x00,0x00,0x00,0x00,0x00,0x00,0x00,0x00,0x00,0x00
    72 00005EEA 000000000000000000- <1>
    72 00005EF3 000000000000        <1>
    73 00005EF9 00FDC20F4059000000- <1>     db 0x00,0xFD,0xC2,0x0F,0x40,0x59,0x00,0x00,0x00,0xF9,0x1B,0x01,0x18,0x00,0x00,0x00,0x00,0x00,0x00,0x00,0xD0,0x01,0x00,0x00
    73 00005F02 F91B01180000000000- <1>
    73 00005F0B 0000D0010000        <1>
    74 00005F11 000000000000000000- <1>     db 0x00,0x00,0x00,0x00,0x00,0x00,0x00,0x00,0x00,0x00,0x00,0x00,0x00,0x00,0x00,0x00,0x80,0x7F,0xD1,0x07,0x00,0x2D,0x00,0x00
    74 00005F1A 00000000000000807F- <1>
    74 00005F23 D107002D0000        <1>
    75 00005F29 00F89F010C00000000- <1>     db 0x00,0xF8,0x9F,0x01,0x0C,0x00,0x00,0x00,0x00,0x00,0x01,0x00,0x10,0x00,0x00,0x00,0x00,0x00,0x00,0x00,0x00,0x00,0x00,0x00
    75 00005F32 000100100000000000- <1>
    75 00005F3B 000000000000        <1>
    76 00005F41 0000000000000000E0- <1>     db 0x00,0x00,0x00,0x00,0x00,0x00,0x00,0x00,0xE0,0x1F,0xE0,0x03,0x00,0x5B,0x00,0x00,0x00,0xFE,0x7F,0x00,0x0D,0x00,0x20,0x00
    76 00005F4A 1FE003005B000000FE- <1>
    76 00005F53 7F000D002000        <1>
    77 00005F59 00D001000000000000- <1>     db 0x00,0xD0,0x01,0x00,0x00,0x00,0x00,0x00,0x00,0x00,0x00,0x00,0x00,0x00,0x00,0x00,0x00,0x00,0x00,0x00,0x00,0x00,0x00,0x00
    77 00005F62 000000000000000000- <1>
    77 00005F6B 000000000000        <1>
    78 00005F71 F90BF003401B000080- <1>     db 0xF9,0x0B,0xF0,0x03,0x40,0x1B,0x00,0x00,0x80,0xFF,0x0F,0x00,0x0A,0x00,0x28,0x00,0x00,0xF8,0x00,0x00,0x00,0x00,0x00,0x00
    78 00005F7A FF0F000A00280000F8- <1>
    78 00005F83 000000000000        <1>
    79 00005F89 000000000000000000- <1>     db 0x00,0x00,0x00,0x00,0x00,0x00,0x00,0x00,0x00,0x00,0x00,0x00,0x00,0x00,0x00,0x80,0xFF,0x02,0xB8,0x02,0xC0,0x01,0x00,0x00
    79 00005F92 00000000000080FF02- <1>
    79 00005F9B B802C0010000        <1>
    80 00005FA1 E0FF024007000D0040- <1>     db 0xE0,0xFF,0x02,0x40,0x07,0x00,0x0D,0x00,0x40,0xBF,0x00,0x00,0x00,0x00,0x00,0x00,0x00,0x00,0x00,0x00,0x00,0x00,0x00,0x00
    80 00005FAA BF0000000000000000- <1>
    80 00005FB3 000000000000        <1>
    81 00005FB9 00000000000000F4BF- <1>     db 0x00,0x00,0x00,0x00,0x00,0x00,0x00,0xF4,0xBF,0x04,0x78,0x02,0x50,0x05,0x00,0x00,0xF8,0x7F,0x00,0x40,0x03,0x00,0x00,0x00
    81 00005FC2 04780250050000F87F- <1>
    81 00005FCB 004003000000        <1>
    82 00005FD1 E07F00000000000000- <1>     db 0xE0,0x7F,0x00,0x00,0x00,0x00,0x00,0x00,0x00,0x00,0x00,0x00,0x00,0x00,0x00,0x00,0x00,0x00,0x00,0x00,0x00,0x00,0x00,0xFE
    82 00005FDA 000000000000000000- <1>
    82 00005FE3 0000000000FE        <1>
    83 00005FE9 6F067501000B0000F5- <1>     db 0x6F,0x06,0x75,0x01,0x00,0x0B,0x00,0x00,0xF5,0xFF,0x15,0xC0,0x02,0x00,0x00,0x00,0xF4,0x3F,0x00,0x00,0x00,0x00,0x00,0x00
    83 00005FF2 FF15C002000000F43F- <1>
    83 00005FFB 000000000000        <1>
    84 00006001 000000000000000000- <1>     db 0x00,0x00,0x00,0x00,0x00,0x00,0x00,0x00,0x00,0x00,0x00,0x00,0x00,0x00,0xD0,0xFF,0xAB,0x00,0x68,0x01,0x80,0x01,0x00,0x00
    84 0000600A 0000000000D0FFAB00- <1>
    84 00006013 680180010000        <1>
    85 00006019 F9FF0BD001000000F8- <1>     db 0xF9,0xFF,0x0B,0xD0,0x01,0x00,0x00,0x00,0xF8,0x1F,0x00,0x00,0x00,0x00,0x00,0x00,0x00,0x00,0x00,0x00,0x00,0x00,0x00,0x00
    85 00006022 1F0000000000000000- <1>
    85 0000602B 000000000000        <1>
    86 00006031 000000000000F8FF2F- <1>     db 0x00,0x00,0x00,0x00,0x00,0x00,0xF8,0xFF,0x2F,0x00,0x58,0x00,0x80,0x00,0x00,0x00,0xF4,0xFF,0x01,0xF0,0x00,0x00,0x00,0x00
    86 0000603A 00580080000000F4FF- <1>
    86 00006043 01F000000000        <1>
    87 00006049 FC0F00000000000000- <1>     db 0xFC,0x0F,0x00,0x00,0x00,0x00,0x00,0x00,0x00,0x00,0x00,0x00,0x00,0x00,0x00,0x00,0x00,0x00,0x00,0x00,0x00,0x00,0xFE,0xFF
    87 00006052 000000000000000000- <1>
    87 0000605B 00000000FEFF        <1>
    88 00006061 0B00080010000000FE- <1>     db 0x0B,0x00,0x08,0x00,0x10,0x00,0x00,0x00,0xFE,0x2F,0x00,0xB4,0x00,0x00,0x00,0x00,0xFD,0x06,0x00,0x00,0x00,0x00,0x00,0x00
    88 0000606A 2F00B400000000FD06- <1>
    88 00006073 000000000000        <1>
    89 00006079 000000000000000000- <1>     db 0x00,0x00,0x00,0x00,0x00,0x00,0x00,0x00,0x00,0x00,0x00,0x00,0x00,0xD0,0xFF,0xF6,0x02,0x00,0x08,0x00,0x00,0x00,0x00,0xE4
    89 00006082 00000000D0FFF60200- <1>
    89 0000608B 0800000000E4        <1>
    90 00006091 FF02003C00000000BF- <1>     db 0xFF,0x02,0x00,0x3C,0x00,0x00,0x00,0x00,0xBF,0x00,0x00,0x00,0x00,0x00,0x00,0x00,0x00,0x00,0x00,0x00,0x00,0x00,0x00,0x00
    90 0000609A 000000000000000000- <1>
    90 000060A3 000000000000        <1>
    91 000060A9 0000000000F86FBD00- <1>     db 0x00,0x00,0x00,0x00,0x00,0xF8,0x6F,0xBD,0x00,0x00,0x04,0x00,0x00,0x00,0x40,0xFA,0x2F,0x00,0x00,0x2D,0x00,0x00,0x00,0x40
    91 000060B2 000400000040FA2F00- <1>
    91 000060BB 002D00000040        <1>
    92 000060C1 1B0000000800000000- <1>     db 0x1B,0x00,0x00,0x00,0x08,0x00,0x00,0x00,0x00,0x00,0x00,0x00,0x00,0x00,0x00,0x00,0x00,0x00,0x00,0x00,0x00,0xFE,0x4B,0x5E
    92 000060CA 000000000000000000- <1>
    92 000060D3 000000FE4B5E        <1>
    93 000060D9 1900000000000090FF- <1>     db 0x19,0x00,0x00,0x00,0x00,0x00,0x00,0x90,0xFF,0x16,0x00,0x1F,0x00,0x00,0x00,0x80,0x01,0x00,0x00,0x00,0x02,0x00,0x00,0x00
    93 000060E2 16001F000000800100- <1>
    93 000060EB 000002000000        <1>
    94 000060F1 000000000000000000- <1>     db 0x00,0x00,0x00,0x00,0x00,0x00,0x00,0x00,0x00,0x00,0x00,0x00,0xD0,0xBF,0x41,0xAB,0x07,0x00,0x00,0x00,0x00,0x00,0x00,0xE8
    94 000060FA 000000D0BF41AB0700- <1>
    94 00006103 0000000000E8        <1>
    95 00006109 FF1B800B0000000000- <1>     db 0xFF,0x1B,0x80,0x0B,0x00,0x00,0x00,0x00,0x00,0x00,0x00,0x00,0x00,0x00,0x00,0x50,0x00,0x00,0x00,0x00,0x00,0x00,0x00,0x00
    95 00006112 000000000000500000- <1>
    95 0000611B 000000000000        <1>
    96 00006121 00000000F45F908100- <1>     db 0x00,0x00,0x00,0x00,0xF4,0x5F,0x90,0x81,0x00,0x00,0x00,0x00,0x00,0x00,0x00,0x80,0x7F,0x00,0xD0,0x07,0x00,0x00,0x00,0x00
    96 0000612A 000000000000807F00- <1>
    96 00006133 D00700000000        <1>
    97 00006139 000000000000402E00- <1>     db 0x00,0x00,0x00,0x00,0x00,0x00,0x40,0x2E,0x00,0x00,0x00,0x00,0x00,0x00,0x00,0x00,0x00,0x00,0x00,0x00,0xFD,0x02,0x04,0x10
    97 00006142 000000000000000000- <1>
    97 0000614B 0000FD020410        <1>
    98 00006151 00000000000040EA7F- <1>     db 0x00,0x00,0x00,0x00,0x00,0x00,0x40,0xEA,0x7F,0x00,0xE0,0x01,0x00,0x00,0x00,0x00,0x00,0x00,0x00,0x00,0x00,0x00,0xE0,0x0B
    98 0000615A 00E001000000000000- <1>
    98 00006163 00000000E00B        <1>
    99 00006169 000000000000000000- <1>     db 0x00,0x00,0x00,0x00,0x00,0x00,0x00,0x00,0x00,0x00,0x00,0x80,0x7F,0x00,0x00,0x00,0x00,0x00,0x00,0x00,0x00,0x00,0x00,0xE5
    99 00006172 0000807F0000000000- <1>
    99 0000617B 0000000000E5        <1>
   100 00006181 0B00F4000004000000- <1>     db 0x0B,0x00,0xF4,0x00,0x00,0x04,0x00,0x00,0x00,0x00,0x00,0x00,0x00,0x00,0xFC,0x02,0x00,0x00,0x00,0x00,0x00,0x00,0x00,0x00
   100 0000618A 0000000000FC020000- <1>
   100 00006193 000000000000        <1>
   101 00006199 000000E00F00000000- <1>     db 0x00,0x00,0x00,0xE0,0x0F,0x00,0x00,0x00,0x00,0x00,0x00,0x00,0x00,0x00,0x00,0xE8,0x6F,0x00,0x78,0x00,0x00,0x0A,0x00,0x00
   101 000061A2 000000000000E86F00- <1>
   101 000061AB 7800000A0000        <1>
   102 000061B1 0000000000006F0000- <1>     db 0x00,0x00,0x00,0x00,0x00,0x00,0x6F,0x00,0x00,0x00,0x00,0x00,0x00,0x00,0x00,0x00,0x00,0x00,0x00,0xF8,0x02,0x00,0x00,0x00
   102 000061BA 000000000000000000- <1>
   102 000061C3 00F802000000        <1>
   103 000061C9 00000000000040A0AA- <1>     db 0x00,0x00,0x00,0x00,0x00,0x00,0x40,0xA0,0xAA,0x01,0x3A,0x00,0xD0,0x07,0x00,0x00,0x00,0x00,0x00,0x00,0x00,0x40,0x01,0x00
   103 000061D2 013A00D00700000000- <1>
   103 000061DB 000000400100        <1>
   104 000061E1 000000000000000000- <1>     db 0x00,0x00,0x00,0x00,0x00,0x00,0x00,0x00,0x00,0x00,0x00,0x7E,0x00,0x00,0x00,0x00,0x00,0x00,0x00,0x00,0x00,0x00,0x40,0xA5
   104 000061EA 00007E000000000000- <1>
   104 000061F3 0000000040A5        <1>
   105 000061F9 00401C00E003000100- <1>     db 0x00,0x40,0x1C,0x00,0xE0,0x03,0x00,0x01,0x00,0x00,0x00,0x00,0x00,0x00,0x00,0x00,0x00,0x00,0x00,0x00,0x00,0x00,0x00,0x00
   105 00006202 000000000000000000- <1>
   105 0000620B 000000000000        <1>
   106 00006211 0000802F0000000000- <1>     db 0x00,0x00,0x80,0x2F,0x00,0x00,0x00,0x00,0x00,0x00,0x00,0x00,0x00,0x00,0x00,0x96,0x02,0x00,0x0B,0x00,0xF0,0x02,0x40,0x02
   106 0000621A 000000000000960200- <1>
   106 00006223 0B00F0024002        <1>
   107 00006229 000000000000000000- <1>     db 0x00,0x00,0x00,0x00,0x00,0x00,0x00,0x00,0x00,0x00,0x00,0x00,0x00,0x00,0x00,0x00,0x00,0x00,0xE0,0x07,0x00,0x00,0x00,0x00
   107 00006232 000000000000000000- <1>
   107 0000623B E00700000000        <1>
   108 00006241 000000000000000900- <1>     db 0x00,0x00,0x00,0x00,0x00,0x00,0x00,0x09,0x00,0x40,0x02,0x00,0x74,0x00,0x00,0x00,0x00,0x10,0x00,0x00,0x00,0x00,0x00,0x00
   108 0000624A 400200740000000010- <1>
   108 00006253 000000000000        <1>
   109 00006259 000000000000000000- <1>     db 0x00,0x00,0x00,0x00,0x00,0x00,0x00,0x00,0x00,0x00,0xF8,0x01,0x00,0x00,0x00,0x00,0x00,0x00,0x00,0x00,0x00,0x00,0x00,0x2D
   109 00006262 00F801000000000000- <1>
   109 0000626B 00000000002D        <1>
   110 00006271 004000000400000000- <1>     db 0x00,0x40,0x00,0x00,0x04,0x00,0x00,0x00,0x00,0x1E,0x00,0x00,0x00,0x00,0x00,0x00,0x00,0x00,0x00,0x00,0x00,0x00,0x00,0x00
   110 0000627A 1E0000000000000000- <1>
   110 00006283 000000000000        <1>
   111 00006289 0000BD000000000000- <1>     db 0x00,0x00,0xBD,0x00,0x00,0x00,0x00,0x00,0x00,0x00,0x00,0x00,0x00,0x00,0x00,0x74,0x00,0x00,0x00,0x00,0x00,0x00,0x00,0x00
   111 00006292 000000000000740000- <1>
   111 0000629B 000000000000        <1>
   112 000062A1 E40B00000000000000- <1>     db 0xE4,0x0B,0x00,0x00,0x00,0x00,0x00,0x00,0x00,0x00,0x00,0x00,0x00,0x00,0x00,0x00,0x00,0x80,0x2F,0x00,0x00,0x00,0x00,0x00
   112 000062AA 000000000000000080- <1>
   112 000062B3 2F0000000000        <1>
   113 000062B9 000000000000005400- <1>     db 0x00,0x00,0x00,0x00,0x00,0x00,0x00,0x54,0x00,0x00,0x00,0x00,0x00,0x00,0x00,0x40,0xFE,0x03,0x00,0x09,0x00,0x00,0x00,0x00
   113 000062C2 00000000000040FE03- <1>
   113 000062CB 000900000000        <1>
   114 000062D1 000000000000000000- <1>     db 0x00,0x00,0x00,0x00,0x00,0x00,0x00,0x00,0x00,0xD0,0x1B,0x00,0x00,0x54,0x00,0x00,0x00,0x00,0x00,0x00,0x00,0x00,0x00,0x54
   114 000062DA D01B00005400000000- <1>
   114 000062E3 000000000054        <1>
   115 000062E9 01000000000000E4FF- <1>     db 0x01,0x00,0x00,0x00,0x00,0x00,0x00,0xE4,0xFF,0x01,0x00,0x01,0x00,0x00,0x00,0x00,0x00,0x00,0x00,0x00,0x00,0x00,0x00,0x00
   115 000062F2 010001000000000000- <1>
   115 000062FB 000000000000        <1>
   116 00006301 00F00200901A000000- <1>     db 0x00,0xF0,0x02,0x00,0x90,0x1A,0x00,0x00,0x00,0x00,0x00,0x00,0x00,0x00,0x00,0x04,0x00,0x00,0x00,0x00,0x00,0x00,0x40,0xFF
   116 0000630A 000000000000040000- <1>
   116 00006313 0000000040FF        <1>
   117 00006319 BF0000000000000000- <1>     db 0xBF,0x00,0x00,0x00,0x00,0x00,0x00,0x00,0x00,0x00,0x00,0x00,0x00,0x00,0x00,0x00,0x00,0xB8,0x00,0x14,0xFA,0x5B,0x01,0x00
   117 00006322 0000000000000000B8- <1>
   117 0000632B 0014FA5B0100        <1>
   118 00006331 000000000000000000- <1>     db 0x00,0x00,0x00,0x00,0x00,0x00,0x00,0x00,0x00,0x00,0x00,0x00,0x00,0x00,0xE0,0xFF,0x3F,0x00,0x00,0x00,0x00,0x00,0x00,0x00
   118 0000633A 0000000000E0FF3F00- <1>
   118 00006343 000000000000        <1>
   119 00006349 000000000000000000- <1>     db 0x00,0x00,0x00,0x00,0x00,0x00,0x00,0x00,0x00,0x7E,0x00,0x99,0xFF,0xFF,0x5A,0x00,0x00,0x00,0x00,0x00,0x00,0x00,0x00,0x00
   119 00006352 7E0099FFFF5A000000- <1>
   119 0000635B 000000000000        <1>
   120 00006361 000000000600F4FF1F- <1>     db 0x00,0x00,0x00,0x00,0x06,0x00,0xF4,0xFF,0x1F,0x00,0x00,0x00,0x00,0x00,0x00,0x00,0x00,0x00,0x00,0x00,0x00,0x00,0x00,0x00
   120 0000636A 000000000000000000- <1>
   120 00006373 000000000000        <1>
   121 00006379 401F00EBFFFF6F0000- <1>     db 0x40,0x1F,0x00,0xEB,0xFF,0xFF,0x6F,0x00,0x00,0x00,0x00,0x00,0x00,0x00,0x00,0x00,0x00,0x00,0x00,0x40,0x01,0x00,0xF8,0xFF
   121 00006382 000000000000000000- <1>
   121 0000638B 00400100F8FF        <1>
   122 00006391 0B0000000000000000- <1>     db 0x0B,0x00,0x00,0x00,0x00,0x00,0x00,0x00,0x00,0x00,0x00,0x00,0x00,0x00,0x00,0x00,0xC0,0x17,0x80,0xE6,0x06,0x94,0xFE,0x06
   122 0000639A 00000000000000C017- <1>
   122 000063A3 80E60694FE06        <1>
   123 000063A9 000000000000000000- <1>     db 0x00,0x00,0x00,0x00,0x00,0x00,0x00,0x00,0x00,0x10,0x00,0x00,0x00,0x00,0xFD,0xFF,0x07,0x00,0x00,0x00,0x00,0x00,0x00,0x00
   123 000063B2 1000000000FDFF0700- <1>
   123 000063BB 000000000000        <1>
   124 000063C1 0000000000000000E0- <1>     db 0x00,0x00,0x00,0x00,0x00,0x00,0x00,0x00,0xE0,0x03,0x40,0x14,0x00,0x00,0x50,0x02,0x00,0x00,0x00,0x00,0x00,0x00,0x00,0x00
   124 000063CA 034014000050020000- <1>
   124 000063D3 000000000000        <1>
   125 000063D9 002800000000FFFF02- <1>     db 0x00,0x28,0x00,0x00,0x00,0x00,0xFF,0xFF,0x02,0x00,0x00,0x00,0x00,0x00,0x00,0x00,0x00,0x00,0x00,0x00,0x00,0x00,0x00,0x00
   125 000063E2 000000000000000000- <1>
   125 000063EB 000000000000        <1>
   126 000063F1 F40100000000000000- <1>     db 0xF4,0x01,0x00,0x00,0x00,0x00,0x00,0x00,0x00,0x00,0x00,0x00,0x00,0x00,0x00,0x00,0x00,0x1E,0x00,0x00,0x00,0x80,0xFF,0xFF
   126 000063FA 00000000000000001E- <1>
   126 00006403 00000080FFFF        <1>
   127 00006409 000020000000000000- <1>     db 0x00,0x00,0x20,0x00,0x00,0x00,0x00,0x00,0x00,0x00,0x00,0x00,0x00,0x00,0x00,0x00,0xF8,0x00,0x00,0x00,0x69,0x00,0x00,0x00
   127 00006412 00000000000000F800- <1>
   127 0000641B 000069000000        <1>
   128 00006421 000000000000000000- <1>     db 0x00,0x00,0x00,0x00,0x00,0x00,0x00,0x00,0x00,0x0B,0x00,0x00,0x00,0xC0,0xFF,0x7F,0x00,0x00,0x09,0x00,0x00,0x00,0x00,0x00
   128 0000642A 0B000000C0FF7F0000- <1>
   128 00006433 090000000000        <1>
   129 00006439 0000000000000000BD- <1>     db 0x00,0x00,0x00,0x00,0x00,0x00,0x00,0x00,0xBD,0x00,0x50,0x00,0xBE,0x40,0xD0,0x57,0x00,0x00,0x00,0x00,0x00,0x54,0x00,0x00
   129 00006442 005000BE40D0570000- <1>
   129 0000644B 000000540000        <1>
   130 00006451 4002000D00E0FF1B00- <1>     db 0x40,0x02,0x00,0x0D,0x00,0xE0,0xFF,0x1B,0x00,0x00,0x00,0x00,0x00,0x00,0x00,0x00,0x00,0x00,0x00,0x00,0x00,0x00,0x00,0x00
   130 0000645A 000000000000000000- <1>
   130 00006463 000000000000        <1>
   131 00006469 7F00B4001940F41B00- <1>     db 0x7F,0x00,0xB4,0x00,0x19,0x40,0xF4,0x1B,0x00,0x00,0x00,0x00,0x00,0x01,0x00,0x00,0x00,0x00,0x80,0x0B,0x04,0xF4,0xBF,0x00
   131 00006472 000000000100000000- <1>
   131 0000647B 800B04F4BF00        <1>
   132 00006481 000000000000000000- <1>     db 0x00,0x00,0x00,0x00,0x00,0x00,0x00,0x00,0x00,0x00,0x00,0x00,0x00,0x00,0x00,0x80,0x7B,0x00,0x78,0x00,0x00,0x00,0xFC,0x01
   132 0000648A 000000000000807B00- <1>
   132 00006493 78000000FC01        <1>
   133 00006499 0000000000BD060000- <1>     db 0x00,0x00,0x00,0x00,0x00,0xBD,0x06,0x00,0x00,0x00,0xF4,0x07,0x08,0xF8,0x07,0x00,0x00,0x00,0x00,0x00,0x00,0x00,0x00,0x00
   133 000064A2 00F40708F807000000- <1>
   133 000064AB 000000000000        <1>
   134 000064B1 00000000000000D01B- <1>     db 0x00,0x00,0x00,0x00,0x00,0x00,0x00,0xD0,0x1B,0x00,0x2C,0x00,0x40,0x02,0xBE,0x01,0x00,0x00,0x00,0x00,0x00,0x90,0x00,0x00
   134 000064BA 002C004002BE010000- <1>
   134 000064C3 000000900000        <1>
   135 000064C9 0000FC03006D000000- <1>     db 0x00,0x00,0xFC,0x03,0x00,0x6D,0x00,0x00,0x00,0x00,0x00,0x00,0x40,0x00,0x00,0x00,0x00,0x00,0x00,0x00,0x00,0x00,0x00,0xF0
   135 000064D2 000000400000000000- <1>
   135 000064DB 0000000000F0        <1>
   136 000064E1 0A000E44D0417F0000- <1>     db 0x0A,0x00,0x0E,0x44,0xD0,0x41,0x7F,0x00,0x00,0x00,0x00,0x00,0x00,0x00,0x06,0x00,0x00,0x00,0xFD,0x01,0x00,0x01,0x00,0x00
   136 000064EA 000000000006000000- <1>
   136 000064F3 FD0100010000        <1>
   137 000064F9 000000407E00000000- <1>     db 0x00,0x00,0x00,0x40,0x7E,0x00,0x00,0x00,0x00,0x00,0x00,0x00,0x00,0x00,0x00,0xB8,0x02,0x00,0x87,0x4E,0x42,0xC4,0x1F,0x00
   137 00006502 000000000000B80200- <1>
   137 0000650B 874E42C41F00        <1>
   138 00006511 0000000000502E0000- <1>     db 0x00,0x00,0x00,0x00,0x00,0x50,0x2E,0x00,0x00,0x00,0xBE,0x00,0x00,0x00,0x00,0x00,0x00,0x00,0x00,0xF4,0x0B,0x00,0x00,0x00
   138 0000651A 00BE00000000000000- <1>
   138 00006523 00F40B000000        <1>
   139 00006529 00000000000000BD00- <1>     db 0x00,0x00,0x00,0x00,0x00,0x00,0x00,0xBD,0x00,0x40,0x01,0x10,0x40,0xF5,0x0B,0x00,0x00,0x00,0x00,0x00,0x00,0x00,0xA4,0x01
   139 00006532 40011040F50B000000- <1>
   139 0000653B 00000000A401        <1>
   140 00006541 04001F000000000000- <1>     db 0x04,0x00,0x1F,0x00,0x00,0x00,0x00,0x00,0x00,0x00,0x00,0xFD,0x02,0x00,0x00,0x00,0x00,0x00,0x00,0x00,0x00,0x00,0x40,0x1F
   140 0000654A 0000FD020000000000- <1>
   140 00006553 00000000401F        <1>
   141 00006559 0040004059FE020000- <1>     db 0x00,0x40,0x00,0x40,0x59,0xFE,0x02,0x00,0x00,0x00,0x00,0x00,0x00,0x00,0x00,0x00,0x08,0x40,0x02,0x00,0x00,0x00,0x00,0x00
   141 00006562 000000000000000840- <1>
   141 0000656B 020000000000        <1>
   142 00006571 000040160000000000- <1>     db 0x00,0x00,0x40,0x16,0x00,0x00,0x00,0x00,0x00,0x00,0x00,0x00,0x00,0x00,0xD0,0x07,0x00,0x00,0xE4,0xBF,0xFA,0x7F,0x00,0x00
   142 0000657A 0000000000D0070000- <1>
   142 00006583 E4BFFA7F0000        <1>
   143 00006589 000000000000000000- <1>     db 0x00,0x00,0x00,0x00,0x00,0x00,0x00,0x00,0x00,0x00,0x00,0x00,0x00,0x50,0x00,0x00,0x00,0x00,0x00,0x00,0x00,0x00,0x00,0x00
   143 00006592 000000005000000000- <1>
   143 0000659B 000000000000        <1>
   144 000065A1 000000000000B40100- <1>     db 0x00,0x00,0x00,0x00,0x00,0x00,0xB4,0x01,0x00,0x00,0xF9,0xFF,0xFF,0x6B,0x00,0x00,0x00,0x00,0x00,0x00,0x00,0x00,0x00,0x00
   144 000065AA 00F9FFFF6B00000000- <1>
   144 000065B3 000000000000        <1>
   145 000065B9 000000000038000000- <1>     db 0x00,0x00,0x00,0x00,0x00,0x38,0x00,0x00,0x00,0x00,0x00,0x00,0x00,0x00,0x00,0x00,0x00,0x00,0x00,0x00,0x00,0x00,0x7E,0x00
   145 000065C2 000000000000000000- <1>
   145 000065CB 000000007E00        <1>
   146 000065D1 0000A5FFFF0A000000- <1>     db 0x00,0x00,0xA5,0xFF,0xFF,0x0A,0x00,0x00,0x00,0x00,0x00,0x00,0x00,0x00,0x00,0x01,0x00,0x00,0x00,0x00,0x01,0x04,0x00,0x00
   146 000065DA 000000000000010000- <1>
   146 000065E3 000001040000        <1>
   147 000065E9 000000000000000000- <1>     db 0x00,0x00,0x00,0x00,0x00,0x00,0x00,0x00,0x00,0x00,0x00,0x00,0x00,0x80,0x1F,0x00,0x00,0x00,0xE9,0xEE,0x5A,0x00,0x00,0x00
   147 000065F2 00000000801F000000- <1>
   147 000065FB E9EE5A000000        <1>
   148 00006601 000000000000900B00- <1>     db 0x00,0x00,0x00,0x00,0x00,0x00,0x90,0x0B,0x00,0x00,0x00,0xE4,0x01,0x00,0x00,0x00,0x04,0x00,0x00,0x00,0x00,0x00,0x00,0x00
   148 0000660A 0000E4010000000400- <1>
   148 00006613 000000000000        <1>
   149 00006619 0000000000E0020000- <1>     db 0x00,0x00,0x00,0x00,0x00,0xE0,0x02,0x00,0x00,0x00,0x65,0x56,0x01,0x00,0x00,0x00,0x00,0x00,0x00,0x00,0x00,0x00,0x40,0x7F
   149 00006622 006556010000000000- <1>
   149 0000662B 00000000407F        <1>
   150 00006631 004040BF000000A407- <1>     db 0x00,0x40,0x40,0xBF,0x00,0x00,0x00,0xA4,0x07,0x00,0x00,0x00,0x00,0x00,0x00,0x00,0x00,0x00,0x00,0x00,0x00,0xBD,0x00,0x00
   150 0000663A 000000000000000000- <1>
   150 00006643 000000BD0000        <1>
   151 00006649 000040010000000000- <1>     db 0x00,0x00,0x40,0x01,0x00,0x00,0x00,0x00,0x00,0x00,0x00,0x00,0x00,0x00,0x00,0xF8,0x00,0x70,0xE0,0x3F,0x00,0x00,0x90,0xFF
   151 00006652 000000000000F80070- <1>
   151 0000665B E03F000090FF        <1>
   152 00006661 010000000000000000- <1>     db 0x01,0x00,0x00,0x00,0x00,0x00,0x00,0x00,0x00,0x00,0x00,0x00,0x40,0x1F,0x00,0x00,0x00,0x00,0x00,0x00,0x00,0x00,0x00,0x00
   152 0000666A 000000401F00000000- <1>
   152 00006673 000000000000        <1>
   153 00006679 00000000000000E401- <1>     db 0x00,0x00,0x00,0x00,0x00,0x00,0x00,0xE4,0x01,0x14,0xF4,0x1F,0x00,0x00,0xFE,0x7F,0x00,0x00,0x00,0x00,0x00,0x00,0x00,0x00
   153 00006682 14F41F0000FE7F0000- <1>
   153 0000668B 000000000000        <1>
   154 00006691 00000000E002000000- <1>     db 0x00,0x00,0x00,0x00,0xE0,0x02,0x00,0x00,0x00,0x00,0x00,0x00,0x00,0x00,0x00,0x00,0x00,0x00,0x00,0x00,0x00,0x00,0x00,0x00
   154 0000669A 000000000000000000- <1>
   154 000066A3 000000000000        <1>
   155 000066A9 0100FD0700C0FF1F00- <1>     db 0x01,0x00,0xFD,0x07,0x00,0xC0,0xFF,0x1F,0x00,0x00,0x00,0x00,0x00,0x00,0x00,0x00,0x00,0x00,0x00,0x00,0xBC,0x00,0x00,0x00
   155 000066B2 000000000000000000- <1>
   155 000066BB 0000BC000000        <1>
   156 000066C1 000000000000000000- <1>     db 0x00,0x00,0x00,0x00,0x00,0x00,0x00,0x00,0x00,0x00,0x00,0x00,0x00,0x00,0x00,0x00,0x00,0x00,0xFF,0x02,0x00,0xF0,0xFF,0x07
   156 000066CA 000000000000000000- <1>
   156 000066D3 FF0200F0FF07        <1>
   157 000066D9 000000000000000000- <1>     db 0x00,0x00,0x00,0x00,0x00,0x00,0x00,0x00,0x00,0x00,0x00,0x40,0x1F,0x00,0x00,0x00,0x00,0x00,0x00,0x00,0x00,0x00,0x00,0x00
   157 000066E2 0000401F0000000000- <1>
   157 000066EB 000000000000        <1>
   158 000066F1 000000000000000000- <1>     db 0x00,0x00,0x00,0x00,0x00,0x00,0x00,0x00,0x00,0x80,0xBF,0x00,0x00,0xF8,0xFF,0x01,0x00,0x00,0x00,0x00,0x00,0x00,0x00,0x00
   158 000066FA 80BF0000F8FF010000- <1>
   158 00006703 000000000000        <1>
   159 00006709 000000D00600000000- <1>     db 0x00,0x00,0x00,0xD0,0x06,0x00,0x00,0x00,0x00,0x00,0x00,0x00,0x00,0x00,0x00,0x00,0x00,0x00,0x00,0x00,0x00,0x00,0x00,0x00
   159 00006712 000000000000000000- <1>
   159 0000671B 000000000000        <1>
   160 00006721 00D03F0000FE7F0000- <1>     db 0x00,0xD0,0x3F,0x00,0x00,0xFE,0x7F,0x00,0x00,0x00,0x00,0x00,0x00,0x00,0x00,0x00,0x00,0x00,0x00,0xF8,0x01,0x00,0x00,0x00
   160 0000672A 000000000000000000- <1>
   160 00006733 00F801000000        <1>
   161 00006739 000000000000000000- <1>     db 0x00,0x00,0x00,0x00,0x00,0x00,0x00,0x00,0x00,0x00,0x00,0x00,0x00,0x00,0x00,0x00,0x00,0xF0,0x1F,0x00,0x80,0xBF,0x16,0x00
   161 00006742 0000000000000000F0- <1>
   161 0000674B 1F0080BF1600        <1>
   162 00006751 000000000000000000- <1>     db 0x00,0x00,0x00,0x00,0x00,0x00,0x00,0x00,0x00,0x00,0x00,0xAE,0x55,0x00,0x00,0x00,0x00,0x00,0x00,0x00,0x00,0x00,0x00,0x00
   162 0000675A 0000AE550000000000- <1>
   162 00006763 000000000000        <1>
   163 00006769 000000000000000000- <1>     db 0x00,0x00,0x00,0x00,0x00,0x00,0x00,0x00,0x00,0xF8,0x07,0x00,0x90,0x05,0x00,0x00,0x40,0x05,0x00,0x00,0x00,0x00,0x00,0x00
   163 00006772 F80700900500004005- <1>
   163 0000677B 000000000000        <1>
   164 00006781 0000D0FF1B00000000- <1>     db 0x00,0x00,0xD0,0xFF,0x1B,0x00,0x00,0x00,0x00,0x00,0x00,0x00,0x00,0x00,0x00,0x00,0x00,0x00,0x00,0x00,0x00,0x00,0x00,0x00
   164 0000678A 000000000000000000- <1>
   164 00006793 000000000000        <1>
   165 00006799 00FE02190000000080- <1>     db 0x00,0xFE,0x02,0x19,0x00,0x00,0x00,0x00,0x80,0x06,0x00,0x00,0x00,0x00,0x00,0x00,0x00,0x00,0xF4,0xBF,0x01,0x00,0x00,0x00
   165 000067A2 060000000000000000- <1>
   165 000067AB F4BF01000000        <1>
   166 000067B1 000000000000000000- <1>     db 0x00,0x00,0x00,0x00,0x00,0x00,0x00,0x00,0x00,0x00,0x00,0x00,0x00,0x00,0x40,0x00,0x40,0xBF,0x40,0x06,0x00,0x00,0x00,0x00
   166 000067BA 0000000000400040BF- <1>
   166 000067C3 400600000000        <1>
   167 000067C9 000000000000000000- <1>     db 0x00,0x00,0x00,0x00,0x00,0x00,0x00,0x00,0x00,0x00,0xBE,0x7F,0x00,0x00,0x00,0x00,0x00,0x00,0x00,0x00,0x00,0x00,0x00,0x00
   167 000067D2 00BE7F000000000000- <1>
   167 000067DB 000000000000        <1>
   168 000067E1 0000000000008001C0- <1>     db 0x00,0x00,0x00,0x00,0x00,0x00,0x80,0x01,0xC0,0x1B,0x00,0x00,0x00,0x00,0x00,0x00,0x00,0x00,0x00,0x00,0x00,0x00,0x00,0x00
   168 000067EA 1B0000000000000000- <1>
   168 000067F3 000000000000        <1>
   169 000067F9 00809B1B0000000000- <1>     db 0x00,0x80,0x9B,0x1B,0x00,0x00,0x00,0x00,0x00,0x00,0x00,0x00,0x00,0x00,0x00,0x00,0x00,0x00,0x00,0x00,0x00,0x00,0x00,0x07
   169 00006802 000000000000000000- <1>
   169 0000680B 000000000007        <1>
   170 00006811 500000000000000000- <1>     db 0x50,0x00,0x00,0x00,0x00,0x00,0x00,0x00,0x00,0x00,0x00,0x00,0x00,0x00,0x00,0x00,0x00,0xE0,0xB5,0x09,0x00,0x00,0x00,0x00
   170 0000681A 0000000000000000E0- <1>
   170 00006823 B50900000000        <1>
   171 00006829 000000000000000000- <1>     db 0x00,0x00,0x00,0x00,0x00,0x00,0x00,0x00,0x00,0x00,0x00,0x00,0x00,0x40,0x50,0x0E,0x00,0x00,0x00,0x00,0x00,0x00,0x00,0x00
   171 00006832 0000000040500E0000- <1>
   171 0000683B 000000000000        <1>
   172 00006841 000000000000000000- <1>     db 0x00,0x00,0x00,0x00,0x00,0x00,0x00,0x00,0x00,0x64,0x14,0x00,0x00,0x00,0x00,0x00,0x00,0x00,0x00,0x00,0x00,0x00,0x00,0x00
   172 0000684A 641400000000000000- <1>
   172 00006853 000000000000        <1>
   173 00006859 000000000000862F00- <1>     db 0x00,0x00,0x00,0x00,0x00,0x00,0x86,0x2F,0x00,0x04,0x00,0x00,0x00,0x6A,0x00,0x00,0x00,0x00,0x00,0x00,0x00,0x00,0x00,0x00
   173 00006862 040000006A00000000- <1>
   173 0000686B 000000000000        <1>
   174 00006871 40EB07020000000000- <1>     db 0x40,0xEB,0x07,0x02,0x00,0x00,0x00,0x00,0x00,0x00,0x00,0x00,0x00,0x00,0x00,0x00,0x00,0x00,0x00,0x00,0x00,0x00,0x1C,0x3F
   174 0000687A 000000000000000000- <1>
   174 00006883 000000001C3F        <1>
   175 00006889 0000000000A9010000- <1>     db 0x00,0x00,0x00,0x00,0x00,0xA9,0x01,0x00,0x00,0x00,0x15,0x00,0x00,0x00,0x00,0x00,0xD0,0xFF,0xC6,0x01,0x00,0x00,0x00,0x00
   175 00006892 00150000000000D0FF- <1>
   175 0000689B C60100000000        <1>
   176 000068A1 000000000000000000- <1>     db 0x00,0x00,0x00,0x00,0x00,0x00,0x00,0x00,0x00,0x00,0x00,0x00,0x00,0x40,0xB5,0xBE,0x00,0xA4,0x6A,0x00,0x00,0x00,0x00,0x00
   176 000068AA 0000000040B5BE00A4- <1>
   176 000068B3 6A0000000000        <1>
   177 000068B9 00402A0000000000F4- <1>     db 0x00,0x40,0x2A,0x00,0x00,0x00,0x00,0x00,0xF4,0x7F,0xD0,0x01,0x00,0x00,0x00,0x00,0x00,0x00,0x00,0x00,0x00,0x00,0x00,0x00
   177 000068C2 7FD001000000000000- <1>
   177 000068CB 000000000000        <1>
   178 000068D1 000000000001EBFE00- <1>     db 0x00,0x00,0x00,0x00,0x00,0x01,0xEB,0xFE,0x00,0xE4,0xFF,0x06,0x00,0x00,0x00,0x00,0x00,0x00,0x00,0x00,0x00,0x00,0x00,0x00
   178 000068DA E4FF06000000000000- <1>
   178 000068E3 000000000000        <1>
   179 000068E9 1C00E0000040150000- <1>     db 0x1C,0x00,0xE0,0x00,0x00,0x40,0x15,0x00,0x00,0x00,0x00,0x00,0x00,0x00,0x00,0x05,0x00,0x00,0x00,0x00,0x00,0x19,0xFE,0xDB
   179 000068F2 000000000000050000- <1>
   179 000068FB 00000019FEDB        <1>
   180 00006901 0280FF2F0000000000- <1>     db 0x02,0x80,0xFF,0x2F,0x00,0x00,0x00,0x00,0x00,0x00,0x00,0x00,0x00,0x00,0x00,0x00,0x06,0x00,0x74,0x00,0x00,0x04,0xBD,0x05
   180 0000690A 000000000000000600- <1>
   180 00006913 74000004BD05        <1>
   181 00006919 00000000000000A411- <1>     db 0x00,0x00,0x00,0x00,0x00,0x00,0x00,0xA4,0x11,0x00,0x00,0x00,0x00,0xB8,0xFC,0x0F,0x02,0x00,0xA9,0x6A,0x00,0x00,0x00,0x00
   181 00006922 00000000B8FC0F0200- <1>
   181 0000692B A96A00000000        <1>
   182 00006931 000000000000000002- <1>     db 0x00,0x00,0x00,0x00,0x00,0x00,0x00,0x00,0x02,0x00,0x78,0x00,0x00,0xE0,0xBA,0x01,0x00,0x00,0x00,0x00,0x00,0x00,0xA9,0xEA
   182 0000693A 00780000E0BA010000- <1>
   182 00006943 00000000A9EA        <1>
   183 00006949 EB5B000000E0FE1F04- <1>     db 0xEB,0x5B,0x00,0x00,0x00,0xE0,0xFE,0x1F,0x04,0x00,0x00,0x00,0x00,0x00,0x00,0x00,0x00,0x00,0x00,0x00,0x00,0x00,0x00,0x00
   183 00006952 000000000000000000- <1>
   183 0000695B 000000000000        <1>
   184 00006961 02002C000054E60700- <1>     db 0x02,0x00,0x2C,0x00,0x00,0x54,0xE6,0x07,0x00,0x00,0x00,0x00,0x00,0x54,0xFA,0xFF,0xFF,0x97,0x1A,0x00,0x00,0x50,0x7F,0x2F
   184 0000696A 0000000054FAFFFF97- <1>
   184 00006973 1A0000507F2F        <1>
   185 00006979 400100000000000000- <1>     db 0x40,0x01,0x00,0x00,0x00,0x00,0x00,0x00,0x00,0x00,0x00,0x00,0x00,0x00,0x00,0x00,0x02,0x00,0x09,0x00,0x00,0xF4,0xEF,0x6A
   185 00006982 000000000000000200- <1>
   185 0000698B 090000F4EF6A        <1>
   186 00006991 446E01000094FF9B56- <1>     db 0x44,0x6E,0x01,0x00,0x00,0x94,0xFF,0x9B,0x56,0x1A,0x00,0x00,0x00,0x00,0x7E,0x3D,0x00,0x02,0x00,0x00,0x00,0x00,0x00,0x00
   186 0000699A 1A000000007E3D0002- <1>
   186 000069A3 000000000000        <1>
   187 000069A9 000000000000000085- <1>     db 0x00,0x00,0x00,0x00,0x00,0x00,0x00,0x00,0x85,0x05,0x00,0x00,0x00,0x59,0xFF,0x01,0xA0,0x14,0x00,0x00,0x90,0xFF,0xAB,0x2A
   187 000069B2 0500000059FF01A014- <1>
   187 000069BB 000090FFAB2A        <1>
   188 000069C1 000000000000BC7800- <1>     db 0x00,0x00,0x00,0x00,0x00,0x00,0xBC,0x78,0x00,0x00,0x00,0x00,0x00,0x00,0x00,0x00,0x00,0x00,0x00,0x00,0x00,0x00,0x00,0x00
   188 000069CA 000000000000000000- <1>
   188 000069D3 000000000000        <1>
   189 000069D9 0802000000E5EB4615- <1>     db 0x08,0x02,0x00,0x00,0x00,0xE5,0xEB,0x46,0x15,0x00,0x00,0x00,0xF9,0x1A,0x00,0x00,0x00,0x00,0x00,0x00,0x00,0x00,0xF8,0x70
   189 000069E2 000000F91A00000000- <1>
   189 000069EB 00000000F870        <1>
   190 000069F1 000000000000000000- <1>     db 0x00,0x00,0x00,0x00,0x00,0x00,0x00,0x00,0x00,0x00,0x00,0x00,0x00,0x00,0x00,0x00,0x24,0x00,0x00,0x00,0x00,0x54,0x0F,0x41
   190 000069FA 000000000000002400- <1>
   190 00006A03 000000540F41        <1>
   191 00006A09 1B0000E41B00000000- <1>     db 0x1B,0x00,0x00,0xE4,0x1B,0x00,0x00,0x00,0x00,0x00,0x00,0x00,0x00,0x00,0xF4,0xA0,0x00,0x00,0x00,0x00,0x00,0x00,0x00,0x00
   191 00006A12 0000000000F4A00000- <1>
   191 00006A1B 000000000000        <1>
   192 00006A21 000000000000000060- <1>     db 0x00,0x00,0x00,0x00,0x00,0x00,0x00,0x00,0x60,0x00,0x00,0x00,0x00,0x64,0x14,0x55,0x01,0x00,0x00,0x6E,0x00,0x00,0x00,0x00
   192 00006A2A 000000006414550100- <1>
   192 00006A33 006E00000000        <1>
   193 00006A39 000000000000F09000- <1>     db 0x00,0x00,0x00,0x00,0x00,0x00,0xF0,0x90,0x00,0x00,0x00,0x00,0x68,0x00,0x00,0x00,0x00,0x00,0x00,0x00,0x00,0x00,0x00,0x00
   193 00006A42 000000680000000000- <1>
   193 00006A4B 000000000000        <1>
   194 00006A51 D06100004000E02500- <1>     db 0xD0,0x61,0x00,0x00,0x40,0x00,0xE0,0x25,0x00,0x00,0xE4,0x06,0x00,0x00,0x00,0x00,0x00,0x00,0x00,0x00,0x00,0x00,0xF0,0x80
   194 00006A5A 00E406000000000000- <1>
   194 00006A63 00000000F080        <1>
   195 00006A69 00000000F407000000- <1>     db 0x00,0x00,0x00,0x00,0xF4,0x07,0x00,0x00,0x00,0x00,0x00,0x00,0x00,0x00,0x00,0x00,0x40,0xEB,0x5B,0x01,0x40,0x01,0x59,0x00
   195 00006A72 0000000000000040EB- <1>
   195 00006A7B 5B0140015900        <1>
   196 00006A81 00402E000000000000- <1>     db 0x00,0x40,0x2E,0x00,0x00,0x00,0x00,0x00,0x00,0x00,0x00,0x00,0x00,0x00,0xE0,0x40,0x00,0xC0,0x01,0x00,0xD0,0x1F,0x00,0x00
   196 00006A8A 0000000000E04000C0- <1>
   196 00006A93 0100D01F0000        <1>
   197 00006A99 000000000000000000- <1>     db 0x00,0x00,0x00,0x00,0x00,0x00,0x00,0x00,0x00,0xE8,0xEA,0xFF,0xAA,0x7A,0x01,0x09,0x00,0x50,0x01,0x00,0x00,0x55,0x40,0x00
   197 00006AA2 E8EAFFAA7A01090050- <1>
   197 00006AAB 010000554000        <1>
   198 00006AB1 000000000000E00000- <1>     db 0x00,0x00,0x00,0x00,0x00,0x00,0xE0,0x00,0x00,0x40,0x0B,0x00,0x40,0x7E,0x00,0x00,0x00,0x00,0x00,0x00,0x00,0x00,0x00,0x00
   198 00006ABA 400B00407E00000000- <1>
   198 00006AC3 000000000000        <1>
   199 00006AC9 00004465A902D02F00- <1>     db 0x00,0x00,0x44,0x65,0xA9,0x02,0xD0,0x2F,0x00,0x04,0x00,0x40,0x15,0x50,0x01,0x15,0x00,0x00,0x00,0x00,0x00,0x00,0xA0,0x00
   199 00006AD2 040040155001150000- <1>
   199 00006ADB 00000000A000        <1>
   200 00006AE1 00001E000090010000- <1>     db 0x00,0x00,0x1E,0x00,0x00,0x90,0x01,0x00,0x00,0x00,0x00,0x00,0x00,0x00,0x00,0x00,0x00,0x00,0x18,0x00,0x00,0x01,0xD0,0x7F
   200 00006AEA 000000000000000000- <1>
   200 00006AF3 18000001D07F        <1>
   201 00006AF9 00004015000000600A- <1>     db 0x00,0x00,0x40,0x15,0x00,0x00,0x00,0x60,0x0A,0x00,0x00,0x00,0x00,0x00,0xA0,0x00,0x00,0x00,0x24,0x00,0x00,0x00,0x00,0x00
   201 00006B02 0000000000A0000000- <1>
   201 00006B0B 240000000000        <1>
   202 00006B11 000000000000000000- <1>     db 0x00,0x00,0x00,0x00,0x00,0x00,0x00,0x00,0x00,0x00,0x74,0x00,0x00,0x04,0x80,0xFF,0x00,0x00,0x69,0x00,0x00,0x00,0x00,0x00
   202 00006B1A 007400000480FF0000- <1>
   202 00006B23 690000000000        <1>
   203 00006B29 3D0800000000600000- <1>     db 0x3D,0x08,0x00,0x00,0x00,0x00,0x60,0x00,0x00,0x00,0x00,0x00,0x00,0x00,0x00,0x00,0x00,0x00,0x00,0x00,0x00,0x00,0x00,0x00
   203 00006B32 000000000000000000- <1>
   203 00006B3B 000000000000        <1>
   204 00006B41 0000E042000400FE02- <1>     db 0x00,0x00,0xE0,0x42,0x00,0x04,0x00,0xFE,0x02,0x64,0x01,0x00,0x00,0x00,0x00,0x00,0xF0,0x14,0x00,0x00,0x00,0x00,0x20,0x00
   204 00006B4A 64010000000000F014- <1>
   204 00006B53 000000002000        <1>
   205 00006B59 000000000000000000- <1>     db 0x00,0x00,0x00,0x00,0x00,0x00,0x00,0x00,0x00,0x00,0x00,0x00,0x00,0x00,0x00,0x00,0x00,0x00,0x80,0xAF,0x04,0x00,0x00,0xFC
   205 00006B62 000000000000000000- <1>
   205 00006B6B 80AF040000FC        <1>
   206 00006B71 4B05000000000000D0- <1>     db 0x4B,0x05,0x00,0x00,0x00,0x00,0x00,0x00,0xD0,0x36,0x00,0x00,0x00,0x00,0x20,0x00,0x00,0x00,0x00,0x00,0x00,0x00,0x00,0x00
   206 00006B7A 360000000020000000- <1>
   206 00006B83 000000000000        <1>
   207 00006B89 000000000000000000- <1>     db 0x00,0x00,0x00,0x00,0x00,0x00,0x00,0x00,0x00,0x00,0x00,0xFD,0x5E,0x15,0x00,0xF4,0x1F,0x00,0x00,0x00,0x00,0x00,0x00,0x00
   207 00006B92 0000FD5E1500F41F00- <1>
   207 00006B9B 000000000000        <1>
   208 00006BA1 80B700000000100000- <1>     db 0x80,0xB7,0x00,0x00,0x00,0x00,0x10,0x00,0x00,0x00,0x00,0x00,0x00,0x00,0x00,0x00,0x00,0x00,0x00,0x00,0x00,0x00,0x00,0x00
   208 00006BAA 000000000000000000- <1>
   208 00006BB3 000000000000        <1>
   209 00006BB9 00000090FFFF06D07F- <1>     db 0x00,0x00,0x00,0x90,0xFF,0xFF,0x06,0xD0,0x7F,0x00,0x00,0x00,0x00,0x00,0x00,0x00,0x40,0xFE,0x00,0x00,0x00,0x00,0x00,0x00
   209 00006BC2 0000000000000040FE- <1>
   209 00006BCB 000000000000        <1>
   210 00006BD1 000000000000000000- <1>     db 0x00,0x00,0x00,0x00,0x00,0x00,0x00,0x00,0x00,0x00,0x00,0x00,0x00,0x00,0x00,0x00,0x00,0x00,0x00,0x00,0x91,0x56,0x00,0x52
   210 00006BDA 000000000000000000- <1>
   210 00006BE3 000091560052        <1>
   211 00006BE9 FF0100000000000000- <1>     db 0xFF,0x01,0x00,0x00,0x00,0x00,0x00,0x00,0x00,0xFE,0x01,0x00,0x00,0x00,0x00,0x00,0x00,0x00,0x00,0x00,0x00,0x00,0x00,0x00
   211 00006BF2 FE0100000000000000- <1>
   211 00006BFB 000000000000        <1>
   212 00006C01 000000000000000000- <1>     db 0x00,0x00,0x00,0x00,0x00,0x00,0x00,0x00,0x00,0x00,0x00,0x00,0x00,0x00,0x00,0xD8,0xFD,0x07,0x00,0x00,0x00,0x00,0x00,0x00
   212 00006C0A 000000000000D8FD07- <1>
   212 00006C13 000000000000        <1>
   213 00006C19 00F902000000000000- <1>     db 0x00,0xF9,0x02,0x00,0x00,0x00,0x00,0x00,0x00,0x00,0x00,0x00,0x00,0x00,0x00,0x00,0x00,0x00,0x00,0x00,0x00,0x00,0x00,0x00
   213 00006C22 000000000000000000- <1>
   213 00006C2B 000000000000        <1>
   214 00006C31 00000000000000A0F6- <1>     db 0x00,0x00,0x00,0x00,0x00,0x00,0x00,0xA0,0xF6,0x1F,0x00,0x00,0x00,0x00,0x00,0x00,0x00,0xF4,0x12,0x00,0x00,0x00,0x00,0x00
   214 00006C3A 1F00000000000000F4- <1>
   214 00006C43 120000000000        <1>
   215 00006C49 000000090000000000- <1>     db 0x00,0x00,0x00,0x09,0x00,0x00,0x00,0x00,0x00,0x00,0x00,0x00,0x00,0x00,0x00,0x00,0x00,0x00,0x00,0x00,0x00,0x00,0x00,0x80
   215 00006C52 000000000000000000- <1>
   215 00006C5B 000000000080        <1>
   216 00006C61 8B7F00000000000000- <1>     db 0x8B,0x7F,0x00,0x00,0x00,0x00,0x00,0x00,0x00,0xF4,0x23,0x00,0x00,0x00,0x00,0x00,0x00,0x00,0x00,0x28,0x00,0x00,0x00,0x00
   216 00006C6A F42300000000000000- <1>
   216 00006C73 002800000000        <1>
   217 00006C79 000000000000000000- <1>     db 0x00,0x00,0x00,0x00,0x00,0x00,0x00,0x00,0x00,0x00,0x00,0x00,0x00,0x00,0x00,0x00,0x1E,0xFD,0x02,0x00,0x00,0x00,0x00,0x00
   217 00006C82 000000000000001EFD- <1>
   217 00006C8B 020000000000        <1>
   218 00006C91 00F433000000000000- <1>     db 0x00,0xF4,0x33,0x00,0x00,0x00,0x00,0x00,0x00,0x00,0x00,0x10,0x00,0x00,0x00,0x00,0x00,0x00,0x00,0x00,0x00,0x00,0x00,0x00
   218 00006C9A 000010000000000000- <1>
   218 00006CA3 000000000000        <1>
   219 00006CA9 000000000000000074- <1>     db 0x00,0x00,0x00,0x00,0x00,0x00,0x00,0x00,0x74,0xE4,0x0B,0x00,0x00,0x00,0x00,0x00,0x00,0xF4,0x37,0x00,0x00,0x00,0x00,0x00
   219 00006CB2 E40B000000000000F4- <1>
   219 00006CBB 370000000000        <1>
   220 00006CC1 000000000000000000- <1>     db 0x00,0x00,0x00,0x00,0x00,0x00,0x00,0x00,0x00,0x00,0x00,0x00,0x00,0x00,0x00,0x00,0x00,0x00,0x00,0x00,0x00,0x00,0x00,0x00
   220 00006CCA 000000000000000000- <1>
   220 00006CD3 000000000000        <1>
   221 00006CD9 80417F000000000000- <1>     db 0x80,0x41,0x7F,0x00,0x00,0x00,0x00,0x00,0x00,0xB4,0x3B,0x00,0x00,0x00,0x00,0x00,0x00,0x00,0x00,0x00,0x00,0x00,0x00,0x00
   221 00006CE2 B43B00000000000000- <1>
   221 00006CEB 000000000000        <1>
   222 00006CF1 000000000000000000- <1>     db 0x00,0x00,0x00,0x00,0x00,0x00,0x00,0x00,0x00,0x00,0x00,0x00,0x00,0x00,0x00,0x00,0x00,0x05,0xF4,0x02,0x00,0x00,0x00,0x00
   222 00006CFA 000000000000000005- <1>
   222 00006D03 F40200000000        <1>
   223 00006D09 00742F100000000000- <1>     db 0x00,0x74,0x2F,0x10,0x00,0x00,0x00,0x00,0x00,0x00,0x00,0x00,0x00,0x00,0x00,0x00,0x00,0x00,0x00,0x00,0x00,0x00,0x00,0x00
   223 00006D12 000000000000000000- <1>
   223 00006D1B 000000000000        <1>
   224 00006D21 000000000000000000- <1>     db 0x00,0x00,0x00,0x00,0x00,0x00,0x00,0x00,0x00,0x00,0x40,0x2E,0x00,0x00,0x00,0x00,0x00,0x68,0x1F,0x20,0x00,0x00,0x00,0x00
   224 00006D2A 00402E000000000068- <1>
   224 00006D33 1F2000000000        <1>
   225 00006D39 000000000000000000- <1>     db 0x00,0x00,0x00,0x00,0x00,0x00,0x00,0x00,0x00,0x00,0x00,0x00,0x00,0x00,0x00,0x00,0x00,0x00,0x00,0x00,0x00,0x00,0x00,0x00
   225 00006D42 000000000000000000- <1>
   225 00006D4B 000000000000        <1>
   226 00006D51 000080910100000000- <1>     db 0x00,0x00,0x80,0x91,0x01,0x00,0x00,0x00,0x00,0x88,0x1F,0x18,0x00,0x00,0x00,0x00,0x00,0x00,0x00,0x00,0x00,0x00,0x00,0x00
   226 00006D5A 881F18000000000000- <1>
   226 00006D63 000000000000        <1>
   227 00006D69 000000000000000000- <1>     db 0x00,0x00,0x00,0x00,0x00,0x00,0x00,0x00,0x00,0x00,0x00,0x00,0x00,0x00,0x00,0x00,0x00,0x00,0x00,0x02,0x00,0x00,0x00,0x00
   227 00006D72 000000000000000000- <1>
   227 00006D7B 000200000000        <1>
   228 00006D81 00850F0D0000000000- <1>     db 0x00,0x85,0x0F,0x0D,0x00,0x00,0x00,0x00,0x00,0x00,0x00,0x00,0x00,0x00,0x00,0x00,0x00,0x00,0x00,0x00,0x00,0x00,0x00,0x00
   228 00006D8A 000000000000000000- <1>
   228 00006D93 000000000000        <1>
   229 00006D99 000000000000000000- <1>     db 0x00,0x00,0x00,0x00,0x00,0x00,0x00,0x00,0x00,0x00,0x00,0x08,0x00,0x00,0x00,0x00,0x00,0xC1,0x0B,0x07,0x00,0x00,0x00,0x00
   229 00006DA2 0000080000000000C1- <1>
   229 00006DAB 0B0700000000        <1>
   230 00006DB1 000000000000000000- <1>     db 0x00,0x00,0x00,0x00,0x00,0x00,0x00,0x00,0x00,0x00,0x00,0x00,0x00,0x00,0x00,0x00,0x00,0x00,0x00,0x00,0x00,0x00,0x00,0x00
   230 00006DBA 000000000000000000- <1>
   230 00006DC3 000000000000        <1>
   231 00006DC9 000000100000000000- <1>     db 0x00,0x00,0x00,0x10,0x00,0x00,0x00,0x00,0x00,0xD0,0x87,0x03,0x00,0x00,0x00,0x00,0x00,0x00,0x00,0x00,0x00,0x00,0x00,0x00
   231 00006DD2 D08703000000000000- <1>
   231 00006DDB 000000000000        <1>
   232 00006DE1 000000000000000000- <1>     db 0x00,0x00,0x00,0x00,0x00,0x00,0x00,0x00,0x00,0x00,0x00,0x00,0x00,0x00,0x00,0x00,0x00,0x00,0x00,0x40,0x00,0x00,0x00,0x00
   232 00006DEA 000000000000000000- <1>
   232 00006DF3 004000000000        <1>
   233 00006DF9 00E0E3010000000000- <1>     db 0x00,0xE0,0xE3,0x01,0x00,0x00,0x00,0x00,0x00,0x00,0x00,0x00,0x00,0x00,0x00,0x00,0x00,0x00,0x00,0x00,0x00,0x00,0x00,0x00
   233 00006E02 000000000000000000- <1>
   233 00006E0B 000000000000        <1>
   234 00006E11 000000000000000000- <1>     db 0x00,0x00,0x00,0x00,0x00,0x00,0x00,0x00,0x00,0x00,0x00,0x00,0x00,0x00,0x00,0x00,0x00,0xF0,0xB9,0x00,0x00,0x00,0x00,0x00
   234 00006E1A 0000000000000000F0- <1>
   234 00006E23 B90000000000        <1>
   235 00006E29 000000000000000000- <1>     db 0x00,0x00,0x00,0x00,0x00,0x00,0x00,0x00,0x00,0x00,0x00,0x00,0x00,0x00,0x00,0x00,0x00,0x00,0x00,0x00,0x00,0x00,0x00,0x00
   235 00006E32 000000000000000000- <1>
   235 00006E3B 000000000000        <1>
   236 00006E41 000000000000000000- <1>     db 0x00,0x00,0x00,0x00,0x00,0x00,0x00,0x00,0x00,0xF4,0x2E,0x00,0x00,0x00,0x00,0x00,0x00,0x00,0x00,0x00,0x00,0x00,0x00,0x00
   236 00006E4A F42E00000000000000- <1>
   236 00006E53 000000000000        <1>
   237 00006E59 000000000000000000- <1>     db 0x00,0x00,0x00,0x00,0x00,0x00,0x00,0x00,0x00,0x00,0x00,0x00,0x00,0x00,0x00,0x00,0x00,0x00,0x00,0x00,0x00,0x00,0x00,0x00
   237 00006E62 000000000000000000- <1>
   237 00006E6B 000000000000        <1>
   238 00006E71 00F80F000000000000- <1>     db 0x00,0xF8,0x0F,0x00,0x00,0x00,0x00,0x00,0x00,0x00,0x00,0x00,0x00,0x00,0x00,0x00,0x00,0x00,0x00,0x00,0x00,0x00,0x00,0x00
   238 00006E7A 000000000000000000- <1>
   238 00006E83 000000000000        <1>
   239 00006E89 000000000000000000- <1>     db 0x00,0x00,0x00,0x00,0x00,0x00,0x00,0x00,0x00,0x00,0x00,0x00,0x00,0x00,0x00,0x00,0x00,0xFD,0x07,0x00,0x00,0x00,0x00,0x00
   239 00006E92 0000000000000000FD- <1>
   239 00006E9B 070000000000        <1>
   240 00006EA1 000000000000000000- <1>     db 0x00,0x00,0x00,0x00,0x00,0x00,0x00,0x00,0x00,0x00,0x00,0x00,0x00,0x00,0x00,0x00,0x00,0x00,0x00,0x00,0x00,0x00,0x00,0x00
   240 00006EAA 000000000000000000- <1>
   240 00006EB3 000000000000        <1>
   241 00006EB9 000000000000000000- <1>     db 0x00,0x00,0x00,0x00,0x00,0x00,0x00,0x00,0x00,0xFE,0x01,0x00,0x00,0x00,0x00,0x00,0x00,0x00,0x00,0x00,0x00,0x00,0x00,0x00
   241 00006EC2 FE0100000000000000- <1>
   241 00006ECB 000000000000        <1>
   242 00006ED1 000000000000000000- <1>     db 0x00,0x00,0x00,0x00,0x00,0x00,0x00,0x00,0x00,0x00,0x00,0x00,0x00,0x00,0x00,0x00,0x00,0x00,0x00,0x00,0x00,0x00,0x00,0x00
   242 00006EDA 000000000000000000- <1>
   242 00006EE3 000000000000        <1>
   243 00006EE9 407F00000000000000- <1>     db 0x40,0x7F,0x00,0x00,0x00,0x00,0x00,0x00,0x00,0x00,0x00,0x00,0x00,0x00,0x00,0x00,0x00,0x00,0x00,0x00,0x00,0x00,0x00,0x00
   243 00006EF2 000000000000000000- <1>
   243 00006EFB 000000000000        <1>
   244 00006F01 000000000000000000- <1>     db 0x00,0x00,0x00,0x00,0x00,0x00,0x00,0x00,0x00,0x00,0x00,0x00,0x00,0x00,0x00,0x00,0xD0,0x0B,0x00,0x00,0x00,0x00,0x00,0x00
   244 00006F0A 00000000000000D00B- <1>
   244 00006F13 000000000000        <1>
   245 00006F19 000000000000000000- <1>     db 0x00,0x00,0x00,0x00,0x00,0x00,0x00,0x00,0x00,0x00,0x00,0x00,0x00,0x00,0x00,0x00,0x00,0x00,0x00,0x00,0x00,0x00,0x00,0x00
   245 00006F22 000000000000000000- <1>
   245 00006F2B 000000000000        <1>
   246 00006F31 0000000000000000F0- <1>     db 0x00,0x00,0x00,0x00,0x00,0x00,0x00,0x00,0xF0,0x02,0x00,0x00,0x00,0x00,0x00,0x00,0x00,0x00,0x00,0x00,0x00,0x00,0x00,0x00
   246 00006F3A 020000000000000000- <1>
   246 00006F43 000000000000        <1>
   247 00006F49 000000000000000000- <1>     db 0x00,0x00,0x00,0x00,0x00,0x00,0x00,0x00,0x00,0x00,0x00,0x00,0x00,0x00,0x00,0x00,0x00,0x00,0x00,0x00,0x00,0x00,0x00,0x00
   247 00006F52 000000000000000000- <1>
   247 00006F5B 000000000000        <1>
   248 00006F61 781800000000000000- <1>     db 0x78,0x18,0x00,0x00,0x00,0x00,0x00,0x00,0x00,0x00,0x00,0x00,0x00,0x00,0x00,0x00,0x00,0x00,0x00,0x00,0x00,0x00,0x00,0x00
   248 00006F6A 000000000000000000- <1>
   248 00006F73 000000000000        <1>
   249 00006F79 000000000000000000- <1>     db 0x00,0x00,0x00,0x00,0x00,0x00,0x00,0x00,0x00,0x00,0x00,0x00,0x00,0x00,0x00,0x00,0x46,0x06,0x00,0x00,0x00,0x00,0x00,0x00
   249 00006F82 000000000000004606- <1>
   249 00006F8B 000000000000        <1>
   250 00006F91 000000000000000000- <1>     db 0x00,0x00,0x00,0x00,0x00,0x00,0x00,0x00,0x00,0x00,0x00,0x00,0x00,0x00,0x00,0x00,0x00,0x00,0x00,0x00,0x00,0x00,0x00,0x00
   250 00006F9A 000000000000000000- <1>
   250 00006FA3 000000000000        <1>
   251 00006FA9 0000000000000000D0- <1>     db 0x00,0x00,0x00,0x00,0x00,0x00,0x00,0x00,0xD0,0x01,0x00,0x00,0x00,0x00,0x00,0x00,0x00,0x00,0x00,0x00,0x00,0x00,0x00,0x00
   251 00006FB2 010000000000000000- <1>
   251 00006FBB 000000000000        <1>
   252 00006FC1 000000000000000000- <1>     db 0x00,0x00,0x00,0x00,0x00,0x00,0x00,0x00,0x00,0x00,0x00,0x00,0x00,0x00,0x00,0x00,0x00,0x00,0x00,0x00,0x00,0x00,0x00,0x00
   252 00006FCA 000000000000000000- <1>
   252 00006FD3 000000000000        <1>
   253 00006FD9 740000000000000000- <1>     db 0x74,0x00,0x00,0x00,0x00,0x00,0x00,0x00,0x00,0x00,0x00,0x00,0x00,0x00,0x00,0x00,0x00,0x00,0x00,0x00,0x00,0x00,0x00,0x00
   253 00006FE2 000000000000000000- <1>
   253 00006FEB 000000000000        <1>
   254 00006FF1 000000000000000000- <1>     db 0x00,0x00,0x00,0x00,0x00,0x00,0x00,0x00,0x00,0x00,0x00,0x00,0x00,0x00,0x00,0x00,0x09,0x00,0x00,0x00,0x00,0x00,0x00,0x00
   254 00006FFA 000000000000000900- <1>
   254 00007003 000000000000        <1>
   255 00007009 000000000000000000- <1>     db 0x00,0x00,0x00,0x00,0x00,0x00,0x00,0x00,0x00,0x00,0x00,0x00,0x00,0x00,0x00,0x00,0x00,0x00,0x00,0x00,0x00,0x00,0x00,0x00
   255 00007012 000000000000000000- <1>
   255 0000701B 000000000000        <1>
   256 00007021 000000000000008001- <1>     db 0x00,0x00,0x00,0x00,0x00,0x00,0x00,0x80,0x01,0x00,0x00,0x00,0x00,0x00,0x00,0x00,0x00,0x00,0x00,0x00,0x00,0x00,0x00,0x00
   256 0000702A 000000000000000000- <1>
   256 00007033 000000000000        <1>
   257 00007039 000000000000000000- <1>     db 0x00,0x00,0x00,0x00,0x00,0x00,0x00,0x00,0x00,0x00,0x00,0x00,0x00,0x00,0x00,0x00,0x00,0x00,0x00,0x00,0x00,0x00,0x00,0x14
   257 00007042 000000000000000000- <1>
   257 0000704B 000000000014        <1>
   258 00007051 000000000000000000- <1>     db 0x00,0x00,0x00,0x00,0x00,0x00,0x00,0x00,0x00,0x00,0x00,0x00,0x00,0x00,0x00,0x00,0x00,0x00,0x00,0x00,0x00,0x00,0x00,0x00
   258 0000705A 000000000000000000- <1>
   258 00007063 000000000000        <1>
   259                              <1> nova_error_mark_bitmap:
   260 00007069 000000000000000000- <1>     db 0x00,0x00,0x00,0x00,0x00,0x00,0x00,0x00,0x00,0x00,0x00,0x00,0x00,0x00,0x00,0x00,0x00,0x00,0x00,0x00,0x00,0x00,0x00,0x00
   260 00007072 000000000000000000- <1>
   260 0000707B 000000000000        <1>
   261 00007081 000000000000000000- <1>     db 0x00,0x00,0x00,0x00,0x00,0x00,0x00,0x00,0x00,0x00,0x00,0x00,0x00,0x00,0x00,0x00,0x00,0x00,0x00,0x00,0x00,0x00,0x00,0x00
   261 0000708A 000000000000000000- <1>
   261 00007093 000000000000        <1>
   262 00007099 000000000000000000- <1>     db 0x00,0x00,0x00,0x00,0x00,0x00,0x00,0x00,0x00,0x00,0x00,0x00,0x00,0x00,0x00,0x00,0x00,0x00,0x00,0x00,0x00,0x00,0x00,0x00
   262 000070A2 000000000000000000- <1>
   262 000070AB 000000000000        <1>
   263 000070B1 000000000000000000- <1>     db 0x00,0x00,0x00,0x00,0x00,0x00,0x00,0x00,0x00,0x00,0x00,0x00,0x00,0x00,0x00,0x00,0x00,0x00,0x00,0x00,0x00,0x00,0x00,0x00
   263 000070BA 000000000000000000- <1>
   263 000070C3 000000000000        <1>
   264 000070C9 000000000000000000- <1>     db 0x00,0x00,0x00,0x00,0x00,0x00,0x00,0x00,0x00,0x00,0x00,0x00,0x00,0x00,0x00,0x00,0x00,0x00,0x00,0x00,0x00,0x00,0x00,0x00
   264 000070D2 000000000000000000- <1>
   264 000070DB 000000000000        <1>
   265 000070E1 000000000000000000- <1>     db 0x00,0x00,0x00,0x00,0x00,0x00,0x00,0x00,0x00,0x00,0x00,0x00,0x00,0x00,0x00,0x00,0x00,0x00,0x00,0x00,0x00,0x00,0x00,0xA8
   265 000070EA 000000000000000000- <1>
   265 000070F3 0000000000A8        <1>
   266 000070F9 6A0000000000000000- <1>     db 0x6A,0x00,0x00,0x00,0x00,0x00,0x00,0x00,0x00,0x00,0x00,0x00,0x00,0x00,0x00,0x00,0x00,0x00,0x00,0x00,0xFE,0x3F,0x00,0x00
   266 00007102 000000000000000000- <1>
   266 0000710B 0000FE3F0000        <1>
   267 00007111 000000000000000000- <1>     db 0x00,0x00,0x00,0x00,0x00,0x00,0x00,0x00,0x00,0x00,0x00,0x00,0x00,0x00,0x00,0x00,0x80,0xFF,0x1F,0x00,0x00,0x00,0x00,0x00
   267 0000711A 0000000000000080FF- <1>
   267 00007123 1F0000000000        <1>
   268 00007129 000000000000000000- <1>     db 0x00,0x00,0x00,0x00,0x00,0x00,0x00,0x00,0x00,0x00,0x00,0x00,0x00,0xD0,0xFF,0x07,0x00,0x00,0x00,0x00,0x00,0x00,0x00,0x00
   268 00007132 00000000D0FF070000- <1>
   268 0000713B 000000000000        <1>
   269 00007141 000000000000000000- <1>     db 0x00,0x00,0x00,0x00,0x00,0x00,0x00,0x00,0x00,0x00,0xF0,0xFF,0x02,0x00,0x00,0x00,0x00,0x00,0x00,0x00,0x00,0x00,0x00,0x00
   269 0000714A 00F0FF020000000000- <1>
   269 00007153 000000000000        <1>
   270 00007159 00000000000000F8FF- <1>     db 0x00,0x00,0x00,0x00,0x00,0x00,0x00,0xF8,0xFF,0x00,0x00,0x00,0x00,0x00,0x00,0x00,0x00,0x00,0x00,0x00,0x00,0x00,0x00,0x00
   270 00007162 000000000000000000- <1>
   270 0000716B 000000000000        <1>
   271 00007171 00000000FD7F000000- <1>     db 0x00,0x00,0x00,0x00,0xFD,0x7F,0x00,0x00,0x00,0x00,0x00,0x00,0x00,0x00,0x00,0x00,0x00,0x00,0x00,0x00,0x00,0x00,0x00,0x00
   271 0000717A 000000000000000000- <1>
   271 00007183 000000000000        <1>
   272 00007189 00FF2F000000000000- <1>     db 0x00,0xFF,0x2F,0x00,0x00,0x00,0x00,0x00,0x00,0x00,0x00,0x00,0x00,0x00,0x00,0x00,0x00,0x00,0x00,0x00,0x00,0x80,0xFF,0x1F
   272 00007192 000000000000000000- <1>
   272 0000719B 00000080FF1F        <1>
   273 000071A1 000000000000000000- <1>     db 0x00,0x00,0x00,0x00,0x00,0x00,0x00,0x00,0x00,0x00,0x00,0x00,0x00,0x00,0x00,0x00,0x00,0x00,0xD0,0xFF,0x0B,0x00,0x00,0x00
   273 000071AA 000000000000000000- <1>
   273 000071B3 D0FF0B000000        <1>
   274 000071B9 000000000000000000- <1>     db 0x00,0x00,0x00,0x00,0x00,0x00,0x00,0x00,0x00,0x00,0x00,0x00,0x00,0x00,0x00,0xE0,0xFF,0x03,0x00,0x00,0x00,0x00,0x00,0x00
   274 000071C2 000000000000E0FF03- <1>
   274 000071CB 000000000000        <1>
   275 000071D1 000000000000000000- <1>     db 0x00,0x00,0x00,0x00,0x00,0x00,0x00,0x00,0x00,0x00,0x00,0x00,0xF4,0xFF,0x01,0x00,0x00,0x00,0x00,0x00,0x00,0x00,0x00,0x00
   275 000071DA 000000F4FF01000000- <1>
   275 000071E3 000000000000        <1>
   276 000071E9 000000000000000000- <1>     db 0x00,0x00,0x00,0x00,0x00,0x00,0x00,0x00,0x00,0xF8,0xFF,0x00,0x00,0x00,0x00,0x00,0x00,0x00,0x00,0x00,0x00,0x00,0x00,0x00
   276 000071F2 F8FF00000000000000- <1>
   276 000071FB 000000000000        <1>
   277 00007201 000000000000FD7F00- <1>     db 0x00,0x00,0x00,0x00,0x00,0x00,0xFD,0x7F,0x00,0x00,0x00,0x00,0x00,0x00,0x00,0x00,0x00,0x00,0x00,0x00,0x00,0x00,0x00,0x00
   277 0000720A 000000000000000000- <1>
   277 00007213 000000000000        <1>
   278 00007219 000000FE3F00000000- <1>     db 0x00,0x00,0x00,0xFE,0x3F,0x00,0x00,0x00,0x00,0x00,0x00,0x00,0x00,0x00,0x00,0x00,0x00,0x00,0x00,0x00,0x00,0x00,0x00,0x40
   278 00007222 000000000000000000- <1>
   278 0000722B 000000000040        <1>
   279 00007231 FF2F00000000000000- <1>     db 0xFF,0x2F,0x00,0x00,0x00,0x00,0x00,0x00,0x00,0x00,0x00,0x00,0x00,0x00,0x00,0x00,0x00,0x00,0x00,0x00,0x80,0xFF,0x1F,0x00
   279 0000723A 000000000000000000- <1>
   279 00007243 000080FF1F00        <1>
   280 00007249 000000000000000000- <1>     db 0x00,0x00,0x00,0x00,0x00,0x00,0x00,0x00,0x00,0x00,0x00,0x00,0x00,0x00,0x00,0x00,0x00,0x80,0xFF,0x0B,0x00,0x00,0x00,0x00
   280 00007252 000000000000000080- <1>
   280 0000725B FF0B00000000        <1>
   281 00007261 0000A06F0000000000- <1>     db 0x00,0x00,0xA0,0x6F,0x00,0x00,0x00,0x00,0x00,0x00,0x00,0x00,0x00,0x00,0xD0,0xFF,0x07,0x00,0x00,0x00,0x00,0x00,0x00,0xF8
   281 0000726A 0000000000D0FF0700- <1>
   281 00007273 0000000000F8        <1>
   282 00007279 FF0100000000000000- <1>     db 0xFF,0x01,0x00,0x00,0x00,0x00,0x00,0x00,0x00,0x00,0x00,0xE0,0xFF,0x03,0x00,0x00,0x00,0x00,0x00,0x00,0xFE,0xFF,0x03,0x00
   282 00007282 0000E0FF0300000000- <1>
   282 0000728B 0000FEFF0300        <1>
   283 00007291 0000000000000000E0- <1>     db 0x00,0x00,0x00,0x00,0x00,0x00,0x00,0x00,0xE0,0xFF,0x02,0x00,0x00,0x00,0x00,0x00,0x40,0xFF,0xFF,0x07,0x00,0x00,0x00,0x00
   283 0000729A FF02000000000040FF- <1>
   283 000072A3 FF0700000000        <1>
   284 000072A9 0000000000F4FF0100- <1>     db 0x00,0x00,0x00,0x00,0x00,0xF4,0xFF,0x01,0x00,0x00,0x00,0x00,0x00,0x40,0xFF,0xFF,0x0B,0x00,0x00,0x00,0x00,0x00,0x00,0x00
   284 000072B2 0000000040FFFF0B00- <1>
   284 000072BB 000000000000        <1>
   285 000072C1 0000F4FF0000000000- <1>     db 0x00,0x00,0xF4,0xFF,0x00,0x00,0x00,0x00,0x00,0x00,0x40,0xFF,0xFF,0x0B,0x00,0x00,0x00,0x00,0x00,0x00,0x00,0x00,0x00,0xF8
   285 000072CA 0040FFFF0B00000000- <1>
   285 000072D3 0000000000F8        <1>
   286 000072D9 BF00000000000040FF- <1>     db 0xBF,0x00,0x00,0x00,0x00,0x00,0x00,0x40,0xFF,0xFF,0x07,0x00,0x00,0x00,0x00,0x00,0x00,0x00,0x00,0x00,0xFC,0xBF,0x00,0x00
   286 000072E2 FF0700000000000000- <1>
   286 000072EB 0000FCBF0000        <1>
   287 000072F1 0000000000FEFF0200- <1>     db 0x00,0x00,0x00,0x00,0x00,0xFE,0xFF,0x02,0x00,0x00,0x00,0x00,0x00,0x00,0x00,0x00,0x00,0xFD,0x7F,0x00,0x00,0x00,0x00,0x00
   287 000072FA 0000000000000000FD- <1>
   287 00007303 7F0000000000        <1>
   288 00007309 0000F8FF0100000000- <1>     db 0x00,0x00,0xF8,0xFF,0x01,0x00,0x00,0x00,0x00,0x00,0x00,0x00,0x00,0x00,0xFD,0x7F,0x00,0x00,0x00,0x00,0x00,0x00,0x00,0x90
   288 00007312 0000000000FD7F0000- <1>
   288 0000731B 000000000090        <1>
   289 00007321 2A0000000000000000- <1>     db 0x2A,0x00,0x00,0x00,0x00,0x00,0x00,0x00,0x00,0x00,0x00,0xFE,0x2F,0x00,0x00,0x00,0x00,0x00,0x00,0x00,0x00,0x00,0x00,0x00
   289 0000732A 0000FE2F0000000000- <1>
   289 00007333 000000000000        <1>
   290 00007339 0000000000000000FE- <1>     db 0x00,0x00,0x00,0x00,0x00,0x00,0x00,0x00,0xFE,0x2F,0x00,0x00,0x00,0x00,0x00,0x00,0x00,0x00,0x00,0x00,0x00,0x00,0x00,0x00
   290 00007342 2F0000000000000000- <1>
   290 0000734B 000000000000        <1>
   291 00007351 0000000000FF1F0000- <1>     db 0x00,0x00,0x00,0x00,0x00,0xFF,0x1F,0x00,0x00,0x00,0x00,0x00,0x00,0x00,0x00,0x00,0x00,0x00,0x00,0x00,0x00,0x00,0x00,0x00
   291 0000735A 000000000000000000- <1>
   291 00007363 000000000000        <1>
   292 00007369 0040FF1F0000000000- <1>     db 0x00,0x40,0xFF,0x1F,0x00,0x00,0x00,0x00,0x00,0x00,0x00,0x00,0x00,0x00,0x00,0x00,0x00,0x00,0x00,0x00,0x00,0x00,0x40,0xFF
   292 00007372 000000000000000000- <1>
   292 0000737B 0000000040FF        <1>
   293 00007381 1F0000000000000000- <1>     db 0x1F,0x00,0x00,0x00,0x00,0x00,0x00,0x00,0x00,0x00,0x00,0x00,0x00,0x00,0x00,0x00,0x00,0x00,0x00,0x40,0xFF,0x1F,0x00,0x00
   293 0000738A 000000000000000000- <1>
   293 00007393 0040FF1F0000        <1>
   294 00007399 000000000000000000- <1>     db 0x00,0x00,0x00,0x00,0x00,0x00,0x00,0x00,0x00,0x00,0x00,0x00,0x00,0x00,0x00,0x00,0x40,0xFF,0x0F,0x00,0x00,0x00,0x00,0x00
   294 000073A2 0000000000000040FF- <1>
   294 000073AB 0F0000000000        <1>
   295 000073B1 000000000000000000- <1>     db 0x00,0x00,0x00,0x00,0x00,0x00,0x00,0x00,0x00,0x00,0x00,0x00,0x00,0x80,0xFF,0x0B,0x00,0x00,0x00,0x00,0x00,0x00,0x00,0x00
   295 000073BA 0000000080FF0B0000- <1>
   295 000073C3 000000000000        <1>
   296 000073C9 000000000000000000- <1>     db 0x00,0x00,0x00,0x00,0x00,0x00,0x00,0x00,0x00,0x00,0x80,0xFF,0x0B,0x00,0x00,0x00,0x00,0x00,0x00,0x00,0x00,0x00,0x00,0x00
   296 000073D2 0080FF0B0000000000- <1>
   296 000073DB 000000000000        <1>
   297 000073E1 0000000000000080FF- <1>     db 0x00,0x00,0x00,0x00,0x00,0x00,0x00,0x80,0xFF,0x0B,0x00,0x00,0x00,0x00,0x00,0x00,0x00,0x00,0x00,0x00,0x00,0x00,0x00,0x00
   297 000073EA 0B0000000000000000- <1>
   297 000073F3 000000000000        <1>
   298 000073F9 0000000080FF0B0000- <1>     db 0x00,0x00,0x00,0x00,0x80,0xFF,0x0B,0x00,0x00,0x00,0x00,0x00,0x00,0x00,0x00,0x00,0x00,0x00,0x00,0x00,0x00,0x00,0x00,0x00
   298 00007402 000000000000000000- <1>
   298 0000740B 000000000000        <1>
   299 00007411 0080FF0B0000000000- <1>     db 0x00,0x80,0xFF,0x0B,0x00,0x00,0x00,0x00,0x00,0x00,0x00,0x00,0x00,0x00,0x00,0x00,0x00,0x00,0x00,0x00,0x00,0x00,0x80,0xFF
   299 0000741A 000000000000000000- <1>
   299 00007423 0000000080FF        <1>
   300 00007429 0B0000000000000000- <1>     db 0x0B,0x00,0x00,0x00,0x00,0x00,0x00,0x00,0x00,0x00,0x00,0x00,0x00,0x00,0x00,0x00,0x00,0x00,0x00,0x80,0xFF,0x0B,0x00,0x00
   300 00007432 000000000000000000- <1>
   300 0000743B 0080FF0B0000        <1>
   301 00007441 000000000000000000- <1>     db 0x00,0x00,0x00,0x00,0x00,0x00,0x00,0x00,0x00,0x00,0x00,0x00,0x00,0x00,0x00,0x00,0x80,0xFF,0x0B,0x00,0x00,0x00,0x00,0x00
   301 0000744A 0000000000000080FF- <1>
   301 00007453 0B0000000000        <1>
   302 00007459 000000000000000000- <1>     db 0x00,0x00,0x00,0x00,0x00,0x00,0x00,0x00,0x00,0x00,0x00,0x00,0x00,0x80,0xFF,0x0B,0x00,0x00,0x00,0x00,0x00,0x00,0x00,0x00
   302 00007462 0000000080FF0B0000- <1>
   302 0000746B 000000000000        <1>
   303 00007471 000000000000000000- <1>     db 0x00,0x00,0x00,0x00,0x00,0x00,0x00,0x00,0x00,0x00,0x80,0xFF,0x0B,0x00,0x00,0x00,0x00,0x00,0x00,0x00,0x00,0x00,0x00,0x00
   303 0000747A 0080FF0B0000000000- <1>
   303 00007483 000000000000        <1>
   304 00007489 0000000000000080FF- <1>     db 0x00,0x00,0x00,0x00,0x00,0x00,0x00,0x80,0xFF,0x0B,0x00,0x00,0x00,0x00,0x00,0x00,0x00,0x00,0x00,0x00,0x00,0x00,0x00,0x00
   304 00007492 0B0000000000000000- <1>
   304 0000749B 000000000000        <1>
   305 000074A1 0000000080FF0B0000- <1>     db 0x00,0x00,0x00,0x00,0x80,0xFF,0x0B,0x00,0x00,0x00,0x00,0x00,0x00,0x00,0x00,0x00,0x00,0x00,0x00,0x00,0x00,0x00,0x00,0x00
   305 000074AA 000000000000000000- <1>
   305 000074B3 000000000000        <1>
   306 000074B9 0080FF0B0000000000- <1>     db 0x00,0x80,0xFF,0x0B,0x00,0x00,0x00,0x00,0x00,0x00,0x00,0x00,0x00,0x00,0x00,0x00,0x00,0x00,0x00,0x00,0x00,0x00,0x40,0xFF
   306 000074C2 000000000000000000- <1>
   306 000074CB 0000000040FF        <1>
   307 000074D1 1F0000000000000000- <1>     db 0x1F,0x00,0x00,0x00,0x00,0x00,0x00,0x00,0x00,0x00,0x00,0x00,0x00,0x00,0x00,0x00,0x00,0x00,0x00,0x40,0xFF,0x1F,0x00,0x00
   307 000074DA 000000000000000000- <1>
   307 000074E3 0040FF1F0000        <1>
   308 000074E9 000000000000000000- <1>     db 0x00,0x00,0x00,0x00,0x00,0x00,0x00,0x00,0x00,0x00,0x00,0x00,0x00,0x00,0x00,0x00,0x40,0xFF,0x1F,0x00,0x00,0x00,0x00,0x00
   308 000074F2 0000000000000040FF- <1>
   308 000074FB 1F0000000000        <1>
   309 00007501 000000000000000000- <1>     db 0x00,0x00,0x00,0x00,0x00,0x00,0x00,0x00,0x00,0x00,0x00,0x00,0x00,0x40,0xFF,0x1F,0x00,0x00,0x00,0x00,0x00,0x00,0x00,0x00
   309 0000750A 0000000040FF1F0000- <1>
   309 00007513 000000000000        <1>
   310 00007519 000000000000000000- <1>     db 0x00,0x00,0x00,0x00,0x00,0x00,0x00,0x00,0x00,0x00,0x00,0xFE,0x2F,0x00,0x00,0x00,0x00,0x00,0x00,0x00,0x00,0x00,0x00,0x00
   310 00007522 0000FE2F0000000000- <1>
   310 0000752B 000000000000        <1>
   311 00007531 0000000000000000FE- <1>     db 0x00,0x00,0x00,0x00,0x00,0x00,0x00,0x00,0xFE,0x2F,0x00,0x00,0x00,0x00,0x00,0x00,0x00,0x00,0x00,0x00,0x00,0x00,0x00,0x00
   311 0000753A 2F0000000000000000- <1>
   311 00007543 000000000000        <1>
   312 00007549 0000000000FE3F0000- <1>     db 0x00,0x00,0x00,0x00,0x00,0xFE,0x3F,0x00,0x00,0x00,0x00,0x00,0x00,0x00,0x50,0x55,0x01,0x00,0x00,0x00,0x00,0x00,0x00,0x00
   312 00007552 000000000050550100- <1>
   312 0000755B 000000000000        <1>
   313 00007561 0000FD7F0000000000- <1>     db 0x00,0x00,0xFD,0x7F,0x00,0x00,0x00,0x00,0x00,0x00,0x00,0xF8,0xFF,0x01,0x00,0x00,0x00,0x00,0x00,0x00,0x00,0x00,0x00,0xFD
   313 0000756A 0000F8FF0100000000- <1>
   313 00007573 0000000000FD        <1>
   314 00007579 7F00000000000000F8- <1>     db 0x7F,0x00,0x00,0x00,0x00,0x00,0x00,0x00,0xF8,0xFF,0x01,0x00,0x00,0x00,0x00,0x00,0x00,0x00,0x00,0x00,0xFC,0xBF,0x00,0x00
   314 00007582 FF0100000000000000- <1>
   314 0000758B 0000FCBF0000        <1>
   315 00007591 0000000000FDBF0000- <1>     db 0x00,0x00,0x00,0x00,0x00,0xFD,0xBF,0x00,0x00,0x00,0x00,0x00,0x00,0x00,0x00,0x00,0x00,0xF8,0xFF,0x00,0x00,0x00,0x00,0x00
   315 0000759A 0000000000000000F8- <1>
   315 000075A3 FF0000000000        <1>
   316 000075A9 0000FDBF0000000000- <1>     db 0x00,0x00,0xFD,0xBF,0x00,0x00,0x00,0x00,0x00,0x00,0x00,0x00,0x00,0x00,0xF4,0xFF,0x01,0x00,0x00,0x00,0x00,0x00,0x00,0xFE
   316 000075B2 0000000000F4FF0100- <1>
   316 000075BB 0000000000FE        <1>
   317 000075C1 7F0000000000000000- <1>     db 0x7F,0x00,0x00,0x00,0x00,0x00,0x00,0x00,0x00,0x00,0x00,0xF4,0xFF,0x02,0x00,0x00,0x00,0x00,0x00,0x00,0xFE,0x2F,0x00,0x00
   317 000075CA 0000F4FF0200000000- <1>
   317 000075D3 0000FE2F0000        <1>
   318 000075D9 0000000000000000E0- <1>     db 0x00,0x00,0x00,0x00,0x00,0x00,0x00,0x00,0xE0,0xFF,0x02,0x00,0x00,0x00,0x00,0x00,0x00,0xFF,0x2F,0x00,0x00,0x00,0x00,0x00
   318 000075E2 FF02000000000000FF- <1>
   318 000075EB 2F0000000000        <1>
   319 000075F1 0000000000D0FF0700- <1>     db 0x00,0x00,0x00,0x00,0x00,0xD0,0xFF,0x07,0x00,0x00,0x00,0x00,0x00,0x40,0xFF,0x1F,0x00,0x00,0x00,0x00,0x00,0x00,0x00,0x00
   319 000075FA 0000000040FF1F0000- <1>
   319 00007603 000000000000        <1>
   320 00007609 0000D0FF0B00000000- <1>     db 0x00,0x00,0xD0,0xFF,0x0B,0x00,0x00,0x00,0x00,0x00,0x80,0xFF,0x0B,0x00,0x00,0x00,0x00,0x00,0x00,0x00,0x00,0x00,0x00,0x80
   320 00007612 0080FF0B0000000000- <1>
   320 0000761B 000000000080        <1>
   321 00007621 FF0F000000000080FF- <1>     db 0xFF,0x0F,0x00,0x00,0x00,0x00,0x00,0x80,0xFF,0x0B,0x00,0x00,0x00,0x00,0x00,0x00,0x00,0x00,0x00,0x00,0x40,0xFF,0x1F,0x00
   321 0000762A 0B0000000000000000- <1>
   321 00007633 000040FF1F00        <1>
   322 00007639 00000000C0FF070000- <1>     db 0x00,0x00,0x00,0x00,0xC0,0xFF,0x07,0x00,0x00,0x00,0x00,0x00,0x00,0x00,0x00,0x00,0x00,0x00,0xFE,0x2F,0x00,0x00,0x00,0x00
   322 00007642 000000000000000000- <1>
   322 0000764B FE2F00000000        <1>
   323 00007651 00D0FF020000000000- <1>     db 0x00,0xD0,0xFF,0x02,0x00,0x00,0x00,0x00,0x00,0x00,0x00,0x00,0x00,0x00,0x00,0xFD,0x7F,0x00,0x00,0x00,0x00,0x00,0xE0,0xFF
   323 0000765A 000000000000FD7F00- <1>
   323 00007663 00000000E0FF        <1>
   324 00007669 020000000000000000- <1>     db 0x02,0x00,0x00,0x00,0x00,0x00,0x00,0x00,0x00,0x00,0x00,0x00,0xFC,0xBF,0x00,0x00,0x00,0x00,0x00,0xE0,0xFF,0x01,0x00,0x00
   324 00007672 000000FCBF00000000- <1>
   324 0000767B 00E0FF010000        <1>
   325 00007681 000000000000000000- <1>     db 0x00,0x00,0x00,0x00,0x00,0x00,0x00,0x00,0x00,0xF4,0xFF,0x01,0x00,0x00,0x00,0x00,0xF0,0xBF,0x00,0x00,0x00,0x00,0x00,0x00
   325 0000768A F4FF0100000000F0BF- <1>
   325 00007693 000000000000        <1>
   326 00007699 000000000000E0FF02- <1>     db 0x00,0x00,0x00,0x00,0x00,0x00,0xE0,0xFF,0x02,0x00,0x00,0x00,0x00,0xF4,0xBF,0x00,0x00,0x00,0x00,0x00,0x00,0x00,0x00,0x00
   326 000076A2 00000000F4BF000000- <1>
   326 000076AB 000000000000        <1>
   327 000076B1 000000D0FF07000000- <1>     db 0x00,0x00,0x00,0xD0,0xFF,0x07,0x00,0x00,0x00,0x00,0xF4,0x7F,0x00,0x00,0x00,0x00,0x00,0x00,0x00,0x00,0x00,0x00,0x00,0x00
   327 000076BA 00F47F000000000000- <1>
   327 000076C3 000000000000        <1>
   328 000076C9 80FF0B00000000F83F- <1>     db 0x80,0xFF,0x0B,0x00,0x00,0x00,0x00,0xF8,0x3F,0x00,0x00,0x00,0x00,0x00,0x00,0x00,0x00,0x00,0x00,0x00,0x00,0x40,0xFF,0x2F
   328 000076D2 000000000000000000- <1>
   328 000076DB 00000040FF2F        <1>
   329 000076E1 00000000F82F000000- <1>     db 0x00,0x00,0x00,0x00,0xF8,0x2F,0x00,0x00,0x00,0x00,0x00,0x00,0x00,0x00,0x00,0x00,0x00,0x00,0x00,0xFE,0x7F,0x00,0x00,0x00
   329 000076EA 000000000000000000- <1>
   329 000076F3 00FE7F000000        <1>
   330 000076F9 00FD1F000000000000- <1>     db 0x00,0xFD,0x1F,0x00,0x00,0x00,0x00,0x00,0x00,0x00,0x00,0x00,0x00,0x00,0x00,0x00,0xF8,0xBF,0x00,0x00,0x00,0x00,0xFD,0x0F
   330 00007702 00000000000000F8BF- <1>
   330 0000770B 00000000FD0F        <1>
   331 00007711 000000000000000000- <1>     db 0x00,0x00,0x00,0x00,0x00,0x00,0x00,0x00,0x00,0x00,0x00,0x00,0x00,0xF4,0xFF,0x02,0x00,0x00,0x00,0xAD,0x0B,0x00,0x00,0x00
   331 0000771A 00000000F4FF020000- <1>
   331 00007723 00AD0B000000        <1>
   332 00007729 000000000000000000- <1>     db 0x00,0x00,0x00,0x00,0x00,0x00,0x00,0x00,0x00,0x00,0xD0,0xFF,0x07,0x00,0x00,0x00,0x00,0x00,0x00,0x00,0x00,0x00,0x00,0x00
   332 00007732 00D0FF070000000000- <1>
   332 0000773B 000000000000        <1>
   333 00007741 0000000000000080FF- <1>     db 0x00,0x00,0x00,0x00,0x00,0x00,0x00,0x80,0xFF,0x0F,0x00,0x00,0x00,0x00,0x00,0x00,0x00,0x00,0x00,0x00,0x00,0x00,0x00,0x00
   333 0000774A 0F0000000000000000- <1>
   333 00007753 000000000000        <1>
   334 00007759 0000000000FE2F0000- <1>     db 0x00,0x00,0x00,0x00,0x00,0xFE,0x2F,0x00,0x00,0x00,0x00,0x00,0x00,0x00,0x00,0x00,0x00,0x00,0x00,0x00,0x00,0x00,0x00,0x00
   334 00007762 000000000000000000- <1>
   334 0000776B 000000000000        <1>
   335 00007771 0000A86A0000000000- <1>     db 0x00,0x00,0xA8,0x6A,0x00,0x00,0x00,0x00,0x00,0x00,0x00,0x00,0x00,0x00,0x00,0x00,0x00,0x00,0x00,0x00,0x00,0x00,0x00,0x00
   335 0000777A 000000000000000000- <1>
   335 00007783 000000000000        <1>
   336 00007789 000000000000000000- <1>     db 0x00,0x00,0x00,0x00,0x00,0x00,0x00,0x00,0x00,0x00,0x00,0x00,0x00,0x00,0x00,0x00,0x00,0x00,0x00,0x00,0x00,0x00,0x00,0x00
   336 00007792 000000000000000000- <1>
   336 0000779B 000000000000        <1>
   337 000077A1 000000000000000000- <1>     db 0x00,0x00,0x00,0x00,0x00,0x00,0x00,0x00,0x00,0x00,0x00,0x00,0x00,0x00,0x00,0x00,0x00,0x00,0x00,0x00,0x00,0x00,0x00,0x00
   337 000077AA 000000000000000000- <1>
   337 000077B3 000000000000        <1>
   338 000077B9 000000000000000000- <1>     db 0x00,0x00,0x00,0x00,0x00,0x00,0x00,0x00,0x00,0x00,0x00,0x00,0x00,0x00,0x00,0x00,0x00,0x00
   338 000077C2 000000000000000000  <1>
  4160                                  %include "boot-font-aa.inc"
     1                              <1> ; Generated by scripts/generate-boot-font.ps1
     2                              <1> ; Segoe UI Semibold, 15 px, 2-bit grayscale coverage, four pixels per byte.
     3                              <1> BM_FONT_WIDTH equ 14
     4                              <1> BM_FONT_HEIGHT equ 20
     5                              <1> BM_FONT_BYTES_PER_GLYPH equ 70
     6 000077CB 414243444546474849- <1> bm_font_characters: db 0x41,0x42,0x43,0x44,0x45,0x46,0x47,0x48,0x49,0x4A,0x4B,0x4C,0x4D,0x4E,0x4F,0x50,0x51,0x52,0x53,0x54,0x55,0x56,0x57,0x58,0x59,0x5A,0x61,0x62,0x63,0x64,0x65,0x66,0x67,0x68,0x69,0x6A,0x6B,0x6C,0x6D,0x6E,0x6F,0x70,0x71,0x72,0x73,0x74,0x75,0x76,0x77,0x78,0x79,0x7A,0x30,0x31,0x32,0x33,0x34,0x35,0x36,0x37,0x38,0x39,0x2D,0x2E,0x2F,0x3A,0x7C,0x3B,0x28,0x29,0x84,0x94,0x81,0x8E,0x99,0x9A,0xE1,0
     6 000077D4 4A4B4C4D4E4F505152- <1>
     6 000077DD 535455565758595A61- <1>
     6 000077E6 62636465666768696A- <1>
     6 000077EF 6B6C6D6E6F70717273- <1>
     6 000077F8 7475767778797A3031- <1>
     6 00007801 32333435363738392D- <1>
     6 0000780A 2E2F3A7C3B28298494- <1>
     6 00007813 818E999AE100        <1>
     7                              <1> bm_font_widths:
     8 00007819 0C0B0B0C09090C0D06- <1>     db 12,11,11,12,9,9,12,13,6,7,11,9,14,13,13,10,13,11,10,10,12,11,14,11,10,10,9,11,9,11,9,7,11,10,5,5,9,5,14,10,10,11,11,7,8,7,10,9,13,9,9,8,10,8,10,10,10,10,10,10,10,10,8,5,8,5,6,5,6,6,9,10,10,12,13,12,10
     8 00007822 070B090E0D0D0A0D0B- <1>
     8 0000782B 0A0A0C0B0E0B0A0A09- <1>
     8 00007834 0B090B09070B0A0505- <1>
     8 0000783D 09050E0A0A0B0B0708- <1>
     8 00007846 070A090D0909080A08- <1>
     8 0000784F 0A0A0A0A0A0A0A0A08- <1>
     8 00007858 05080506050606090A- <1>
     8 00007861 0A0C0D0C0A          <1>
     9                              <1> bm_font_bitmap:
    10 00007866 000000000000000000- <1>     db 0x00,0x00,0x00,0x00,0x00,0x00,0x00,0x00,0x00,0x00,0x00,0x00,0x00,0x00,0x00,0x00,0x00,0x00,0xF0,0x00,0x00,0x40,0x1F,0x00,0x00,0xAC,0x03,0x00,0xC0,0x75,0x00,0x00,0x0D,0x0B,0x00,0xF0,0xF0,0x00,0x40,0x07,0x1D,0x00,0xF8,0xFF,0x02,0xC0,0x02,0x38,0x00,0x1D,0x40,0x07,0xE0,0x00,0xB0,0x00,0x00,0x00,0x00,0x00,0x00,0x00,0x00,0x00,0x00,0x00,0x00,0x00,0x00,0x00 ; A
    10 0000786F 000000000000000000- <1>
    10 00007878 F00000401F0000AC03- <1>
    10 00007881 00C07500000D0B00F0- <1>
    10 0000788A F00040071D00F8FF02- <1>
    10 00007893 C00238001D4007E000- <1>
    10 0000789C B00000000000000000- <1>
    10 000078A5 00000000000000      <1>
    11 000078AC 000000000000000000- <1>     db 0x00,0x00,0x00,0x00,0x00,0x00,0x00,0x00,0x00,0x00,0x00,0x00,0x00,0x00,0x00,0x00,0x00,0x80,0xFF,0x01,0x00,0x38,0x74,0x00,0x80,0x03,0x0B,0x00,0x38,0xB0,0x00,0x80,0x43,0x03,0x00,0xF8,0x1F,0x00,0x80,0x43,0x0B,0x00,0x38,0xD0,0x01,0x80,0x03,0x0D,0x00,0x38,0xB4,0x00,0x80,0xFF,0x02,0x00,0x00,0x00,0x00,0x00,0x00,0x00,0x00,0x00,0x00,0x00,0x00,0x00,0x00,0x00 ; B
    11 000078B5 000000000000000080- <1>
    11 000078BE FF010038740080030B- <1>
    11 000078C7 0038B00080430300F8- <1>
    11 000078D0 1F0080430B0038D001- <1>
    11 000078D9 80030D0038B40080FF- <1>
    11 000078E2 020000000000000000- <1>
    11 000078EB 00000000000000      <1>
    12 000078F2 000000000000000000- <1>     db 0x00,0x00,0x00,0x00,0x00,0x00,0x00,0x00,0x00,0x00,0x00,0x00,0x00,0x00,0x00,0x00,0x00,0x00,0xE4,0x1F,0x00,0xE0,0x41,0x01,0x40,0x03,0x00,0x00,0x2C,0x00,0x00,0xD0,0x01,0x00,0x00,0x1D,0x00,0x00,0xD0,0x01,0x00,0x00,0x2C,0x00,0x00,0x80,0x03,0x00,0x00,0xF0,0x41,0x01,0x00,0xF8,0x1B,0x00,0x00,0x00,0x00,0x00,0x00,0x00,0x00,0x00,0x00,0x00,0x00,0x00,0x00,0x00 ; C
    12 000078FB 000000000000000000- <1>
    12 00007904 E41F00E04101400300- <1>
    12 0000790D 002C0000D00100001D- <1>
    12 00007916 0000D00100002C0000- <1>
    12 0000791F 80030000F0410100F8- <1>
    12 00007928 1B0000000000000000- <1>
    12 00007931 00000000000000      <1>
    13 00007938 000000000000000000- <1>     db 0x00,0x00,0x00,0x00,0x00,0x00,0x00,0x00,0x00,0x00,0x00,0x00,0x00,0x00,0x00,0x00,0x00,0x80,0xFF,0x06,0x00,0x38,0xD0,0x02,0x80,0x03,0x74,0x00,0x38,0x00,0x0B,0x80,0x03,0xE0,0x00,0x38,0x00,0x0E,0x80,0x03,0xE0,0x00,0x38,0x00,0x0B,0x80,0x03,0x34,0x00,0x38,0xD0,0x01,0x80,0xFF,0x02,0x00,0x00,0x00,0x00,0x00,0x00,0x00,0x00,0x00,0x00,0x00,0x00,0x00,0x00,0x00 ; D
    13 00007941 000000000000000080- <1>
    13 0000794A FF060038D002800374- <1>
    13 00007953 0038000B8003E00038- <1>
    13 0000795C 000E8003E00038000B- <1>
    13 00007965 8003340038D00180FF- <1>
    13 0000796E 020000000000000000- <1>
    13 00007977 00000000000000      <1>
    14 0000797E 000000000000000000- <1>     db 0x00,0x00,0x00,0x00,0x00,0x00,0x00,0x00,0x00,0x00,0x00,0x00,0x00,0x00,0x00,0x00,0x00,0x80,0xFF,0x03,0x00,0x38,0x00,0x00,0x80,0x03,0x00,0x00,0x38,0x00,0x00,0x80,0x03,0x00,0x00,0xF8,0x2F,0x00,0x80,0x03,0x00,0x00,0x38,0x00,0x00,0x80,0x03,0x00,0x00,0x38,0x00,0x00,0x80,0xFF,0x07,0x00,0x00,0x00,0x00,0x00,0x00,0x00,0x00,0x00,0x00,0x00,0x00,0x00,0x00,0x00 ; E
    14 00007987 000000000000000080- <1>
    14 00007990 FF0300380000800300- <1>
    14 00007999 0038000080030000F8- <1>
    14 000079A2 2F0080030000380000- <1>
    14 000079AB 8003000038000080FF- <1>
    14 000079B4 070000000000000000- <1>
    14 000079BD 00000000000000      <1>
    15 000079C4 000000000000000000- <1>     db 0x00,0x00,0x00,0x00,0x00,0x00,0x00,0x00,0x00,0x00,0x00,0x00,0x00,0x00,0x00,0x00,0x00,0x80,0xFF,0x03,0x00,0x38,0x00,0x00,0x80,0x03,0x00,0x00,0x38,0x00,0x00,0x80,0x03,0x00,0x00,0xF8,0x2F,0x00,0x80,0x03,0x00,0x00,0x38,0x00,0x00,0x80,0x03,0x00,0x00,0x38,0x00,0x00,0x80,0x03,0x00,0x00,0x00,0x00,0x00,0x00,0x00,0x00,0x00,0x00,0x00,0x00,0x00,0x00,0x00,0x00 ; F
    15 000079CD 000000000000000080- <1>
    15 000079D6 FF0300380000800300- <1>
    15 000079DF 0038000080030000F8- <1>
    15 000079E8 2F0080030000380000- <1>
    15 000079F1 800300003800008003- <1>
    15 000079FA 000000000000000000- <1>
    15 00007A03 00000000000000      <1>
    16 00007A0A 000000000000000000- <1>     db 0x00,0x00,0x00,0x00,0x00,0x00,0x00,0x00,0x00,0x00,0x00,0x00,0x00,0x00,0x00,0x00,0x00,0x00,0xE4,0x2F,0x00,0xE0,0x01,0x06,0x40,0x07,0x00,0x00,0x2C,0x00,0x00,0xD0,0x01,0x00,0x00,0x1D,0xF4,0x07,0xD0,0x01,0x74,0x00,0x1C,0x40,0x07,0x80,0x03,0x74,0x00,0xA0,0x41,0x07,0x00,0xF4,0x6F,0x00,0x00,0x00,0x00,0x00,0x00,0x00,0x00,0x00,0x00,0x00,0x00,0x00,0x00,0x00 ; G
    16 00007A13 000000000000000000- <1>
    16 00007A1C E42F00E00106400700- <1>
    16 00007A25 002C0000D00100001D- <1>
    16 00007A2E F407D00174001C4007- <1>
    16 00007A37 80037400A0410700F4- <1>
    16 00007A40 6F0000000000000000- <1>
    16 00007A49 00000000000000      <1>
    17 00007A50 000000000000000000- <1>     db 0x00,0x00,0x00,0x00,0x00,0x00,0x00,0x00,0x00,0x00,0x00,0x00,0x00,0x00,0x00,0x00,0x00,0x80,0x03,0xB0,0x00,0x38,0x00,0x0B,0x80,0x03,0xB0,0x00,0x38,0x00,0x0B,0x80,0x03,0xB0,0x00,0xF8,0xFF,0x0B,0x80,0x03,0xB0,0x00,0x38,0x00,0x0B,0x80,0x03,0xB0,0x00,0x38,0x00,0x0B,0x80,0x03,0xB0,0x00,0x00,0x00,0x00,0x00,0x00,0x00,0x00,0x00,0x00,0x00,0x00,0x00,0x00,0x00 ; H
    17 00007A59 000000000000000080- <1>
    17 00007A62 03B00038000B8003B0- <1>
    17 00007A6B 0038000B8003B000F8- <1>
    17 00007A74 FF0B8003B00038000B- <1>
    17 00007A7D 8003B00038000B8003- <1>
    17 00007A86 B00000000000000000- <1>
    17 00007A8F 00000000000000      <1>
    18 00007A96 000000000000000000- <1>     db 0x00,0x00,0x00,0x00,0x00,0x00,0x00,0x00,0x00,0x00,0x00,0x00,0x00,0x00,0x00,0x00,0x00,0x80,0x03,0x00,0x00,0x38,0x00,0x00,0x80,0x03,0x00,0x00,0x38,0x00,0x00,0x80,0x03,0x00,0x00,0x38,0x00,0x00,0x80,0x03,0x00,0x00,0x38,0x00,0x00,0x80,0x03,0x00,0x00,0x38,0x00,0x00,0x80,0x03,0x00,0x00,0x00,0x00,0x00,0x00,0x00,0x00,0x00,0x00,0x00,0x00,0x00,0x00,0x00,0x00 ; I
    18 00007A9F 000000000000000080- <1>
    18 00007AA8 030000380000800300- <1>
    18 00007AB1 003800008003000038- <1>
    18 00007ABA 000080030000380000- <1>
    18 00007AC3 800300003800008003- <1>
    18 00007ACC 000000000000000000- <1>
    18 00007AD5 00000000000000      <1>
    19 00007ADC 000000000000000000- <1>     db 0x00,0x00,0x00,0x00,0x00,0x00,0x00,0x00,0x00,0x00,0x00,0x00,0x00,0x00,0x00,0x00,0x00,0x00,0x2C,0x00,0x00,0xC0,0x02,0x00,0x00,0x2C,0x00,0x00,0xC0,0x02,0x00,0x00,0x2C,0x00,0x00,0xC0,0x02,0x00,0x00,0x2C,0x00,0x00,0xC0,0x02,0x00,0x00,0x1C,0x00,0x00,0xE0,0x00,0x00,0xF0,0x02,0x00,0x00,0x00,0x00,0x00,0x00,0x00,0x00,0x00,0x00,0x00,0x00,0x00,0x00,0x00,0x00 ; J
    19 00007AE5 000000000000000000- <1>
    19 00007AEE 2C0000C00200002C00- <1>
    19 00007AF7 00C00200002C0000C0- <1>
    19 00007B00 0200002C0000C00200- <1>
    19 00007B09 001C0000E00000F002- <1>
    19 00007B12 000000000000000000- <1>
    19 00007B1B 00000000000000      <1>
    20 00007B22 000000000000000000- <1>     db 0x00,0x00,0x00,0x00,0x00,0x00,0x00,0x00,0x00,0x00,0x00,0x00,0x00,0x00,0x00,0x00,0x00,0x80,0x03,0x2D,0x00,0x38,0xB0,0x00,0x80,0xC3,0x03,0x00,0x38,0x0E,0x00,0x80,0x77,0x00,0x00,0xF8,0x03,0x00,0x80,0xB7,0x00,0x00,0x38,0x1D,0x00,0x80,0x83,0x07,0x00,0x38,0xF0,0x00,0x80,0x03,0x2D,0x00,0x00,0x00,0x00,0x00,0x00,0x00,0x00,0x00,0x00,0x00,0x00,0x00,0x00,0x00 ; K
    20 00007B2B 000000000000000080- <1>
    20 00007B34 032D0038B00080C303- <1>
    20 00007B3D 00380E0080770000F8- <1>
    20 00007B46 030080B70000381D00- <1>
    20 00007B4F 8083070038F0008003- <1>
    20 00007B58 2D0000000000000000- <1>
    20 00007B61 00000000000000      <1>
    21 00007B68 000000000000000000- <1>     db 0x00,0x00,0x00,0x00,0x00,0x00,0x00,0x00,0x00,0x00,0x00,0x00,0x00,0x00,0x00,0x00,0x00,0x80,0x03,0x00,0x00,0x38,0x00,0x00,0x80,0x03,0x00,0x00,0x38,0x00,0x00,0x80,0x03,0x00,0x00,0x38,0x00,0x00,0x80,0x03,0x00,0x00,0x38,0x00,0x00,0x80,0x03,0x00,0x00,0x38,0x00,0x00,0x80,0xFF,0x07,0x00,0x00,0x00,0x00,0x00,0x00,0x00,0x00,0x00,0x00,0x00,0x00,0x00,0x00,0x00 ; L
    21 00007B71 000000000000000080- <1>
    21 00007B7A 030000380000800300- <1>
    21 00007B83 003800008003000038- <1>
    21 00007B8C 000080030000380000- <1>
    21 00007B95 8003000038000080FF- <1>
    21 00007B9E 070000000000000000- <1>
    21 00007BA7 00000000000000      <1>
    22 00007BAE 000000000000000000- <1>     db 0x00,0x00,0x00,0x00,0x00,0x00,0x00,0x00,0x00,0x00,0x00,0x00,0x00,0x00,0x00,0x00,0x00,0x80,0x0F,0x00,0x1F,0xF8,0x01,0xF4,0x81,0x2F,0x80,0x1E,0x78,0x03,0xDC,0x81,0x73,0xD0,0x1D,0x38,0x0E,0xDB,0x81,0xD3,0x75,0x1D,0x38,0xAC,0xD3,0x81,0x83,0x1F,0x1D,0x38,0xF0,0xD0,0x81,0x03,0x0B,0x1D,0x00,0x00,0x00,0x00,0x00,0x00,0x00,0x00,0x00,0x00,0x00,0x00,0x00,0x00 ; M
    22 00007BB7 000000000000000080- <1>
    22 00007BC0 0F001FF801F4812F80- <1>
    22 00007BC9 1E7803DC8173D01D38- <1>
    22 00007BD2 0EDB81D3751D38ACD3- <1>
    22 00007BDB 81831F1D38F0D08103- <1>
    22 00007BE4 0B1D00000000000000- <1>
    22 00007BED 00000000000000      <1>
    23 00007BF4 000000000000000000- <1>     db 0x00,0x00,0x00,0x00,0x00,0x00,0x00,0x00,0x00,0x00,0x00,0x00,0x00,0x00,0x00,0x00,0x00,0x80,0x0B,0xD0,0x01,0xF8,0x01,0x1D,0x80,0x3F,0xD0,0x01,0x78,0x07,0x1D,0x80,0xE3,0xD0,0x01,0x38,0x2C,0x1D,0x80,0x43,0xD7,0x01,0x38,0xE0,0x1D,0x80,0x03,0xFD,0x01,0x38,0x40,0x1F,0x80,0x03,0xF0,0x01,0x00,0x00,0x00,0x00,0x00,0x00,0x00,0x00,0x00,0x00,0x00,0x00,0x00,0x00 ; N
    23 00007BFD 000000000000000080- <1>
    23 00007C06 0BD001F8011D803FD0- <1>
    23 00007C0F 0178071D80E3D00138- <1>
    23 00007C18 2C1D8043D70138E01D- <1>
    23 00007C21 8003FD0138401F8003- <1>
    23 00007C2A F00100000000000000- <1>
    23 00007C33 00000000000000      <1>
    24 00007C3A 000000000000000000- <1>     db 0x00,0x00,0x00,0x00,0x00,0x00,0x00,0x00,0x00,0x00,0x00,0x00,0x00,0x00,0x00,0x00,0x00,0x00,0xF4,0x0B,0x00,0xA0,0x81,0x07,0x80,0x03,0xE0,0x00,0x2C,0x00,0x1D,0xD0,0x01,0xC0,0x01,0x1D,0x00,0x1C,0xD0,0x01,0xC0,0x01,0x2C,0x00,0x1D,0x80,0x03,0xE0,0x00,0xB0,0x81,0x03,0x00,0xF8,0x0B,0x00,0x00,0x00,0x00,0x00,0x00,0x00,0x00,0x00,0x00,0x00,0x00,0x00,0x00,0x00 ; O
    24 00007C43 000000000000000000- <1>
    24 00007C4C F40B00A081078003E0- <1>
    24 00007C55 002C001DD001C0011D- <1>
    24 00007C5E 001CD001C0012C001D- <1>
    24 00007C67 8003E000B0810300F8- <1>
    24 00007C70 0B0000000000000000- <1>
    24 00007C79 00000000000000      <1>
    25 00007C80 000000000000000000- <1>     db 0x00,0x00,0x00,0x00,0x00,0x00,0x00,0x00,0x00,0x00,0x00,0x00,0x00,0x00,0x00,0x00,0x00,0x80,0xFF,0x01,0x00,0x38,0xB4,0x00,0x80,0x03,0x0E,0x00,0x38,0xD0,0x00,0x80,0x03,0x0E,0x00,0x38,0x74,0x00,0x80,0xFF,0x01,0x00,0x38,0x00,0x00,0x80,0x03,0x00,0x00,0x38,0x00,0x00,0x80,0x03,0x00,0x00,0x00,0x00,0x00,0x00,0x00,0x00,0x00,0x00,0x00,0x00,0x00,0x00,0x00,0x00 ; P
    25 00007C89 000000000000000080- <1>
    25 00007C92 FF010038B40080030E- <1>
    25 00007C9B 0038D00080030E0038- <1>
    25 00007CA4 740080FF0100380000- <1>
    25 00007CAD 800300003800008003- <1>
    25 00007CB6 000000000000000000- <1>
    25 00007CBF 00000000000000      <1>
    26 00007CC6 000000000000000000- <1>     db 0x00,0x00,0x00,0x00,0x00,0x00,0x00,0x00,0x00,0x00,0x00,0x00,0x00,0x00,0x00,0x00,0x00,0x00,0xF4,0x0B,0x00,0xA0,0x81,0x07,0x80,0x03,0xE0,0x00,0x2C,0x00,0x1D,0xD0,0x01,0xC0,0x01,0x1D,0x00,0x1C,0xD0,0x01,0xC0,0x01,0x2C,0x00,0x1D,0x80,0x03,0xE0,0x00,0xB0,0x81,0x03,0x00,0xF8,0x7F,0x00,0x00,0x00,0x2E,0x00,0x00,0x00,0x00,0x00,0x00,0x00,0x00,0x00,0x00,0x00 ; Q
    26 00007CCF 000000000000000000- <1>
    26 00007CD8 F40B00A081078003E0- <1>
    26 00007CE1 002C001DD001C0011D- <1>
    26 00007CEA 001CD001C0012C001D- <1>
    26 00007CF3 8003E000B0810300F8- <1>
    26 00007CFC 7F0000002E00000000- <1>
    26 00007D05 00000000000000      <1>
    27 00007D0C 000000000000000000- <1>     db 0x00,0x00,0x00,0x00,0x00,0x00,0x00,0x00,0x00,0x00,0x00,0x00,0x00,0x00,0x00,0x00,0x00,0x80,0xFF,0x02,0x00,0x38,0xF0,0x00,0x80,0x03,0x1D,0x00,0x38,0xD0,0x00,0x80,0x43,0x0B,0x00,0xF8,0x1F,0x00,0x80,0xC3,0x02,0x00,0x38,0x74,0x00,0x80,0x03,0x0F,0x00,0x38,0xD0,0x02,0x80,0x03,0x3C,0x00,0x00,0x00,0x00,0x00,0x00,0x00,0x00,0x00,0x00,0x00,0x00,0x00,0x00,0x00 ; R
    27 00007D15 000000000000000080- <1>
    27 00007D1E FF020038F00080031D- <1>
    27 00007D27 0038D00080430B00F8- <1>
    27 00007D30 1F0080C30200387400- <1>
    27 00007D39 80030F0038D0028003- <1>
    27 00007D42 3C0000000000000000- <1>
    27 00007D4B 00000000000000      <1>
    28 00007D52 000000000000000000- <1>     db 0x00,0x00,0x00,0x00,0x00,0x00,0x00,0x00,0x00,0x00,0x00,0x00,0x00,0x00,0x00,0x00,0x00,0x00,0xFD,0x02,0x00,0x78,0x10,0x00,0xC0,0x01,0x00,0x00,0x2C,0x00,0x00,0x80,0x1B,0x00,0x00,0xD0,0x0B,0x00,0x00,0xE0,0x02,0x00,0x00,0x74,0x00,0x00,0x40,0x07,0x00,0x05,0x38,0x00,0x80,0xBF,0x00,0x00,0x00,0x00,0x00,0x00,0x00,0x00,0x00,0x00,0x00,0x00,0x00,0x00,0x00,0x00 ; S
    28 00007D5B 000000000000000000- <1>
    28 00007D64 FD0200781000C00100- <1>
    28 00007D6D 002C0000801B0000D0- <1>
    28 00007D76 0B0000E00200007400- <1>
    28 00007D7F 0040070005380080BF- <1>
    28 00007D88 000000000000000000- <1>
    28 00007D91 00000000000000      <1>
    29 00007D98 000000000000000000- <1>     db 0x00,0x00,0x00,0x00,0x00,0x00,0x00,0x00,0x00,0x00,0x00,0x00,0x00,0x00,0x00,0x00,0x00,0xE0,0xFF,0x0F,0x00,0x80,0x03,0x00,0x00,0x38,0x00,0x00,0x80,0x03,0x00,0x00,0x38,0x00,0x00,0x80,0x03,0x00,0x00,0x38,0x00,0x00,0x80,0x03,0x00,0x00,0x38,0x00,0x00,0x80,0x03,0x00,0x00,0x38,0x00,0x00,0x00,0x00,0x00,0x00,0x00,0x00,0x00,0x00,0x00,0x00,0x00,0x00,0x00,0x00 ; T
    29 00007DA1 0000000000000000E0- <1>
    29 00007DAA FF0F00800300003800- <1>
    29 00007DB3 008003000038000080- <1>
    29 00007DBC 030000380000800300- <1>
    29 00007DC5 003800008003000038- <1>
    29 00007DCE 000000000000000000- <1>
    29 00007DD7 00000000000000      <1>
    30 00007DDE 000000000000000000- <1>     db 0x00,0x00,0x00,0x00,0x00,0x00,0x00,0x00,0x00,0x00,0x00,0x00,0x00,0x00,0x00,0x00,0x00,0x80,0x03,0x74,0x00,0x38,0x40,0x07,0x80,0x03,0x74,0x00,0x38,0x40,0x07,0x80,0x03,0x74,0x00,0x38,0x40,0x07,0x80,0x03,0x74,0x00,0x38,0x40,0x07,0x40,0x03,0x38,0x00,0xB0,0xD0,0x01,0x00,0xF8,0x07,0x00,0x00,0x00,0x00,0x00,0x00,0x00,0x00,0x00,0x00,0x00,0x00,0x00,0x00,0x00 ; U
    30 00007DE7 000000000000000080- <1>
    30 00007DF0 037400384007800374- <1>
    30 00007DF9 003840078003740038- <1>
    30 00007E02 400780037400384007- <1>
    30 00007E0B 40033800B0D00100F8- <1>
    30 00007E14 070000000000000000- <1>
    30 00007E1D 00000000000000      <1>
    31 00007E24 000000000000000000- <1>     db 0x00,0x00,0x00,0x00,0x00,0x00,0x00,0x00,0x00,0x00,0x00,0x00,0x00,0x00,0x00,0x00,0x00,0xE0,0x00,0x74,0x00,0x1D,0x80,0x03,0xC0,0x02,0x2C,0x00,0x38,0xD0,0x01,0x40,0x07,0x0E,0x00,0xB0,0xB0,0x00,0x00,0x4E,0x07,0x00,0xD0,0x39,0x00,0x00,0xEC,0x02,0x00,0x80,0x1F,0x00,0x00,0xF4,0x00,0x00,0x00,0x00,0x00,0x00,0x00,0x00,0x00,0x00,0x00,0x00,0x00,0x00,0x00,0x00 ; V
    31 00007E2D 0000000000000000E0- <1>
    31 00007E36 0074001D8003C0022C- <1>
    31 00007E3F 0038D00140070E00B0- <1>
    31 00007E48 B000004E0700D03900- <1>
    31 00007E51 00EC0200801F0000F4- <1>
    31 00007E5A 000000000000000000- <1>
    31 00007E63 00000000000000      <1>
    32 00007E6A 000000000000000000- <1>     db 0x00,0x00,0x00,0x00,0x00,0x00,0x00,0x00,0x00,0x00,0x00,0x00,0x00,0x00,0x00,0x00,0x00,0xE0,0x01,0x1D,0xD0,0x1D,0xF0,0x02,0xCE,0x02,0x3F,0xB0,0x3C,0x74,0x43,0x87,0x83,0x72,0x34,0x74,0x1C,0x8B,0x03,0xCB,0xE1,0x2C,0xE0,0x0D,0xDD,0x01,0xAD,0xC0,0x0E,0xD0,0x07,0xFC,0x00,0x7C,0x80,0x0B,0x00,0x00,0x00,0x00,0x00,0x00,0x00,0x00,0x00,0x00,0x00,0x00,0x00,0x00 ; W
    32 00007E73 0000000000000000E0- <1>
    32 00007E7C 011DD01DF002CE023F- <1>
    32 00007E85 B03C74438783723474- <1>
    32 00007E8E 1C8B03CBE12CE00DDD- <1>
    32 00007E97 01ADC00ED007FC007C- <1>
    32 00007EA0 800B00000000000000- <1>
    32 00007EA9 00000000000000      <1>
    33 00007EB0 000000000000000000- <1>     db 0x00,0x00,0x00,0x00,0x00,0x00,0x00,0x00,0x00,0x00,0x00,0x00,0x00,0x00,0x00,0x00,0x00,0xD0,0x03,0x2C,0x00,0x78,0xE0,0x01,0x00,0x0F,0x0B,0x00,0xD0,0x39,0x00,0x00,0xFC,0x01,0x00,0x40,0x0F,0x00,0x00,0xEC,0x01,0x00,0xE0,0x38,0x00,0x40,0x4B,0x0B,0x00,0x3C,0xE0,0x01,0xD0,0x01,0x3C,0x00,0x00,0x00,0x00,0x00,0x00,0x00,0x00,0x00,0x00,0x00,0x00,0x00,0x00,0x00 ; X
    33 00007EB9 0000000000000000D0- <1>
    33 00007EC2 032C0078E001000F0B- <1>
    33 00007ECB 00D0390000FC010040- <1>
    33 00007ED4 0F0000EC0100E03800- <1>
    33 00007EDD 404B0B003CE001D001- <1>
    33 00007EE6 3C0000000000000000- <1>
    33 00007EEF 00000000000000      <1>
    34 00007EF6 000000000000000000- <1>     db 0x00,0x00,0x00,0x00,0x00,0x00,0x00,0x00,0x00,0x00,0x00,0x00,0x00,0x00,0x00,0x00,0x00,0xE0,0x01,0x1D,0x00,0x2D,0xF0,0x00,0x80,0x47,0x07,0x00,0xB4,0x3C,0x00,0x00,0xDE,0x01,0x00,0xD0,0x0F,0x00,0x00,0x78,0x00,0x00,0x40,0x07,0x00,0x00,0x74,0x00,0x00,0x40,0x07,0x00,0x00,0x74,0x00,0x00,0x00,0x00,0x00,0x00,0x00,0x00,0x00,0x00,0x00,0x00,0x00,0x00,0x00,0x00 ; Y
    34 00007EFF 0000000000000000E0- <1>
    34 00007F08 011D002DF000804707- <1>
    34 00007F11 00B43C0000DE0100D0- <1>
    34 00007F1A 0F0000780000400700- <1>
    34 00007F23 007400004007000074- <1>
    34 00007F2C 000000000000000000- <1>
    34 00007F35 00000000000000      <1>
    35 00007F3C 000000000000000000- <1>     db 0x00,0x00,0x00,0x00,0x00,0x00,0x00,0x00,0x00,0x00,0x00,0x00,0x00,0x00,0x00,0x00,0x00,0xD0,0xFF,0x1F,0x00,0x00,0xF4,0x00,0x00,0xC0,0x07,0x00,0x00,0x2D,0x00,0x00,0xF0,0x00,0x00,0x80,0x07,0x00,0x00,0x2D,0x00,0x00,0xF0,0x01,0x00,0x40,0x0B,0x00,0x00,0x3C,0x00,0x00,0xE0,0xFF,0x1F,0x00,0x00,0x00,0x00,0x00,0x00,0x00,0x00,0x00,0x00,0x00,0x00,0x00,0x00,0x00 ; Z
    35 00007F45 0000000000000000D0- <1>
    35 00007F4E FF1F0000F40000C007- <1>
    35 00007F57 00002D0000F0000080- <1>
    35 00007F60 0700002D0000F00100- <1>
    35 00007F69 400B00003C0000E0FF- <1>
    35 00007F72 1F0000000000000000- <1>
    35 00007F7B 00000000000000      <1>
    36 00007F82 000000000000000000- <1>     db 0x00,0x00,0x00,0x00,0x00,0x00,0x00,0x00,0x00,0x00,0x00,0x00,0x00,0x00,0x00,0x00,0x00,0x00,0x00,0x00,0x00,0x00,0x00,0x00,0x00,0x00,0x00,0x00,0xE4,0x0B,0x00,0x40,0xD0,0x02,0x00,0x00,0x28,0x00,0x00,0xF9,0x03,0x00,0x6C,0x38,0x00,0xD0,0xC1,0x03,0x00,0x1D,0x3D,0x00,0x40,0x9F,0x03,0x00,0x00,0x00,0x00,0x00,0x00,0x00,0x00,0x00,0x00,0x00,0x00,0x00,0x00,0x00 ; a
    36 00007F8B 000000000000000000- <1>
    36 00007F94 000000000000000000- <1>
    36 00007F9D 00E40B0040D0020000- <1>
    36 00007FA6 280000F903006C3800- <1>
    36 00007FAF D0C103001D3D00409F- <1>
    36 00007FB8 030000000000000000- <1>
    36 00007FC1 00000000000000      <1>
    37 00007FC8 000000000000000000- <1>     db 0x00,0x00,0x00,0x00,0x00,0x00,0x00,0x00,0x00,0x00,0x00,0x00,0x00,0x00,0x00,0x00,0x00,0xC0,0x02,0x00,0x00,0x2C,0x00,0x00,0xC0,0x02,0x00,0x00,0x6C,0x2F,0x00,0xC0,0x0B,0x0F,0x00,0x3C,0xD0,0x01,0xC0,0x02,0x1D,0x00,0x2C,0xD0,0x01,0xC0,0x03,0x0D,0x00,0x7C,0xB4,0x00,0xC0,0xF6,0x02,0x00,0x00,0x00,0x00,0x00,0x00,0x00,0x00,0x00,0x00,0x00,0x00,0x00,0x00,0x00 ; b
    37 00007FD1 0000000000000000C0- <1>
    37 00007FDA 0200002C0000C00200- <1>
    37 00007FE3 006C2F00C00B0F003C- <1>
    37 00007FEC D001C0021D002CD001- <1>
    37 00007FF5 C0030D007CB400C0F6- <1>
    37 00007FFE 020000000000000000- <1>
    37 00008007 00000000000000      <1>
    38 0000800E 000000000000000000- <1>     db 0x00,0x00,0x00,0x00,0x00,0x00,0x00,0x00,0x00,0x00,0x00,0x00,0x00,0x00,0x00,0x00,0x00,0x00,0x00,0x00,0x00,0x00,0x00,0x00,0x00,0x00,0x00,0x00,0xD0,0x1F,0x00,0x40,0x07,0x01,0x00,0x2C,0x00,0x00,0xD0,0x01,0x00,0x00,0x1D,0x00,0x00,0xC0,0x01,0x00,0x00,0x78,0x10,0x00,0x00,0xFD,0x01,0x00,0x00,0x00,0x00,0x00,0x00,0x00,0x00,0x00,0x00,0x00,0x00,0x00,0x00,0x00 ; c
    38 00008017 000000000000000000- <1>
    38 00008020 000000000000000000- <1>
    38 00008029 00D01F00400701002C- <1>
    38 00008032 0000D00100001D0000- <1>
    38 0000803B C001000078100000FD- <1>
    38 00008044 010000000000000000- <1>
    38 0000804D 00000000000000      <1>
    39 00008054 000000000000000000- <1>     db 0x00,0x00,0x00,0x00,0x00,0x00,0x00,0x00,0x00,0x00,0x00,0x00,0x00,0x00,0x00,0x00,0x00,0x00,0x00,0x0E,0x00,0x00,0xE0,0x00,0x00,0x00,0x0E,0x00,0xE0,0xEB,0x00,0x80,0x47,0x0F,0x00,0x1C,0xE0,0x00,0xD0,0x01,0x0E,0x00,0x1D,0xE0,0x00,0xD0,0x01,0x0F,0x00,0x38,0xF4,0x00,0x00,0x7E,0x0E,0x00,0x00,0x00,0x00,0x00,0x00,0x00,0x00,0x00,0x00,0x00,0x00,0x00,0x00,0x00 ; d
    39 0000805D 000000000000000000- <1>
    39 00008066 000E0000E00000000E- <1>
    39 0000806F 00E0EB0080470F001C- <1>
    39 00008078 E000D0010E001DE000- <1>
    39 00008081 D0010F0038F400007E- <1>
    39 0000808A 0E0000000000000000- <1>
    39 00008093 00000000000000      <1>
    40 0000809A 000000000000000000- <1>     db 0x00,0x00,0x00,0x00,0x00,0x00,0x00,0x00,0x00,0x00,0x00,0x00,0x00,0x00,0x00,0x00,0x00,0x00,0x00,0x00,0x00,0x00,0x00,0x00,0x00,0x00,0x00,0x00,0xD0,0x1B,0x00,0x40,0x83,0x03,0x00,0x1C,0x74,0x00,0xD0,0xFF,0x07,0x00,0x1D,0x00,0x00,0xC0,0x01,0x00,0x00,0x78,0x20,0x00,0x00,0xFE,0x02,0x00,0x00,0x00,0x00,0x00,0x00,0x00,0x00,0x00,0x00,0x00,0x00,0x00,0x00,0x00 ; e
    40 000080A3 000000000000000000- <1>
    40 000080AC 000000000000000000- <1>
    40 000080B5 00D01B00408303001C- <1>
    40 000080BE 7400D0FF07001D0000- <1>
    40 000080C7 C001000078200000FE- <1>
    40 000080D0 020000000000000000- <1>
    40 000080D9 00000000000000      <1>
    41 000080E0 000000000000000000- <1>     db 0x00,0x00,0x00,0x00,0x00,0x00,0x00,0x00,0x00,0x00,0x00,0x00,0x00,0x00,0x00,0x00,0x00,0x00,0x7D,0x00,0x00,0x74,0x00,0x00,0x40,0x07,0x00,0x00,0xFE,0x03,0x00,0x40,0x07,0x00,0x00,0x74,0x00,0x00,0x40,0x07,0x00,0x00,0x74,0x00,0x00,0x40,0x07,0x00,0x00,0x74,0x00,0x00,0x40,0x07,0x00,0x00,0x00,0x00,0x00,0x00,0x00,0x00,0x00,0x00,0x00,0x00,0x00,0x00,0x00,0x00 ; f
    41 000080E9 000000000000000000- <1>
    41 000080F2 7D0000740000400700- <1>
    41 000080FB 00FE03004007000074- <1>
    41 00008104 000040070000740000- <1>
    41 0000810D 400700007400004007- <1>
    41 00008116 000000000000000000- <1>
    41 0000811F 00000000000000      <1>
    42 00008126 000000000000000000- <1>     db 0x00,0x00,0x00,0x00,0x00,0x00,0x00,0x00,0x00,0x00,0x00,0x00,0x00,0x00,0x00,0x00,0x00,0x00,0x00,0x00,0x00,0x00,0x00,0x00,0x00,0x00,0x00,0x00,0xE0,0xEB,0x00,0x80,0x47,0x0F,0x00,0x1C,0xE0,0x00,0xD0,0x01,0x0E,0x00,0x1D,0xE0,0x00,0xD0,0x01,0x0F,0x00,0x38,0xF8,0x00,0x00,0x7E,0x0E,0x00,0x00,0xB0,0x00,0x40,0x81,0x07,0x00,0xF4,0x1B,0x00,0x00,0x00,0x00,0x00 ; g
    42 0000812F 000000000000000000- <1>
    42 00008138 000000000000000000- <1>
    42 00008141 00E0EB0080470F001C- <1>
    42 0000814A E000D0010E001DE000- <1>
    42 00008153 D0010F0038F800007E- <1>
    42 0000815C 0E0000B00040810700- <1>
    42 00008165 F41B0000000000      <1>
    43 0000816C 000000000000000000- <1>     db 0x00,0x00,0x00,0x00,0x00,0x00,0x00,0x00,0x00,0x00,0x00,0x00,0x00,0x00,0x00,0x00,0x00,0xC0,0x02,0x00,0x00,0x2C,0x00,0x00,0xC0,0x02,0x00,0x00,0x6C,0x2F,0x00,0xC0,0x4B,0x07,0x00,0x3C,0xB0,0x00,0xC0,0x02,0x0B,0x00,0x2C,0xB0,0x00,0xC0,0x02,0x0B,0x00,0x2C,0xB0,0x00,0xC0,0x02,0x0B,0x00,0x00,0x00,0x00,0x00,0x00,0x00,0x00,0x00,0x00,0x00,0x00,0x00,0x00,0x00 ; h
    43 00008175 0000000000000000C0- <1>
    43 0000817E 0200002C0000C00200- <1>
    43 00008187 006C2F00C04B07003C- <1>
    43 00008190 B000C0020B002CB000- <1>
    43 00008199 C0020B002CB000C002- <1>
    43 000081A2 0B0000000000000000- <1>
    43 000081AB 00000000000000      <1>
    44 000081B2 000000000000000000- <1>     db 0x00,0x00,0x00,0x00,0x00,0x00,0x00,0x00,0x00,0x00,0x00,0x00,0x00,0x00,0x00,0x00,0x00,0x80,0x02,0x00,0x00,0x28,0x00,0x00,0x00,0x00,0x00,0x00,0x2C,0x00,0x00,0xC0,0x02,0x00,0x00,0x2C,0x00,0x00,0xC0,0x02,0x00,0x00,0x2C,0x00,0x00,0xC0,0x02,0x00,0x00,0x2C,0x00,0x00,0xC0,0x02,0x00,0x00,0x00,0x00,0x00,0x00,0x00,0x00,0x00,0x00,0x00,0x00,0x00,0x00,0x00,0x00 ; i
    44 000081BB 000000000000000080- <1>
    44 000081C4 020000280000000000- <1>
    44 000081CD 002C0000C00200002C- <1>
    44 000081D6 0000C00200002C0000- <1>
    44 000081DF C00200002C0000C002- <1>
    44 000081E8 000000000000000000- <1>
    44 000081F1 00000000000000      <1>
    45 000081F8 000000000000000000- <1>     db 0x00,0x00,0x00,0x00,0x00,0x00,0x00,0x00,0x00,0x00,0x00,0x00,0x00,0x00,0x28,0x00,0x00,0x80,0x02,0x00,0x00,0x00,0x00,0x00,0x00,0x00,0x00,0x00,0x2C,0x00,0x00,0xC0,0x02,0x00,0x00,0x2C,0x00,0x00,0xC0,0x02,0x00,0x00,0x2C,0x00,0x00,0xC0,0x02,0x00,0x00,0x2C,0x00,0x00,0xC0,0x02,0x00,0x00,0x2C,0x00,0x00,0xD0,0x01,0x00,0x00,0x07,0x00,0x00,0x00,0x00,0x00,0x00 ; j
    45 00008201 000000000028000080- <1>
    45 0000820A 020000000000000000- <1>
    45 00008213 002C0000C00200002C- <1>
    45 0000821C 0000C00200002C0000- <1>
    45 00008225 C00200002C0000C002- <1>
    45 0000822E 00002C0000D0010000- <1>
    45 00008237 07000000000000      <1>
    46 0000823E 000000000000000000- <1>     db 0x00,0x00,0x00,0x00,0x00,0x00,0x00,0x00,0x00,0x00,0x00,0x00,0x00,0x00,0x00,0x00,0x00,0xC0,0x02,0x00,0x00,0x2C,0x00,0x00,0xC0,0x02,0x00,0x00,0x2C,0x78,0x00,0xC0,0xD2,0x01,0x00,0x6C,0x0B,0x00,0xC0,0x2F,0x00,0x00,0xAC,0x03,0x00,0xC0,0xB2,0x00,0x00,0x2C,0x2D,0x00,0xC0,0x82,0x07,0x00,0x00,0x00,0x00,0x00,0x00,0x00,0x00,0x00,0x00,0x00,0x00,0x00,0x00,0x00 ; k
    46 00008247 0000000000000000C0- <1>
    46 00008250 0200002C0000C00200- <1>
    46 00008259 002C7800C0D201006C- <1>
    46 00008262 0B00C02F0000AC0300- <1>
    46 0000826B C0B200002C2D00C082- <1>
    46 00008274 070000000000000000- <1>
    46 0000827D 00000000000000      <1>
    47 00008284 000000000000000000- <1>     db 0x00,0x00,0x00,0x00,0x00,0x00,0x00,0x00,0x00,0x00,0x00,0x00,0x00,0x00,0x00,0x00,0x00,0xC0,0x02,0x00,0x00,0x2C,0x00,0x00,0xC0,0x02,0x00,0x00,0x2C,0x00,0x00,0xC0,0x02,0x00,0x00,0x2C,0x00,0x00,0xC0,0x02,0x00,0x00,0x2C,0x00,0x00,0xC0,0x02,0x00,0x00,0x2C,0x00,0x00,0xC0,0x02,0x00,0x00,0x00,0x00,0x00,0x00,0x00,0x00,0x00,0x00,0x00,0x00,0x00,0x00,0x00,0x00 ; l
    47 0000828D 0000000000000000C0- <1>
    47 00008296 0200002C0000C00200- <1>
    47 0000829F 002C0000C00200002C- <1>
    47 000082A8 0000C00200002C0000- <1>
    47 000082B1 C00200002C0000C002- <1>
    47 000082BA 000000000000000000- <1>
    47 000082C3 00000000000000      <1>
    48 000082CA 000000000000000000- <1>     db 0x00,0x00,0x00,0x00,0x00,0x00,0x00,0x00,0x00,0x00,0x00,0x00,0x00,0x00,0x00,0x00,0x00,0x00,0x00,0x00,0x00,0x00,0x00,0x00,0x00,0x00,0x00,0x00,0x6C,0x2F,0x7E,0xC0,0x87,0x1F,0x0E,0x3C,0xB4,0xD0,0xC1,0x42,0x07,0x1D,0x2C,0x74,0xD0,0xC1,0x42,0x07,0x1D,0x2C,0x74,0xD0,0xC1,0x42,0x07,0x1D,0x00,0x00,0x00,0x00,0x00,0x00,0x00,0x00,0x00,0x00,0x00,0x00,0x00,0x00 ; m
    48 000082D3 000000000000000000- <1>
    48 000082DC 000000000000000000- <1>
    48 000082E5 006C2F7EC0871F0E3C- <1>
    48 000082EE B4D0C142071D2C74D0- <1>
    48 000082F7 C142071D2C74D0C142- <1>
    48 00008300 071D00000000000000- <1>
    48 00008309 00000000000000      <1>
    49 00008310 000000000000000000- <1>     db 0x00,0x00,0x00,0x00,0x00,0x00,0x00,0x00,0x00,0x00,0x00,0x00,0x00,0x00,0x00,0x00,0x00,0x00,0x00,0x00,0x00,0x00,0x00,0x00,0x00,0x00,0x00,0x00,0x6C,0x2F,0x00,0xC0,0x47,0x07,0x00,0x3C,0xB0,0x00,0xC0,0x02,0x0B,0x00,0x2C,0xB0,0x00,0xC0,0x02,0x0B,0x00,0x2C,0xB0,0x00,0xC0,0x02,0x0B,0x00,0x00,0x00,0x00,0x00,0x00,0x00,0x00,0x00,0x00,0x00,0x00,0x00,0x00,0x00 ; n
    49 00008319 000000000000000000- <1>
    49 00008322 000000000000000000- <1>
    49 0000832B 006C2F00C04707003C- <1>
    49 00008334 B000C0020B002CB000- <1>
    49 0000833D C0020B002CB000C002- <1>
    49 00008346 0B0000000000000000- <1>
    49 0000834F 00000000000000      <1>
    50 00008356 000000000000000000- <1>     db 0x00,0x00,0x00,0x00,0x00,0x00,0x00,0x00,0x00,0x00,0x00,0x00,0x00,0x00,0x00,0x00,0x00,0x00,0x00,0x00,0x00,0x00,0x00,0x00,0x00,0x00,0x00,0x00,0xD0,0x1F,0x00,0x80,0x47,0x07,0x00,0x1C,0xE0,0x00,0xD0,0x01,0x1D,0x00,0x1D,0xD0,0x01,0xC0,0x01,0x0E,0x00,0x78,0x74,0x00,0x00,0xFD,0x01,0x00,0x00,0x00,0x00,0x00,0x00,0x00,0x00,0x00,0x00,0x00,0x00,0x00,0x00,0x00 ; o
    50 0000835F 000000000000000000- <1>
    50 00008368 000000000000000000- <1>
    50 00008371 00D01F00804707001C- <1>
    50 0000837A E000D0011D001DD001- <1>
    50 00008383 C0010E0078740000FD- <1>
    50 0000838C 010000000000000000- <1>
    50 00008395 00000000000000      <1>
    51 0000839C 000000000000000000- <1>     db 0x00,0x00,0x00,0x00,0x00,0x00,0x00,0x00,0x00,0x00,0x00,0x00,0x00,0x00,0x00,0x00,0x00,0x00,0x00,0x00,0x00,0x00,0x00,0x00,0x00,0x00,0x00,0x00,0x6C,0x2F,0x00,0xC0,0x0B,0x0F,0x00,0x3C,0xD0,0x01,0xC0,0x02,0x1D,0x00,0x2C,0xD0,0x01,0xC0,0x03,0x0D,0x00,0x7C,0xB4,0x00,0xC0,0xF6,0x02,0x00,0x2C,0x00,0x00,0xC0,0x02,0x00,0x00,0x2C,0x00,0x00,0x00,0x00,0x00,0x00 ; p
    51 000083A5 000000000000000000- <1>
    51 000083AE 000000000000000000- <1>
    51 000083B7 006C2F00C00B0F003C- <1>
    51 000083C0 D001C0021D002CD001- <1>
    51 000083C9 C0030D007CB400C0F6- <1>
    51 000083D2 02002C0000C0020000- <1>
    51 000083DB 2C000000000000      <1>
    52 000083E2 000000000000000000- <1>     db 0x00,0x00,0x00,0x00,0x00,0x00,0x00,0x00,0x00,0x00,0x00,0x00,0x00,0x00,0x00,0x00,0x00,0x00,0x00,0x00,0x00,0x00,0x00,0x00,0x00,0x00,0x00,0x00,0xE0,0xEB,0x00,0x80,0x47,0x0F,0x00,0x1C,0xE0,0x00,0xD0,0x01,0x0E,0x00,0x1D,0xE0,0x00,0xD0,0x01,0x0F,0x00,0x38,0xF4,0x00,0x00,0x7E,0x0E,0x00,0x00,0xE0,0x00,0x00,0x00,0x0E,0x00,0x00,0xE0,0x00,0x00,0x00,0x00,0x00 ; q
    52 000083EB 000000000000000000- <1>
    52 000083F4 000000000000000000- <1>
    52 000083FD 00E0EB0080470F001C- <1>
    52 00008406 E000D0010E001DE000- <1>
    52 0000840F D0010F0038F400007E- <1>
    52 00008418 0E0000E00000000E00- <1>
    52 00008421 00E00000000000      <1>
    53 00008428 000000000000000000- <1>     db 0x00,0x00,0x00,0x00,0x00,0x00,0x00,0x00,0x00,0x00,0x00,0x00,0x00,0x00,0x00,0x00,0x00,0x00,0x00,0x00,0x00,0x00,0x00,0x00,0x00,0x00,0x00,0x00,0x6C,0x07,0x00,0xC0,0x0B,0x00,0x00,0x3C,0x00,0x00,0xC0,0x02,0x00,0x00,0x2C,0x00,0x00,0xC0,0x02,0x00,0x00,0x2C,0x00,0x00,0xC0,0x02,0x00,0x00,0x00,0x00,0x00,0x00,0x00,0x00,0x00,0x00,0x00,0x00,0x00,0x00,0x00,0x00 ; r
    53 00008431 000000000000000000- <1>
    53 0000843A 000000000000000000- <1>
    53 00008443 006C0700C00B00003C- <1>
    53 0000844C 0000C00200002C0000- <1>
    53 00008455 C00200002C0000C002- <1>
    53 0000845E 000000000000000000- <1>
    53 00008467 00000000000000      <1>
    54 0000846E 000000000000000000- <1>     db 0x00,0x00,0x00,0x00,0x00,0x00,0x00,0x00,0x00,0x00,0x00,0x00,0x00,0x00,0x00,0x00,0x00,0x00,0x00,0x00,0x00,0x00,0x00,0x00,0x00,0x00,0x00,0x00,0xE4,0x07,0x00,0xC0,0x42,0x00,0x00,0x1D,0x00,0x00,0xC0,0x1B,0x00,0x00,0xD0,0x07,0x00,0x00,0xE0,0x00,0x00,0x05,0x0F,0x00,0xD0,0x2F,0x00,0x00,0x00,0x00,0x00,0x00,0x00,0x00,0x00,0x00,0x00,0x00,0x00,0x00,0x00,0x00 ; s
    54 00008477 000000000000000000- <1>
    54 00008480 000000000000000000- <1>
    54 00008489 00E40700C04200001D- <1>
    54 00008492 0000C01B0000D00700- <1>
    54 0000849B 00E00000050F00D02F- <1>
    54 000084A4 000000000000000000- <1>
    54 000084AD 00000000000000      <1>
    55 000084B4 000000000000000000- <1>     db 0x00,0x00,0x00,0x00,0x00,0x00,0x00,0x00,0x00,0x00,0x00,0x00,0x00,0x00,0x00,0x00,0x00,0x00,0x00,0x00,0x00,0x64,0x00,0x00,0x40,0x07,0x00,0x00,0xFE,0x03,0x00,0x40,0x07,0x00,0x00,0x74,0x00,0x00,0x40,0x07,0x00,0x00,0x74,0x00,0x00,0x40,0x07,0x00,0x00,0x74,0x00,0x00,0x00,0x3E,0x00,0x00,0x00,0x00,0x00,0x00,0x00,0x00,0x00,0x00,0x00,0x00,0x00,0x00,0x00,0x00 ; t
    55 000084BD 000000000000000000- <1>
    55 000084C6 000000640000400700- <1>
    55 000084CF 00FE03004007000074- <1>
    55 000084D8 000040070000740000- <1>
    55 000084E1 40070000740000003E- <1>
    55 000084EA 000000000000000000- <1>
    55 000084F3 00000000000000      <1>
    56 000084FA 000000000000000000- <1>     db 0x00,0x00,0x00,0x00,0x00,0x00,0x00,0x00,0x00,0x00,0x00,0x00,0x00,0x00,0x00,0x00,0x00,0x00,0x00,0x00,0x00,0x00,0x00,0x00,0x00,0x00,0x00,0x00,0x2C,0xB0,0x00,0xC0,0x02,0x0B,0x00,0x2C,0xB0,0x00,0xC0,0x02,0x0B,0x00,0x2C,0xB0,0x00,0xC0,0x02,0x0B,0x00,0x38,0xB8,0x00,0x00,0x7E,0x0B,0x00,0x00,0x00,0x00,0x00,0x00,0x00,0x00,0x00,0x00,0x00,0x00,0x00,0x00,0x00 ; u
    56 00008503 000000000000000000- <1>
    56 0000850C 000000000000000000- <1>
    56 00008515 002CB000C0020B002C- <1>
    56 0000851E B000C0020B002CB000- <1>
    56 00008527 C0020B0038B800007E- <1>
    56 00008530 0B0000000000000000- <1>
    56 00008539 00000000000000      <1>
    57 00008540 000000000000000000- <1>     db 0x00,0x00,0x00,0x00,0x00,0x00,0x00,0x00,0x00,0x00,0x00,0x00,0x00,0x00,0x00,0x00,0x00,0x00,0x00,0x00,0x00,0x00,0x00,0x00,0x00,0x00,0x00,0x00,0x0E,0x74,0x00,0xD0,0x81,0x03,0x00,0x2C,0x2C,0x00,0x80,0xD3,0x01,0x00,0x74,0x0E,0x00,0x00,0x77,0x00,0x00,0xE0,0x03,0x00,0x00,0x3D,0x00,0x00,0x00,0x00,0x00,0x00,0x00,0x00,0x00,0x00,0x00,0x00,0x00,0x00,0x00,0x00 ; v
    57 00008549 000000000000000000- <1>
    57 00008552 000000000000000000- <1>
    57 0000855B 000E7400D08103002C- <1>
    57 00008564 2C0080D30100740E00- <1>
    57 0000856D 00770000E00300003D- <1>
    57 00008576 000000000000000000- <1>
    57 0000857F 00000000000000      <1>
    58 00008586 000000000000000000- <1>     db 0x00,0x00,0x00,0x00,0x00,0x00,0x00,0x00,0x00,0x00,0x00,0x00,0x00,0x00,0x00,0x00,0x00,0x00,0x00,0x00,0x00,0x00,0x00,0x00,0x00,0x00,0x00,0x00,0x0E,0x2C,0x34,0xD0,0xD1,0x83,0x02,0x1C,0x7A,0x1C,0xC0,0x72,0xC7,0x01,0x38,0xA3,0x0D,0x40,0x27,0xAD,0x00,0xF0,0xC1,0x07,0x00,0x1E,0x3C,0x00,0x00,0x00,0x00,0x00,0x00,0x00,0x00,0x00,0x00,0x00,0x00,0x00,0x00,0x00 ; w
    58 0000858F 000000000000000000- <1>
    58 00008598 000000000000000000- <1>
    58 000085A1 000E2C34D0D183021C- <1>
    58 000085AA 7A1CC072C70138A30D- <1>
    58 000085B3 4027AD00F0C107001E- <1>
    58 000085BC 3C0000000000000000- <1>
    58 000085C5 00000000000000      <1>
    59 000085CC 000000000000000000- <1>     db 0x00,0x00,0x00,0x00,0x00,0x00,0x00,0x00,0x00,0x00,0x00,0x00,0x00,0x00,0x00,0x00,0x00,0x00,0x00,0x00,0x00,0x00,0x00,0x00,0x00,0x00,0x00,0x00,0x1D,0x38,0x00,0xC0,0xD3,0x01,0x00,0x74,0x0A,0x00,0x00,0x3E,0x00,0x00,0xD0,0x03,0x00,0x40,0xB7,0x00,0x00,0x3C,0x1D,0x00,0xD0,0xC1,0x03,0x00,0x00,0x00,0x00,0x00,0x00,0x00,0x00,0x00,0x00,0x00,0x00,0x00,0x00,0x00 ; x
    59 000085D5 000000000000000000- <1>
    59 000085DE 000000000000000000- <1>
    59 000085E7 001D3800C0D3010074- <1>
    59 000085F0 0A00003E0000D00300- <1>
    59 000085F9 40B700003C1D00D0C1- <1>
    59 00008602 030000000000000000- <1>
    59 0000860B 00000000000000      <1>
    60 00008612 000000000000000000- <1>     db 0x00,0x00,0x00,0x00,0x00,0x00,0x00,0x00,0x00,0x00,0x00,0x00,0x00,0x00,0x00,0x00,0x00,0x00,0x00,0x00,0x00,0x00,0x00,0x00,0x00,0x00,0x00,0x00,0x0E,0x74,0x00,0xD0,0x41,0x03,0x00,0x2C,0x2C,0x00,0x80,0xC3,0x01,0x00,0x74,0x0D,0x00,0x00,0xAB,0x00,0x00,0xD0,0x03,0x00,0x00,0x3C,0x00,0x00,0xC0,0x01,0x00,0x00,0x0E,0x00,0x00,0x2E,0x00,0x00,0x00,0x00,0x00,0x00 ; y
    60 0000861B 000000000000000000- <1>
    60 00008624 000000000000000000- <1>
    60 0000862D 000E7400D04103002C- <1>
    60 00008636 2C0080C30100740D00- <1>
    60 0000863F 00AB0000D00300003C- <1>
    60 00008648 0000C00100000E0000- <1>
    60 00008651 2E000000000000      <1>
    61 00008658 000000000000000000- <1>     db 0x00,0x00,0x00,0x00,0x00,0x00,0x00,0x00,0x00,0x00,0x00,0x00,0x00,0x00,0x00,0x00,0x00,0x00,0x00,0x00,0x00,0x00,0x00,0x00,0x00,0x00,0x00,0x00,0xFD,0x2F,0x00,0x00,0xF0,0x00,0x00,0x40,0x07,0x00,0x00,0x2C,0x00,0x00,0xE0,0x01,0x00,0x40,0x07,0x00,0x00,0x3C,0x00,0x00,0xE0,0xFF,0x02,0x00,0x00,0x00,0x00,0x00,0x00,0x00,0x00,0x00,0x00,0x00,0x00,0x00,0x00,0x00 ; z
    61 00008661 000000000000000000- <1>
    61 0000866A 000000000000000000- <1>
    61 00008673 00FD2F0000F0000040- <1>
    61 0000867C 0700002C0000E00100- <1>
    61 00008685 400700003C0000E0FF- <1>
    61 0000868E 020000000000000000- <1>
    61 00008697 00000000000000      <1>
    62 0000869E 000000000000000000- <1>     db 0x00,0x00,0x00,0x00,0x00,0x00,0x00,0x00,0x00,0x00,0x00,0x00,0x00,0x00,0x00,0x00,0x00,0x00,0xBD,0x00,0x00,0x34,0x38,0x00,0xC0,0x42,0x07,0x00,0x1D,0xB0,0x00,0xD0,0x01,0x0B,0x00,0x1D,0xB0,0x00,0xD0,0x01,0x0B,0x00,0x1D,0x70,0x00,0xC0,0x41,0x07,0x00,0x34,0x28,0x00,0x00,0xBD,0x00,0x00,0x00,0x00,0x00,0x00,0x00,0x00,0x00,0x00,0x00,0x00,0x00,0x00,0x00,0x00 ; 0
    62 000086A7 000000000000000000- <1>
    62 000086B0 BD0000343800C04207- <1>
    62 000086B9 001DB000D0010B001D- <1>
    62 000086C2 B000D0010B001D7000- <1>
    62 000086CB C041070034280000BD- <1>
    62 000086D4 000000000000000000- <1>
    62 000086DD 00000000000000      <1>
    63 000086E4 000000000000000000- <1>     db 0x00,0x00,0x00,0x00,0x00,0x00,0x00,0x00,0x00,0x00,0x00,0x00,0x00,0x00,0x00,0x00,0x00,0x00,0x18,0x00,0x00,0xF4,0x01,0x00,0x90,0x1D,0x00,0x00,0xD0,0x01,0x00,0x00,0x1D,0x00,0x00,0xD0,0x01,0x00,0x00,0x1D,0x00,0x00,0xD0,0x01,0x00,0x00,0x1D,0x00,0x00,0xD0,0x01,0x00,0x00,0x1D,0x00,0x00,0x00,0x00,0x00,0x00,0x00,0x00,0x00,0x00,0x00,0x00,0x00,0x00,0x00,0x00 ; 1
    63 000086ED 000000000000000000- <1>
    63 000086F6 180000F40100901D00- <1>
    63 000086FF 00D00100001D0000D0- <1>
    63 00008708 0100001D0000D00100- <1>
    63 00008711 001D0000D00100001D- <1>
    63 0000871A 000000000000000000- <1>
    63 00008723 00000000000000      <1>
    64 0000872A 000000000000000000- <1>     db 0x00,0x00,0x00,0x00,0x00,0x00,0x00,0x00,0x00,0x00,0x00,0x00,0x00,0x00,0x00,0x00,0x00,0x40,0xBE,0x00,0x00,0x1C,0x2D,0x00,0x40,0x80,0x03,0x00,0x00,0x34,0x00,0x00,0xC0,0x03,0x00,0x00,0x1E,0x00,0x00,0xB8,0x00,0x00,0xE0,0x02,0x00,0x40,0x07,0x00,0x00,0x2C,0x00,0x00,0xD0,0xFF,0x07,0x00,0x00,0x00,0x00,0x00,0x00,0x00,0x00,0x00,0x00,0x00,0x00,0x00,0x00,0x00 ; 2
    64 00008733 000000000000000040- <1>
    64 0000873C BE00001C2D00408003- <1>
    64 00008745 0000340000C0030000- <1>
    64 0000874E 1E0000B80000E00200- <1>
    64 00008757 400700002C0000D0FF- <1>
    64 00008760 070000000000000000- <1>
    64 00008769 00000000000000      <1>
    65 00008770 000000000000000000- <1>     db 0x00,0x00,0x00,0x00,0x00,0x00,0x00,0x00,0x00,0x00,0x00,0x00,0x00,0x00,0x00,0x00,0x00,0x40,0xBE,0x00,0x00,0x18,0x2D,0x00,0x00,0x80,0x02,0x00,0x00,0x2C,0x00,0x00,0xD0,0x01,0x00,0xF0,0x07,0x00,0x00,0xD0,0x02,0x00,0x00,0x34,0x00,0x00,0x40,0x03,0x00,0x08,0x2D,0x00,0x80,0x7F,0x00,0x00,0x00,0x00,0x00,0x00,0x00,0x00,0x00,0x00,0x00,0x00,0x00,0x00,0x00,0x00 ; 3
    65 00008779 000000000000000040- <1>
    65 00008782 BE0000182D00008002- <1>
    65 0000878B 00002C0000D00100F0- <1>
    65 00008794 070000D00200003400- <1>
    65 0000879D 00400300082D00807F- <1>
    65 000087A6 000000000000000000- <1>
    65 000087AF 00000000000000      <1>
    66 000087B6 000000000000000000- <1>     db 0x00,0x00,0x00,0x00,0x00,0x00,0x00,0x00,0x00,0x00,0x00,0x00,0x00,0x00,0x00,0x00,0x00,0x00,0xC0,0x02,0x00,0x00,0x2E,0x00,0x00,0xF4,0x02,0x00,0xC0,0x2D,0x00,0x00,0xCE,0x02,0x00,0x34,0x2C,0x00,0xC0,0xC1,0x02,0x00,0xFE,0xFF,0x01,0x00,0xC0,0x02,0x00,0x00,0x2C,0x00,0x00,0xC0,0x02,0x00,0x00,0x00,0x00,0x00,0x00,0x00,0x00,0x00,0x00,0x00,0x00,0x00,0x00,0x00 ; 4
    66 000087BF 000000000000000000- <1>
    66 000087C8 C00200002E0000F402- <1>
    66 000087D1 00C02D0000CE020034- <1>
    66 000087DA 2C00C0C10200FEFF01- <1>
    66 000087E3 00C00200002C0000C0- <1>
    66 000087EC 020000000000000000- <1>
    66 000087F5 00000000000000      <1>
    67 000087FC 000000000000000000- <1>     db 0x00,0x00,0x00,0x00,0x00,0x00,0x00,0x00,0x00,0x00,0x00,0x00,0x00,0x00,0x00,0x00,0x00,0x40,0xFF,0x02,0x00,0x34,0x00,0x00,0x40,0x03,0x00,0x00,0x34,0x00,0x00,0x80,0xBF,0x00,0x00,0x00,0x2D,0x00,0x00,0x40,0x07,0x00,0x00,0x74,0x00,0x00,0x40,0x03,0x00,0x08,0x2D,0x00,0x80,0x7F,0x00,0x00,0x00,0x00,0x00,0x00,0x00,0x00,0x00,0x00,0x00,0x00,0x00,0x00,0x00,0x00 ; 5
    67 00008805 000000000000000040- <1>
    67 0000880E FF0200340000400300- <1>
    67 00008817 0034000080BF000000- <1>
    67 00008820 2D0000400700007400- <1>
    67 00008829 00400300082D00807F- <1>
    67 00008832 000000000000000000- <1>
    67 0000883B 00000000000000      <1>
    68 00008842 000000000000000000- <1>     db 0x00,0x00,0x00,0x00,0x00,0x00,0x00,0x00,0x00,0x00,0x00,0x00,0x00,0x00,0x00,0x00,0x00,0x00,0xF8,0x03,0x00,0xA0,0x10,0x00,0x40,0x03,0x00,0x00,0x2C,0x00,0x00,0xC0,0xF9,0x01,0x00,0x7D,0x74,0x00,0xD0,0x01,0x0B,0x00,0x1C,0xB0,0x00,0xC0,0x02,0x0B,0x00,0x74,0x78,0x00,0x00,0xBD,0x01,0x00,0x00,0x00,0x00,0x00,0x00,0x00,0x00,0x00,0x00,0x00,0x00,0x00,0x00,0x00 ; 6
    68 0000884B 000000000000000000- <1>
    68 00008854 F80300A01000400300- <1>
    68 0000885D 002C0000C0F901007D- <1>
    68 00008866 7400D0010B001CB000- <1>
    68 0000886F C0020B0074780000BD- <1>
    68 00008878 010000000000000000- <1>
    68 00008881 00000000000000      <1>
    69 00008888 000000000000000000- <1>     db 0x00,0x00,0x00,0x00,0x00,0x00,0x00,0x00,0x00,0x00,0x00,0x00,0x00,0x00,0x00,0x00,0x00,0xD0,0xFF,0x07,0x00,0x00,0x38,0x00,0x00,0xD0,0x01,0x00,0x00,0x0E,0x00,0x00,0xB0,0x00,0x00,0x40,0x07,0x00,0x00,0x38,0x00,0x00,0xC0,0x02,0x00,0x00,0x1D,0x00,0x00,0xE0,0x00,0x00,0x00,0x0F,0x00,0x00,0x00,0x00,0x00,0x00,0x00,0x00,0x00,0x00,0x00,0x00,0x00,0x00,0x00,0x00 ; 7
    69 00008891 0000000000000000D0- <1>
    69 0000889A FF070000380000D001- <1>
    69 000088A3 00000E0000B0000040- <1>
    69 000088AC 070000380000C00200- <1>
    69 000088B5 001D0000E00000000F- <1>
    69 000088BE 000000000000000000- <1>
    69 000088C7 00000000000000      <1>
    70 000088CE 000000000000000000- <1>     db 0x00,0x00,0x00,0x00,0x00,0x00,0x00,0x00,0x00,0x00,0x00,0x00,0x00,0x00,0x00,0x00,0x00,0x00,0xBE,0x01,0x00,0x38,0x38,0x00,0xC0,0x42,0x07,0x00,0x34,0x38,0x00,0x00,0xFE,0x00,0x00,0x38,0x38,0x00,0xC0,0x01,0x07,0x00,0x1D,0xB0,0x00,0xC0,0x01,0x07,0x00,0x38,0x38,0x00,0x00,0xBE,0x01,0x00,0x00,0x00,0x00,0x00,0x00,0x00,0x00,0x00,0x00,0x00,0x00,0x00,0x00,0x00 ; 8
    70 000088D7 000000000000000000- <1>
    70 000088E0 BE0100383800C04207- <1>
    70 000088E9 0034380000FE000038- <1>
    70 000088F2 3800C00107001DB000- <1>
    70 000088FB C001070038380000BE- <1>
    70 00008904 010000000000000000- <1>
    70 0000890D 00000000000000      <1>
    71 00008914 000000000000000000- <1>     db 0x00,0x00,0x00,0x00,0x00,0x00,0x00,0x00,0x00,0x00,0x00,0x00,0x00,0x00,0x00,0x00,0x00,0x00,0xBE,0x00,0x00,0x38,0x28,0x00,0xC0,0x41,0x07,0x00,0x1D,0x74,0x00,0xD0,0x41,0x07,0x00,0x3C,0x78,0x00,0x00,0x7E,0x07,0x00,0x00,0x74,0x00,0x00,0x40,0x03,0x00,0x04,0x1D,0x00,0x40,0x6F,0x00,0x00,0x00,0x00,0x00,0x00,0x00,0x00,0x00,0x00,0x00,0x00,0x00,0x00,0x00,0x00 ; 9
    71 0000891D 000000000000000000- <1>
    71 00008926 BE0000382800C04107- <1>
    71 0000892F 001D7400D04107003C- <1>
    71 00008938 7800007E0700007400- <1>
    71 00008941 00400300041D00406F- <1>
    71 0000894A 000000000000000000- <1>
    71 00008953 00000000000000      <1>
    72 0000895A 000000000000000000- <1>     db 0x00,0x00,0x00,0x00,0x00,0x00,0x00,0x00,0x00,0x00,0x00,0x00,0x00,0x00,0x00,0x00,0x00,0x00,0x00,0x00,0x00,0x00,0x00,0x00,0x00,0x00,0x00,0x00,0x00,0x00,0x00,0x00,0x00,0x00,0x00,0x00,0x00,0x00,0xC0,0x3F,0x00,0x00,0x00,0x00,0x00,0x00,0x00,0x00,0x00,0x00,0x00,0x00,0x00,0x00,0x00,0x00,0x00,0x00,0x00,0x00,0x00,0x00,0x00,0x00,0x00,0x00,0x00,0x00,0x00,0x00 ; -
    72 00008963 000000000000000000- <1>
    72 0000896C 000000000000000000- <1>
    72 00008975 000000000000000000- <1>
    72 0000897E 0000C03F0000000000- <1>
    72 00008987 000000000000000000- <1>
    72 00008990 000000000000000000- <1>
    72 00008999 00000000000000      <1>
    73 000089A0 000000000000000000- <1>     db 0x00,0x00,0x00,0x00,0x00,0x00,0x00,0x00,0x00,0x00,0x00,0x00,0x00,0x00,0x00,0x00,0x00,0x00,0x00,0x00,0x00,0x00,0x00,0x00,0x00,0x00,0x00,0x00,0x00,0x00,0x00,0x00,0x00,0x00,0x00,0x00,0x00,0x00,0x00,0x00,0x00,0x00,0x00,0x00,0x00,0x00,0x00,0x00,0x00,0x2C,0x00,0x00,0xC0,0x02,0x00,0x00,0x00,0x00,0x00,0x00,0x00,0x00,0x00,0x00,0x00,0x00,0x00,0x00,0x00,0x00 ; .
    73 000089A9 000000000000000000- <1>
    73 000089B2 000000000000000000- <1>
    73 000089BB 000000000000000000- <1>
    73 000089C4 000000000000000000- <1>
    73 000089CD 000000002C0000C002- <1>
    73 000089D6 000000000000000000- <1>
    73 000089DF 00000000000000      <1>
    74 000089E6 000000000000000000- <1>     db 0x00,0x00,0x00,0x00,0x00,0x00,0x00,0x00,0x00,0x00,0x00,0x00,0x00,0x00,0x00,0x00,0x00,0x00,0xD0,0x00,0x00,0x00,0x0A,0x00,0x00,0x70,0x00,0x00,0x40,0x03,0x00,0x00,0x2C,0x00,0x00,0xD0,0x00,0x00,0x00,0x0E,0x00,0x00,0x70,0x00,0x00,0x40,0x03,0x00,0x00,0x2C,0x00,0x00,0xD0,0x01,0x00,0x00,0x0E,0x00,0x00,0x70,0x00,0x00,0x00,0x00,0x00,0x00,0x00,0x00,0x00,0x00 ; /
    74 000089EF 000000000000000000- <1>
    74 000089F8 D00000000A00007000- <1>
    74 00008A01 00400300002C0000D0- <1>
    74 00008A0A 0000000E0000700000- <1>
    74 00008A13 400300002C0000D001- <1>
    74 00008A1C 00000E000070000000- <1>
    74 00008A25 00000000000000      <1>
    75 00008A2C 000000000000000000- <1>     db 0x00,0x00,0x00,0x00,0x00,0x00,0x00,0x00,0x00,0x00,0x00,0x00,0x00,0x00,0x00,0x00,0x00,0x00,0x00,0x00,0x00,0x00,0x00,0x00,0x00,0x00,0x00,0x00,0x2C,0x00,0x00,0xC0,0x02,0x00,0x00,0x00,0x00,0x00,0x00,0x00,0x00,0x00,0x00,0x00,0x00,0x00,0x00,0x00,0x00,0x2C,0x00,0x00,0xC0,0x02,0x00,0x00,0x00,0x00,0x00,0x00,0x00,0x00,0x00,0x00,0x00,0x00,0x00,0x00,0x00,0x00 ; :
    75 00008A35 000000000000000000- <1>
    75 00008A3E 000000000000000000- <1>
    75 00008A47 002C0000C002000000- <1>
    75 00008A50 000000000000000000- <1>
    75 00008A59 000000002C0000C002- <1>
    75 00008A62 000000000000000000- <1>
    75 00008A6B 00000000000000      <1>
    76 00008A72 000000000000000000- <1>     db 0x00,0x00,0x00,0x00,0x00,0x00,0x00,0x00,0x00,0x00,0x00,0x00,0x00,0x00,0x00,0x00,0x00,0x80,0x02,0x00,0x00,0x28,0x00,0x00,0x80,0x02,0x00,0x00,0x28,0x00,0x00,0x80,0x02,0x00,0x00,0x28,0x00,0x00,0x80,0x02,0x00,0x00,0x28,0x00,0x00,0x80,0x02,0x00,0x00,0x28,0x00,0x00,0x80,0x02,0x00,0x00,0x28,0x00,0x00,0x80,0x02,0x00,0x00,0x28,0x00,0x00,0x00,0x00,0x00,0x00 ; |
    76 00008A7B 000000000000000080- <1>
    76 00008A84 020000280000800200- <1>
    76 00008A8D 002800008002000028- <1>
    76 00008A96 000080020000280000- <1>
    76 00008A9F 800200002800008002- <1>
    76 00008AA8 000028000080020000- <1>
    76 00008AB1 28000000000000      <1>
    77 00008AB8 000000000000000000- <1>     db 0x00,0x00,0x00,0x00,0x00,0x00,0x00,0x00,0x00,0x00,0x00,0x00,0x00,0x00,0x00,0x00,0x00,0x00,0x00,0x00,0x00,0x00,0x00,0x00,0x00,0x00,0x00,0x00,0x2C,0x00,0x00,0xC0,0x02,0x00,0x00,0x00,0x00,0x00,0x00,0x00,0x00,0x00,0x00,0x00,0x00,0x00,0x00,0x00,0x00,0x2C,0x00,0x00,0xC0,0x01,0x00,0x00,0x0D,0x00,0x00,0x90,0x00,0x00,0x00,0x00,0x00,0x00,0x00,0x00,0x00,0x00 ; ;
    77 00008AC1 000000000000000000- <1>
    77 00008ACA 000000000000000000- <1>
    77 00008AD3 002C0000C002000000- <1>
    77 00008ADC 000000000000000000- <1>
    77 00008AE5 000000002C0000C001- <1>
    77 00008AEE 00000D000090000000- <1>
    77 00008AF7 00000000000000      <1>
    78 00008AFE 000000000000000000- <1>     db 0x00,0x00,0x00,0x00,0x00,0x00,0x00,0x00,0x00,0x00,0x00,0x00,0x00,0x00,0x00,0x00,0x00,0x00,0x1C,0x00,0x00,0xE0,0x00,0x00,0x00,0x07,0x00,0x00,0x34,0x00,0x00,0x80,0x02,0x00,0x00,0x1C,0x00,0x00,0xC0,0x01,0x00,0x00,0x1C,0x00,0x00,0x80,0x02,0x00,0x00,0x34,0x00,0x00,0x00,0x07,0x00,0x00,0xE0,0x00,0x00,0x00,0x1C,0x00,0x00,0x00,0x00,0x00,0x00,0x00,0x00,0x00 ; (
    78 00008B07 000000000000000000- <1>
    78 00008B10 1C0000E00000000700- <1>
    78 00008B19 00340000800200001C- <1>
    78 00008B22 0000C00100001C0000- <1>
    78 00008B2B 800200003400000007- <1>
    78 00008B34 0000E00000001C0000- <1>
    78 00008B3D 00000000000000      <1>
    79 00008B44 000000000000000000- <1>     db 0x00,0x00,0x00,0x00,0x00,0x00,0x00,0x00,0x00,0x00,0x00,0x00,0x00,0x00,0x00,0x00,0x00,0xD0,0x00,0x00,0x00,0x28,0x00,0x00,0x40,0x03,0x00,0x00,0x70,0x00,0x00,0x00,0x0A,0x00,0x00,0xD0,0x00,0x00,0x00,0x0D,0x00,0x00,0xD0,0x00,0x00,0x00,0x0A,0x00,0x00,0x70,0x00,0x00,0x40,0x03,0x00,0x00,0x28,0x00,0x00,0xD0,0x00,0x00,0x00,0x00,0x00,0x00,0x00,0x00,0x00,0x00 ; )
    79 00008B4D 0000000000000000D0- <1>
    79 00008B56 000000280000400300- <1>
    79 00008B5F 00700000000A0000D0- <1>
    79 00008B68 0000000D0000D00000- <1>
    79 00008B71 000A00007000004003- <1>
    79 00008B7A 0000280000D0000000- <1>
    79 00008B83 00000000000000      <1>
    80 00008B8A 000000000000000000- <1>     db 0x00,0x00,0x00,0x00,0x00,0x00,0x00,0x00,0x00,0x00,0x00,0x00,0x00,0x00,0x00,0x00,0x00,0x00,0xC7,0x01,0x00,0x70,0x1C,0x00,0x00,0x00,0x00,0x00,0xE4,0x0B,0x00,0x40,0xD0,0x02,0x00,0x00,0x28,0x00,0x00,0xF9,0x03,0x00,0x6C,0x38,0x00,0xD0,0xC1,0x03,0x00,0x1D,0x3D,0x00,0x40,0x9F,0x03,0x00,0x00,0x00,0x00,0x00,0x00,0x00,0x00,0x00,0x00,0x00,0x00,0x00,0x00,0x00 ; ä
    80 00008B93 000000000000000000- <1>
    80 00008B9C C70100701C00000000- <1>
    80 00008BA5 00E40B0040D0020000- <1>
    80 00008BAE 280000F903006C3800- <1>
    80 00008BB7 D0C103001D3D00409F- <1>
    80 00008BC0 030000000000000000- <1>
    80 00008BC9 00000000000000      <1>
    81 00008BD0 000000000000000000- <1>     db 0x00,0x00,0x00,0x00,0x00,0x00,0x00,0x00,0x00,0x00,0x00,0x00,0x00,0x00,0x00,0x00,0x00,0x00,0x49,0x03,0x00,0x90,0x34,0x00,0x00,0x00,0x00,0x00,0xD0,0x1F,0x00,0x80,0x47,0x07,0x00,0x1C,0xE0,0x00,0xD0,0x01,0x1D,0x00,0x1D,0xD0,0x01,0xC0,0x01,0x0E,0x00,0x78,0x74,0x00,0x00,0xFD,0x01,0x00,0x00,0x00,0x00,0x00,0x00,0x00,0x00,0x00,0x00,0x00,0x00,0x00,0x00,0x00 ; ö
    81 00008BD9 000000000000000000- <1>
    81 00008BE2 490300903400000000- <1>
    81 00008BEB 00D01F00804707001C- <1>
    81 00008BF4 E000D0011D001DD001- <1>
    81 00008BFD C0010E0078740000FD- <1>
    81 00008C06 010000000000000000- <1>
    81 00008C0F 00000000000000      <1>
    82 00008C16 000000000000000000- <1>     db 0x00,0x00,0x00,0x00,0x00,0x00,0x00,0x00,0x00,0x00,0x00,0x00,0x00,0x00,0x00,0x00,0x00,0x00,0x8A,0x02,0x00,0xA0,0x24,0x00,0x00,0x00,0x00,0x00,0x2C,0xB0,0x00,0xC0,0x02,0x0B,0x00,0x2C,0xB0,0x00,0xC0,0x02,0x0B,0x00,0x2C,0xB0,0x00,0xC0,0x02,0x0B,0x00,0x38,0xB8,0x00,0x00,0x7E,0x0B,0x00,0x00,0x00,0x00,0x00,0x00,0x00,0x00,0x00,0x00,0x00,0x00,0x00,0x00,0x00 ; ü
    82 00008C1F 000000000000000000- <1>
    82 00008C28 8A0200A02400000000- <1>
    82 00008C31 002CB000C0020B002C- <1>
    82 00008C3A B000C0020B002CB000- <1>
    82 00008C43 C0020B0038B800007E- <1>
    82 00008C4C 0B0000000000000000- <1>
    82 00008C55 00000000000000      <1>
    83 00008C5C 00000000000000C071- <1>     db 0x00,0x00,0x00,0x00,0x00,0x00,0x00,0xC0,0x71,0x00,0x00,0x1C,0x07,0x00,0x00,0x00,0x00,0x00,0xF0,0x00,0x00,0x40,0x1F,0x00,0x00,0xAC,0x03,0x00,0xC0,0x75,0x00,0x00,0x0D,0x0B,0x00,0xF0,0xF0,0x00,0x40,0x07,0x1D,0x00,0xF8,0xFF,0x02,0xC0,0x02,0x38,0x00,0x1D,0x40,0x07,0xE0,0x00,0xB0,0x00,0x00,0x00,0x00,0x00,0x00,0x00,0x00,0x00,0x00,0x00,0x00,0x00,0x00,0x00 ; Ä
    83 00008C65 00001C070000000000- <1>
    83 00008C6E F00000401F0000AC03- <1>
    83 00008C77 00C07500000D0B00F0- <1>
    83 00008C80 F00040071D00F8FF02- <1>
    83 00008C89 C00238001D4007E000- <1>
    83 00008C92 B00000000000000000- <1>
    83 00008C9B 00000000000000      <1>
    84 00008CA2 0000000000000040D3- <1>     db 0x00,0x00,0x00,0x00,0x00,0x00,0x00,0x40,0xD3,0x00,0x00,0x34,0x0D,0x00,0x00,0x00,0x00,0x00,0xF4,0x0B,0x00,0xA0,0x81,0x07,0x80,0x03,0xE0,0x00,0x2C,0x00,0x1D,0xD0,0x01,0xC0,0x01,0x1D,0x00,0x1C,0xD0,0x01,0xC0,0x01,0x2C,0x00,0x1D,0x80,0x03,0xE0,0x00,0xB0,0x81,0x03,0x00,0xF8,0x0B,0x00,0x00,0x00,0x00,0x00,0x00,0x00,0x00,0x00,0x00,0x00,0x00,0x00,0x00,0x00 ; Ö
    84 00008CAB 0000340D0000000000- <1>
    84 00008CB4 F40B00A081078003E0- <1>
    84 00008CBD 002C001DD001C0011D- <1>
    84 00008CC6 001CD001C0012C001D- <1>
    84 00008CCF 8003E000B0810300F8- <1>
    84 00008CD8 0B0000000000000000- <1>
    84 00008CE1 00000000000000      <1>
    85 00008CE8 0000000000000080A2- <1>     db 0x00,0x00,0x00,0x00,0x00,0x00,0x00,0x80,0xA2,0x00,0x00,0x28,0x0A,0x00,0x00,0x00,0x00,0x80,0x03,0x74,0x00,0x38,0x40,0x07,0x80,0x03,0x74,0x00,0x38,0x40,0x07,0x80,0x03,0x74,0x00,0x38,0x40,0x07,0x80,0x03,0x74,0x00,0x38,0x40,0x07,0x40,0x03,0x38,0x00,0xB0,0xD0,0x01,0x00,0xF8,0x07,0x00,0x00,0x00,0x00,0x00,0x00,0x00,0x00,0x00,0x00,0x00,0x00,0x00,0x00,0x00 ; Ü
    85 00008CF1 0000280A0000000080- <1>
    85 00008CFA 037400384007800374- <1>
    85 00008D03 003840078003740038- <1>
    85 00008D0C 400780037400384007- <1>
    85 00008D15 40033800B0D00100F8- <1>
    85 00008D1E 070000000000000000- <1>
    85 00008D27 00000000000000      <1>
    86 00008D2E 000000000000000000- <1>     db 0x00,0x00,0x00,0x00,0x00,0x00,0x00,0x00,0x00,0x00,0x00,0x00,0x00,0x00,0x00,0x00,0x00,0x00,0xFD,0x01,0x00,0x74,0x78,0x00,0x80,0x42,0x07,0x00,0x2C,0x74,0x00,0xC0,0xD2,0x02,0x00,0x2C,0x1F,0x00,0xC0,0x42,0x0B,0x00,0x2C,0xD0,0x00,0xC0,0x02,0x1D,0x00,0x2C,0xE0,0x00,0xC0,0xF6,0x02,0x00,0x00,0x00,0x00,0x00,0x00,0x00,0x00,0x00,0x00,0x00,0x00,0x00,0x00,0x00 ; ß
    86 00008D37 000000000000000000- <1>
    86 00008D40 FD0100747800804207- <1>
    86 00008D49 002C7400C0D202002C- <1>
    86 00008D52 1F00C0420B002CD000- <1>
    86 00008D5B C0021D002CE000C0F6- <1>
    86 00008D64 020000000000000000- <1>
    86 00008D6D 00000000000000      <1>
