     1                                  ; Nova Boot Manager - BIOS Stage 2
     2                                  ; Referenzimplementierung für NKI v1 und NBHP/BIB v1.
     3                                  
     4                                  %include "layout.inc"
     1                              <1> ; Gemeinsames physisches Speicher- und Datenträgerlayout des BIOS-Bootpfads.
     2                              <1> ; Änderungen an diesen Konstanten müssen zusammen mit Image Builder,
     3                              <1> ; Kernel-Linkerskript und BootInfo-ABI erfolgen.
     4                              <1> 
     5                              <1> %ifndef NOVA_BOOT_LAYOUT_INC
     6                              <1> %define NOVA_BOOT_LAYOUT_INC
     7                              <1> 
     8                              <1> ; Datenträgerlayout
     9                              <1> STAGE2_FIRST_SECTOR        equ 2
    10                              <1> STAGE2_SECTOR_COUNT        equ 32
    11                              <1> STAGE2_BYTE_COUNT          equ STAGE2_SECTOR_COUNT * 512
    12                              <1> KERNEL_FIRST_LBA           equ 33
    13                              <1> KERNEL_PAYLOAD_MAX_SIZE    equ 32768
    14                              <1> NKI_HEADER_SIZE            equ 64
    15                              <1> KERNEL_IMAGE_SECTOR_COUNT  equ 65
    16                              <1> KERNEL_IMAGE_BYTE_COUNT    equ KERNEL_IMAGE_SECTOR_COUNT * 512
    17                              <1> 
    18                              <1> DISK_RETRY_COUNT           equ 3
    19                              <1> 
    20                              <1> ; Physisches Speicherlayout unterhalb von 1 MiB
    21                              <1> BOOT_INFO_ADDRESS          equ 0x00005000
    22                              <1> BOOT_INFO_CAPACITY         equ 0x00000800
    23                              <1> MEMORY_MAP_ADDRESS         equ 0x00005800
    24                              <1> MEMORY_MAP_ENTRY_SIZE      equ 24
    25                              <1> MEMORY_MAP_MAX_ENTRIES     equ 64
    26                              <1> VBE_MODE_INFO_ADDRESS      equ 0x00006000
    27                              <1> STAGE2_STACK_TOP           equ 0x00007800
    28                              <1> STAGE1_STACK_TOP           equ 0x00007C00
    29                              <1> STAGE2_LOAD_ADDRESS        equ 0x00007E00
    30                              <1> 
    31                              <1> KERNEL_TEMP_SEGMENT        equ 0x1000
    32                              <1> KERNEL_TEMP_OFFSET         equ 0x0000
    33                              <1> KERNEL_TEMP_ADDRESS        equ 0x00010000
    34                              <1> 
    35                              <1> ; 32-Bit-Kernel
    36                              <1> KERNEL_ENTRY_ADDRESS       equ 0x00100000
    37                              <1> KERNEL_STACK_TOP           equ 0x00090000
    38                              <1> 
    39                              <1> ; Protected-Mode-Segmente
    40                              <1> CODE_SEGMENT               equ 0x08
    41                              <1> DATA_SEGMENT               equ 0x10
    42                              <1> 
    43                              <1> ; Grafik
    44                              <1> ; QEMU/Bochs VBE: 800 x 600 x 32 Bit mit linearem Framebuffer.
    45                              <1> ; Der klassische Modus 0x118 besitzt nur 24 Bit und darf nicht als
    46                              <1> ; BGRX8888 an den Kernel übergeben werden.
    47                              <1> VBE_REQUESTED_MODE         equ 0x0143
    48                              <1> NOVA_PIXEL_FORMAT_BGRX8888 equ 1
    49                              <1> 
    50                              <1> ; Nova Kernel Image v1 (NKI)
    51                              <1> NKI_MAGIC_LOW              equ 0x41564F4E ; "NOVA"
    52                              <1> NKI_MAGIC_HIGH             equ 0x00494B4E ; "NKI\0"
    53                              <1> NKI_VERSION                equ 1
    54                              <1> NKI_ARCH_X86_32            equ 1
    55                              <1> NKI_COMPRESSION_NONE       equ 0
    56                              <1> 
    57                              <1> NKI_OFF_MAGIC_LOW          equ 0
    58                              <1> NKI_OFF_MAGIC_HIGH         equ 4
    59                              <1> NKI_OFF_VERSION            equ 8
    60                              <1> NKI_OFF_HEADER_SIZE        equ 12
    61                              <1> NKI_OFF_ARCHITECTURE       equ 16
    62                              <1> NKI_OFF_FLAGS              equ 20
    63                              <1> NKI_OFF_ENTRY_POINT        equ 24
    64                              <1> NKI_OFF_LOAD_ADDRESS       equ 28
    65                              <1> NKI_OFF_IMAGE_SIZE         equ 32
    66                              <1> NKI_OFF_COMPRESSION        equ 36
    67                              <1> NKI_OFF_CRC32              equ 40
    68                              <1> NKI_OFF_BUILD_ID           equ 44
    69                              <1> 
    70                              <1> ; Boot Information Block (BIB) v1
    71                              <1> NOVA_BIB_MAGIC_LOW         equ 0x5048424E ; "NBHP"
    72                              <1> NOVA_BIB_MAGIC_HIGH        equ 0x00424942 ; "BIB\0"
    73                              <1> NOVA_BIB_VERSION_MAJOR     equ 1
    74                              <1> NOVA_BIB_VERSION_MINOR     equ 0
    75                              <1> NOVA_BIB_VERSION_PATCH     equ 0
    76                              <1> NOVA_BIB_HEADER_SIZE       equ 32
    77                              <1> NOVA_X86_BOOT_MAGIC        equ 0x4E4F5641
    78                              <1> NOVA_BOOT_PLATFORM_BIOS    equ 1
    79                              <1> NOVA_BOOT_FLAG_FRAMEBUFFER equ 0x00000001
    80                              <1> 
    81                              <1> BIB_OFF_MAGIC_LOW          equ 0
    82                              <1> BIB_OFF_MAGIC_HIGH         equ 4
    83                              <1> BIB_OFF_VERSION_MAJOR      equ 8
    84                              <1> BIB_OFF_VERSION_MINOR      equ 10
    85                              <1> BIB_OFF_VERSION_PATCH      equ 12
    86                              <1> BIB_OFF_HEADER_SIZE        equ 14
    87                              <1> BIB_OFF_TOTAL_SIZE         equ 16
    88                              <1> BIB_OFF_CHECKSUM           equ 20
    89                              <1> BIB_OFF_ARCHITECTURE       equ 24
    90                              <1> BIB_OFF_FLAGS              equ 28
    91                              <1> 
    92                              <1> BIB_TLV_HEADER_SIZE        equ 8
    93                              <1> BIB_TLV_FIRMWARE           equ 1
    94                              <1> BIB_TLV_MEMORY             equ 3
    95                              <1> BIB_TLV_GRAPHICS           equ 4
    96                              <1> BIB_TLV_KERNEL             equ 6
    97                              <1> BIB_TLV_SECURITY           equ 7
    98                              <1> BIB_TLV_BOOT_OPTIONS       equ 9
    99                              <1> 
   100                              <1> BIB_FIRMWARE_SIZE          equ 16
   101                              <1> BIB_MEMORY_SIZE            equ 16
   102                              <1> BIB_GRAPHICS_SIZE          equ 32
   103                              <1> BIB_KERNEL_SIZE            equ 32
   104                              <1> BIB_SECURITY_SIZE          equ 16
   105                              <1> BIB_BOOT_OPTIONS_SIZE      equ 16
   106                              <1> 
   107                              <1> %endif
     5                                  
     6                                  [org STAGE2_LOAD_ADDRESS]
     7                                  [bits 16]
     8                                  
     9                                  BIB_FIRMWARE_OFFSET     equ NOVA_BIB_HEADER_SIZE
    10                                  BIB_MEMORY_OFFSET       equ BIB_FIRMWARE_OFFSET + BIB_TLV_HEADER_SIZE + BIB_FIRMWARE_SIZE
    11                                  BIB_GRAPHICS_OFFSET     equ BIB_MEMORY_OFFSET + BIB_TLV_HEADER_SIZE + BIB_MEMORY_SIZE
    12                                  BIB_KERNEL_OFFSET       equ BIB_GRAPHICS_OFFSET + BIB_TLV_HEADER_SIZE + BIB_GRAPHICS_SIZE
    13                                  BIB_SECURITY_OFFSET     equ BIB_KERNEL_OFFSET + BIB_TLV_HEADER_SIZE + BIB_KERNEL_SIZE
    14                                  BIB_OPTIONS_OFFSET      equ BIB_SECURITY_OFFSET + BIB_TLV_HEADER_SIZE + BIB_SECURITY_SIZE
    15                                  BIB_TOTAL_SIZE          equ BIB_OPTIONS_OFFSET + BIB_TLV_HEADER_SIZE + BIB_BOOT_OPTIONS_SIZE
    16                                  
    17                                  stage2_start:
    18 00000000 FA                          cli
    19 00000001 31C0                        xor ax, ax
    20 00000003 8ED8                        mov ds, ax
    21 00000005 8EC0                        mov es, ax
    22 00000007 8ED0                        mov ss, ax
    23 00000009 BC0078                      mov sp, STAGE2_STACK_TOP
    24 0000000C FC                          cld
    25 0000000D FB                          sti
    26                                  
    27 0000000E 8816[C83C]                  mov [boot_drive], dl
    28 00000012 BE[E43C]                    mov si, message_start
    29 00000015 E88E3C                      call print_string
    30                                  
    31 00000018 E81800                      call initialize_bib
    32 0000001B E8DD00                      call collect_memory_map
    33 0000001E E84301                      call initialize_vbe
    34 00000021 E8DB01                      call load_kernel_image
    35 00000024 E8F802                      call validate_kernel_image
    36 00000027 E8DE03                      call finalize_bib
    37 0000002A E8F903                      call enable_a20
    38 0000002D E80804                      call enter_protected_mode
    39 00000030 E9893C                      jmp fatal_halt
    40                                  
    41                                  ; ---------------------------------------------------------------------------
    42                                  ; Boot Information Block v1
    43                                  ; Alle TLVs sind 8-Byte-ausgerichtet und Little-Endian kodiert.
    44                                  ; ---------------------------------------------------------------------------
    45                                  
    46                                  initialize_bib:
    47 00000033 31C0                        xor ax, ax
    48 00000035 8EC0                        mov es, ax
    49 00000037 BF0050                      mov di, BOOT_INFO_ADDRESS
    50 0000003A B90004                      mov cx, BOOT_INFO_CAPACITY / 2
    51 0000003D F3AB                        rep stosw
    52                                  
    53 0000003F 66C70600504E424850          mov dword [BOOT_INFO_ADDRESS + BIB_OFF_MAGIC_LOW], NOVA_BIB_MAGIC_LOW
    54 00000048 66C706045042494200          mov dword [BOOT_INFO_ADDRESS + BIB_OFF_MAGIC_HIGH], NOVA_BIB_MAGIC_HIGH
    55 00000051 C70608500100                mov word [BOOT_INFO_ADDRESS + BIB_OFF_VERSION_MAJOR], NOVA_BIB_VERSION_MAJOR
    56 00000057 C7060A500000                mov word [BOOT_INFO_ADDRESS + BIB_OFF_VERSION_MINOR], NOVA_BIB_VERSION_MINOR
    57 0000005D C7060C500000                mov word [BOOT_INFO_ADDRESS + BIB_OFF_VERSION_PATCH], NOVA_BIB_VERSION_PATCH
    58 00000063 C7060E502000                mov word [BOOT_INFO_ADDRESS + BIB_OFF_HEADER_SIZE], NOVA_BIB_HEADER_SIZE
    59 00000069 66C7061050D0000000          mov dword [BOOT_INFO_ADDRESS + BIB_OFF_TOTAL_SIZE], BIB_TOTAL_SIZE
    60 00000072 66C706185001000000          mov dword [BOOT_INFO_ADDRESS + BIB_OFF_ARCHITECTURE], NKI_ARCH_X86_32
    61                                  
    62                                      ; Firmware TLV
    63 0000007B C70620500100                mov word [BOOT_INFO_ADDRESS + BIB_FIRMWARE_OFFSET + 0], BIB_TLV_FIRMWARE
    64 00000081 66C706245010000000          mov dword [BOOT_INFO_ADDRESS + BIB_FIRMWARE_OFFSET + 4], BIB_FIRMWARE_SIZE
    65 0000008A 66C706285001000000          mov dword [BOOT_INFO_ADDRESS + BIB_FIRMWARE_OFFSET + 8], NOVA_BOOT_PLATFORM_BIOS
    66 00000093 6631C0                      xor eax, eax
    67 00000096 A0[C83C]                    mov al, [boot_drive]
    68 00000099 66A32C50                    mov dword [BOOT_INFO_ADDRESS + BIB_FIRMWARE_OFFSET + 12], eax
    69                                  
    70                                      ; Memory TLV
    71 0000009D C70638500300                mov word [BOOT_INFO_ADDRESS + BIB_MEMORY_OFFSET + 0], BIB_TLV_MEMORY
    72 000000A3 66C7063C5010000000          mov dword [BOOT_INFO_ADDRESS + BIB_MEMORY_OFFSET + 4], BIB_MEMORY_SIZE
    73 000000AC 66C706405000580000          mov dword [BOOT_INFO_ADDRESS + BIB_MEMORY_OFFSET + 8], MEMORY_MAP_ADDRESS
    74 000000B5 66C706485018000000          mov dword [BOOT_INFO_ADDRESS + BIB_MEMORY_OFFSET + 16], MEMORY_MAP_ENTRY_SIZE
    75                                  
    76                                      ; Graphics TLV
    77 000000BE C70650500400                mov word [BOOT_INFO_ADDRESS + BIB_GRAPHICS_OFFSET + 0], BIB_TLV_GRAPHICS
    78 000000C4 66C706545020000000          mov dword [BOOT_INFO_ADDRESS + BIB_GRAPHICS_OFFSET + 4], BIB_GRAPHICS_SIZE
    79                                  
    80                                      ; Kernel TLV
    81 000000CD C70678500600                mov word [BOOT_INFO_ADDRESS + BIB_KERNEL_OFFSET + 0], BIB_TLV_KERNEL
    82 000000D3 66C7067C5020000000          mov dword [BOOT_INFO_ADDRESS + BIB_KERNEL_OFFSET + 4], BIB_KERNEL_SIZE
    83                                  
    84                                      ; Security TLV: Status 0 = nicht verifiziert, transparent gemeldet.
    85 000000DC C706A0500700                mov word [BOOT_INFO_ADDRESS + BIB_SECURITY_OFFSET + 0], BIB_TLV_SECURITY
    86 000000E2 66C706A45010000000          mov dword [BOOT_INFO_ADDRESS + BIB_SECURITY_OFFSET + 4], BIB_SECURITY_SIZE
    87                                  
    88                                      ; Boot Options TLV: Standardprofil, kein Debug-/Recovery-Modus.
    89 000000EB C706B8500900                mov word [BOOT_INFO_ADDRESS + BIB_OPTIONS_OFFSET + 0], BIB_TLV_BOOT_OPTIONS
    90 000000F1 66C706BC5010000000          mov dword [BOOT_INFO_ADDRESS + BIB_OPTIONS_OFFSET + 4], BIB_BOOT_OPTIONS_SIZE
    91 000000FA C3                          ret
    92                                  
    93                                  collect_memory_map:
    94 000000FB 31C0                        xor ax, ax
    95 000000FD 8EC0                        mov es, ax
    96 000000FF BF0058                      mov di, MEMORY_MAP_ADDRESS
    97 00000102 6631DB                      xor ebx, ebx
    98 00000105 31ED                        xor bp, bp
    99                                  
   100                                  .next:
   101 00000107 83FD40                      cmp bp, MEMORY_MAP_MAX_ENTRIES
   102 0000010A 733C                        jae .done
   103                                  
   104 0000010C 66B820E80000                mov eax, 0x0000E820
   105 00000112 66BA50414D53                mov edx, 0x534D4150             ; "SMAP"
   106 00000118 66B918000000                mov ecx, MEMORY_MAP_ENTRY_SIZE
   107 0000011E CD15                        int 0x15
   108 00000120 7226                        jc .done
   109 00000122 663D50414D53                cmp eax, 0x534D4150
   110 00000128 751E                        jne .done
   111 0000012A 6683F914                    cmp ecx, 20
   112 0000012E 7218                        jb .done
   113                                  
   114 00000130 6683F918                    cmp ecx, MEMORY_MAP_ENTRY_SIZE
   115 00000134 7309                        jae .entry_complete
   116 00000136 2666C7451401000000          mov dword [es:di + 20], 1
   117                                  
   118                                  .entry_complete:
   119 0000013F 45                          inc bp
   120 00000140 83C718                      add di, MEMORY_MAP_ENTRY_SIZE
   121 00000143 6685DB                      test ebx, ebx
   122 00000146 75BF                        jnz .next
   123                                  
   124                                  .done:
   125 00000148 31C0                        xor ax, ax
   126 0000014A 8ED8                        mov ds, ax
   127 0000014C 8EC0                        mov es, ax
   128 0000014E 660FB7C5                    movzx eax, bp
   129 00000152 66A34450                    mov dword [BOOT_INFO_ADDRESS + BIB_MEMORY_OFFSET + 12], eax
   130 00000156 85ED                        test bp, bp
   131 00000158 7509                        jnz .success
   132 0000015A BE[303D]                    mov si, message_memory_error
   133 0000015D E8463B                      call print_string
   134 00000160 E9593B                      jmp fatal_halt
   135                                  
   136                                  .success:
   137 00000163 C3                          ret
   138                                  
   139                                  ; ---------------------------------------------------------------------------
   140                                  ; VBE. Ein Fehler ist recoverable und aktiviert den Textmodus-Fallback.
   141                                  ; ---------------------------------------------------------------------------
   142                                  
   143                                  initialize_vbe:
   144 00000164 B8014F                      mov ax, 0x4F01
   145 00000167 B94301                      mov cx, VBE_REQUESTED_MODE
   146 0000016A 31DB                        xor bx, bx
   147 0000016C 8EC3                        mov es, bx
   148 0000016E BF0060                      mov di, VBE_MODE_INFO_ADDRESS
   149 00000171 CD10                        int 0x10
   150 00000173 83F84F                      cmp ax, 0x004F
   151 00000176 7575                        jne .fallback
   152                                  
   153 00000178 31C0                        xor ax, ax
   154 0000017A 8ED8                        mov ds, ax
   155 0000017C 8EC0                        mov es, ax
   156 0000017E A10060                      mov ax, [VBE_MODE_INFO_ADDRESS]
   157 00000181 A90100                      test ax, 0x0001
   158 00000184 7467                        jz .fallback
   159 00000186 A98000                      test ax, 0x0080
   160 00000189 7462                        jz .fallback
   161 0000018B 803E196020                  cmp byte [VBE_MODE_INFO_ADDRESS + 25], 32
   162 00000190 755B                        jne .fallback
   163 00000192 66833E286000                cmp dword [VBE_MODE_INFO_ADDRESS + 40], 0
   164 00000198 7453                        je .fallback
   165                                  
   166 0000019A B8024F                      mov ax, 0x4F02
   167 0000019D BB4341                      mov bx, VBE_REQUESTED_MODE | 0x4000
   168 000001A0 CD10                        int 0x10
   169 000001A2 83F84F                      cmp ax, 0x004F
   170 000001A5 7546                        jne .fallback
   171                                  
   172 000001A7 31C0                        xor ax, ax
   173 000001A9 8ED8                        mov ds, ax
   174 000001AB 8EC0                        mov es, ax
   175 000001AD 66830E1C5001                or dword [BOOT_INFO_ADDRESS + BIB_OFF_FLAGS], NOVA_BOOT_FLAG_FRAMEBUFFER
   176                                  
   177 000001B3 66A12860                    mov eax, [VBE_MODE_INFO_ADDRESS + 40]
   178 000001B7 66A35850                    mov dword [BOOT_INFO_ADDRESS + BIB_GRAPHICS_OFFSET + 8], eax
   179 000001BB 6631C0                      xor eax, eax
   180 000001BE A11060                      mov ax, [VBE_MODE_INFO_ADDRESS + 16]
   181 000001C1 66A35C50                    mov dword [BOOT_INFO_ADDRESS + BIB_GRAPHICS_OFFSET + 12], eax
   182 000001C5 6631C0                      xor eax, eax
   183 000001C8 A11260                      mov ax, [VBE_MODE_INFO_ADDRESS + 18]
   184 000001CB 66A36050                    mov dword [BOOT_INFO_ADDRESS + BIB_GRAPHICS_OFFSET + 16], eax
   185 000001CF 6631C0                      xor eax, eax
   186 000001D2 A11460                      mov ax, [VBE_MODE_INFO_ADDRESS + 20]
   187 000001D5 66A36450                    mov dword [BOOT_INFO_ADDRESS + BIB_GRAPHICS_OFFSET + 20], eax
   188 000001D9 6631C0                      xor eax, eax
   189 000001DC A01960                      mov al, [VBE_MODE_INFO_ADDRESS + 25]
   190 000001DF 66A36850                    mov dword [BOOT_INFO_ADDRESS + BIB_GRAPHICS_OFFSET + 24], eax
   191 000001E3 66C7066C5001000000          mov dword [BOOT_INFO_ADDRESS + BIB_GRAPHICS_OFFSET + 28], NOVA_PIXEL_FORMAT_BGRX8888
   192 000001EC C3                          ret
   193                                  
   194                                  .fallback:
   195 000001ED B80300                      mov ax, 0x0003
   196 000001F0 CD10                        int 0x10
   197 000001F2 31C0                        xor ax, ax
   198 000001F4 8ED8                        mov ds, ax
   199 000001F6 8EC0                        mov es, ax
   200 000001F8 BE[FD3C]                    mov si, message_vbe_fallback
   201 000001FB E8A83A                      call print_string
   202 000001FE C3                          ret
   203                                  
   204                                  ; ---------------------------------------------------------------------------
   205                                  ; Kernel Image Loader
   206                                  ; ---------------------------------------------------------------------------
   207                                  
   208                                  load_kernel_image:
   209 000001FF E82B00                      call detect_bios_extensions
   210 00000202 721B                        jc .chs
   211 00000204 C606[CA3C]03                mov byte [retry_count], DISK_RETRY_COUNT
   212                                  
   213                                  .lba_retry:
   214 00000209 BE[D43C]                    mov si, kernel_dap
   215 0000020C B442                        mov ah, 0x42
   216 0000020E 8A16[C83C]                  mov dl, [boot_drive]
   217 00000212 CD13                        int 0x13
   218 00000214 7310                        jnc .done
   219 00000216 E8F900                      call reset_disk
   220 00000219 FE0E[CA3C]                  dec byte [retry_count]
   221 0000021D 75EA                        jnz .lba_retry
   222                                  
   223                                  .chs:
   224 0000021F E82800                      call load_kernel_chs
   225 00000222 0F829A3A                    jc kernel_load_error
   226                                  
   227                                  .done:
   228 00000226 31C0                        xor ax, ax
   229 00000228 8ED8                        mov ds, ax
   230 0000022A 8EC0                        mov es, ax
   231 0000022C C3                          ret
   232                                  
   233                                  detect_bios_extensions:
   234 0000022D B441                        mov ah, 0x41
   235 0000022F BBAA55                      mov bx, 0x55AA
   236 00000232 8A16[C83C]                  mov dl, [boot_drive]
   237 00000236 CD13                        int 0x13
   238 00000238 720E                        jc .missing
   239 0000023A 81FB55AA                    cmp bx, 0xAA55
   240 0000023E 7508                        jne .missing
   241 00000240 F7C10100                    test cx, 1
   242 00000244 7402                        jz .missing
   243 00000246 F8                          clc
   244 00000247 C3                          ret
   245                                  .missing:
   246 00000248 F9                          stc
   247 00000249 C3                          ret
   248                                  
   249                                  load_kernel_chs:
   250 0000024A E87900                      call get_disk_geometry
   251 0000024D C706[CB3C]0000              mov word [kernel_destination_offset], KERNEL_TEMP_OFFSET
   252                                  
   253                                      ; KERNEL_FIRST_LBA in die vom BIOS gemeldete CHS-Geometrie umrechnen.
   254 00000253 B82100                      mov ax, KERNEL_FIRST_LBA
   255 00000256 31D2                        xor dx, dx
   256 00000258 31DB                        xor bx, bx
   257 0000025A 8A1E[D13C]                  mov bl, [sectors_per_track]
   258 0000025E F7F3                        div bx
   259 00000260 FEC2                        inc dl
   260 00000262 8816[CF3C]                  mov [kernel_sector], dl
   261 00000266 31D2                        xor dx, dx
   262 00000268 31DB                        xor bx, bx
   263 0000026A 8A1E[D23C]                  mov bl, [maximum_head]
   264 0000026E 43                          inc bx
   265 0000026F F7F3                        div bx
   266 00000271 A2[CD3C]                    mov [kernel_cylinder], al
   267 00000274 8816[CE3C]                  mov [kernel_head], dl
   268 00000278 C606[D03C]41                mov byte [kernel_remaining], KERNEL_IMAGE_SECTOR_COUNT
   269                                  
   270                                  .next_sector:
   271 0000027D 803E[D03C]00                cmp byte [kernel_remaining], 0
   272 00000282 7440                        je .success
   273 00000284 C606[CA3C]03                mov byte [retry_count], DISK_RETRY_COUNT
   274                                  .retry:
   275 00000289 B80010                      mov ax, KERNEL_TEMP_SEGMENT
   276 0000028C 8EC0                        mov es, ax
   277 0000028E 8B1E[CB3C]                  mov bx, [kernel_destination_offset]
   278 00000292 B402                        mov ah, 0x02
   279 00000294 B001                        mov al, 1
   280 00000296 8A2E[CD3C]                  mov ch, [kernel_cylinder]
   281 0000029A 8A0E[CF3C]                  mov cl, [kernel_sector]
   282 0000029E 8A36[CE3C]                  mov dh, [kernel_head]
   283 000002A2 8A16[C83C]                  mov dl, [boot_drive]
   284 000002A6 CD13                        int 0x13
   285 000002A8 730B                        jnc .loaded
   286 000002AA E86500                      call reset_disk
   287 000002AD FE0E[CA3C]                  dec byte [retry_count]
   288 000002B1 75D6                        jnz .retry
   289 000002B3 F9                          stc
   290 000002B4 C3                          ret
   291                                  .loaded:
   292 000002B5 8106[CB3C]0002              add word [kernel_destination_offset], 512
   293 000002BB E82A00                      call advance_chs
   294 000002BE FE0E[D03C]                  dec byte [kernel_remaining]
   295 000002C2 EBB9                        jmp .next_sector
   296                                  .success:
   297 000002C4 F8                          clc
   298 000002C5 C3                          ret
   299                                  
   300                                  get_disk_geometry:
   301 000002C6 C606[D13C]12                mov byte [sectors_per_track], 18
   302 000002CB C606[D23C]01                mov byte [maximum_head], 1
   303 000002D0 B408                        mov ah, 0x08
   304 000002D2 8A16[C83C]                  mov dl, [boot_drive]
   305 000002D6 CD13                        int 0x13
   306 000002D8 720D                        jc .done
   307 000002DA 88C8                        mov al, cl
   308 000002DC 243F                        and al, 0x3F
   309 000002DE 7407                        jz .done
   310 000002E0 A2[D13C]                    mov [sectors_per_track], al
   311 000002E3 8836[D23C]                  mov [maximum_head], dh
   312                                  .done:
   313 000002E7 C3                          ret
   314                                  
   315                                  advance_chs:
   316 000002E8 FE06[CF3C]                  inc byte [kernel_sector]
   317 000002EC A0[D13C]                    mov al, [sectors_per_track]
   318 000002EF 3806[CF3C]                  cmp byte [kernel_sector], al
   319 000002F3 761C                        jbe .done
   320 000002F5 C606[CF3C]01                mov byte [kernel_sector], 1
   321 000002FA A0[D23C]                    mov al, [maximum_head]
   322 000002FD 3806[CE3C]                  cmp byte [kernel_head], al
   323 00000301 720A                        jb .next_head
   324 00000303 C606[CE3C]00                mov byte [kernel_head], 0
   325 00000308 FE06[CD3C]                  inc byte [kernel_cylinder]
   326 0000030C C3                          ret
   327                                  .next_head:
   328 0000030D FE06[CE3C]                  inc byte [kernel_head]
   329                                  .done:
   330 00000311 C3                          ret
   331                                  
   332                                  reset_disk:
   333 00000312 50                          push ax
   334 00000313 52                          push dx
   335 00000314 31C0                        xor ax, ax
   336 00000316 8A16[C83C]                  mov dl, [boot_drive]
   337 0000031A CD13                        int 0x13
   338 0000031C 5A                          pop dx
   339 0000031D 58                          pop ax
   340 0000031E C3                          ret
   341                                  
   342                                  validate_kernel_image:
   343 0000031F 1E                          push ds
   344 00000320 B80010                      mov ax, KERNEL_TEMP_SEGMENT
   345 00000323 8ED8                        mov ds, ax
   346                                  
   347 00000325 66813E00004E4F5641          cmp dword [NKI_OFF_MAGIC_LOW], NKI_MAGIC_LOW
   348 0000032E 0F859400                    jne .invalid_header
   349 00000332 66813E04004E4B4900          cmp dword [NKI_OFF_MAGIC_HIGH], NKI_MAGIC_HIGH
   350 0000033B 0F858700                    jne .invalid_header
   351 0000033F 66833E080001                cmp dword [NKI_OFF_VERSION], NKI_VERSION
   352 00000345 757F                        jne .invalid_header
   353 00000347 66833E0C0040                cmp dword [NKI_OFF_HEADER_SIZE], NKI_HEADER_SIZE
   354 0000034D 7577                        jne .invalid_header
   355 0000034F 66833E100001                cmp dword [NKI_OFF_ARCHITECTURE], NKI_ARCH_X86_32
   356 00000355 756F                        jne .invalid_header
   357 00000357 66833E240000                cmp dword [NKI_OFF_COMPRESSION], NKI_COMPRESSION_NONE
   358 0000035D 7567                        jne .invalid_header
   359 0000035F 66813E180000001000          cmp dword [NKI_OFF_ENTRY_POINT], KERNEL_ENTRY_ADDRESS
   360 00000368 755C                        jne .invalid_header
   361 0000036A 66813E1C0000001000          cmp dword [NKI_OFF_LOAD_ADDRESS], KERNEL_ENTRY_ADDRESS
   362 00000373 7551                        jne .invalid_header
   363                                  
   364 00000375 668B0E2000                  mov ecx, [NKI_OFF_IMAGE_SIZE]
   365 0000037A 6685C9                      test ecx, ecx
   366 0000037D 7447                        jz .invalid_header
   367 0000037F 6681F900800000              cmp ecx, KERNEL_PAYLOAD_MAX_SIZE
   368 00000386 773E                        ja .invalid_header
   369                                  
   370 00000388 BE4000                      mov si, NKI_HEADER_SIZE
   371 0000038B E85200                      call crc32_ds_si
   372 0000038E 663B062800                  cmp eax, [NKI_OFF_CRC32]
   373 00000393 753E                        jne .invalid_checksum
   374                                  
   375                                      ; Kernel-TLV aus dem validierten NKI befüllen.
   376 00000395 66A11C00                    mov eax, [NKI_OFF_LOAD_ADDRESS]
   377 00000399 668B162000                  mov edx, [NKI_OFF_IMAGE_SIZE]
   378 0000039E 668B0E1800                  mov ecx, [NKI_OFF_ENTRY_POINT]
   379 000003A3 668B2E2800                  mov ebp, [NKI_OFF_CRC32]
   380 000003A8 1F                          pop ds
   381 000003A9 66A38050                    mov dword [BOOT_INFO_ADDRESS + BIB_KERNEL_OFFSET + 8], eax
   382 000003AD 6689168450                  mov dword [BOOT_INFO_ADDRESS + BIB_KERNEL_OFFSET + 12], edx
   383 000003B2 66890E8850                  mov dword [BOOT_INFO_ADDRESS + BIB_KERNEL_OFFSET + 16], ecx
   384 000003B7 66C7068C5001000000          mov dword [BOOT_INFO_ADDRESS + BIB_KERNEL_OFFSET + 20], NKI_VERSION
   385 000003C0 66892E9050                  mov dword [BOOT_INFO_ADDRESS + BIB_KERNEL_OFFSET + 24], ebp
   386 000003C5 C3                          ret
   387                                  
   388                                  .invalid_header:
   389 000003C6 1F                          pop ds
   390 000003C7 BE[7F3D]                    mov si, message_kernel_header_error
   391 000003CA E8D938                      call print_string
   392 000003CD C606[C93C]01                mov byte [boot_error_code], 1
   393 000003D2 C3                          ret
   394                                  .invalid_checksum:
   395 000003D3 1F                          pop ds
   396 000003D4 BE[A43D]                    mov si, message_kernel_checksum_error
   397 000003D7 E8CC38                      call print_string
   398 000003DA C606[C93C]02                mov byte [boot_error_code], 2
   399 000003DF C3                          ret
   400                                  
   401                                  ; CRC32/ISO-HDLC über DS:SI, Länge ECX. Ergebnis EAX.
   402                                  crc32_ds_si:
   403 000003E0 66B8FFFFFFFF                mov eax, 0xFFFFFFFF
   404                                  .byte:
   405 000003E6 6685C9                      test ecx, ecx
   406 000003E9 7419                        jz .finish
   407 000003EB 3204                        xor al, [si]
   408 000003ED 46                          inc si
   409 000003EE 51                          push cx
   410 000003EF B90800                      mov cx, 8
   411                                  .bit:
   412 000003F2 66D1E8                      shr eax, 1
   413 000003F5 7306                        jnc .next_bit
   414 000003F7 66352083B8ED                xor eax, 0xEDB88320
   415                                  .next_bit:
   416 000003FD E2F3                        loop .bit
   417 000003FF 59                          pop cx
   418 00000400 6649                        dec ecx
   419 00000402 EBE2                        jmp .byte
   420                                  .finish:
   421 00000404 66F7D0                      not eax
   422 00000407 C3                          ret
   423                                  
   424                                  finalize_bib:
   425 00000408 66C706145000000000          mov dword [BOOT_INFO_ADDRESS + BIB_OFF_CHECKSUM], 0
   426 00000411 31C0                        xor ax, ax
   427 00000413 8ED8                        mov ds, ax
   428 00000415 BE0050                      mov si, BOOT_INFO_ADDRESS
   429 00000418 66B9D0000000                mov ecx, BIB_TOTAL_SIZE
   430 0000041E E8BFFF                      call crc32_ds_si
   431 00000421 66A31450                    mov dword [BOOT_INFO_ADDRESS + BIB_OFF_CHECKSUM], eax
   432 00000425 C3                          ret
   433                                  
   434                                  ; ---------------------------------------------------------------------------
   435                                  ; CPU-Handoff
   436                                  ; ---------------------------------------------------------------------------
   437                                  
   438                                  enable_a20:
   439 00000426 B80124                      mov ax, 0x2401
   440 00000429 CD15                        int 0x15
   441 0000042B E492                        in al, 0x92
   442 0000042D A802                        test al, 0x02
   443 0000042F 7506                        jnz .done
   444 00000431 0C02                        or al, 0x02
   445 00000433 24FE                        and al, 0xFE
   446 00000435 E692                        out 0x92, al
   447                                  .done:
   448 00000437 C3                          ret
   449                                  
   450                                  enter_protected_mode:
   451 00000438 FA                          cli
   452 00000439 0F0116[A03C]                lgdt [gdt_descriptor]
   453 0000043E 0F20C0                      mov eax, cr0
   454 00000441 6683C801                    or eax, 1
   455 00000445 0F22C0                      mov cr0, eax
   456 00000448 EA[4D04]0800                jmp CODE_SEGMENT:protected_mode_start
   457                                  
   458                                  [bits 32]
   459                                  protected_mode_start:
   460 0000044D 66B81000                    mov ax, DATA_SEGMENT
   461 00000451 8ED8                        mov ds, ax
   462 00000453 8EC0                        mov es, ax
   463 00000455 8EE0                        mov fs, ax
   464 00000457 8EE8                        mov gs, ax
   465 00000459 8ED0                        mov ss, ax
   466 0000045B BC00000900                  mov esp, KERNEL_STACK_TOP
   467 00000460 FC                          cld
   468                                  
   469 00000461 803D[C93C0000]00            cmp byte [boot_error_code], 0
   470 00000468 7409                        je .kernel_valid
   471 0000046A E837000000                  call boot_error_screen
   472                                  .error_halt:
   473 0000046F FA                          cli
   474 00000470 F4                          hlt
   475 00000471 EBFC                        jmp .error_halt
   476                                  
   477                                  .kernel_valid:
   478 00000473 E825020000                  call boot_manager_run
   479                                  
   480 00000478 BE40000100                  mov esi, KERNEL_TEMP_ADDRESS + NKI_HEADER_SIZE
   481 0000047D BF00001000                  mov edi, KERNEL_ENTRY_ADDRESS
   482 00000482 8B0D20000100                mov ecx, [KERNEL_TEMP_ADDRESS + NKI_OFF_IMAGE_SIZE]
   483 00000488 51                          push ecx
   484 00000489 C1E902                      shr ecx, 2
   485 0000048C F3A5                        rep movsd
   486 0000048E 59                          pop ecx
   487 0000048F 83E103                      and ecx, 3
   488 00000492 F3A4                        rep movsb
   489                                  
   490 00000494 B841564F4E                  mov eax, NOVA_X86_BOOT_MAGIC
   491 00000499 BB00500000                  mov ebx, BOOT_INFO_ADDRESS
   492 0000049E 8B0D18000100                mov ecx, [KERNEL_TEMP_ADDRESS + NKI_OFF_ENTRY_POINT]
   493 000004A4 FFE1                        jmp ecx
   494                                  
   495                                  ; ---------------------------------------------------------------------------
   496                                  ; Grafischer Fehlerzustand. Technische Details bleiben am Debug-Port erhalten,
   497                                  ; auf dem Bildschirm steht eine verständliche und handlungsorientierte Meldung.
   498                                  ; ---------------------------------------------------------------------------
   499                                  
   500                                  boot_error_screen:
   501 000004A6 F7051C500000010000-         test dword [BOOT_INFO_ADDRESS + BIB_OFF_FLAGS], NOVA_BOOT_FLAG_FRAMEBUFFER
   501 000004AF 00                 
   502 000004B0 0F84E6010000                jz .done
   503                                  
   504 000004B6 B813111000                  mov eax, BM_COLOR_BACKGROUND
   505 000004BB 31DB                        xor ebx, ebx
   506 000004BD 31C9                        xor ecx, ecx
   507 000004BF 8B1560500000                mov edx, [BOOT_INFO_ADDRESS + BIB_GRAPHICS_OFFSET + 16]
   508 000004C5 8B3564500000                mov esi, [BOOT_INFO_ADDRESS + BIB_GRAPHICS_OFFSET + 20]
   509 000004CB E8DB050000                  call bm_fill_rectangle
   510                                  
   511 000004D0 B84B15B600                  mov eax, BM_COLOR_ERROR
   512 000004D5 BB66000000                  mov ebx, 102
   513 000004DA 31C9                        xor ecx, ecx
   514 000004DC BA74020000                  mov edx, 628
   515 000004E1 BE0D000000                  mov esi, 13
   516 000004E6 E8C0050000                  call bm_fill_rectangle
   517                                  
   518 000004EB C705[180E0000]2D00-         mov dword [bm_logo_x], 45
   518 000004F3 0000               
   519 000004F5 C705[1C0E0000]2200-         mov dword [bm_logo_y], 34
   519 000004FD 0000               
   520 000004FF C705[200E0000]A9A9-         mov dword [bm_logo_color], BM_COLOR_ERROR_TEXT
   520 00000507 A900               
   521 00000509 C605[240E0000]00            mov byte [bm_logo_compact], 0
   522 00000510 E8F0050000                  call bm_draw_nova_logo
   523 00000515 C705[250E0000]8A02-         mov dword [bm_error_mark_x], 650
   523 0000051D 0000               
   524 0000051F C705[290E0000]5400-         mov dword [bm_error_mark_y], 84
   524 00000527 0000               
   525 00000529 C705[2D0E0000]A9A9-         mov dword [bm_error_mark_color], BM_COLOR_ERROR_TEXT
   525 00000531 A900               
   526 00000533 E8A5060000                  call bm_draw_error_mark
   527                                  
   528 00000538 BE[E80F0000]                mov esi, bm_error_brand
   529 0000053D BB50010000                  mov ebx, 336
   530 00000542 B946000000                  mov ecx, 70
   531 00000547 BAC17F2D00                  mov edx, BM_COLOR_BLUE
   532 0000054C BD03000000                  mov ebp, 3
   533 00000551 E801070000                  call bm_draw_text
   534                                  
   535 00000556 BE[EF0F0000]                mov esi, bm_error_title
   536 0000055B BB52010000                  mov ebx, 338
   537 00000560 B986000000                  mov ecx, 134
   538 00000565 BAA9A9A900                  mov edx, BM_COLOR_ERROR_TEXT
   539 0000056A BD02000000                  mov ebp, 2
   540 0000056F E8E3060000                  call bm_draw_text
   541                                  
   542 00000574 BE[04100000]                mov esi, bm_error_explanation_1
   543 00000579 BB1B000000                  mov ebx, 27
   544 0000057E B9F5000000                  mov ecx, 245
   545 00000583 BAA9A9A900                  mov edx, BM_COLOR_ERROR_TEXT
   546 00000588 BD01000000                  mov ebp, 1
   547 0000058D E8C5060000                  call bm_draw_text
   548 00000592 BE[3C100000]                mov esi, bm_error_explanation_2
   549 00000597 BB1B000000                  mov ebx, 27
   550 0000059C B911010000                  mov ecx, 273
   551 000005A1 BAA9A9A900                  mov edx, BM_COLOR_ERROR_TEXT
   552 000005A6 BD01000000                  mov ebp, 1
   553 000005AB E8A7060000                  call bm_draw_text
   554                                  
   555                                      ; Dunkle Empfehlungskarte mit rotem Rahmen
   556 000005B0 B8201C1A00                  mov eax, BM_COLOR_PANEL
   557 000005B5 BB95000000                  mov ebx, 149
   558 000005BA B95E010000                  mov ecx, 350
   559 000005BF BA00020000                  mov edx, 512
   560 000005C4 BE78000000                  mov esi, 120
   561 000005C9 E8DD040000                  call bm_fill_rectangle
   562 000005CE B84B15B600                  mov eax, BM_COLOR_ERROR
   563 000005D3 BB95000000                  mov ebx, 149
   564 000005D8 B95E010000                  mov ecx, 350
   565 000005DD BA00020000                  mov edx, 512
   566 000005E2 BE01000000                  mov esi, 1
   567 000005E7 E8BF040000                  call bm_fill_rectangle
   568 000005EC B9D5010000                  mov ecx, 469
   569 000005F1 E8B5040000                  call bm_fill_rectangle
   570 000005F6 B95E010000                  mov ecx, 350
   571 000005FB BA01000000                  mov edx, 1
   572 00000600 BE78000000                  mov esi, 120
   573 00000605 E8A1040000                  call bm_fill_rectangle
   574 0000060A BB94020000                  mov ebx, 660
   575 0000060F E897040000                  call bm_fill_rectangle
   576                                  
   577 00000614 BE[6B100000]                mov esi, bm_error_action_1
   578 00000619 BBBA000000                  mov ebx, 186
   579 0000061E B973010000                  mov ecx, 371
   580 00000623 BAA9A9A900                  mov edx, BM_COLOR_ERROR_TEXT
   581 00000628 BD01000000                  mov ebp, 1
   582 0000062D E825060000                  call bm_draw_text
   583 00000632 BE[97100000]                mov esi, bm_error_action_2
   584 00000637 BB7D010000                  mov ebx, 381
   585 0000063C B98F010000                  mov ecx, 399
   586 00000641 BAA9A9A900                  mov edx, BM_COLOR_ERROR_TEXT
   587 00000646 BD01000000                  mov ebp, 1
   588 0000064B E807060000                  call bm_draw_text
   589 00000650 BE[9C100000]                mov esi, bm_error_action_3
   590 00000655 BBBB000000                  mov ebx, 187
   591 0000065A B9AB010000                  mov ecx, 427
   592 0000065F BAA9A9A900                  mov edx, BM_COLOR_ERROR_TEXT
   593 00000664 BD01000000                  mov ebp, 1
   594 00000669 E8E9050000                  call bm_draw_text
   595                                  
   596 0000066E 803D[C93C0000]02            cmp byte [boot_error_code], 2
   597 00000675 7507                        jne .header_code
   598 00000677 BE[C3100000]                mov esi, bm_error_checksum_code
   599 0000067C EB05                        jmp .draw_code
   600                                  .header_code:
   601 0000067E BE[EF100000]                mov esi, bm_error_header_code
   602                                  .draw_code:
   603 00000683 BB14000000                  mov ebx, 20
   604 00000688 B930020000                  mov ecx, 560
   605 0000068D BA4B15B600                  mov edx, BM_COLOR_ERROR
   606 00000692 BD01000000                  mov ebp, 1
   607 00000697 E8BB050000                  call bm_draw_text
   608                                  .done:
   609 0000069C C3                          ret
   610                                  
   611                                  ; ---------------------------------------------------------------------------
   612                                  ; Grafischer Boot Manager
   613                                  ; ENTER startet Nova OS. D blendet validierte Diagnosedaten ein.
   614                                  ; R meldet den noch nicht implementierten Recoverypfad transparent.
   615                                  ; ---------------------------------------------------------------------------
   616                                  
   617                                  boot_manager_run:
   618 0000069D F7051C500000010000-         test dword [BOOT_INFO_ADDRESS + BIB_OFF_FLAGS], NOVA_BOOT_FLAG_FRAMEBUFFER
   618 000006A6 00                 
   619 000006A7 0F84E4000000                jz .no_graphics
   620 000006AD C605[310E0000]00            mov byte [bm_selection], 0
   621 000006B4 E8D9000000                  call boot_manager_draw
   622                                  
   623                                  .wait_key:
   624 000006B9 E464                        in al, 0x64
   625 000006BB A801                        test al, 0x01
   626 000006BD 74FA                        jz .wait_key
   627 000006BF E460                        in al, 0x60
   628 000006C1 A880                        test al, 0x80
   629 000006C3 75F4                        jnz .wait_key
   630 000006C5 3C1C                        cmp al, 0x1C                    ; Enter
   631 000006C7 7451                        je .activate
   632 000006C9 3C48                        cmp al, 0x48                    ; Pfeil hoch
   633 000006CB 7416                        je .up
   634 000006CD 3C50                        cmp al, 0x50                    ; Pfeil runter
   635 000006CF 742C                        je .down
   636 000006D1 3C20                        cmp al, 0x20                    ; D
   637 000006D3 0F8481000000                je .diagnostics
   638 000006D9 3C13                        cmp al, 0x13                    ; R
   639 000006DB 0F848D000000                je .recovery
   640 000006E1 EBD6                        jmp .wait_key
   641                                  
   642                                  .up:
   643 000006E3 803D[310E0000]00            cmp byte [bm_selection], 0
   644 000006EA 7509                        jne .up_dec
   645 000006EC C605[310E0000]05            mov byte [bm_selection], 5
   646 000006F3 EB1E                        jmp .redraw
   647                                  .up_dec:
   648 000006F5 FE0D[310E0000]              dec byte [bm_selection]
   649 000006FB EB16                        jmp .redraw
   650                                  .down:
   651 000006FD FE05[310E0000]              inc byte [bm_selection]
   652 00000703 803D[310E0000]06            cmp byte [bm_selection], 6
   653 0000070A 7207                        jb .redraw
   654 0000070C C605[310E0000]00            mov byte [bm_selection], 0
   655                                  .redraw:
   656 00000713 E87A000000                  call boot_manager_draw
   657 00000718 EB9F                        jmp .wait_key
   658                                  .activate:
   659 0000071A 803D[310E0000]00            cmp byte [bm_selection], 0
   660 00000721 745F                        je .start
   661 00000723 803D[310E0000]03            cmp byte [bm_selection], 3
   662 0000072A 742E                        je .diagnostics
   663 0000072C 803D[310E0000]04            cmp byte [bm_selection], 4
   664 00000733 7439                        je .recovery
   665 00000735 803D[310E0000]05            cmp byte [bm_selection], 5
   666 0000073C 740A                        je .poweroff
   667 0000073E E874020000                  call boot_manager_draw_unavailable
   668 00000743 E971FFFFFF                  jmp .wait_key
   669                                  .poweroff:
   670 00000748 66B80020                    mov ax, 0x2000
   671 0000074C 66BA0406                    mov dx, 0x0604
   672 00000750 66EF                        out dx, ax
   673 00000752 66BA04B0                    mov dx, 0xB004
   674 00000756 66EF                        out dx, ax
   675 00000758 EBFE                        jmp $
   676                                  
   677                                  .diagnostics:
   678 0000075A BE[1C110000]                mov esi, bm_event_diagnostics
   679 0000075F E86E060000                  call bm_debug_write_string
   680 00000764 E88B020000                  call boot_manager_draw_diagnostics
   681 00000769 E94BFFFFFF                  jmp .wait_key
   682                                  .recovery:
   683 0000076E BE[2C110000]                mov esi, bm_event_recovery
   684 00000773 E85A060000                  call bm_debug_write_string
   685 00000778 E8B4020000                  call boot_manager_draw_recovery_notice
   686 0000077D E937FFFFFF                  jmp .wait_key
   687                                  .start:
   688 00000782 BE[45110000]                mov esi, bm_event_start
   689 00000787 E846060000                  call bm_debug_write_string
   690 0000078C E8DD020000                  call boot_manager_draw_starting
   691                                  .no_graphics:
   692 00000791 C3                          ret
   693                                  
   694                                  boot_manager_draw:
   695 00000792 B813111000                  mov eax, BM_COLOR_BACKGROUND
   696 00000797 31DB                        xor ebx, ebx
   697 00000799 31C9                        xor ecx, ecx
   698 0000079B 8B1560500000                mov edx, [BOOT_INFO_ADDRESS + BIB_GRAPHICS_OFFSET + 16]
   699 000007A1 8B3564500000                mov esi, [BOOT_INFO_ADDRESS + BIB_GRAPHICS_OFFSET + 20]
   700 000007A7 E8FF020000                  call bm_fill_rectangle
   701                                  
   702                                      ; Obere blaue Markenleiste
   703 000007AC B8C17F2D00                  mov eax, BM_COLOR_BLUE
   704 000007B1 BB66000000                  mov ebx, 102
   705 000007B6 31C9                        xor ecx, ecx
   706 000007B8 BA74020000                  mov edx, 628
   707 000007BD BE0D000000                  mov esi, 13
   708 000007C2 E8E4020000                  call bm_fill_rectangle
   709                                  
   710                                      ; Linke NovaOS-Marke
   711 000007C7 C705[180E0000]2000-         mov dword [bm_logo_x], 32
   711 000007CF 0000               
   712 000007D1 C705[1C0E0000]2600-         mov dword [bm_logo_y], 38
   712 000007D9 0000               
   713 000007DB C705[200E0000]C17F-         mov dword [bm_logo_color], BM_COLOR_BLUE
   713 000007E3 2D00               
   714 000007E5 C605[240E0000]01            mov byte [bm_logo_compact], 1
   715 000007EC E814030000                  call bm_draw_nova_logo
   716 000007F1 BE[340E0000]                mov esi, bm_text_brand
   717 000007F6 BB20000000                  mov ebx, 32
   718 000007FB B99C000000                  mov ecx, 156
   719 00000800 BAC17F2D00                  mov edx, BM_COLOR_BLUE
   720 00000805 BD03000000                  mov ebp, 3
   721 0000080A E848040000                  call bm_draw_text
   722                                  
   723                                      ; Menürahmen 184,55 bis 751,528
   724 0000080F B8C17F2D00                  mov eax, BM_COLOR_BLUE
   725 00000814 BBB8000000                  mov ebx, 184
   726 00000819 B937000000                  mov ecx, 55
   727 0000081E BA37020000                  mov edx, 567
   728 00000823 BE01000000                  mov esi, 1
   729 00000828 E87E020000                  call bm_fill_rectangle
   730 0000082D B90F020000                  mov ecx, 527
   731 00000832 E874020000                  call bm_fill_rectangle
   732 00000837 B937000000                  mov ecx, 55
   733 0000083C BA01000000                  mov edx, 1
   734 00000841 BED9010000                  mov esi, 473
   735 00000846 E860020000                  call bm_fill_rectangle
   736 0000084B BBEE020000                  mov ebx, 750
   737 00000850 E856020000                  call bm_fill_rectangle
   738                                  
   739                                      ; Aktuelle Auswahl
   740 00000855 0FB605[310E0000]            movzx eax, byte [bm_selection]
   741 0000085C 6BC044                      imul eax, 68
   742 0000085F 83C04D                      add eax, 77
   743 00000862 89C1                        mov ecx, eax
   744 00000864 B8201C1A00                  mov eax, BM_COLOR_PANEL
   745 00000869 BBCC000000                  mov ebx, 204
   746 0000086E BA0B020000                  mov edx, 523
   747 00000873 BE3E000000                  mov esi, 62
   748 00000878 E82E020000                  call bm_fill_rectangle
   749 0000087D B8C17F2D00                  mov eax, BM_COLOR_BLUE
   750 00000882 0FB60D[310E0000]            movzx ecx, byte [bm_selection]
   751 00000889 6BC944                      imul ecx, 68
   752 0000088C 83C14D                      add ecx, 77
   753 0000088F BBCC000000                  mov ebx, 204
   754 00000894 BA0B020000                  mov edx, 523
   755 00000899 BE01000000                  mov esi, 1
   756 0000089E E808020000                  call bm_fill_rectangle
   757 000008A3 83C13D                      add ecx, 61
   758 000008A6 E800020000                  call bm_fill_rectangle
   759                                  
   760                                      ; Menüpunkte und reduzierte Symbolmarken
   761 000008AB BE[570F0000]                mov esi, bm_menu_start
   762 000008B0 BB16010000                  mov ebx, 278
   763 000008B5 B962000000                  mov ecx, 98
   764 000008BA BAFFFFFF00                  mov edx, BM_COLOR_WHITE
   765 000008BF BD02000000                  mov ebp, 2
   766 000008C4 E88E030000                  call bm_draw_text
   767 000008C9 BE[660F0000]                mov esi, bm_menu_install
   768 000008CE B9A6000000                  mov ecx, 166
   769 000008D3 E87F030000                  call bm_draw_text
   770 000008D8 BE[7A0F0000]                mov esi, bm_menu_settings
   771 000008DD B9EA000000                  mov ecx, 234
   772 000008E2 E870030000                  call bm_draw_text
   773 000008E7 BE[880F0000]                mov esi, bm_menu_diagnostics
   774 000008EC B92E010000                  mov ecx, 302
   775 000008F1 E861030000                  call bm_draw_text
   776 000008F6 BE[910F0000]                mov esi, bm_menu_recover
   777 000008FB B972010000                  mov ecx, 370
   778 00000900 E852030000                  call bm_draw_text
   779 00000905 BE[990F0000]                mov esi, bm_menu_poweroff
   780 0000090A B9B6010000                  mov ecx, 438
   781 0000090F E843030000                  call bm_draw_text
   782                                  
   783 00000914 B8FFFFFF00                  mov eax, BM_COLOR_WHITE
   784 00000919 BBE4000000                  mov ebx, 228
   785 0000091E B965000000                  mov ecx, 101
   786 00000923 BA12000000                  mov edx, 18
   787 00000928 BE12000000                  mov esi, 18
   788 0000092D E851000000                  call bm_draw_menu_icon
   789 00000932 B9A9000000                  mov ecx, 169
   790 00000937 E847000000                  call bm_draw_menu_icon
   791 0000093C B9ED000000                  mov ecx, 237
   792 00000941 E83D000000                  call bm_draw_menu_icon
   793 00000946 B931010000                  mov ecx, 305
   794 0000094B E833000000                  call bm_draw_menu_icon
   795 00000950 B975010000                  mov ecx, 373
   796 00000955 E829000000                  call bm_draw_menu_icon
   797 0000095A B9B9010000                  mov ecx, 441
   798 0000095F E81F000000                  call bm_draw_menu_icon
   799                                  
   800 00000964 BE[A50F0000]                mov esi, bm_text_countdown
   801 00000969 BB28000000                  mov ebx, 40
   802 0000096E B929020000                  mov ecx, 553
   803 00000973 BACFCFCF00                  mov edx, BM_COLOR_SECONDARY
   804 00000978 BD02000000                  mov ebp, 2
   805 0000097D E8D5020000                  call bm_draw_text
   806 00000982 C3                          ret
   807                                  
   808                                  ; EAX=Farbe, EBX=x, ECX=y, EDX/ESI werden als 18x18-Rahmen verwendet.
   809                                  bm_draw_menu_icon:
   810 00000983 60                          pushad
   811 00000984 BA12000000                  mov edx, 18
   812 00000989 BE02000000                  mov esi, 2
   813 0000098E E818010000                  call bm_fill_rectangle
   814 00000993 83C110                      add ecx, 16
   815 00000996 E810010000                  call bm_fill_rectangle
   816 0000099B 83E910                      sub ecx, 16
   817 0000099E BA02000000                  mov edx, 2
   818 000009A3 BE12000000                  mov esi, 18
   819 000009A8 E8FE000000                  call bm_fill_rectangle
   820 000009AD 83C310                      add ebx, 16
   821 000009B0 E8F6000000                  call bm_fill_rectangle
   822 000009B5 61                          popad
   823 000009B6 C3                          ret
   824                                  
   825                                  boot_manager_draw_unavailable:
   826 000009B7 B813111000                  mov eax, BM_COLOR_BACKGROUND
   827 000009BC BBB8000000                  mov ebx, 184
   828 000009C1 B91C020000                  mov ecx, 540
   829 000009C6 BA37020000                  mov edx, 567
   830 000009CB BE1E000000                  mov esi, 30
   831 000009D0 E8D6000000                  call bm_fill_rectangle
   832 000009D5 BE[BF0F0000]                mov esi, bm_text_unavailable
   833 000009DA BBCC000000                  mov ebx, 204
   834 000009DF B924020000                  mov ecx, 548
   835 000009E4 BA47B3FF00                  mov edx, BM_COLOR_WARNING
   836 000009E9 BD01000000                  mov ebp, 1
   837 000009EE E864020000                  call bm_draw_text
   838 000009F3 C3                          ret
   839                                  
   840                                  boot_manager_draw_diagnostics:
   841 000009F4 B813111000                  mov eax, BM_COLOR_BACKGROUND
   842 000009F9 BB40000000                  mov ebx, 64
   843 000009FE B9F4010000                  mov ecx, 500
   844 00000A03 BAA0020000                  mov edx, 672
   845 00000A08 BE18000000                  mov esi, 24
   846 00000A0D E899000000                  call bm_fill_rectangle
   847 00000A12 BE[D90E0000]                mov esi, bm_text_diagnostics
   848 00000A17 BB40000000                  mov ebx, 64
   849 00000A1C B9F4010000                  mov ecx, 500
   850 00000A21 BACFCFCF00                  mov edx, BM_COLOR_SECONDARY
   851 00000A26 BD01000000                  mov ebp, 1
   852 00000A2B E827020000                  call bm_draw_text
   853 00000A30 C3                          ret
   854                                  
   855                                  boot_manager_draw_recovery_notice:
   856 00000A31 B813111000                  mov eax, BM_COLOR_BACKGROUND
   857 00000A36 BB40000000                  mov ebx, 64
   858 00000A3B B9F4010000                  mov ecx, 500
   859 00000A40 BAA0020000                  mov edx, 672
   860 00000A45 BE18000000                  mov esi, 24
   861 00000A4A E85C000000                  call bm_fill_rectangle
   862 00000A4F BE[0A0F0000]                mov esi, bm_text_recovery
   863 00000A54 BB40000000                  mov ebx, 64
   864 00000A59 B9F4010000                  mov ecx, 500
   865 00000A5E BA47B3FF00                  mov edx, BM_COLOR_WARNING
   866 00000A63 BD01000000                  mov ebp, 1
   867 00000A68 E8EA010000                  call bm_draw_text
   868 00000A6D C3                          ret
   869                                  
   870                                  boot_manager_draw_starting:
   871 00000A6E B8201C1A00                  mov eax, BM_COLOR_PANEL
   872 00000A73 BB40000000                  mov ebx, 64
   873 00000A78 B9C0010000                  mov ecx, 448
   874 00000A7D BAA0020000                  mov edx, 672
   875 00000A82 BE4C000000                  mov esi, 76
   876 00000A87 E81F000000                  call bm_fill_rectangle
   877 00000A8C BE[400F0000]                mov esi, bm_text_starting
   878 00000A91 BB60000000                  mov ebx, 96
   879 00000A96 B9DA010000                  mov ecx, 474
   880 00000A9B BAFFC24C00                  mov edx, BM_COLOR_CYAN
   881 00000AA0 BD02000000                  mov ebp, 2
   882 00000AA5 E8AD010000                  call bm_draw_text
   883 00000AAA C3                          ret
   884                                  
   885                                  ; EAX=Farbe, EBX=x, ECX=y, EDX=Breite, ESI=Höhe
   886                                  bm_fill_rectangle:
   887 00000AAB 60                          pushad
   888 00000AAC A3[E40D0000]                mov [bm_rect_color], eax
   889 00000AB1 891D[E80D0000]              mov [bm_rect_x], ebx
   890 00000AB7 890D[EC0D0000]              mov [bm_rect_y], ecx
   891 00000ABD 8915[F00D0000]              mov [bm_rect_width], edx
   892 00000AC3 8935[F40D0000]              mov [bm_rect_height], esi
   893 00000AC9 31ED                        xor ebp, ebp
   894                                  .row:
   895 00000ACB 3B2D[F40D0000]              cmp ebp, [bm_rect_height]
   896 00000AD1 7330                        jae .done
   897 00000AD3 A1[EC0D0000]                mov eax, [bm_rect_y]
   898 00000AD8 01E8                        add eax, ebp
   899 00000ADA 0FAF055C500000              imul eax, [BOOT_INFO_ADDRESS + BIB_GRAPHICS_OFFSET + 12]
   900 00000AE1 030558500000                add eax, [BOOT_INFO_ADDRESS + BIB_GRAPHICS_OFFSET + 8]
   901 00000AE7 89C7                        mov edi, eax
   902 00000AE9 A1[E80D0000]                mov eax, [bm_rect_x]
   903 00000AEE C1E002                      shl eax, 2
   904 00000AF1 01C7                        add edi, eax
   905 00000AF3 A1[E40D0000]                mov eax, [bm_rect_color]
   906 00000AF8 8B0D[F00D0000]              mov ecx, [bm_rect_width]
   907 00000AFE F3AB                        rep stosd
   908 00000B00 45                          inc ebp
   909 00000B01 EBC8                        jmp .row
   910                                  .done:
   911 00000B03 61                          popad
   912 00000B04 C3                          ret
   913                                  
   914                                  ; Zeichnet das aus der offiziellen SVG erzeugte 2-Bit-AA-Logo rechts oben.
   915                                  bm_draw_nova_logo:
   916 00000B05 60                          pushad
   917 00000B06 A1[040E0000]                mov eax, [bm_text_color]
   918 00000B0B 50                          push eax
   919 00000B0C A1[200E0000]                mov eax, [bm_logo_color]
   920 00000B11 A3[040E0000]                mov [bm_text_color], eax
   921 00000B16 31ED                        xor ebp, ebp
   922                                  .row:
   923 00000B18 81FD96000000                cmp ebp, NOVA_LOGO_HEIGHT
   924 00000B1E 0F83B1000000                jae .restore
   925 00000B24 803D[240E0000]00            cmp byte [bm_logo_compact], 0
   926 00000B2B 740E                        je .row_visible
   927 00000B2D 89E8                        mov eax, ebp
   928 00000B2F 83E003                      and eax, 3
   929 00000B32 83F803                      cmp eax, 3
   930 00000B35 0F8494000000                je .next_row
   931                                  .row_visible:
   932 00000B3B 31C9                        xor ecx, ecx
   933                                  .column:
   934 00000B3D 81F9A0000000                cmp ecx, NOVA_LOGO_WIDTH
   935 00000B43 0F8386000000                jae .next_row
   936 00000B49 803D[240E0000]00            cmp byte [bm_logo_compact], 0
   937 00000B50 740A                        je .column_visible
   938 00000B52 89C8                        mov eax, ecx
   939 00000B54 83E003                      and eax, 3
   940 00000B57 83F803                      cmp eax, 3
   941 00000B5A 746D                        je .next_column
   942                                  .column_visible:
   943 00000B5C 89E8                        mov eax, ebp
   944 00000B5E 6BC028                      imul eax, NOVA_LOGO_ROW_BYTES
   945 00000B61 89CA                        mov edx, ecx
   946 00000B63 C1EA02                      shr edx, 2
   947 00000B66 01D0                        add eax, edx
   948 00000B68 8A80[B01D0000]              mov al, [nova_logo_bitmap + eax]
   949 00000B6E 89CA                        mov edx, ecx
   950 00000B70 83E203                      and edx, 3
   951 00000B73 51                          push ecx
   952 00000B74 88D1                        mov cl, dl
   953 00000B76 D0E1                        shl cl, 1
   954 00000B78 D2E8                        shr al, cl
   955 00000B7A 59                          pop ecx
   956 00000B7B 83E003                      and eax, 3
   957 00000B7E 7449                        jz .next_column
   958 00000B80 50                          push eax
   959 00000B81 89EF                        mov edi, ebp
   960 00000B83 803D[240E0000]00            cmp byte [bm_logo_compact], 0
   961 00000B8A 7407                        je .row_scaled
   962 00000B8C 89EA                        mov edx, ebp
   963 00000B8E C1EA02                      shr edx, 2
   964 00000B91 29D7                        sub edi, edx
   965                                  .row_scaled:
   966 00000B93 033D[1C0E0000]              add edi, [bm_logo_y]
   967 00000B99 0FAF3D5C500000              imul edi, [BOOT_INFO_ADDRESS + BIB_GRAPHICS_OFFSET + 12]
   968 00000BA0 033D58500000                add edi, [BOOT_INFO_ADDRESS + BIB_GRAPHICS_OFFSET + 8]
   969 00000BA6 89CA                        mov edx, ecx
   970 00000BA8 803D[240E0000]00            cmp byte [bm_logo_compact], 0
   971 00000BAF 7407                        je .column_scaled
   972 00000BB1 89CB                        mov ebx, ecx
   973 00000BB3 C1EB02                      shr ebx, 2
   974 00000BB6 29DA                        sub edx, ebx
   975                                  .column_scaled:
   976 00000BB8 0315[180E0000]              add edx, [bm_logo_x]
   977 00000BBE C1E202                      shl edx, 2
   978 00000BC1 01D7                        add edi, edx
   979 00000BC3 58                          pop eax
   980 00000BC4 E870010000                  call bm_blend_pixel
   981                                  .next_column:
   982 00000BC9 41                          inc ecx
   983 00000BCA E96EFFFFFF                  jmp .column
   984                                  .next_row:
   985 00000BCF 45                          inc ebp
   986 00000BD0 E943FFFFFF                  jmp .row
   987                                  .restore:
   988 00000BD5 58                          pop eax
   989 00000BD6 A3[040E0000]                mov [bm_text_color], eax
   990 00000BDB 61                          popad
   991 00000BDC C3                          ret
   992                                  
   993                                  ; Das ;( stammt als 2-Bit-Graustufenmaske exakt aus der UI-Referenz.
   994                                  bm_draw_error_mark:
   995 00000BDD 60                          pushad
   996 00000BDE A1[040E0000]                mov eax, [bm_text_color]
   997 00000BE3 50                          push eax
   998 00000BE4 A1[2D0E0000]                mov eax, [bm_error_mark_color]
   999 00000BE9 A3[040E0000]                mov [bm_text_color], eax
  1000 00000BEE 31ED                        xor ebp, ebp
  1001                                  .row:
  1002 00000BF0 83FD5A                      cmp ebp, NOVA_ERROR_MARK_HEIGHT
  1003 00000BF3 735A                        jae .restore
  1004 00000BF5 31C9                        xor ecx, ecx
  1005                                  .column:
  1006 00000BF7 83F952                      cmp ecx, NOVA_ERROR_MARK_WIDTH
  1007 00000BFA 7350                        jae .next_row
  1008 00000BFC 89E8                        mov eax, ebp
  1009 00000BFE 6BC015                      imul eax, NOVA_ERROR_MARK_ROW_BYTES
  1010 00000C01 89CA                        mov edx, ecx
  1011 00000C03 C1EA02                      shr edx, 2
  1012 00000C06 01D0                        add eax, edx
  1013 00000C08 8A80[20350000]              mov al, [nova_error_mark_bitmap + eax]
  1014 00000C0E 89CA                        mov edx, ecx
  1015 00000C10 83E203                      and edx, 3
  1016 00000C13 51                          push ecx
  1017 00000C14 88D1                        mov cl, dl
  1018 00000C16 D0E1                        shl cl, 1
  1019 00000C18 D2E8                        shr al, cl
  1020 00000C1A 59                          pop ecx
  1021 00000C1B 83E003                      and eax, 3
  1022 00000C1E 7429                        jz .next_column
  1023 00000C20 50                          push eax
  1024 00000C21 89EF                        mov edi, ebp
  1025 00000C23 033D[290E0000]              add edi, [bm_error_mark_y]
  1026 00000C29 0FAF3D5C500000              imul edi, [BOOT_INFO_ADDRESS + BIB_GRAPHICS_OFFSET + 12]
  1027 00000C30 033D58500000                add edi, [BOOT_INFO_ADDRESS + BIB_GRAPHICS_OFFSET + 8]
  1028 00000C36 89CA                        mov edx, ecx
  1029 00000C38 0315[250E0000]              add edx, [bm_error_mark_x]
  1030 00000C3E C1E202                      shl edx, 2
  1031 00000C41 01D7                        add edi, edx
  1032 00000C43 58                          pop eax
  1033 00000C44 E8F0000000                  call bm_blend_pixel
  1034                                  .next_column:
  1035 00000C49 41                          inc ecx
  1036 00000C4A EBAB                        jmp .column
  1037                                  .next_row:
  1038 00000C4C 45                          inc ebp
  1039 00000C4D EBA1                        jmp .row
  1040                                  .restore:
  1041 00000C4F 58                          pop eax
  1042 00000C50 A3[040E0000]                mov [bm_text_color], eax
  1043 00000C55 61                          popad
  1044 00000C56 C3                          ret
  1045                                  
  1046                                  ; ESI=Text, EBX=x, ECX=y, EDX=Farbe, EBP=Skalierung
  1047                                  bm_draw_text:
  1048 00000C57 8935[F80D0000]              mov [bm_text_pointer], esi
  1049 00000C5D 891D[FC0D0000]              mov [bm_text_x], ebx
  1050 00000C63 890D[000E0000]              mov [bm_text_y], ecx
  1051 00000C69 8915[040E0000]              mov [bm_text_color], edx
  1052 00000C6F 892D[080E0000]              mov [bm_text_scale], ebp
  1053                                  .next:
  1054 00000C75 8B35[F80D0000]              mov esi, [bm_text_pointer]
  1055 00000C7B AC                          lodsb
  1056 00000C7C 8935[F80D0000]              mov [bm_text_pointer], esi
  1057 00000C82 84C0                        test al, al
  1058 00000C84 7427                        jz .done
  1059 00000C86 3C20                        cmp al, ' '
  1060 00000C88 741A                        je .space
  1061 00000C8A E81F000000                  call bm_draw_character
  1062                                  .advance:
  1063 00000C8F 0FB605[0C0E0000]            movzx eax, byte [bm_character_advance]
  1064 00000C96 0305[080E0000]              add eax, [bm_text_scale]
  1065 00000C9C 0105[FC0D0000]              add [bm_text_x], eax
  1066 00000CA2 EBD1                        jmp .next
  1067                                  .space:
  1068 00000CA4 C605[0C0E0000]05            mov byte [bm_character_advance], 5
  1069 00000CAB EBE2                        jmp .advance
  1070                                  .done:
  1071 00000CAD C3                          ret
  1072                                  
  1073                                  bm_draw_character:
  1074 00000CAE 60                          pushad
  1075 00000CAF 88C3                        mov bl, al
  1076 00000CB1 BF[4F110000]                mov edi, bm_font_characters
  1077 00000CB6 31C9                        xor ecx, ecx
  1078                                  .find:
  1079 00000CB8 8A040F                      mov al, [edi + ecx]
  1080 00000CBB 84C0                        test al, al
  1081 00000CBD 7478                        jz .done
  1082 00000CBF 38D8                        cmp al, bl
  1083 00000CC1 7403                        je .found
  1084 00000CC3 41                          inc ecx
  1085 00000CC4 EBF2                        jmp .find
  1086                                  .found:
  1087 00000CC6 8A81[7C110000]              mov al, [bm_font_widths + ecx]
  1088 00000CCC A2[0C0E0000]                mov [bm_character_advance], al
  1089 00000CD1 6BC946                      imul ecx, BM_FONT_BYTES_PER_GLYPH
  1090 00000CD4 BE[A8110000]                mov esi, bm_font_bitmap
  1091 00000CD9 01CE                        add esi, ecx
  1092 00000CDB 31ED                        xor ebp, ebp
  1093                                  .glyph_row:
  1094 00000CDD 83FD14                      cmp ebp, BM_FONT_HEIGHT
  1095 00000CE0 7355                        jae .done
  1096 00000CE2 31C9                        xor ecx, ecx
  1097                                  .glyph_column:
  1098 00000CE4 83F90E                      cmp ecx, BM_FONT_WIDTH
  1099 00000CE7 734B                        jae .next_row
  1100 00000CE9 89E8                        mov eax, ebp
  1101 00000CEB 6BC00E                      imul eax, BM_FONT_WIDTH
  1102 00000CEE 01C8                        add eax, ecx
  1103 00000CF0 89C2                        mov edx, eax
  1104 00000CF2 C1E802                      shr eax, 2
  1105 00000CF5 83E203                      and edx, 3
  1106 00000CF8 8A0406                      mov al, [esi + eax]
  1107 00000CFB 51                          push ecx
  1108 00000CFC 88D1                        mov cl, dl
  1109 00000CFE D0E1                        shl cl, 1
  1110 00000D00 D2E8                        shr al, cl
  1111 00000D02 59                          pop ecx
  1112 00000D03 83E003                      and eax, 3
  1113 00000D06 7429                        jz .next_column
  1114                                  
  1115 00000D08 50                          push eax
  1116 00000D09 8B3D[000E0000]              mov edi, [bm_text_y]
  1117 00000D0F 01EF                        add edi, ebp
  1118 00000D11 0FAF3D5C500000              imul edi, [BOOT_INFO_ADDRESS + BIB_GRAPHICS_OFFSET + 12]
  1119 00000D18 033D58500000                add edi, [BOOT_INFO_ADDRESS + BIB_GRAPHICS_OFFSET + 8]
  1120 00000D1E 8B15[FC0D0000]              mov edx, [bm_text_x]
  1121 00000D24 01CA                        add edx, ecx
  1122 00000D26 C1E202                      shl edx, 2
  1123 00000D29 01D7                        add edi, edx
  1124 00000D2B 58                          pop eax
  1125 00000D2C E808000000                  call bm_blend_pixel
  1126                                  .next_column:
  1127 00000D31 41                          inc ecx
  1128 00000D32 EBB0                        jmp .glyph_column
  1129                                  .next_row:
  1130 00000D34 45                          inc ebp
  1131 00000D35 EBA6                        jmp .glyph_row
  1132                                  .done:
  1133 00000D37 61                          popad
  1134 00000D38 C3                          ret
  1135                                  
  1136                                  ; EDI=Framebuffer-Pixel, EAX=Deckung 1..3. Mischt die Textfarbe mit
  1137                                  ; dem vorhandenen Hintergrund, statt nur harte Ein/Aus-Pixel zu setzen.
  1138                                  bm_blend_pixel:
  1139 00000D39 83F803                      cmp eax, 3
  1140 00000D3C 7471                        je .opaque
  1141 00000D3E A3[100E0000]                mov [bm_blend_alpha], eax
  1142 00000D43 60                          pushad
  1143 00000D44 8B1F                        mov ebx, [edi]
  1144 00000D46 8B35[040E0000]              mov esi, [bm_text_color]
  1145                                  
  1146 00000D4C 89D8                        mov eax, ebx
  1147 00000D4E 25FF000000                  and eax, 0xFF
  1148 00000D53 89F2                        mov edx, esi
  1149 00000D55 81E2FF000000                and edx, 0xFF
  1150 00000D5B E857000000                  call bm_blend_channel
  1151 00000D60 A3[140E0000]                mov [bm_blend_result], eax
  1152                                  
  1153 00000D65 89D8                        mov eax, ebx
  1154 00000D67 C1E808                      shr eax, 8
  1155 00000D6A 25FF000000                  and eax, 0xFF
  1156 00000D6F 89F2                        mov edx, esi
  1157 00000D71 C1EA08                      shr edx, 8
  1158 00000D74 81E2FF000000                and edx, 0xFF
  1159 00000D7A E838000000                  call bm_blend_channel
  1160 00000D7F C1E008                      shl eax, 8
  1161 00000D82 0905[140E0000]              or [bm_blend_result], eax
  1162                                  
  1163 00000D88 89D8                        mov eax, ebx
  1164 00000D8A C1E810                      shr eax, 16
  1165 00000D8D 25FF000000                  and eax, 0xFF
  1166 00000D92 89F2                        mov edx, esi
  1167 00000D94 C1EA10                      shr edx, 16
  1168 00000D97 81E2FF000000                and edx, 0xFF
  1169 00000D9D E815000000                  call bm_blend_channel
  1170 00000DA2 C1E010                      shl eax, 16
  1171 00000DA5 0B05[140E0000]              or eax, [bm_blend_result]
  1172 00000DAB 8907                        mov [edi], eax
  1173 00000DAD 61                          popad
  1174 00000DAE C3                          ret
  1175                                  .opaque:
  1176 00000DAF A1[040E0000]                mov eax, [bm_text_color]
  1177 00000DB4 8907                        mov [edi], eax
  1178 00000DB6 C3                          ret
  1179                                  
  1180                                  ; EAX=Hintergrundkanal, EDX=Textkanal. Ergebnis ist eine exakte
  1181                                  ; Annäherung an (dst*(3-a) + src*a) / 3 für a=1 oder a=2.
  1182                                  bm_blend_channel:
  1183 00000DB7 833D[100E0000]01            cmp dword [bm_blend_alpha], 1
  1184 00000DBE 7405                        je .one_third
  1185 00000DC0 8D0450                      lea eax, [eax + edx * 2]
  1186 00000DC3 EB03                        jmp .divide
  1187                                  .one_third:
  1188 00000DC5 8D0442                      lea eax, [edx + eax * 2]
  1189                                  .divide:
  1190 00000DC8 69C0AB000000                imul eax, eax, 171
  1191 00000DCE C1E809                      shr eax, 9
  1192 00000DD1 C3                          ret
  1193                                  
  1194                                  bm_debug_write_string:
  1195 00000DD2 50                          push eax
  1196 00000DD3 52                          push edx
  1197 00000DD4 66BAE900                    mov dx, 0x00E9
  1198                                  .next:
  1199 00000DD8 AC                          lodsb
  1200 00000DD9 84C0                        test al, al
  1201 00000DDB 7403                        jz .done
  1202 00000DDD EE                          out dx, al
  1203 00000DDE EBF8                        jmp .next
  1204                                  .done:
  1205 00000DE0 5A                          pop edx
  1206 00000DE1 58                          pop eax
  1207 00000DE2 C3                          ret
  1208                                  
  1209                                  BM_COLOR_BACKGROUND equ 0x00101113
  1210                                  BM_COLOR_PANEL      equ 0x001A1C20
  1211                                  BM_COLOR_CYAN       equ 0x004CC2FF
  1212                                  BM_COLOR_WHITE      equ 0x00FFFFFF
  1213                                  BM_COLOR_SECONDARY  equ 0x00CFCFCF
  1214                                  BM_COLOR_SUCCESS    equ 0x0030D158
  1215                                  BM_COLOR_WARNING    equ 0x00FFB347
  1216                                  BM_COLOR_BLUE       equ 0x002D7FC1
  1217                                  BM_COLOR_ERROR      equ 0x00B6154B
  1218                                  BM_COLOR_ERROR_TEXT equ 0x00A9A9A9
  1219                                  
  1220 00000DE3 90                      align 4
  1221 00000DE4 00000000                bm_rect_color:   dd 0
  1222 00000DE8 00000000                bm_rect_x:       dd 0
  1223 00000DEC 00000000                bm_rect_y:       dd 0
  1224 00000DF0 00000000                bm_rect_width:   dd 0
  1225 00000DF4 00000000                bm_rect_height:  dd 0
  1226 00000DF8 00000000                bm_text_pointer: dd 0
  1227 00000DFC 00000000                bm_text_x:       dd 0
  1228 00000E00 00000000                bm_text_y:       dd 0
  1229 00000E04 00000000                bm_text_color:   dd 0
  1230 00000E08 01000000                bm_text_scale:   dd 1
  1231 00000E0C 00                      bm_character_advance: db 0
  1232 00000E0D 90<rep 3h>              align 4
  1233 00000E10 00000000                bm_blend_alpha:  dd 0
  1234 00000E14 00000000                bm_blend_result: dd 0
  1235 00000E18 6C020000                bm_logo_x:       dd 620
  1236 00000E1C 16000000                bm_logo_y:       dd 22
  1237 00000E20 FFFFFF00                bm_logo_color:   dd BM_COLOR_WHITE
  1238 00000E24 00                      bm_logo_compact: db 0
  1239 00000E25 3C000000                bm_error_mark_x: dd 60
  1240 00000E29 52000000                bm_error_mark_y: dd 82
  1241 00000E2D FFFFFF00                bm_error_mark_color: dd BM_COLOR_WHITE
  1242 00000E31 00                      bm_selection:    db 0
  1243 00000E32 90<rep 2h>              align 4
  1244                                  
  1245 00000E34 4E4F5641204F5300        bm_text_brand:       db "NOVA OS",0
  1246 00000E3C 424F4F54204D414E41-     bm_text_title:       db "BOOT MANAGER",0
  1246 00000E45 47455200           
  1247 00000E49 4E4F5641204F5300        bm_text_os:          db "NOVA OS",0
  1248 00000E51 5354414E444152444B-     bm_text_kernel:      db "STANDARDKERNEL | NKI V1 | X86-32",0
  1248 00000E5A 45524E454C207C204E-
  1248 00000E63 4B49205631207C2058-
  1248 00000E6C 38362D333200       
  1249 00000E72 535441525442455245-     bm_text_verified:    db "STARTBEREIT",0
  1249 00000E7B 495400             
  1250 00000E7E 534943484552484549-     bm_text_security:    db "SICHERHEIT NOCH NICHT VERIFIZIERT",0
  1250 00000E87 54204E4F4348204E49-
  1250 00000E90 434854205645524946-
  1250 00000E99 495A4945525400     
  1251 00000EA0 454E54455220205359-     bm_text_enter:       db "ENTER  SYSTEM STARTEN",0
  1251 00000EA9 5354454D2053544152-
  1251 00000EB2 54454E00           
  1252 00000EB6 442020444941474E4F-     bm_text_actions:     db "D  DIAGNOSE     R  RECOVERY-STATUS",0
  1252 00000EBF 534520202020205220-
  1252 00000EC8 205245434F56455259-
  1252 00000ED1 2D53544154555300   
  1253 00000ED9 4352433332204F4B20-     bm_text_diagnostics: db "CRC32 OK | NBHP/BIB 1.0 | MEMORY MAP OK | VBE OK",0
  1253 00000EE2 7C204E4248502F4249-
  1253 00000EEB 4220312E30207C204D-
  1253 00000EF4 454D4F5259204D4150-
  1253 00000EFD 204F4B207C20564245-
  1253 00000F06 204F4B00           
  1254 00000F0A 5245434F5645525920-     bm_text_recovery:    db "RECOVERY IST IN DIESEM PROTOTYP NOCH NICHT VERFUEGBAR",0
  1254 00000F13 49535420494E204449-
  1254 00000F1C 4553454D2050524F54-
  1254 00000F25 4F545950204E4F4348-
  1254 00000F2E 204E49434854205645-
  1254 00000F37 524655454742415200 
  1255 00000F40 4E4F5641204F532057-     bm_text_starting:    db "NOVA OS WIRD GESTARTET",0
  1255 00000F49 495244204745535441-
  1255 00000F52 5254455400         
  1256 00000F57 4E4F56414F53205354-     bm_menu_start:       db "NOVAOS STARTEN",0
  1256 00000F60 415254454E00       
  1257 00000F66 4E4F56414F5320494E-     bm_menu_install:     db "NOVAOS INSTALLIEREN",0
  1257 00000F6F 5354414C4C49455245-
  1257 00000F78 4E00               
  1258 00000F7A 45494E5354454C4C55-     bm_menu_settings:    db "EINSTELLUNGEN",0
  1258 00000F83 4E47454E00         
  1259 00000F88 444941474E4F534500      bm_menu_diagnostics: db "DIAGNOSE",0
  1260 00000F91 5245434F56455200        bm_menu_recover:     db "RECOVER",0
  1261 00000F99 415553534348414C54-     bm_menu_poweroff:    db "AUSSCHALTEN",0
  1261 00000FA2 454E00             
  1262 00000FA5 4155535741484C2053-     bm_text_countdown:   db "AUSWAHL STARTET IN 5 SEC.",0
  1262 00000FAE 54415254455420494E-
  1262 00000FB7 2035205345432E00   
  1263 00000FBF 44494553452046554E-     bm_text_unavailable: db "DIESE FUNKTION IST NOCH NICHT VERFUEGBAR",0
  1263 00000FC8 4B54494F4E20495354-
  1263 00000FD1 204E4F4348204E4943-
  1263 00000FDA 485420564552465545-
  1263 00000FE3 4742415200         
  1264 00000FE8 4E4F56414F5300          bm_error_brand:         db "NOVAOS",0
  1265 00000FEF 5354415254204E4943-     bm_error_title:         db "START NICHT MOEGLICH",0
  1265 00000FF8 4854204D4F45474C49-
  1265 00001001 434800             
  1266 00001004 4E4F56414F53204841-     bm_error_explanation_1: db "NOVAOS HAT EINE BESCHAEDIGTE ODER UNVOLLSTAENDIGE DATEI",0
  1266 0000100D 542045494E45204245-
  1266 00001016 534348414544494754-
  1266 0000101F 45204F44455220554E-
  1266 00001028 564F4C4C535441454E-
  1266 00001031 444947452044415445-
  1266 0000103A 4900               
  1267 0000103C 5A5520494852455220-     bm_error_explanation_2: db "ZU IHRER SICHERHEIT WURDE SIE NICHT GESTARTET",0
  1267 00001045 534943484552484549-
  1267 0000104E 542057555244452053-
  1267 00001057 4945204E4943485420-
  1267 00001060 474553544152544554-
  1267 00001069 00                 
  1268 0000106A 00                      bm_error_explanation_3: db 0
  1269 0000106B 424954544520444153-     bm_error_action_1:      db "BITTE DAS INSTALLATIONSMEDIUM NEU ERSTELLEN",0
  1269 00001074 20494E5354414C4C41-
  1269 0000107D 54494F4E534D454449-
  1269 00001086 554D204E4555204552-
  1269 0000108F 5354454C4C454E00   
  1270 00001097 4F44455200              bm_error_action_2:      db "ODER",0
  1271 0000109C 45494E4520414E4445-     bm_error_action_3:      db "EINE ANDERE KOPIE VON NOVAOS VERWENDEN",0
  1271 000010A5 5245204B4F50494520-
  1271 000010AE 564F4E204E4F56414F-
  1271 000010B7 532056455257454E44-
  1271 000010C0 454E00             
  1272 000010C3 4645484C4552434F44-     bm_error_checksum_code: db "FEHLERCODE BOOT-1002 | PRUEFSUMME UNGUELTIG",0
  1272 000010CC 4520424F4F542D3130-
  1272 000010D5 3032207C2050525545-
  1272 000010DE 4653554D4D4520554E-
  1272 000010E7 4755454C54494700   
  1273 000010EF 4645484C4552434F44-     bm_error_header_code:   db "FEHLERCODE BOOT-1001 | DATEIFORMAT UNGUELTIG",0
  1273 000010F8 4520424F4F542D3130-
  1273 00001101 3031207C2044415445-
  1273 0000110A 49464F524D41542055-
  1273 00001113 4E4755454C54494700 
  1274 0000111C 424D3A444941474E4F-     bm_event_diagnostics: db "BM:DIAGNOSTICS",10,0
  1274 00001125 53544943530A00     
  1275 0000112C 424D3A5245434F5645-     bm_event_recovery:    db "BM:RECOVERY-UNAVAILABLE",10,0
  1275 00001135 52592D554E41564149-
  1275 0000113E 4C41424C450A00     
  1276 00001145 424D3A53544152540A-     bm_event_start:       db "BM:START",10,0
  1276 0000114E 00                 
  1277                                  
  1278                                  %include "boot-font-aa.inc"
     1                              <1> ; Generated by scripts/generate-boot-font.ps1
     2                              <1> ; Segoe UI Semibold, 15 px, 2-bit grayscale coverage, four pixels per byte.
     3                              <1> BM_FONT_WIDTH equ 14
     4                              <1> BM_FONT_HEIGHT equ 20
     5                              <1> BM_FONT_BYTES_PER_GLYPH equ 70
     6 0000114F 414243444546474849- <1> bm_font_characters: db "ABCDEFGHIJKLMNOPQRSTUVWXYZ0123456789-./:|;()",0
     6 00001158 4A4B4C4D4E4F505152- <1>
     6 00001161 535455565758595A30- <1>
     6 0000116A 313233343536373839- <1>
     6 00001173 2D2E2F3A7C3B282900  <1>
     7                              <1> bm_font_widths:
     8 0000117C 0C0B0B0C09090C0D06- <1>     db 12,11,11,12,9,9,12,13,6,7,11,9,14,13,13,10,13,11,10,10,12,11,14,11,10,10,10,8,10,10,10,10,10,10,10,10,8,5,8,5,6,5,6,6
     8 00001185 070B090E0D0D0A0D0B- <1>
     8 0000118E 0A0A0C0B0E0B0A0A0A- <1>
     8 00001197 080A0A0A0A0A0A0A0A- <1>
     8 000011A0 0805080506050606    <1>
     9                              <1> bm_font_bitmap:
    10 000011A8 000000000000000000- <1>     db 0x00,0x00,0x00,0x00,0x00,0x00,0x00,0x00,0x00,0x00,0x00,0x00,0x00,0x00,0x00,0x00,0x00,0x00,0xF0,0x00,0x00,0x40,0x1F,0x00,0x00,0xAC,0x03,0x00,0xC0,0x75,0x00,0x00,0x0D,0x0B,0x00,0xF0,0xF0,0x00,0x40,0x07,0x1D,0x00,0xF8,0xFF,0x02,0xC0,0x02,0x38,0x00,0x1D,0x40,0x07,0xE0,0x00,0xB0,0x00,0x00,0x00,0x00,0x00,0x00,0x00,0x00,0x00,0x00,0x00,0x00,0x00,0x00,0x00 ; A
    10 000011B1 000000000000000000- <1>
    10 000011BA F00000401F0000AC03- <1>
    10 000011C3 00C07500000D0B00F0- <1>
    10 000011CC F00040071D00F8FF02- <1>
    10 000011D5 C00238001D4007E000- <1>
    10 000011DE B00000000000000000- <1>
    10 000011E7 00000000000000      <1>
    11 000011EE 000000000000000000- <1>     db 0x00,0x00,0x00,0x00,0x00,0x00,0x00,0x00,0x00,0x00,0x00,0x00,0x00,0x00,0x00,0x00,0x00,0x80,0xFF,0x01,0x00,0x38,0x74,0x00,0x80,0x03,0x0B,0x00,0x38,0xB0,0x00,0x80,0x43,0x03,0x00,0xF8,0x1F,0x00,0x80,0x43,0x0B,0x00,0x38,0xD0,0x01,0x80,0x03,0x0D,0x00,0x38,0xB4,0x00,0x80,0xFF,0x02,0x00,0x00,0x00,0x00,0x00,0x00,0x00,0x00,0x00,0x00,0x00,0x00,0x00,0x00,0x00 ; B
    11 000011F7 000000000000000080- <1>
    11 00001200 FF010038740080030B- <1>
    11 00001209 0038B00080430300F8- <1>
    11 00001212 1F0080430B0038D001- <1>
    11 0000121B 80030D0038B40080FF- <1>
    11 00001224 020000000000000000- <1>
    11 0000122D 00000000000000      <1>
    12 00001234 000000000000000000- <1>     db 0x00,0x00,0x00,0x00,0x00,0x00,0x00,0x00,0x00,0x00,0x00,0x00,0x00,0x00,0x00,0x00,0x00,0x00,0xE4,0x1F,0x00,0xE0,0x41,0x01,0x40,0x03,0x00,0x00,0x2C,0x00,0x00,0xD0,0x01,0x00,0x00,0x1D,0x00,0x00,0xD0,0x01,0x00,0x00,0x2C,0x00,0x00,0x80,0x03,0x00,0x00,0xF0,0x41,0x01,0x00,0xF8,0x1B,0x00,0x00,0x00,0x00,0x00,0x00,0x00,0x00,0x00,0x00,0x00,0x00,0x00,0x00,0x00 ; C
    12 0000123D 000000000000000000- <1>
    12 00001246 E41F00E04101400300- <1>
    12 0000124F 002C0000D00100001D- <1>
    12 00001258 0000D00100002C0000- <1>
    12 00001261 80030000F0410100F8- <1>
    12 0000126A 1B0000000000000000- <1>
    12 00001273 00000000000000      <1>
    13 0000127A 000000000000000000- <1>     db 0x00,0x00,0x00,0x00,0x00,0x00,0x00,0x00,0x00,0x00,0x00,0x00,0x00,0x00,0x00,0x00,0x00,0x80,0xFF,0x06,0x00,0x38,0xD0,0x02,0x80,0x03,0x74,0x00,0x38,0x00,0x0B,0x80,0x03,0xE0,0x00,0x38,0x00,0x0E,0x80,0x03,0xE0,0x00,0x38,0x00,0x0B,0x80,0x03,0x34,0x00,0x38,0xD0,0x01,0x80,0xFF,0x02,0x00,0x00,0x00,0x00,0x00,0x00,0x00,0x00,0x00,0x00,0x00,0x00,0x00,0x00,0x00 ; D
    13 00001283 000000000000000080- <1>
    13 0000128C FF060038D002800374- <1>
    13 00001295 0038000B8003E00038- <1>
    13 0000129E 000E8003E00038000B- <1>
    13 000012A7 8003340038D00180FF- <1>
    13 000012B0 020000000000000000- <1>
    13 000012B9 00000000000000      <1>
    14 000012C0 000000000000000000- <1>     db 0x00,0x00,0x00,0x00,0x00,0x00,0x00,0x00,0x00,0x00,0x00,0x00,0x00,0x00,0x00,0x00,0x00,0x80,0xFF,0x03,0x00,0x38,0x00,0x00,0x80,0x03,0x00,0x00,0x38,0x00,0x00,0x80,0x03,0x00,0x00,0xF8,0x2F,0x00,0x80,0x03,0x00,0x00,0x38,0x00,0x00,0x80,0x03,0x00,0x00,0x38,0x00,0x00,0x80,0xFF,0x07,0x00,0x00,0x00,0x00,0x00,0x00,0x00,0x00,0x00,0x00,0x00,0x00,0x00,0x00,0x00 ; E
    14 000012C9 000000000000000080- <1>
    14 000012D2 FF0300380000800300- <1>
    14 000012DB 0038000080030000F8- <1>
    14 000012E4 2F0080030000380000- <1>
    14 000012ED 8003000038000080FF- <1>
    14 000012F6 070000000000000000- <1>
    14 000012FF 00000000000000      <1>
    15 00001306 000000000000000000- <1>     db 0x00,0x00,0x00,0x00,0x00,0x00,0x00,0x00,0x00,0x00,0x00,0x00,0x00,0x00,0x00,0x00,0x00,0x80,0xFF,0x03,0x00,0x38,0x00,0x00,0x80,0x03,0x00,0x00,0x38,0x00,0x00,0x80,0x03,0x00,0x00,0xF8,0x2F,0x00,0x80,0x03,0x00,0x00,0x38,0x00,0x00,0x80,0x03,0x00,0x00,0x38,0x00,0x00,0x80,0x03,0x00,0x00,0x00,0x00,0x00,0x00,0x00,0x00,0x00,0x00,0x00,0x00,0x00,0x00,0x00,0x00 ; F
    15 0000130F 000000000000000080- <1>
    15 00001318 FF0300380000800300- <1>
    15 00001321 0038000080030000F8- <1>
    15 0000132A 2F0080030000380000- <1>
    15 00001333 800300003800008003- <1>
    15 0000133C 000000000000000000- <1>
    15 00001345 00000000000000      <1>
    16 0000134C 000000000000000000- <1>     db 0x00,0x00,0x00,0x00,0x00,0x00,0x00,0x00,0x00,0x00,0x00,0x00,0x00,0x00,0x00,0x00,0x00,0x00,0xE4,0x2F,0x00,0xE0,0x01,0x06,0x40,0x07,0x00,0x00,0x2C,0x00,0x00,0xD0,0x01,0x00,0x00,0x1D,0xF4,0x07,0xD0,0x01,0x74,0x00,0x1C,0x40,0x07,0x80,0x03,0x74,0x00,0xA0,0x41,0x07,0x00,0xF4,0x6F,0x00,0x00,0x00,0x00,0x00,0x00,0x00,0x00,0x00,0x00,0x00,0x00,0x00,0x00,0x00 ; G
    16 00001355 000000000000000000- <1>
    16 0000135E E42F00E00106400700- <1>
    16 00001367 002C0000D00100001D- <1>
    16 00001370 F407D00174001C4007- <1>
    16 00001379 80037400A0410700F4- <1>
    16 00001382 6F0000000000000000- <1>
    16 0000138B 00000000000000      <1>
    17 00001392 000000000000000000- <1>     db 0x00,0x00,0x00,0x00,0x00,0x00,0x00,0x00,0x00,0x00,0x00,0x00,0x00,0x00,0x00,0x00,0x00,0x80,0x03,0xB0,0x00,0x38,0x00,0x0B,0x80,0x03,0xB0,0x00,0x38,0x00,0x0B,0x80,0x03,0xB0,0x00,0xF8,0xFF,0x0B,0x80,0x03,0xB0,0x00,0x38,0x00,0x0B,0x80,0x03,0xB0,0x00,0x38,0x00,0x0B,0x80,0x03,0xB0,0x00,0x00,0x00,0x00,0x00,0x00,0x00,0x00,0x00,0x00,0x00,0x00,0x00,0x00,0x00 ; H
    17 0000139B 000000000000000080- <1>
    17 000013A4 03B00038000B8003B0- <1>
    17 000013AD 0038000B8003B000F8- <1>
    17 000013B6 FF0B8003B00038000B- <1>
    17 000013BF 8003B00038000B8003- <1>
    17 000013C8 B00000000000000000- <1>
    17 000013D1 00000000000000      <1>
    18 000013D8 000000000000000000- <1>     db 0x00,0x00,0x00,0x00,0x00,0x00,0x00,0x00,0x00,0x00,0x00,0x00,0x00,0x00,0x00,0x00,0x00,0x80,0x03,0x00,0x00,0x38,0x00,0x00,0x80,0x03,0x00,0x00,0x38,0x00,0x00,0x80,0x03,0x00,0x00,0x38,0x00,0x00,0x80,0x03,0x00,0x00,0x38,0x00,0x00,0x80,0x03,0x00,0x00,0x38,0x00,0x00,0x80,0x03,0x00,0x00,0x00,0x00,0x00,0x00,0x00,0x00,0x00,0x00,0x00,0x00,0x00,0x00,0x00,0x00 ; I
    18 000013E1 000000000000000080- <1>
    18 000013EA 030000380000800300- <1>
    18 000013F3 003800008003000038- <1>
    18 000013FC 000080030000380000- <1>
    18 00001405 800300003800008003- <1>
    18 0000140E 000000000000000000- <1>
    18 00001417 00000000000000      <1>
    19 0000141E 000000000000000000- <1>     db 0x00,0x00,0x00,0x00,0x00,0x00,0x00,0x00,0x00,0x00,0x00,0x00,0x00,0x00,0x00,0x00,0x00,0x00,0x2C,0x00,0x00,0xC0,0x02,0x00,0x00,0x2C,0x00,0x00,0xC0,0x02,0x00,0x00,0x2C,0x00,0x00,0xC0,0x02,0x00,0x00,0x2C,0x00,0x00,0xC0,0x02,0x00,0x00,0x1C,0x00,0x00,0xE0,0x00,0x00,0xF0,0x02,0x00,0x00,0x00,0x00,0x00,0x00,0x00,0x00,0x00,0x00,0x00,0x00,0x00,0x00,0x00,0x00 ; J
    19 00001427 000000000000000000- <1>
    19 00001430 2C0000C00200002C00- <1>
    19 00001439 00C00200002C0000C0- <1>
    19 00001442 0200002C0000C00200- <1>
    19 0000144B 001C0000E00000F002- <1>
    19 00001454 000000000000000000- <1>
    19 0000145D 00000000000000      <1>
    20 00001464 000000000000000000- <1>     db 0x00,0x00,0x00,0x00,0x00,0x00,0x00,0x00,0x00,0x00,0x00,0x00,0x00,0x00,0x00,0x00,0x00,0x80,0x03,0x2D,0x00,0x38,0xB0,0x00,0x80,0xC3,0x03,0x00,0x38,0x0E,0x00,0x80,0x77,0x00,0x00,0xF8,0x03,0x00,0x80,0xB7,0x00,0x00,0x38,0x1D,0x00,0x80,0x83,0x07,0x00,0x38,0xF0,0x00,0x80,0x03,0x2D,0x00,0x00,0x00,0x00,0x00,0x00,0x00,0x00,0x00,0x00,0x00,0x00,0x00,0x00,0x00 ; K
    20 0000146D 000000000000000080- <1>
    20 00001476 032D0038B00080C303- <1>
    20 0000147F 00380E0080770000F8- <1>
    20 00001488 030080B70000381D00- <1>
    20 00001491 8083070038F0008003- <1>
    20 0000149A 2D0000000000000000- <1>
    20 000014A3 00000000000000      <1>
    21 000014AA 000000000000000000- <1>     db 0x00,0x00,0x00,0x00,0x00,0x00,0x00,0x00,0x00,0x00,0x00,0x00,0x00,0x00,0x00,0x00,0x00,0x80,0x03,0x00,0x00,0x38,0x00,0x00,0x80,0x03,0x00,0x00,0x38,0x00,0x00,0x80,0x03,0x00,0x00,0x38,0x00,0x00,0x80,0x03,0x00,0x00,0x38,0x00,0x00,0x80,0x03,0x00,0x00,0x38,0x00,0x00,0x80,0xFF,0x07,0x00,0x00,0x00,0x00,0x00,0x00,0x00,0x00,0x00,0x00,0x00,0x00,0x00,0x00,0x00 ; L
    21 000014B3 000000000000000080- <1>
    21 000014BC 030000380000800300- <1>
    21 000014C5 003800008003000038- <1>
    21 000014CE 000080030000380000- <1>
    21 000014D7 8003000038000080FF- <1>
    21 000014E0 070000000000000000- <1>
    21 000014E9 00000000000000      <1>
    22 000014F0 000000000000000000- <1>     db 0x00,0x00,0x00,0x00,0x00,0x00,0x00,0x00,0x00,0x00,0x00,0x00,0x00,0x00,0x00,0x00,0x00,0x80,0x0F,0x00,0x1F,0xF8,0x01,0xF4,0x81,0x2F,0x80,0x1E,0x78,0x03,0xDC,0x81,0x73,0xD0,0x1D,0x38,0x0E,0xDB,0x81,0xD3,0x75,0x1D,0x38,0xAC,0xD3,0x81,0x83,0x1F,0x1D,0x38,0xF0,0xD0,0x81,0x03,0x0B,0x1D,0x00,0x00,0x00,0x00,0x00,0x00,0x00,0x00,0x00,0x00,0x00,0x00,0x00,0x00 ; M
    22 000014F9 000000000000000080- <1>
    22 00001502 0F001FF801F4812F80- <1>
    22 0000150B 1E7803DC8173D01D38- <1>
    22 00001514 0EDB81D3751D38ACD3- <1>
    22 0000151D 81831F1D38F0D08103- <1>
    22 00001526 0B1D00000000000000- <1>
    22 0000152F 00000000000000      <1>
    23 00001536 000000000000000000- <1>     db 0x00,0x00,0x00,0x00,0x00,0x00,0x00,0x00,0x00,0x00,0x00,0x00,0x00,0x00,0x00,0x00,0x00,0x80,0x0B,0xD0,0x01,0xF8,0x01,0x1D,0x80,0x3F,0xD0,0x01,0x78,0x07,0x1D,0x80,0xE3,0xD0,0x01,0x38,0x2C,0x1D,0x80,0x43,0xD7,0x01,0x38,0xE0,0x1D,0x80,0x03,0xFD,0x01,0x38,0x40,0x1F,0x80,0x03,0xF0,0x01,0x00,0x00,0x00,0x00,0x00,0x00,0x00,0x00,0x00,0x00,0x00,0x00,0x00,0x00 ; N
    23 0000153F 000000000000000080- <1>
    23 00001548 0BD001F8011D803FD0- <1>
    23 00001551 0178071D80E3D00138- <1>
    23 0000155A 2C1D8043D70138E01D- <1>
    23 00001563 8003FD0138401F8003- <1>
    23 0000156C F00100000000000000- <1>
    23 00001575 00000000000000      <1>
    24 0000157C 000000000000000000- <1>     db 0x00,0x00,0x00,0x00,0x00,0x00,0x00,0x00,0x00,0x00,0x00,0x00,0x00,0x00,0x00,0x00,0x00,0x00,0xF4,0x0B,0x00,0xA0,0x81,0x07,0x80,0x03,0xE0,0x00,0x2C,0x00,0x1D,0xD0,0x01,0xC0,0x01,0x1D,0x00,0x1C,0xD0,0x01,0xC0,0x01,0x2C,0x00,0x1D,0x80,0x03,0xE0,0x00,0xB0,0x81,0x03,0x00,0xF8,0x0B,0x00,0x00,0x00,0x00,0x00,0x00,0x00,0x00,0x00,0x00,0x00,0x00,0x00,0x00,0x00 ; O
    24 00001585 000000000000000000- <1>
    24 0000158E F40B00A081078003E0- <1>
    24 00001597 002C001DD001C0011D- <1>
    24 000015A0 001CD001C0012C001D- <1>
    24 000015A9 8003E000B0810300F8- <1>
    24 000015B2 0B0000000000000000- <1>
    24 000015BB 00000000000000      <1>
    25 000015C2 000000000000000000- <1>     db 0x00,0x00,0x00,0x00,0x00,0x00,0x00,0x00,0x00,0x00,0x00,0x00,0x00,0x00,0x00,0x00,0x00,0x80,0xFF,0x01,0x00,0x38,0xB4,0x00,0x80,0x03,0x0E,0x00,0x38,0xD0,0x00,0x80,0x03,0x0E,0x00,0x38,0x74,0x00,0x80,0xFF,0x01,0x00,0x38,0x00,0x00,0x80,0x03,0x00,0x00,0x38,0x00,0x00,0x80,0x03,0x00,0x00,0x00,0x00,0x00,0x00,0x00,0x00,0x00,0x00,0x00,0x00,0x00,0x00,0x00,0x00 ; P
    25 000015CB 000000000000000080- <1>
    25 000015D4 FF010038B40080030E- <1>
    25 000015DD 0038D00080030E0038- <1>
    25 000015E6 740080FF0100380000- <1>
    25 000015EF 800300003800008003- <1>
    25 000015F8 000000000000000000- <1>
    25 00001601 00000000000000      <1>
    26 00001608 000000000000000000- <1>     db 0x00,0x00,0x00,0x00,0x00,0x00,0x00,0x00,0x00,0x00,0x00,0x00,0x00,0x00,0x00,0x00,0x00,0x00,0xF4,0x0B,0x00,0xA0,0x81,0x07,0x80,0x03,0xE0,0x00,0x2C,0x00,0x1D,0xD0,0x01,0xC0,0x01,0x1D,0x00,0x1C,0xD0,0x01,0xC0,0x01,0x2C,0x00,0x1D,0x80,0x03,0xE0,0x00,0xB0,0x81,0x03,0x00,0xF8,0x7F,0x00,0x00,0x00,0x2E,0x00,0x00,0x00,0x00,0x00,0x00,0x00,0x00,0x00,0x00,0x00 ; Q
    26 00001611 000000000000000000- <1>
    26 0000161A F40B00A081078003E0- <1>
    26 00001623 002C001DD001C0011D- <1>
    26 0000162C 001CD001C0012C001D- <1>
    26 00001635 8003E000B0810300F8- <1>
    26 0000163E 7F0000002E00000000- <1>
    26 00001647 00000000000000      <1>
    27 0000164E 000000000000000000- <1>     db 0x00,0x00,0x00,0x00,0x00,0x00,0x00,0x00,0x00,0x00,0x00,0x00,0x00,0x00,0x00,0x00,0x00,0x80,0xFF,0x02,0x00,0x38,0xF0,0x00,0x80,0x03,0x1D,0x00,0x38,0xD0,0x00,0x80,0x43,0x0B,0x00,0xF8,0x1F,0x00,0x80,0xC3,0x02,0x00,0x38,0x74,0x00,0x80,0x03,0x0F,0x00,0x38,0xD0,0x02,0x80,0x03,0x3C,0x00,0x00,0x00,0x00,0x00,0x00,0x00,0x00,0x00,0x00,0x00,0x00,0x00,0x00,0x00 ; R
    27 00001657 000000000000000080- <1>
    27 00001660 FF020038F00080031D- <1>
    27 00001669 0038D00080430B00F8- <1>
    27 00001672 1F0080C30200387400- <1>
    27 0000167B 80030F0038D0028003- <1>
    27 00001684 3C0000000000000000- <1>
    27 0000168D 00000000000000      <1>
    28 00001694 000000000000000000- <1>     db 0x00,0x00,0x00,0x00,0x00,0x00,0x00,0x00,0x00,0x00,0x00,0x00,0x00,0x00,0x00,0x00,0x00,0x00,0xFD,0x02,0x00,0x78,0x10,0x00,0xC0,0x01,0x00,0x00,0x2C,0x00,0x00,0x80,0x1B,0x00,0x00,0xD0,0x0B,0x00,0x00,0xE0,0x02,0x00,0x00,0x74,0x00,0x00,0x40,0x07,0x00,0x05,0x38,0x00,0x80,0xBF,0x00,0x00,0x00,0x00,0x00,0x00,0x00,0x00,0x00,0x00,0x00,0x00,0x00,0x00,0x00,0x00 ; S
    28 0000169D 000000000000000000- <1>
    28 000016A6 FD0200781000C00100- <1>
    28 000016AF 002C0000801B0000D0- <1>
    28 000016B8 0B0000E00200007400- <1>
    28 000016C1 0040070005380080BF- <1>
    28 000016CA 000000000000000000- <1>
    28 000016D3 00000000000000      <1>
    29 000016DA 000000000000000000- <1>     db 0x00,0x00,0x00,0x00,0x00,0x00,0x00,0x00,0x00,0x00,0x00,0x00,0x00,0x00,0x00,0x00,0x00,0xE0,0xFF,0x0F,0x00,0x80,0x03,0x00,0x00,0x38,0x00,0x00,0x80,0x03,0x00,0x00,0x38,0x00,0x00,0x80,0x03,0x00,0x00,0x38,0x00,0x00,0x80,0x03,0x00,0x00,0x38,0x00,0x00,0x80,0x03,0x00,0x00,0x38,0x00,0x00,0x00,0x00,0x00,0x00,0x00,0x00,0x00,0x00,0x00,0x00,0x00,0x00,0x00,0x00 ; T
    29 000016E3 0000000000000000E0- <1>
    29 000016EC FF0F00800300003800- <1>
    29 000016F5 008003000038000080- <1>
    29 000016FE 030000380000800300- <1>
    29 00001707 003800008003000038- <1>
    29 00001710 000000000000000000- <1>
    29 00001719 00000000000000      <1>
    30 00001720 000000000000000000- <1>     db 0x00,0x00,0x00,0x00,0x00,0x00,0x00,0x00,0x00,0x00,0x00,0x00,0x00,0x00,0x00,0x00,0x00,0x80,0x03,0x74,0x00,0x38,0x40,0x07,0x80,0x03,0x74,0x00,0x38,0x40,0x07,0x80,0x03,0x74,0x00,0x38,0x40,0x07,0x80,0x03,0x74,0x00,0x38,0x40,0x07,0x40,0x03,0x38,0x00,0xB0,0xD0,0x01,0x00,0xF8,0x07,0x00,0x00,0x00,0x00,0x00,0x00,0x00,0x00,0x00,0x00,0x00,0x00,0x00,0x00,0x00 ; U
    30 00001729 000000000000000080- <1>
    30 00001732 037400384007800374- <1>
    30 0000173B 003840078003740038- <1>
    30 00001744 400780037400384007- <1>
    30 0000174D 40033800B0D00100F8- <1>
    30 00001756 070000000000000000- <1>
    30 0000175F 00000000000000      <1>
    31 00001766 000000000000000000- <1>     db 0x00,0x00,0x00,0x00,0x00,0x00,0x00,0x00,0x00,0x00,0x00,0x00,0x00,0x00,0x00,0x00,0x00,0xE0,0x00,0x74,0x00,0x1D,0x80,0x03,0xC0,0x02,0x2C,0x00,0x38,0xD0,0x01,0x40,0x07,0x0E,0x00,0xB0,0xB0,0x00,0x00,0x4E,0x07,0x00,0xD0,0x39,0x00,0x00,0xEC,0x02,0x00,0x80,0x1F,0x00,0x00,0xF4,0x00,0x00,0x00,0x00,0x00,0x00,0x00,0x00,0x00,0x00,0x00,0x00,0x00,0x00,0x00,0x00 ; V
    31 0000176F 0000000000000000E0- <1>
    31 00001778 0074001D8003C0022C- <1>
    31 00001781 0038D00140070E00B0- <1>
    31 0000178A B000004E0700D03900- <1>
    31 00001793 00EC0200801F0000F4- <1>
    31 0000179C 000000000000000000- <1>
    31 000017A5 00000000000000      <1>
    32 000017AC 000000000000000000- <1>     db 0x00,0x00,0x00,0x00,0x00,0x00,0x00,0x00,0x00,0x00,0x00,0x00,0x00,0x00,0x00,0x00,0x00,0xE0,0x01,0x1D,0xD0,0x1D,0xF0,0x02,0xCE,0x02,0x3F,0xB0,0x3C,0x74,0x43,0x87,0x83,0x72,0x34,0x74,0x1C,0x8B,0x03,0xCB,0xE1,0x2C,0xE0,0x0D,0xDD,0x01,0xAD,0xC0,0x0E,0xD0,0x07,0xFC,0x00,0x7C,0x80,0x0B,0x00,0x00,0x00,0x00,0x00,0x00,0x00,0x00,0x00,0x00,0x00,0x00,0x00,0x00 ; W
    32 000017B5 0000000000000000E0- <1>
    32 000017BE 011DD01DF002CE023F- <1>
    32 000017C7 B03C74438783723474- <1>
    32 000017D0 1C8B03CBE12CE00DDD- <1>
    32 000017D9 01ADC00ED007FC007C- <1>
    32 000017E2 800B00000000000000- <1>
    32 000017EB 00000000000000      <1>
    33 000017F2 000000000000000000- <1>     db 0x00,0x00,0x00,0x00,0x00,0x00,0x00,0x00,0x00,0x00,0x00,0x00,0x00,0x00,0x00,0x00,0x00,0xD0,0x03,0x2C,0x00,0x78,0xE0,0x01,0x00,0x0F,0x0B,0x00,0xD0,0x39,0x00,0x00,0xFC,0x01,0x00,0x40,0x0F,0x00,0x00,0xEC,0x01,0x00,0xE0,0x38,0x00,0x40,0x4B,0x0B,0x00,0x3C,0xE0,0x01,0xD0,0x01,0x3C,0x00,0x00,0x00,0x00,0x00,0x00,0x00,0x00,0x00,0x00,0x00,0x00,0x00,0x00,0x00 ; X
    33 000017FB 0000000000000000D0- <1>
    33 00001804 032C0078E001000F0B- <1>
    33 0000180D 00D0390000FC010040- <1>
    33 00001816 0F0000EC0100E03800- <1>
    33 0000181F 404B0B003CE001D001- <1>
    33 00001828 3C0000000000000000- <1>
    33 00001831 00000000000000      <1>
    34 00001838 000000000000000000- <1>     db 0x00,0x00,0x00,0x00,0x00,0x00,0x00,0x00,0x00,0x00,0x00,0x00,0x00,0x00,0x00,0x00,0x00,0xE0,0x01,0x1D,0x00,0x2D,0xF0,0x00,0x80,0x47,0x07,0x00,0xB4,0x3C,0x00,0x00,0xDE,0x01,0x00,0xD0,0x0F,0x00,0x00,0x78,0x00,0x00,0x40,0x07,0x00,0x00,0x74,0x00,0x00,0x40,0x07,0x00,0x00,0x74,0x00,0x00,0x00,0x00,0x00,0x00,0x00,0x00,0x00,0x00,0x00,0x00,0x00,0x00,0x00,0x00 ; Y
    34 00001841 0000000000000000E0- <1>
    34 0000184A 011D002DF000804707- <1>
    34 00001853 00B43C0000DE0100D0- <1>
    34 0000185C 0F0000780000400700- <1>
    34 00001865 007400004007000074- <1>
    34 0000186E 000000000000000000- <1>
    34 00001877 00000000000000      <1>
    35 0000187E 000000000000000000- <1>     db 0x00,0x00,0x00,0x00,0x00,0x00,0x00,0x00,0x00,0x00,0x00,0x00,0x00,0x00,0x00,0x00,0x00,0xD0,0xFF,0x1F,0x00,0x00,0xF4,0x00,0x00,0xC0,0x07,0x00,0x00,0x2D,0x00,0x00,0xF0,0x00,0x00,0x80,0x07,0x00,0x00,0x2D,0x00,0x00,0xF0,0x01,0x00,0x40,0x0B,0x00,0x00,0x3C,0x00,0x00,0xE0,0xFF,0x1F,0x00,0x00,0x00,0x00,0x00,0x00,0x00,0x00,0x00,0x00,0x00,0x00,0x00,0x00,0x00 ; Z
    35 00001887 0000000000000000D0- <1>
    35 00001890 FF1F0000F40000C007- <1>
    35 00001899 00002D0000F0000080- <1>
    35 000018A2 0700002D0000F00100- <1>
    35 000018AB 400B00003C0000E0FF- <1>
    35 000018B4 1F0000000000000000- <1>
    35 000018BD 00000000000000      <1>
    36 000018C4 000000000000000000- <1>     db 0x00,0x00,0x00,0x00,0x00,0x00,0x00,0x00,0x00,0x00,0x00,0x00,0x00,0x00,0x00,0x00,0x00,0x00,0xBD,0x00,0x00,0x34,0x38,0x00,0xC0,0x42,0x07,0x00,0x1D,0xB0,0x00,0xD0,0x01,0x0B,0x00,0x1D,0xB0,0x00,0xD0,0x01,0x0B,0x00,0x1D,0x70,0x00,0xC0,0x41,0x07,0x00,0x34,0x28,0x00,0x00,0xBD,0x00,0x00,0x00,0x00,0x00,0x00,0x00,0x00,0x00,0x00,0x00,0x00,0x00,0x00,0x00,0x00 ; 0
    36 000018CD 000000000000000000- <1>
    36 000018D6 BD0000343800C04207- <1>
    36 000018DF 001DB000D0010B001D- <1>
    36 000018E8 B000D0010B001D7000- <1>
    36 000018F1 C041070034280000BD- <1>
    36 000018FA 000000000000000000- <1>
    36 00001903 00000000000000      <1>
    37 0000190A 000000000000000000- <1>     db 0x00,0x00,0x00,0x00,0x00,0x00,0x00,0x00,0x00,0x00,0x00,0x00,0x00,0x00,0x00,0x00,0x00,0x00,0x18,0x00,0x00,0xF4,0x01,0x00,0x90,0x1D,0x00,0x00,0xD0,0x01,0x00,0x00,0x1D,0x00,0x00,0xD0,0x01,0x00,0x00,0x1D,0x00,0x00,0xD0,0x01,0x00,0x00,0x1D,0x00,0x00,0xD0,0x01,0x00,0x00,0x1D,0x00,0x00,0x00,0x00,0x00,0x00,0x00,0x00,0x00,0x00,0x00,0x00,0x00,0x00,0x00,0x00 ; 1
    37 00001913 000000000000000000- <1>
    37 0000191C 180000F40100901D00- <1>
    37 00001925 00D00100001D0000D0- <1>
    37 0000192E 0100001D0000D00100- <1>
    37 00001937 001D0000D00100001D- <1>
    37 00001940 000000000000000000- <1>
    37 00001949 00000000000000      <1>
    38 00001950 000000000000000000- <1>     db 0x00,0x00,0x00,0x00,0x00,0x00,0x00,0x00,0x00,0x00,0x00,0x00,0x00,0x00,0x00,0x00,0x00,0x40,0xBE,0x00,0x00,0x1C,0x2D,0x00,0x40,0x80,0x03,0x00,0x00,0x34,0x00,0x00,0xC0,0x03,0x00,0x00,0x1E,0x00,0x00,0xB8,0x00,0x00,0xE0,0x02,0x00,0x40,0x07,0x00,0x00,0x2C,0x00,0x00,0xD0,0xFF,0x07,0x00,0x00,0x00,0x00,0x00,0x00,0x00,0x00,0x00,0x00,0x00,0x00,0x00,0x00,0x00 ; 2
    38 00001959 000000000000000040- <1>
    38 00001962 BE00001C2D00408003- <1>
    38 0000196B 0000340000C0030000- <1>
    38 00001974 1E0000B80000E00200- <1>
    38 0000197D 400700002C0000D0FF- <1>
    38 00001986 070000000000000000- <1>
    38 0000198F 00000000000000      <1>
    39 00001996 000000000000000000- <1>     db 0x00,0x00,0x00,0x00,0x00,0x00,0x00,0x00,0x00,0x00,0x00,0x00,0x00,0x00,0x00,0x00,0x00,0x40,0xBE,0x00,0x00,0x18,0x2D,0x00,0x00,0x80,0x02,0x00,0x00,0x2C,0x00,0x00,0xD0,0x01,0x00,0xF0,0x07,0x00,0x00,0xD0,0x02,0x00,0x00,0x34,0x00,0x00,0x40,0x03,0x00,0x08,0x2D,0x00,0x80,0x7F,0x00,0x00,0x00,0x00,0x00,0x00,0x00,0x00,0x00,0x00,0x00,0x00,0x00,0x00,0x00,0x00 ; 3
    39 0000199F 000000000000000040- <1>
    39 000019A8 BE0000182D00008002- <1>
    39 000019B1 00002C0000D00100F0- <1>
    39 000019BA 070000D00200003400- <1>
    39 000019C3 00400300082D00807F- <1>
    39 000019CC 000000000000000000- <1>
    39 000019D5 00000000000000      <1>
    40 000019DC 000000000000000000- <1>     db 0x00,0x00,0x00,0x00,0x00,0x00,0x00,0x00,0x00,0x00,0x00,0x00,0x00,0x00,0x00,0x00,0x00,0x00,0xC0,0x02,0x00,0x00,0x2E,0x00,0x00,0xF4,0x02,0x00,0xC0,0x2D,0x00,0x00,0xCE,0x02,0x00,0x34,0x2C,0x00,0xC0,0xC1,0x02,0x00,0xFE,0xFF,0x01,0x00,0xC0,0x02,0x00,0x00,0x2C,0x00,0x00,0xC0,0x02,0x00,0x00,0x00,0x00,0x00,0x00,0x00,0x00,0x00,0x00,0x00,0x00,0x00,0x00,0x00 ; 4
    40 000019E5 000000000000000000- <1>
    40 000019EE C00200002E0000F402- <1>
    40 000019F7 00C02D0000CE020034- <1>
    40 00001A00 2C00C0C10200FEFF01- <1>
    40 00001A09 00C00200002C0000C0- <1>
    40 00001A12 020000000000000000- <1>
    40 00001A1B 00000000000000      <1>
    41 00001A22 000000000000000000- <1>     db 0x00,0x00,0x00,0x00,0x00,0x00,0x00,0x00,0x00,0x00,0x00,0x00,0x00,0x00,0x00,0x00,0x00,0x40,0xFF,0x02,0x00,0x34,0x00,0x00,0x40,0x03,0x00,0x00,0x34,0x00,0x00,0x80,0xBF,0x00,0x00,0x00,0x2D,0x00,0x00,0x40,0x07,0x00,0x00,0x74,0x00,0x00,0x40,0x03,0x00,0x08,0x2D,0x00,0x80,0x7F,0x00,0x00,0x00,0x00,0x00,0x00,0x00,0x00,0x00,0x00,0x00,0x00,0x00,0x00,0x00,0x00 ; 5
    41 00001A2B 000000000000000040- <1>
    41 00001A34 FF0200340000400300- <1>
    41 00001A3D 0034000080BF000000- <1>
    41 00001A46 2D0000400700007400- <1>
    41 00001A4F 00400300082D00807F- <1>
    41 00001A58 000000000000000000- <1>
    41 00001A61 00000000000000      <1>
    42 00001A68 000000000000000000- <1>     db 0x00,0x00,0x00,0x00,0x00,0x00,0x00,0x00,0x00,0x00,0x00,0x00,0x00,0x00,0x00,0x00,0x00,0x00,0xF8,0x03,0x00,0xA0,0x10,0x00,0x40,0x03,0x00,0x00,0x2C,0x00,0x00,0xC0,0xF9,0x01,0x00,0x7D,0x74,0x00,0xD0,0x01,0x0B,0x00,0x1C,0xB0,0x00,0xC0,0x02,0x0B,0x00,0x74,0x78,0x00,0x00,0xBD,0x01,0x00,0x00,0x00,0x00,0x00,0x00,0x00,0x00,0x00,0x00,0x00,0x00,0x00,0x00,0x00 ; 6
    42 00001A71 000000000000000000- <1>
    42 00001A7A F80300A01000400300- <1>
    42 00001A83 002C0000C0F901007D- <1>
    42 00001A8C 7400D0010B001CB000- <1>
    42 00001A95 C0020B0074780000BD- <1>
    42 00001A9E 010000000000000000- <1>
    42 00001AA7 00000000000000      <1>
    43 00001AAE 000000000000000000- <1>     db 0x00,0x00,0x00,0x00,0x00,0x00,0x00,0x00,0x00,0x00,0x00,0x00,0x00,0x00,0x00,0x00,0x00,0xD0,0xFF,0x07,0x00,0x00,0x38,0x00,0x00,0xD0,0x01,0x00,0x00,0x0E,0x00,0x00,0xB0,0x00,0x00,0x40,0x07,0x00,0x00,0x38,0x00,0x00,0xC0,0x02,0x00,0x00,0x1D,0x00,0x00,0xE0,0x00,0x00,0x00,0x0F,0x00,0x00,0x00,0x00,0x00,0x00,0x00,0x00,0x00,0x00,0x00,0x00,0x00,0x00,0x00,0x00 ; 7
    43 00001AB7 0000000000000000D0- <1>
    43 00001AC0 FF070000380000D001- <1>
    43 00001AC9 00000E0000B0000040- <1>
    43 00001AD2 070000380000C00200- <1>
    43 00001ADB 001D0000E00000000F- <1>
    43 00001AE4 000000000000000000- <1>
    43 00001AED 00000000000000      <1>
    44 00001AF4 000000000000000000- <1>     db 0x00,0x00,0x00,0x00,0x00,0x00,0x00,0x00,0x00,0x00,0x00,0x00,0x00,0x00,0x00,0x00,0x00,0x00,0xBE,0x01,0x00,0x38,0x38,0x00,0xC0,0x42,0x07,0x00,0x34,0x38,0x00,0x00,0xFE,0x00,0x00,0x38,0x38,0x00,0xC0,0x01,0x07,0x00,0x1D,0xB0,0x00,0xC0,0x01,0x07,0x00,0x38,0x38,0x00,0x00,0xBE,0x01,0x00,0x00,0x00,0x00,0x00,0x00,0x00,0x00,0x00,0x00,0x00,0x00,0x00,0x00,0x00 ; 8
    44 00001AFD 000000000000000000- <1>
    44 00001B06 BE0100383800C04207- <1>
    44 00001B0F 0034380000FE000038- <1>
    44 00001B18 3800C00107001DB000- <1>
    44 00001B21 C001070038380000BE- <1>
    44 00001B2A 010000000000000000- <1>
    44 00001B33 00000000000000      <1>
    45 00001B3A 000000000000000000- <1>     db 0x00,0x00,0x00,0x00,0x00,0x00,0x00,0x00,0x00,0x00,0x00,0x00,0x00,0x00,0x00,0x00,0x00,0x00,0xBE,0x00,0x00,0x38,0x28,0x00,0xC0,0x41,0x07,0x00,0x1D,0x74,0x00,0xD0,0x41,0x07,0x00,0x3C,0x78,0x00,0x00,0x7E,0x07,0x00,0x00,0x74,0x00,0x00,0x40,0x03,0x00,0x04,0x1D,0x00,0x40,0x6F,0x00,0x00,0x00,0x00,0x00,0x00,0x00,0x00,0x00,0x00,0x00,0x00,0x00,0x00,0x00,0x00 ; 9
    45 00001B43 000000000000000000- <1>
    45 00001B4C BE0000382800C04107- <1>
    45 00001B55 001D7400D04107003C- <1>
    45 00001B5E 7800007E0700007400- <1>
    45 00001B67 00400300041D00406F- <1>
    45 00001B70 000000000000000000- <1>
    45 00001B79 00000000000000      <1>
    46 00001B80 000000000000000000- <1>     db 0x00,0x00,0x00,0x00,0x00,0x00,0x00,0x00,0x00,0x00,0x00,0x00,0x00,0x00,0x00,0x00,0x00,0x00,0x00,0x00,0x00,0x00,0x00,0x00,0x00,0x00,0x00,0x00,0x00,0x00,0x00,0x00,0x00,0x00,0x00,0x00,0x00,0x00,0xC0,0x3F,0x00,0x00,0x00,0x00,0x00,0x00,0x00,0x00,0x00,0x00,0x00,0x00,0x00,0x00,0x00,0x00,0x00,0x00,0x00,0x00,0x00,0x00,0x00,0x00,0x00,0x00,0x00,0x00,0x00,0x00 ; -
    46 00001B89 000000000000000000- <1>
    46 00001B92 000000000000000000- <1>
    46 00001B9B 000000000000000000- <1>
    46 00001BA4 0000C03F0000000000- <1>
    46 00001BAD 000000000000000000- <1>
    46 00001BB6 000000000000000000- <1>
    46 00001BBF 00000000000000      <1>
    47 00001BC6 000000000000000000- <1>     db 0x00,0x00,0x00,0x00,0x00,0x00,0x00,0x00,0x00,0x00,0x00,0x00,0x00,0x00,0x00,0x00,0x00,0x00,0x00,0x00,0x00,0x00,0x00,0x00,0x00,0x00,0x00,0x00,0x00,0x00,0x00,0x00,0x00,0x00,0x00,0x00,0x00,0x00,0x00,0x00,0x00,0x00,0x00,0x00,0x00,0x00,0x00,0x00,0x00,0x2C,0x00,0x00,0xC0,0x02,0x00,0x00,0x00,0x00,0x00,0x00,0x00,0x00,0x00,0x00,0x00,0x00,0x00,0x00,0x00,0x00 ; .
    47 00001BCF 000000000000000000- <1>
    47 00001BD8 000000000000000000- <1>
    47 00001BE1 000000000000000000- <1>
    47 00001BEA 000000000000000000- <1>
    47 00001BF3 000000002C0000C002- <1>
    47 00001BFC 000000000000000000- <1>
    47 00001C05 00000000000000      <1>
    48 00001C0C 000000000000000000- <1>     db 0x00,0x00,0x00,0x00,0x00,0x00,0x00,0x00,0x00,0x00,0x00,0x00,0x00,0x00,0x00,0x00,0x00,0x00,0xD0,0x00,0x00,0x00,0x0A,0x00,0x00,0x70,0x00,0x00,0x40,0x03,0x00,0x00,0x2C,0x00,0x00,0xD0,0x00,0x00,0x00,0x0E,0x00,0x00,0x70,0x00,0x00,0x40,0x03,0x00,0x00,0x2C,0x00,0x00,0xD0,0x01,0x00,0x00,0x0E,0x00,0x00,0x70,0x00,0x00,0x00,0x00,0x00,0x00,0x00,0x00,0x00,0x00 ; /
    48 00001C15 000000000000000000- <1>
    48 00001C1E D00000000A00007000- <1>
    48 00001C27 00400300002C0000D0- <1>
    48 00001C30 0000000E0000700000- <1>
    48 00001C39 400300002C0000D001- <1>
    48 00001C42 00000E000070000000- <1>
    48 00001C4B 00000000000000      <1>
    49 00001C52 000000000000000000- <1>     db 0x00,0x00,0x00,0x00,0x00,0x00,0x00,0x00,0x00,0x00,0x00,0x00,0x00,0x00,0x00,0x00,0x00,0x00,0x00,0x00,0x00,0x00,0x00,0x00,0x00,0x00,0x00,0x00,0x2C,0x00,0x00,0xC0,0x02,0x00,0x00,0x00,0x00,0x00,0x00,0x00,0x00,0x00,0x00,0x00,0x00,0x00,0x00,0x00,0x00,0x2C,0x00,0x00,0xC0,0x02,0x00,0x00,0x00,0x00,0x00,0x00,0x00,0x00,0x00,0x00,0x00,0x00,0x00,0x00,0x00,0x00 ; :
    49 00001C5B 000000000000000000- <1>
    49 00001C64 000000000000000000- <1>
    49 00001C6D 002C0000C002000000- <1>
    49 00001C76 000000000000000000- <1>
    49 00001C7F 000000002C0000C002- <1>
    49 00001C88 000000000000000000- <1>
    49 00001C91 00000000000000      <1>
    50 00001C98 000000000000000000- <1>     db 0x00,0x00,0x00,0x00,0x00,0x00,0x00,0x00,0x00,0x00,0x00,0x00,0x00,0x00,0x00,0x00,0x00,0x80,0x02,0x00,0x00,0x28,0x00,0x00,0x80,0x02,0x00,0x00,0x28,0x00,0x00,0x80,0x02,0x00,0x00,0x28,0x00,0x00,0x80,0x02,0x00,0x00,0x28,0x00,0x00,0x80,0x02,0x00,0x00,0x28,0x00,0x00,0x80,0x02,0x00,0x00,0x28,0x00,0x00,0x80,0x02,0x00,0x00,0x28,0x00,0x00,0x00,0x00,0x00,0x00 ; |
    50 00001CA1 000000000000000080- <1>
    50 00001CAA 020000280000800200- <1>
    50 00001CB3 002800008002000028- <1>
    50 00001CBC 000080020000280000- <1>
    50 00001CC5 800200002800008002- <1>
    50 00001CCE 000028000080020000- <1>
    50 00001CD7 28000000000000      <1>
    51 00001CDE 000000000000000000- <1>     db 0x00,0x00,0x00,0x00,0x00,0x00,0x00,0x00,0x00,0x00,0x00,0x00,0x00,0x00,0x00,0x00,0x00,0x00,0x00,0x00,0x00,0x00,0x00,0x00,0x00,0x00,0x00,0x00,0x2C,0x00,0x00,0xC0,0x02,0x00,0x00,0x00,0x00,0x00,0x00,0x00,0x00,0x00,0x00,0x00,0x00,0x00,0x00,0x00,0x00,0x2C,0x00,0x00,0xC0,0x01,0x00,0x00,0x0D,0x00,0x00,0x90,0x00,0x00,0x00,0x00,0x00,0x00,0x00,0x00,0x00,0x00 ; ;
    51 00001CE7 000000000000000000- <1>
    51 00001CF0 000000000000000000- <1>
    51 00001CF9 002C0000C002000000- <1>
    51 00001D02 000000000000000000- <1>
    51 00001D0B 000000002C0000C001- <1>
    51 00001D14 00000D000090000000- <1>
    51 00001D1D 00000000000000      <1>
    52 00001D24 000000000000000000- <1>     db 0x00,0x00,0x00,0x00,0x00,0x00,0x00,0x00,0x00,0x00,0x00,0x00,0x00,0x00,0x00,0x00,0x00,0x00,0x1C,0x00,0x00,0xE0,0x00,0x00,0x00,0x07,0x00,0x00,0x34,0x00,0x00,0x80,0x02,0x00,0x00,0x1C,0x00,0x00,0xC0,0x01,0x00,0x00,0x1C,0x00,0x00,0x80,0x02,0x00,0x00,0x34,0x00,0x00,0x00,0x07,0x00,0x00,0xE0,0x00,0x00,0x00,0x1C,0x00,0x00,0x00,0x00,0x00,0x00,0x00,0x00,0x00 ; (
    52 00001D2D 000000000000000000- <1>
    52 00001D36 1C0000E00000000700- <1>
    52 00001D3F 00340000800200001C- <1>
    52 00001D48 0000C00100001C0000- <1>
    52 00001D51 800200003400000007- <1>
    52 00001D5A 0000E00000001C0000- <1>
    52 00001D63 00000000000000      <1>
    53 00001D6A 000000000000000000- <1>     db 0x00,0x00,0x00,0x00,0x00,0x00,0x00,0x00,0x00,0x00,0x00,0x00,0x00,0x00,0x00,0x00,0x00,0xD0,0x00,0x00,0x00,0x28,0x00,0x00,0x40,0x03,0x00,0x00,0x70,0x00,0x00,0x00,0x0A,0x00,0x00,0xD0,0x00,0x00,0x00,0x0D,0x00,0x00,0xD0,0x00,0x00,0x00,0x0A,0x00,0x00,0x70,0x00,0x00,0x40,0x03,0x00,0x00,0x28,0x00,0x00,0xD0,0x00,0x00,0x00,0x00,0x00,0x00,0x00,0x00,0x00,0x00 ; )
    53 00001D73 0000000000000000D0- <1>
    53 00001D7C 000000280000400300- <1>
    53 00001D85 00700000000A0000D0- <1>
    53 00001D8E 0000000D0000D00000- <1>
    53 00001D97 000A00007000004003- <1>
    53 00001DA0 0000280000D0000000- <1>
    53 00001DA9 00000000000000      <1>
  1279                                  %include "nova-art.inc"
     1                              <1> ; Generated by scripts/generate-boot-art.ps1 from the checked-in UI sources.
     2                              <1> NOVA_LOGO_WIDTH equ 160
     3                              <1> NOVA_LOGO_HEIGHT equ 150
     4                              <1> NOVA_LOGO_ROW_BYTES equ 40
     5                              <1> NOVA_ERROR_MARK_WIDTH equ 82
     6                              <1> NOVA_ERROR_MARK_HEIGHT equ 90
     7                              <1> NOVA_ERROR_MARK_ROW_BYTES equ 21
     8                              <1> nova_logo_bitmap:
     9 00001DB0 000000000000000000- <1>     db 0x00,0x00,0x00,0x00,0x00,0x00,0x00,0x00,0x00,0x00,0x00,0x00,0x00,0x00,0x00,0x00,0x00,0x00,0x00,0x00,0x00,0x00,0x00,0x00
     9 00001DB9 000000000000000000- <1>
     9 00001DC2 000000000000        <1>
    10 00001DC8 00000090BE01000000- <1>     db 0x00,0x00,0x00,0x90,0xBE,0x01,0x00,0x00,0x00,0x00,0x00,0x00,0x00,0x00,0x00,0x00,0x00,0x00,0x00,0x00,0x00,0x00,0x00,0x00
    10 00001DD1 000000000000000000- <1>
    10 00001DDA 000000000000        <1>
    11 00001DE0 000000000000000000- <1>     db 0x00,0x00,0x00,0x00,0x00,0x00,0x00,0x00,0x00,0x00,0x00,0x00,0x00,0x00,0x00,0x00,0x00,0x00,0x00,0xFE,0xFF,0x0B,0x00,0x00
    11 00001DE9 000000000000000000- <1>
    11 00001DF2 00FEFF0B0000        <1>
    12 00001DF8 000000000000000000- <1>     db 0x00,0x00,0x00,0x00,0x00,0x00,0x00,0x00,0x00,0x00,0x00,0x00,0x00,0x00,0x00,0x00,0x00,0x00,0x00,0x00,0x00,0x00,0x00,0x00
    12 00001E01 000000000000000000- <1>
    12 00001E0A 000000000000        <1>
    13 00001E10 000000000000000000- <1>     db 0x00,0x00,0x00,0x00,0x00,0x00,0x00,0x00,0x00,0x00,0xE0,0x6F,0x91,0x0F,0x00,0x00,0x00,0x00,0x00,0x00,0x00,0x00,0x00,0x00
    13 00001E19 00E06F910F00000000- <1>
    13 00001E22 000000000000        <1>
    14 00001E28 000000000000000000- <1>     db 0x00,0x00,0x00,0x00,0x00,0x00,0x00,0x00,0x00,0x00,0x00,0x00,0x00,0x00,0x00,0x00,0x00,0x00,0x00,0x00,0x00,0x00,0x00,0x00
    14 00001E31 000000000000000000- <1>
    14 00001E3A 000000000000        <1>
    15 00001E40 0000FE02001E000000- <1>     db 0x00,0x00,0xFE,0x02,0x00,0x1E,0x00,0x00,0x00,0x00,0x00,0x00,0x00,0x00,0x00,0x00,0x00,0x00,0x00,0x00,0x00,0x00,0x00,0x00
    15 00001E49 000000000000000000- <1>
    15 00001E52 000000000000        <1>
    16 00001E58 000000000000000000- <1>     db 0x00,0x00,0x00,0x00,0x00,0x00,0x00,0x00,0x00,0x00,0x00,0x00,0x00,0x00,0x00,0x00,0x00,0xD0,0x2F,0x00,0x00,0x2D,0x00,0x00
    16 00001E61 0000000000000000D0- <1>
    16 00001E6A 2F00002D0000        <1>
    17 00001E70 000000000000000000- <1>     db 0x00,0x00,0x00,0x00,0x00,0x00,0x00,0x00,0x00,0x00,0x00,0x00,0x00,0x00,0x00,0x00,0x00,0x00,0x00,0x00,0x00,0x00,0x00,0x00
    17 00001E79 000000000000000000- <1>
    17 00001E82 000000000000        <1>
    18 00001E88 000000000000000000- <1>     db 0x00,0x00,0x00,0x00,0x00,0x00,0x00,0x00,0x00,0xF4,0x07,0x00,0x00,0x2C,0x00,0x00,0x00,0x00,0x00,0x00,0x00,0x00,0x00,0x00
    18 00001E91 F40700002C00000000- <1>
    18 00001E9A 000000000000        <1>
    19 00001EA0 000000000000000000- <1>     db 0x00,0x00,0x00,0x00,0x00,0x00,0x00,0x00,0x00,0x00,0x00,0x00,0x00,0x00,0x00,0x00,0x00,0x00,0x00,0x00,0x00,0x00,0x00,0x00
    19 00001EA9 000000000000000000- <1>
    19 00001EB2 000000000000        <1>
    20 00001EB8 00FE0000002C000000- <1>     db 0x00,0xFE,0x00,0x00,0x00,0x2C,0x00,0x00,0x00,0x00,0x00,0x00,0x00,0x00,0x00,0x00,0x00,0x00,0x00,0x00,0x00,0x00,0x00,0x00
    20 00001EC1 000000000000000000- <1>
    20 00001ECA 000000000000        <1>
    21 00001ED0 000000000000000000- <1>     db 0x00,0x00,0x00,0x00,0x00,0x00,0x00,0x00,0x00,0x00,0x00,0x00,0x00,0x00,0x00,0x00,0xC0,0x2F,0x01,0x00,0x00,0x38,0x00,0x00
    21 00001ED9 00000000000000C02F- <1>
    21 00001EE2 010000380000        <1>
    22 00001EE8 000000000000000000- <1>     db 0x00,0x00,0x00,0x00,0x00,0x00,0x00,0x00,0x00,0x00,0x00,0x00,0x00,0x00,0x00,0x00,0x00,0x00,0x00,0x00,0x00,0x00,0x00,0x00
    22 00001EF1 000000000000000000- <1>
    22 00001EFA 000000000000        <1>
    23 00001F00 0000000000000000F4- <1>     db 0x00,0x00,0x00,0x00,0x00,0x00,0x00,0x00,0xF4,0x4B,0x00,0x00,0x00,0x38,0x00,0x00,0x00,0x00,0x00,0x00,0x00,0x00,0x00,0x00
    23 00001F09 4B0000003800000000- <1>
    23 00001F12 000000000000        <1>
    24 00001F18 000000000000000000- <1>     db 0x00,0x00,0x00,0x00,0x00,0x00,0x00,0x00,0x00,0x00,0x00,0x00,0x00,0x00,0x00,0x00,0x00,0x00,0x00,0x00,0x00,0x00,0x00,0x00
    24 00001F21 000000000000000000- <1>
    24 00001F2A 000000000000        <1>
    25 00001F30 FD2100000038000000- <1>     db 0xFD,0x21,0x00,0x00,0x00,0x38,0x00,0x00,0x00,0x00,0x00,0x00,0x00,0x00,0x00,0x00,0x00,0x00,0x00,0x00,0x00,0x00,0x00,0x00
    25 00001F39 000000000000000000- <1>
    25 00001F42 000000000000        <1>
    26 00001F48 000000000000000000- <1>     db 0x00,0x00,0x00,0x00,0x00,0x00,0x00,0x00,0x00,0x00,0x00,0x00,0x00,0x00,0x00,0x40,0x7F,0x08,0x00,0x00,0x00,0x28,0x00,0x00
    26 00001F51 000000000000407F08- <1>
    26 00001F5A 000000280000        <1>
    27 00001F60 000000000000000000- <1>     db 0x00,0x00,0x00,0x00,0x00,0x00,0x00,0x00,0x00,0x00,0x00,0x00,0x00,0x00,0x00,0x00,0x00,0x00,0x00,0x00,0x00,0x00,0x00,0x00
    27 00001F69 000000000000000000- <1>
    27 00001F72 000000000000        <1>
    28 00001F78 00000000000000E01F- <1>     db 0x00,0x00,0x00,0x00,0x00,0x00,0x00,0xE0,0x1F,0x02,0x00,0x00,0x50,0x28,0x00,0x00,0x00,0x00,0x00,0x00,0x00,0x00,0x00,0x00
    28 00001F81 020000502800000000- <1>
    28 00001F8A 000000000000        <1>
    29 00001F90 000000000000000000- <1>     db 0x00,0x00,0x00,0x00,0x00,0x00,0x00,0x00,0x00,0x00,0x00,0x00,0x00,0x00,0x00,0x00,0x00,0x00,0x00,0x00,0x00,0x00,0x00,0xF8
    29 00001F99 000000000000000000- <1>
    29 00001FA2 0000000000F8        <1>
    30 00001FA8 870000002028000000- <1>     db 0x87,0x00,0x00,0x00,0x20,0x28,0x00,0x00,0x00,0x00,0x00,0x00,0x00,0x00,0x00,0x00,0x00,0x00,0x00,0x00,0x00,0x00,0x00,0x00
    30 00001FB1 000000000000000000- <1>
    30 00001FBA 000000000000        <1>
    31 00001FC0 000000000000000000- <1>     db 0x00,0x00,0x00,0x00,0x00,0x00,0x00,0x00,0x00,0x00,0x00,0x00,0x00,0x00,0x00,0xFE,0x61,0x01,0x00,0x00,0x14,0x28,0x00,0x00
    31 00001FC9 000000000000FE6101- <1>
    31 00001FD2 000014280000        <1>
    32 00001FD8 000000000000000000- <1>     db 0x00,0x00,0x00,0x00,0x00,0x00,0x00,0x00,0x00,0x00,0x00,0x00,0x00,0x00,0x00,0x00,0x00,0x00,0x00,0x00,0x00,0x00,0x00,0x00
    32 00001FE1 000000000000000000- <1>
    32 00001FEA 000000000000        <1>
    33 00001FF0 00000000000080BF68- <1>     db 0x00,0x00,0x00,0x00,0x00,0x00,0x80,0xBF,0x68,0x00,0x00,0x00,0x18,0x28,0x00,0x00,0x00,0x00,0x00,0x00,0x00,0x00,0x00,0x00
    33 00001FF9 000000182800000000- <1>
    33 00002002 000000000000        <1>
    34 00002008 000000000000000000- <1>     db 0x00,0x00,0x00,0x00,0x00,0x00,0x00,0x00,0x00,0x00,0x00,0x00,0x00,0x00,0x00,0x00,0x00,0x00,0x00,0x00,0x00,0x00,0xE0,0x2F
    34 00002011 000000000000000000- <1>
    34 0000201A 00000000E02F        <1>
    35 00002020 1E0000002E18000000- <1>     db 0x1E,0x00,0x00,0x00,0x2E,0x18,0x00,0x00,0x00,0x00,0x00,0x00,0x00,0x00,0x00,0x00,0x00,0x00,0x00,0x00,0x00,0x00,0x00,0x00
    35 00002029 000000000000000000- <1>
    35 00002032 000000000000        <1>
    36 00002038 000000000000000000- <1>     db 0x00,0x00,0x00,0x00,0x00,0x00,0x00,0x00,0x00,0x00,0x00,0x00,0x00,0x00,0xF8,0x4F,0x03,0x00,0x00,0x00,0x58,0x1C,0x00,0x00
    36 00002041 0000000000F84F0300- <1>
    36 0000204A 0000581C0000        <1>
    37 00002050 000000000000000000- <1>     db 0x00,0x00,0x00,0x00,0x00,0x00,0x00,0x00,0x00,0x00,0x00,0x00,0x00,0x00,0x00,0x00,0x00,0x00,0x00,0x00,0x00,0x00,0x00,0x00
    37 00002059 000000000000000000- <1>
    37 00002062 000000000000        <1>
    38 00002068 000000000000FD9300- <1>     db 0x00,0x00,0x00,0x00,0x00,0x00,0xFD,0x93,0x00,0x00,0x00,0x00,0x2D,0x1C,0x00,0x00,0x00,0x00,0x00,0x00,0x00,0x00,0x00,0x00
    38 00002071 0000002D1C00000000- <1>
    38 0000207A 000000000000        <1>
    39 00002080 000000000000000000- <1>     db 0x00,0x00,0x00,0x00,0x00,0x00,0x00,0x00,0x00,0x00,0x00,0x00,0x00,0x00,0x00,0x00,0x00,0x00,0x00,0x00,0x00,0x40,0xFF,0x31
    39 00002089 000000000000000000- <1>
    39 00002092 00000040FF31        <1>
    40 00002098 000000000F0C000000- <1>     db 0x00,0x00,0x00,0x00,0x0F,0x0C,0x00,0x00,0x00,0x00,0x00,0x00,0x00,0x00,0x00,0x00,0x00,0x00,0x00,0x00,0x00,0x00,0x00,0x00
    40 000020A1 000000000000000000- <1>
    40 000020AA 000000000000        <1>
    41 000020B0 000000000000000000- <1>     db 0x00,0x00,0x00,0x00,0x00,0x00,0x00,0x00,0x00,0x00,0x00,0x00,0x00,0xD0,0x7F,0x18,0x05,0x00,0x00,0x80,0x07,0x0D,0x00,0x00
    41 000020B9 00000000D07F180500- <1>
    41 000020C2 0080070D0000        <1>
    42 000020C8 000000000000000000- <1>     db 0x00,0x00,0x00,0x00,0x00,0x00,0x00,0x00,0x00,0x00,0x00,0x00,0x00,0x00,0x00,0x00,0x00,0x00,0x00,0x00,0x00,0x00,0x00,0x00
    42 000020D1 000000000000000000- <1>
    42 000020DA 000000000000        <1>
    43 000020E0 0000000000F02F9900- <1>     db 0x00,0x00,0x00,0x00,0x00,0xF0,0x2F,0x99,0x00,0x00,0x00,0xF0,0x17,0x09,0x00,0x00,0x00,0x00,0x00,0x00,0x00,0x00,0x00,0x00
    43 000020E9 0000F0170900000000- <1>
    43 000020F2 000000000000        <1>
    44 000020F8 000000000000000000- <1>     db 0x00,0x00,0x00,0x00,0x00,0x00,0x00,0x00,0x00,0x00,0x00,0x00,0x00,0x00,0x00,0x00,0x00,0x00,0x00,0x00,0x00,0xF8,0x4A,0x1A
    44 00002101 000000000000000000- <1>
    44 0000210A 000000F84A1A        <1>
    45 00002110 000000E80F09000000- <1>     db 0x00,0x00,0x00,0xE8,0x0F,0x09,0x00,0x00,0x00,0x00,0x00,0x00,0x00,0x00,0x00,0x00,0x00,0x00,0x00,0x00,0x00,0x00,0x00,0x00
    45 00002119 000000000000000000- <1>
    45 00002122 000000000000        <1>
    46 00002128 000000000000000000- <1>     db 0x00,0x00,0x00,0x00,0x00,0x00,0x00,0x00,0x00,0x00,0x00,0x00,0x00,0xFE,0x81,0x07,0x00,0x00,0x00,0xD0,0x07,0x06,0x00,0x00
    46 00002131 00000000FE81070000- <1>
    46 0000213A 00D007060000        <1>
    47 00002140 000000000000000000- <1>     db 0x00,0x00,0x00,0x00,0x00,0x00,0x00,0x00,0x00,0x00,0x00,0x00,0x00,0x00,0x00,0x00,0x00,0x00,0x00,0x00,0x00,0x00,0x00,0x00
    47 00002149 000000000000000000- <1>
    47 00002152 000000000000        <1>
    48 00002158 00000000407FD00100- <1>     db 0x00,0x00,0x00,0x00,0x40,0x7F,0xD0,0x01,0x00,0x00,0x00,0xF4,0x02,0x06,0x00,0x00,0x00,0x00,0x00,0x00,0x00,0x00,0x00,0x00
    48 00002161 0000F4020600000000- <1>
    48 0000216A 000000000000        <1>
    49 00002170 000000000000000000- <1>     db 0x00,0x00,0x00,0x00,0x00,0x00,0x00,0x00,0x00,0x00,0x00,0x00,0x00,0x00,0x00,0x00,0x00,0x00,0x00,0x00,0xC4,0x1F,0x70,0x10
    49 00002179 000000000000000000- <1>
    49 00002182 0000C41F7010        <1>
    50 00002188 000000BC0403000000- <1>     db 0x00,0x00,0x00,0xBC,0x04,0x03,0x00,0x00,0x00,0x00,0x00,0x00,0x00,0x00,0x00,0x00,0x00,0x00,0x00,0x00,0x00,0x00,0x00,0x00
    50 00002191 000000000000000000- <1>
    50 0000219A 000000000000        <1>
    51 000021A0 000000000000000000- <1>     db 0x00,0x00,0x00,0x00,0x00,0x00,0x00,0x00,0x00,0x00,0x00,0x00,0xE2,0x0B,0x68,0x0A,0x00,0x00,0x00,0xBE,0x0B,0x03,0x00,0x00
    51 000021A9 000000E20B680A0000- <1>
    51 000021B2 00BE0B030000        <1>
    52 000021B8 000000000000000400- <1>     db 0x00,0x00,0x00,0x00,0x00,0x00,0x00,0x04,0x00,0x00,0x00,0x00,0x00,0x00,0x00,0x00,0x00,0x00,0x00,0x00,0x00,0x00,0x00,0x00
    52 000021C1 000000000000000000- <1>
    52 000021CA 000000000000        <1>
    53 000021D0 00000080F503FC0100- <1>     db 0x00,0x00,0x00,0x80,0xF5,0x03,0xFC,0x01,0x00,0x00,0x40,0xFE,0x42,0x02,0x00,0x00,0x00,0x00,0x00,0x00,0x00,0x00,0x00,0x07
    53 000021D9 0040FE420200000000- <1>
    53 000021E2 000000000007        <1>
    54 000021E8 000000000000000000- <1>     db 0x00,0x00,0x00,0x00,0x00,0x00,0x00,0x00,0x00,0x00,0x00,0x00,0x00,0x00,0x00,0x00,0x00,0x00,0x00,0xA0,0xFD,0x01,0x7E,0x00
    54 000021F1 000000000000000000- <1>
    54 000021FA 00A0FD017E00        <1>
    55 00002200 000000BF4001000000- <1>     db 0x00,0x00,0x00,0xBF,0x40,0x01,0x00,0x00,0x00,0x00,0x00,0x18,0x00,0x00,0x40,0x01,0x00,0x00,0x00,0x00,0x00,0x00,0x00,0x00
    55 00002209 000018000040010000- <1>
    55 00002212 000000000000        <1>
    56 00002218 000000000000000000- <1>     db 0x00,0x00,0x00,0x00,0x00,0x00,0x00,0x00,0x00,0x00,0x00,0x38,0xBF,0x40,0x1F,0x00,0x00,0x00,0x80,0x1F,0x80,0x01,0x00,0x00
    56 00002221 000038BF401F000000- <1>
    56 0000222A 801F80010000        <1>
    57 00002230 0000000E0000000000- <1>     db 0x00,0x00,0x00,0x0E,0x00,0x00,0x00,0x00,0x00,0x00,0x00,0x00,0x00,0x00,0x00,0x00,0x00,0x00,0x00,0x00,0x00,0x00,0x00,0x00
    57 00002239 000000000000000000- <1>
    57 00002242 000000000000        <1>
    58 00002248 0000009E3F801B0000- <1>     db 0x00,0x00,0x00,0x9E,0x3F,0x80,0x1B,0x00,0x00,0x00,0xE0,0x07,0x80,0x00,0x00,0x00,0x00,0x00,0x40,0x07,0x00,0x00,0x00,0x00
    58 00002251 00E007800000000000- <1>
    58 0000225A 400700000000        <1>
    59 00002260 000000000000000000- <1>     db 0x00,0x00,0x00,0x00,0x00,0x00,0x00,0x00,0x00,0x00,0x00,0x00,0x00,0x00,0x00,0x00,0x00,0x00,0x80,0xCB,0x2F,0x90,0xA6,0x00
    59 00002269 000000000000000000- <1>
    59 00002272 80CB2F90A600        <1>
    60 00002278 0000FC4B8000000000- <1>     db 0x00,0x00,0xFC,0x4B,0x80,0x00,0x00,0x00,0x00,0x00,0x80,0x01,0x00,0x00,0x00,0x00,0x00,0x00,0x00,0x00,0x00,0x00,0x00,0x00
    60 00002281 008001000000000000- <1>
    60 0000228A 000000000000        <1>
    61 00002290 000000000000000000- <1>     db 0x00,0x00,0x00,0x00,0x00,0x00,0x00,0x00,0x00,0x00,0xD0,0xE6,0x07,0xD0,0x1F,0x00,0x00,0x40,0xFF,0x67,0x90,0x00,0x00,0x00
    61 00002299 00D0E607D01F000040- <1>
    61 000022A2 FF6790000000        <1>
    62 000022A8 000000000000000000- <1>     db 0x00,0x00,0x00,0x00,0x00,0x00,0x00,0x00,0x00,0x00,0x00,0x00,0x00,0x00,0x00,0x00,0x00,0x00,0x00,0x00,0x00,0x00,0x00,0x00
    62 000022B1 000000000000000000- <1>
    62 000022BA 000000000000        <1>
    63 000022C0 0000F4F102F0030000- <1>     db 0x00,0x00,0xF4,0xF1,0x02,0xF0,0x03,0x00,0x00,0x00,0xF8,0x1F,0x50,0x00,0x00,0x00,0x00,0x00,0x00,0x00,0x00,0x00,0x00,0x00
    63 000022C9 00F81F500000000000- <1>
    63 000022D2 000000000000        <1>
    64 000022D8 000000000000000000- <1>     db 0x00,0x00,0x00,0x00,0x00,0x00,0x00,0x00,0x00,0x00,0x00,0x00,0x00,0x00,0x00,0x00,0x00,0x00,0xBD,0xF4,0x01,0xA8,0x06,0x00
    64 000022E1 000000000000000000- <1>
    64 000022EA BDF401A80600        <1>
    65 000022F0 0000FD022000000000- <1>     db 0x00,0x00,0xFD,0x02,0x20,0x00,0x00,0x00,0x00,0x00,0x00,0x00,0x00,0x00,0x00,0x00,0x00,0x00,0x00,0x00,0x00,0x00,0x00,0x00
    65 000022F9 000000000000000000- <1>
    65 00002302 000000000000        <1>
    66 00002308 000000000000000000- <1>     db 0x00,0x00,0x00,0x00,0x00,0x00,0x00,0x00,0x00,0x00,0x3F,0xBD,0x00,0xE9,0x50,0x00,0x00,0x40,0xBF,0x06,0x30,0x00,0x00,0x00
    66 00002311 003FBD00E950000040- <1>
    66 0000231A BF0630000000        <1>
    67 00002320 000000000000000000- <1>     db 0x00,0x00,0x00,0x00,0x00,0x00,0x00,0x00,0x00,0x00,0x00,0x00,0x00,0x00,0x00,0x00,0x00,0x00,0x00,0x00,0x00,0x00,0x00,0x00
    67 00002329 000000000000000000- <1>
    67 00002332 000000000000        <1>
    68 00002338 00801F7F00B51F0000- <1>     db 0x00,0x80,0x1F,0x7F,0x00,0xB5,0x1F,0x00,0x00,0xC0,0xFF,0x01,0x24,0x00,0x00,0x00,0x00,0x00,0x00,0x00,0x00,0x00,0x00,0x00
    68 00002341 C0FF01240000000000- <1>
    68 0000234A 000000000000        <1>
    69 00002350 000000000000000000- <1>     db 0x00,0x00,0x00,0x00,0x00,0x00,0x00,0x00,0x00,0x00,0x00,0x00,0x00,0x00,0x00,0x00,0x00,0xE0,0x4B,0x3F,0x00,0xFC,0x02,0x00
    69 00002359 0000000000000000E0- <1>
    69 00002362 4B3F00FC0200        <1>
    70 00002368 00F47F002400000000- <1>     db 0x00,0xF4,0x7F,0x00,0x24,0x00,0x00,0x00,0x00,0x00,0x00,0x00,0x00,0x00,0x00,0x00,0x00,0x00,0x00,0x00,0x00,0x00,0x00,0x00
    70 00002371 000000000000000000- <1>
    70 0000237A 000000000000        <1>
    71 00002380 000000000000000000- <1>     db 0x00,0x00,0x00,0x00,0x00,0x00,0x00,0x00,0x00,0xF8,0x87,0x1F,0x00,0x7A,0x00,0x00,0x00,0xFD,0x0B,0x00,0x24,0x00,0x00,0x00
    71 00002389 F8871F007A000000FD- <1>
    71 00002392 0B0024000000        <1>
    72 00002398 000000004002000000- <1>     db 0x00,0x00,0x00,0x00,0x40,0x02,0x00,0x00,0x00,0x00,0x00,0x00,0x00,0x00,0x00,0x00,0x00,0x00,0x00,0x00,0x00,0x00,0x00,0x00
    72 000023A1 000000000000000000- <1>
    72 000023AA 000000000000        <1>
    73 000023B0 00FDC20F4059000000- <1>     db 0x00,0xFD,0xC2,0x0F,0x40,0x59,0x00,0x00,0x00,0xF9,0x1B,0x01,0x18,0x00,0x00,0x00,0x00,0x00,0x00,0x00,0xD0,0x01,0x00,0x00
    73 000023B9 F91B01180000000000- <1>
    73 000023C2 0000D0010000        <1>
    74 000023C8 000000000000000000- <1>     db 0x00,0x00,0x00,0x00,0x00,0x00,0x00,0x00,0x00,0x00,0x00,0x00,0x00,0x00,0x00,0x00,0x80,0x7F,0xD1,0x07,0x00,0x2D,0x00,0x00
    74 000023D1 00000000000000807F- <1>
    74 000023DA D107002D0000        <1>
    75 000023E0 00F89F010C00000000- <1>     db 0x00,0xF8,0x9F,0x01,0x0C,0x00,0x00,0x00,0x00,0x00,0x01,0x00,0x10,0x00,0x00,0x00,0x00,0x00,0x00,0x00,0x00,0x00,0x00,0x00
    75 000023E9 000100100000000000- <1>
    75 000023F2 000000000000        <1>
    76 000023F8 0000000000000000E0- <1>     db 0x00,0x00,0x00,0x00,0x00,0x00,0x00,0x00,0xE0,0x1F,0xE0,0x03,0x00,0x5B,0x00,0x00,0x00,0xFE,0x7F,0x00,0x0D,0x00,0x20,0x00
    76 00002401 1FE003005B000000FE- <1>
    76 0000240A 7F000D002000        <1>
    77 00002410 00D001000000000000- <1>     db 0x00,0xD0,0x01,0x00,0x00,0x00,0x00,0x00,0x00,0x00,0x00,0x00,0x00,0x00,0x00,0x00,0x00,0x00,0x00,0x00,0x00,0x00,0x00,0x00
    77 00002419 000000000000000000- <1>
    77 00002422 000000000000        <1>
    78 00002428 F90BF003401B000080- <1>     db 0xF9,0x0B,0xF0,0x03,0x40,0x1B,0x00,0x00,0x80,0xFF,0x0F,0x00,0x0A,0x00,0x28,0x00,0x00,0xF8,0x00,0x00,0x00,0x00,0x00,0x00
    78 00002431 FF0F000A00280000F8- <1>
    78 0000243A 000000000000        <1>
    79 00002440 000000000000000000- <1>     db 0x00,0x00,0x00,0x00,0x00,0x00,0x00,0x00,0x00,0x00,0x00,0x00,0x00,0x00,0x00,0x80,0xFF,0x02,0xB8,0x02,0xC0,0x01,0x00,0x00
    79 00002449 00000000000080FF02- <1>
    79 00002452 B802C0010000        <1>
    80 00002458 E0FF024007000D0040- <1>     db 0xE0,0xFF,0x02,0x40,0x07,0x00,0x0D,0x00,0x40,0xBF,0x00,0x00,0x00,0x00,0x00,0x00,0x00,0x00,0x00,0x00,0x00,0x00,0x00,0x00
    80 00002461 BF0000000000000000- <1>
    80 0000246A 000000000000        <1>
    81 00002470 00000000000000F4BF- <1>     db 0x00,0x00,0x00,0x00,0x00,0x00,0x00,0xF4,0xBF,0x04,0x78,0x02,0x50,0x05,0x00,0x00,0xF8,0x7F,0x00,0x40,0x03,0x00,0x00,0x00
    81 00002479 04780250050000F87F- <1>
    81 00002482 004003000000        <1>
    82 00002488 E07F00000000000000- <1>     db 0xE0,0x7F,0x00,0x00,0x00,0x00,0x00,0x00,0x00,0x00,0x00,0x00,0x00,0x00,0x00,0x00,0x00,0x00,0x00,0x00,0x00,0x00,0x00,0xFE
    82 00002491 000000000000000000- <1>
    82 0000249A 0000000000FE        <1>
    83 000024A0 6F067501000B0000F5- <1>     db 0x6F,0x06,0x75,0x01,0x00,0x0B,0x00,0x00,0xF5,0xFF,0x15,0xC0,0x02,0x00,0x00,0x00,0xF4,0x3F,0x00,0x00,0x00,0x00,0x00,0x00
    83 000024A9 FF15C002000000F43F- <1>
    83 000024B2 000000000000        <1>
    84 000024B8 000000000000000000- <1>     db 0x00,0x00,0x00,0x00,0x00,0x00,0x00,0x00,0x00,0x00,0x00,0x00,0x00,0x00,0xD0,0xFF,0xAB,0x00,0x68,0x01,0x80,0x01,0x00,0x00
    84 000024C1 0000000000D0FFAB00- <1>
    84 000024CA 680180010000        <1>
    85 000024D0 F9FF0BD001000000F8- <1>     db 0xF9,0xFF,0x0B,0xD0,0x01,0x00,0x00,0x00,0xF8,0x1F,0x00,0x00,0x00,0x00,0x00,0x00,0x00,0x00,0x00,0x00,0x00,0x00,0x00,0x00
    85 000024D9 1F0000000000000000- <1>
    85 000024E2 000000000000        <1>
    86 000024E8 000000000000F8FF2F- <1>     db 0x00,0x00,0x00,0x00,0x00,0x00,0xF8,0xFF,0x2F,0x00,0x58,0x00,0x80,0x00,0x00,0x00,0xF4,0xFF,0x01,0xF0,0x00,0x00,0x00,0x00
    86 000024F1 00580080000000F4FF- <1>
    86 000024FA 01F000000000        <1>
    87 00002500 FC0F00000000000000- <1>     db 0xFC,0x0F,0x00,0x00,0x00,0x00,0x00,0x00,0x00,0x00,0x00,0x00,0x00,0x00,0x00,0x00,0x00,0x00,0x00,0x00,0x00,0x00,0xFE,0xFF
    87 00002509 000000000000000000- <1>
    87 00002512 00000000FEFF        <1>
    88 00002518 0B00080010000000FE- <1>     db 0x0B,0x00,0x08,0x00,0x10,0x00,0x00,0x00,0xFE,0x2F,0x00,0xB4,0x00,0x00,0x00,0x00,0xFD,0x06,0x00,0x00,0x00,0x00,0x00,0x00
    88 00002521 2F00B400000000FD06- <1>
    88 0000252A 000000000000        <1>
    89 00002530 000000000000000000- <1>     db 0x00,0x00,0x00,0x00,0x00,0x00,0x00,0x00,0x00,0x00,0x00,0x00,0x00,0xD0,0xFF,0xF6,0x02,0x00,0x08,0x00,0x00,0x00,0x00,0xE4
    89 00002539 00000000D0FFF60200- <1>
    89 00002542 0800000000E4        <1>
    90 00002548 FF02003C00000000BF- <1>     db 0xFF,0x02,0x00,0x3C,0x00,0x00,0x00,0x00,0xBF,0x00,0x00,0x00,0x00,0x00,0x00,0x00,0x00,0x00,0x00,0x00,0x00,0x00,0x00,0x00
    90 00002551 000000000000000000- <1>
    90 0000255A 000000000000        <1>
    91 00002560 0000000000F86FBD00- <1>     db 0x00,0x00,0x00,0x00,0x00,0xF8,0x6F,0xBD,0x00,0x00,0x04,0x00,0x00,0x00,0x40,0xFA,0x2F,0x00,0x00,0x2D,0x00,0x00,0x00,0x40
    91 00002569 000400000040FA2F00- <1>
    91 00002572 002D00000040        <1>
    92 00002578 1B0000000800000000- <1>     db 0x1B,0x00,0x00,0x00,0x08,0x00,0x00,0x00,0x00,0x00,0x00,0x00,0x00,0x00,0x00,0x00,0x00,0x00,0x00,0x00,0x00,0xFE,0x4B,0x5E
    92 00002581 000000000000000000- <1>
    92 0000258A 000000FE4B5E        <1>
    93 00002590 1900000000000090FF- <1>     db 0x19,0x00,0x00,0x00,0x00,0x00,0x00,0x90,0xFF,0x16,0x00,0x1F,0x00,0x00,0x00,0x80,0x01,0x00,0x00,0x00,0x02,0x00,0x00,0x00
    93 00002599 16001F000000800100- <1>
    93 000025A2 000002000000        <1>
    94 000025A8 000000000000000000- <1>     db 0x00,0x00,0x00,0x00,0x00,0x00,0x00,0x00,0x00,0x00,0x00,0x00,0xD0,0xBF,0x41,0xAB,0x07,0x00,0x00,0x00,0x00,0x00,0x00,0xE8
    94 000025B1 000000D0BF41AB0700- <1>
    94 000025BA 0000000000E8        <1>
    95 000025C0 FF1B800B0000000000- <1>     db 0xFF,0x1B,0x80,0x0B,0x00,0x00,0x00,0x00,0x00,0x00,0x00,0x00,0x00,0x00,0x00,0x50,0x00,0x00,0x00,0x00,0x00,0x00,0x00,0x00
    95 000025C9 000000000000500000- <1>
    95 000025D2 000000000000        <1>
    96 000025D8 00000000F45F908100- <1>     db 0x00,0x00,0x00,0x00,0xF4,0x5F,0x90,0x81,0x00,0x00,0x00,0x00,0x00,0x00,0x00,0x80,0x7F,0x00,0xD0,0x07,0x00,0x00,0x00,0x00
    96 000025E1 000000000000807F00- <1>
    96 000025EA D00700000000        <1>
    97 000025F0 000000000000402E00- <1>     db 0x00,0x00,0x00,0x00,0x00,0x00,0x40,0x2E,0x00,0x00,0x00,0x00,0x00,0x00,0x00,0x00,0x00,0x00,0x00,0x00,0xFD,0x02,0x04,0x10
    97 000025F9 000000000000000000- <1>
    97 00002602 0000FD020410        <1>
    98 00002608 00000000000040EA7F- <1>     db 0x00,0x00,0x00,0x00,0x00,0x00,0x40,0xEA,0x7F,0x00,0xE0,0x01,0x00,0x00,0x00,0x00,0x00,0x00,0x00,0x00,0x00,0x00,0xE0,0x0B
    98 00002611 00E001000000000000- <1>
    98 0000261A 00000000E00B        <1>
    99 00002620 000000000000000000- <1>     db 0x00,0x00,0x00,0x00,0x00,0x00,0x00,0x00,0x00,0x00,0x00,0x80,0x7F,0x00,0x00,0x00,0x00,0x00,0x00,0x00,0x00,0x00,0x00,0xE5
    99 00002629 0000807F0000000000- <1>
    99 00002632 0000000000E5        <1>
   100 00002638 0B00F4000004000000- <1>     db 0x0B,0x00,0xF4,0x00,0x00,0x04,0x00,0x00,0x00,0x00,0x00,0x00,0x00,0x00,0xFC,0x02,0x00,0x00,0x00,0x00,0x00,0x00,0x00,0x00
   100 00002641 0000000000FC020000- <1>
   100 0000264A 000000000000        <1>
   101 00002650 000000E00F00000000- <1>     db 0x00,0x00,0x00,0xE0,0x0F,0x00,0x00,0x00,0x00,0x00,0x00,0x00,0x00,0x00,0x00,0xE8,0x6F,0x00,0x78,0x00,0x00,0x0A,0x00,0x00
   101 00002659 000000000000E86F00- <1>
   101 00002662 7800000A0000        <1>
   102 00002668 0000000000006F0000- <1>     db 0x00,0x00,0x00,0x00,0x00,0x00,0x6F,0x00,0x00,0x00,0x00,0x00,0x00,0x00,0x00,0x00,0x00,0x00,0x00,0xF8,0x02,0x00,0x00,0x00
   102 00002671 000000000000000000- <1>
   102 0000267A 00F802000000        <1>
   103 00002680 00000000000040A0AA- <1>     db 0x00,0x00,0x00,0x00,0x00,0x00,0x40,0xA0,0xAA,0x01,0x3A,0x00,0xD0,0x07,0x00,0x00,0x00,0x00,0x00,0x00,0x00,0x40,0x01,0x00
   103 00002689 013A00D00700000000- <1>
   103 00002692 000000400100        <1>
   104 00002698 000000000000000000- <1>     db 0x00,0x00,0x00,0x00,0x00,0x00,0x00,0x00,0x00,0x00,0x00,0x7E,0x00,0x00,0x00,0x00,0x00,0x00,0x00,0x00,0x00,0x00,0x40,0xA5
   104 000026A1 00007E000000000000- <1>
   104 000026AA 0000000040A5        <1>
   105 000026B0 00401C00E003000100- <1>     db 0x00,0x40,0x1C,0x00,0xE0,0x03,0x00,0x01,0x00,0x00,0x00,0x00,0x00,0x00,0x00,0x00,0x00,0x00,0x00,0x00,0x00,0x00,0x00,0x00
   105 000026B9 000000000000000000- <1>
   105 000026C2 000000000000        <1>
   106 000026C8 0000802F0000000000- <1>     db 0x00,0x00,0x80,0x2F,0x00,0x00,0x00,0x00,0x00,0x00,0x00,0x00,0x00,0x00,0x00,0x96,0x02,0x00,0x0B,0x00,0xF0,0x02,0x40,0x02
   106 000026D1 000000000000960200- <1>
   106 000026DA 0B00F0024002        <1>
   107 000026E0 000000000000000000- <1>     db 0x00,0x00,0x00,0x00,0x00,0x00,0x00,0x00,0x00,0x00,0x00,0x00,0x00,0x00,0x00,0x00,0x00,0x00,0xE0,0x07,0x00,0x00,0x00,0x00
   107 000026E9 000000000000000000- <1>
   107 000026F2 E00700000000        <1>
   108 000026F8 000000000000000900- <1>     db 0x00,0x00,0x00,0x00,0x00,0x00,0x00,0x09,0x00,0x40,0x02,0x00,0x74,0x00,0x00,0x00,0x00,0x10,0x00,0x00,0x00,0x00,0x00,0x00
   108 00002701 400200740000000010- <1>
   108 0000270A 000000000000        <1>
   109 00002710 000000000000000000- <1>     db 0x00,0x00,0x00,0x00,0x00,0x00,0x00,0x00,0x00,0x00,0xF8,0x01,0x00,0x00,0x00,0x00,0x00,0x00,0x00,0x00,0x00,0x00,0x00,0x2D
   109 00002719 00F801000000000000- <1>
   109 00002722 00000000002D        <1>
   110 00002728 004000000400000000- <1>     db 0x00,0x40,0x00,0x00,0x04,0x00,0x00,0x00,0x00,0x1E,0x00,0x00,0x00,0x00,0x00,0x00,0x00,0x00,0x00,0x00,0x00,0x00,0x00,0x00
   110 00002731 1E0000000000000000- <1>
   110 0000273A 000000000000        <1>
   111 00002740 0000BD000000000000- <1>     db 0x00,0x00,0xBD,0x00,0x00,0x00,0x00,0x00,0x00,0x00,0x00,0x00,0x00,0x00,0x00,0x74,0x00,0x00,0x00,0x00,0x00,0x00,0x00,0x00
   111 00002749 000000000000740000- <1>
   111 00002752 000000000000        <1>
   112 00002758 E40B00000000000000- <1>     db 0xE4,0x0B,0x00,0x00,0x00,0x00,0x00,0x00,0x00,0x00,0x00,0x00,0x00,0x00,0x00,0x00,0x00,0x80,0x2F,0x00,0x00,0x00,0x00,0x00
   112 00002761 000000000000000080- <1>
   112 0000276A 2F0000000000        <1>
   113 00002770 000000000000005400- <1>     db 0x00,0x00,0x00,0x00,0x00,0x00,0x00,0x54,0x00,0x00,0x00,0x00,0x00,0x00,0x00,0x40,0xFE,0x03,0x00,0x09,0x00,0x00,0x00,0x00
   113 00002779 00000000000040FE03- <1>
   113 00002782 000900000000        <1>
   114 00002788 000000000000000000- <1>     db 0x00,0x00,0x00,0x00,0x00,0x00,0x00,0x00,0x00,0xD0,0x1B,0x00,0x00,0x54,0x00,0x00,0x00,0x00,0x00,0x00,0x00,0x00,0x00,0x54
   114 00002791 D01B00005400000000- <1>
   114 0000279A 000000000054        <1>
   115 000027A0 01000000000000E4FF- <1>     db 0x01,0x00,0x00,0x00,0x00,0x00,0x00,0xE4,0xFF,0x01,0x00,0x01,0x00,0x00,0x00,0x00,0x00,0x00,0x00,0x00,0x00,0x00,0x00,0x00
   115 000027A9 010001000000000000- <1>
   115 000027B2 000000000000        <1>
   116 000027B8 00F00200901A000000- <1>     db 0x00,0xF0,0x02,0x00,0x90,0x1A,0x00,0x00,0x00,0x00,0x00,0x00,0x00,0x00,0x00,0x04,0x00,0x00,0x00,0x00,0x00,0x00,0x40,0xFF
   116 000027C1 000000000000040000- <1>
   116 000027CA 0000000040FF        <1>
   117 000027D0 BF0000000000000000- <1>     db 0xBF,0x00,0x00,0x00,0x00,0x00,0x00,0x00,0x00,0x00,0x00,0x00,0x00,0x00,0x00,0x00,0x00,0xB8,0x00,0x14,0xFA,0x5B,0x01,0x00
   117 000027D9 0000000000000000B8- <1>
   117 000027E2 0014FA5B0100        <1>
   118 000027E8 000000000000000000- <1>     db 0x00,0x00,0x00,0x00,0x00,0x00,0x00,0x00,0x00,0x00,0x00,0x00,0x00,0x00,0xE0,0xFF,0x3F,0x00,0x00,0x00,0x00,0x00,0x00,0x00
   118 000027F1 0000000000E0FF3F00- <1>
   118 000027FA 000000000000        <1>
   119 00002800 000000000000000000- <1>     db 0x00,0x00,0x00,0x00,0x00,0x00,0x00,0x00,0x00,0x7E,0x00,0x99,0xFF,0xFF,0x5A,0x00,0x00,0x00,0x00,0x00,0x00,0x00,0x00,0x00
   119 00002809 7E0099FFFF5A000000- <1>
   119 00002812 000000000000        <1>
   120 00002818 000000000600F4FF1F- <1>     db 0x00,0x00,0x00,0x00,0x06,0x00,0xF4,0xFF,0x1F,0x00,0x00,0x00,0x00,0x00,0x00,0x00,0x00,0x00,0x00,0x00,0x00,0x00,0x00,0x00
   120 00002821 000000000000000000- <1>
   120 0000282A 000000000000        <1>
   121 00002830 401F00EBFFFF6F0000- <1>     db 0x40,0x1F,0x00,0xEB,0xFF,0xFF,0x6F,0x00,0x00,0x00,0x00,0x00,0x00,0x00,0x00,0x00,0x00,0x00,0x00,0x40,0x01,0x00,0xF8,0xFF
   121 00002839 000000000000000000- <1>
   121 00002842 00400100F8FF        <1>
   122 00002848 0B0000000000000000- <1>     db 0x0B,0x00,0x00,0x00,0x00,0x00,0x00,0x00,0x00,0x00,0x00,0x00,0x00,0x00,0x00,0x00,0xC0,0x17,0x80,0xE6,0x06,0x94,0xFE,0x06
   122 00002851 00000000000000C017- <1>
   122 0000285A 80E60694FE06        <1>
   123 00002860 000000000000000000- <1>     db 0x00,0x00,0x00,0x00,0x00,0x00,0x00,0x00,0x00,0x10,0x00,0x00,0x00,0x00,0xFD,0xFF,0x07,0x00,0x00,0x00,0x00,0x00,0x00,0x00
   123 00002869 1000000000FDFF0700- <1>
   123 00002872 000000000000        <1>
   124 00002878 0000000000000000E0- <1>     db 0x00,0x00,0x00,0x00,0x00,0x00,0x00,0x00,0xE0,0x03,0x40,0x14,0x00,0x00,0x50,0x02,0x00,0x00,0x00,0x00,0x00,0x00,0x00,0x00
   124 00002881 034014000050020000- <1>
   124 0000288A 000000000000        <1>
   125 00002890 002800000000FFFF02- <1>     db 0x00,0x28,0x00,0x00,0x00,0x00,0xFF,0xFF,0x02,0x00,0x00,0x00,0x00,0x00,0x00,0x00,0x00,0x00,0x00,0x00,0x00,0x00,0x00,0x00
   125 00002899 000000000000000000- <1>
   125 000028A2 000000000000        <1>
   126 000028A8 F40100000000000000- <1>     db 0xF4,0x01,0x00,0x00,0x00,0x00,0x00,0x00,0x00,0x00,0x00,0x00,0x00,0x00,0x00,0x00,0x00,0x1E,0x00,0x00,0x00,0x80,0xFF,0xFF
   126 000028B1 00000000000000001E- <1>
   126 000028BA 00000080FFFF        <1>
   127 000028C0 000020000000000000- <1>     db 0x00,0x00,0x20,0x00,0x00,0x00,0x00,0x00,0x00,0x00,0x00,0x00,0x00,0x00,0x00,0x00,0xF8,0x00,0x00,0x00,0x69,0x00,0x00,0x00
   127 000028C9 00000000000000F800- <1>
   127 000028D2 000069000000        <1>
   128 000028D8 000000000000000000- <1>     db 0x00,0x00,0x00,0x00,0x00,0x00,0x00,0x00,0x00,0x0B,0x00,0x00,0x00,0xC0,0xFF,0x7F,0x00,0x00,0x09,0x00,0x00,0x00,0x00,0x00
   128 000028E1 0B000000C0FF7F0000- <1>
   128 000028EA 090000000000        <1>
   129 000028F0 0000000000000000BD- <1>     db 0x00,0x00,0x00,0x00,0x00,0x00,0x00,0x00,0xBD,0x00,0x50,0x00,0xBE,0x40,0xD0,0x57,0x00,0x00,0x00,0x00,0x00,0x54,0x00,0x00
   129 000028F9 005000BE40D0570000- <1>
   129 00002902 000000540000        <1>
   130 00002908 4002000D00E0FF1B00- <1>     db 0x40,0x02,0x00,0x0D,0x00,0xE0,0xFF,0x1B,0x00,0x00,0x00,0x00,0x00,0x00,0x00,0x00,0x00,0x00,0x00,0x00,0x00,0x00,0x00,0x00
   130 00002911 000000000000000000- <1>
   130 0000291A 000000000000        <1>
   131 00002920 7F00B4001940F41B00- <1>     db 0x7F,0x00,0xB4,0x00,0x19,0x40,0xF4,0x1B,0x00,0x00,0x00,0x00,0x00,0x01,0x00,0x00,0x00,0x00,0x80,0x0B,0x04,0xF4,0xBF,0x00
   131 00002929 000000000100000000- <1>
   131 00002932 800B04F4BF00        <1>
   132 00002938 000000000000000000- <1>     db 0x00,0x00,0x00,0x00,0x00,0x00,0x00,0x00,0x00,0x00,0x00,0x00,0x00,0x00,0x00,0x80,0x7B,0x00,0x78,0x00,0x00,0x00,0xFC,0x01
   132 00002941 000000000000807B00- <1>
   132 0000294A 78000000FC01        <1>
   133 00002950 0000000000BD060000- <1>     db 0x00,0x00,0x00,0x00,0x00,0xBD,0x06,0x00,0x00,0x00,0xF4,0x07,0x08,0xF8,0x07,0x00,0x00,0x00,0x00,0x00,0x00,0x00,0x00,0x00
   133 00002959 00F40708F807000000- <1>
   133 00002962 000000000000        <1>
   134 00002968 00000000000000D01B- <1>     db 0x00,0x00,0x00,0x00,0x00,0x00,0x00,0xD0,0x1B,0x00,0x2C,0x00,0x40,0x02,0xBE,0x01,0x00,0x00,0x00,0x00,0x00,0x90,0x00,0x00
   134 00002971 002C004002BE010000- <1>
   134 0000297A 000000900000        <1>
   135 00002980 0000FC03006D000000- <1>     db 0x00,0x00,0xFC,0x03,0x00,0x6D,0x00,0x00,0x00,0x00,0x00,0x00,0x40,0x00,0x00,0x00,0x00,0x00,0x00,0x00,0x00,0x00,0x00,0xF0
   135 00002989 000000400000000000- <1>
   135 00002992 0000000000F0        <1>
   136 00002998 0A000E44D0417F0000- <1>     db 0x0A,0x00,0x0E,0x44,0xD0,0x41,0x7F,0x00,0x00,0x00,0x00,0x00,0x00,0x00,0x06,0x00,0x00,0x00,0xFD,0x01,0x00,0x01,0x00,0x00
   136 000029A1 000000000006000000- <1>
   136 000029AA FD0100010000        <1>
   137 000029B0 000000407E00000000- <1>     db 0x00,0x00,0x00,0x40,0x7E,0x00,0x00,0x00,0x00,0x00,0x00,0x00,0x00,0x00,0x00,0xB8,0x02,0x00,0x87,0x4E,0x42,0xC4,0x1F,0x00
   137 000029B9 000000000000B80200- <1>
   137 000029C2 874E42C41F00        <1>
   138 000029C8 0000000000502E0000- <1>     db 0x00,0x00,0x00,0x00,0x00,0x50,0x2E,0x00,0x00,0x00,0xBE,0x00,0x00,0x00,0x00,0x00,0x00,0x00,0x00,0xF4,0x0B,0x00,0x00,0x00
   138 000029D1 00BE00000000000000- <1>
   138 000029DA 00F40B000000        <1>
   139 000029E0 00000000000000BD00- <1>     db 0x00,0x00,0x00,0x00,0x00,0x00,0x00,0xBD,0x00,0x40,0x01,0x10,0x40,0xF5,0x0B,0x00,0x00,0x00,0x00,0x00,0x00,0x00,0xA4,0x01
   139 000029E9 40011040F50B000000- <1>
   139 000029F2 00000000A401        <1>
   140 000029F8 04001F000000000000- <1>     db 0x04,0x00,0x1F,0x00,0x00,0x00,0x00,0x00,0x00,0x00,0x00,0xFD,0x02,0x00,0x00,0x00,0x00,0x00,0x00,0x00,0x00,0x00,0x40,0x1F
   140 00002A01 0000FD020000000000- <1>
   140 00002A0A 00000000401F        <1>
   141 00002A10 0040004059FE020000- <1>     db 0x00,0x40,0x00,0x40,0x59,0xFE,0x02,0x00,0x00,0x00,0x00,0x00,0x00,0x00,0x00,0x00,0x08,0x40,0x02,0x00,0x00,0x00,0x00,0x00
   141 00002A19 000000000000000840- <1>
   141 00002A22 020000000000        <1>
   142 00002A28 000040160000000000- <1>     db 0x00,0x00,0x40,0x16,0x00,0x00,0x00,0x00,0x00,0x00,0x00,0x00,0x00,0x00,0xD0,0x07,0x00,0x00,0xE4,0xBF,0xFA,0x7F,0x00,0x00
   142 00002A31 0000000000D0070000- <1>
   142 00002A3A E4BFFA7F0000        <1>
   143 00002A40 000000000000000000- <1>     db 0x00,0x00,0x00,0x00,0x00,0x00,0x00,0x00,0x00,0x00,0x00,0x00,0x00,0x50,0x00,0x00,0x00,0x00,0x00,0x00,0x00,0x00,0x00,0x00
   143 00002A49 000000005000000000- <1>
   143 00002A52 000000000000        <1>
   144 00002A58 000000000000B40100- <1>     db 0x00,0x00,0x00,0x00,0x00,0x00,0xB4,0x01,0x00,0x00,0xF9,0xFF,0xFF,0x6B,0x00,0x00,0x00,0x00,0x00,0x00,0x00,0x00,0x00,0x00
   144 00002A61 00F9FFFF6B00000000- <1>
   144 00002A6A 000000000000        <1>
   145 00002A70 000000000038000000- <1>     db 0x00,0x00,0x00,0x00,0x00,0x38,0x00,0x00,0x00,0x00,0x00,0x00,0x00,0x00,0x00,0x00,0x00,0x00,0x00,0x00,0x00,0x00,0x7E,0x00
   145 00002A79 000000000000000000- <1>
   145 00002A82 000000007E00        <1>
   146 00002A88 0000A5FFFF0A000000- <1>     db 0x00,0x00,0xA5,0xFF,0xFF,0x0A,0x00,0x00,0x00,0x00,0x00,0x00,0x00,0x00,0x00,0x01,0x00,0x00,0x00,0x00,0x01,0x04,0x00,0x00
   146 00002A91 000000000000010000- <1>
   146 00002A9A 000001040000        <1>
   147 00002AA0 000000000000000000- <1>     db 0x00,0x00,0x00,0x00,0x00,0x00,0x00,0x00,0x00,0x00,0x00,0x00,0x00,0x80,0x1F,0x00,0x00,0x00,0xE9,0xEE,0x5A,0x00,0x00,0x00
   147 00002AA9 00000000801F000000- <1>
   147 00002AB2 E9EE5A000000        <1>
   148 00002AB8 000000000000900B00- <1>     db 0x00,0x00,0x00,0x00,0x00,0x00,0x90,0x0B,0x00,0x00,0x00,0xE4,0x01,0x00,0x00,0x00,0x04,0x00,0x00,0x00,0x00,0x00,0x00,0x00
   148 00002AC1 0000E4010000000400- <1>
   148 00002ACA 000000000000        <1>
   149 00002AD0 0000000000E0020000- <1>     db 0x00,0x00,0x00,0x00,0x00,0xE0,0x02,0x00,0x00,0x00,0x65,0x56,0x01,0x00,0x00,0x00,0x00,0x00,0x00,0x00,0x00,0x00,0x40,0x7F
   149 00002AD9 006556010000000000- <1>
   149 00002AE2 00000000407F        <1>
   150 00002AE8 004040BF000000A407- <1>     db 0x00,0x40,0x40,0xBF,0x00,0x00,0x00,0xA4,0x07,0x00,0x00,0x00,0x00,0x00,0x00,0x00,0x00,0x00,0x00,0x00,0x00,0xBD,0x00,0x00
   150 00002AF1 000000000000000000- <1>
   150 00002AFA 000000BD0000        <1>
   151 00002B00 000040010000000000- <1>     db 0x00,0x00,0x40,0x01,0x00,0x00,0x00,0x00,0x00,0x00,0x00,0x00,0x00,0x00,0x00,0xF8,0x00,0x70,0xE0,0x3F,0x00,0x00,0x90,0xFF
   151 00002B09 000000000000F80070- <1>
   151 00002B12 E03F000090FF        <1>
   152 00002B18 010000000000000000- <1>     db 0x01,0x00,0x00,0x00,0x00,0x00,0x00,0x00,0x00,0x00,0x00,0x00,0x40,0x1F,0x00,0x00,0x00,0x00,0x00,0x00,0x00,0x00,0x00,0x00
   152 00002B21 000000401F00000000- <1>
   152 00002B2A 000000000000        <1>
   153 00002B30 00000000000000E401- <1>     db 0x00,0x00,0x00,0x00,0x00,0x00,0x00,0xE4,0x01,0x14,0xF4,0x1F,0x00,0x00,0xFE,0x7F,0x00,0x00,0x00,0x00,0x00,0x00,0x00,0x00
   153 00002B39 14F41F0000FE7F0000- <1>
   153 00002B42 000000000000        <1>
   154 00002B48 00000000E002000000- <1>     db 0x00,0x00,0x00,0x00,0xE0,0x02,0x00,0x00,0x00,0x00,0x00,0x00,0x00,0x00,0x00,0x00,0x00,0x00,0x00,0x00,0x00,0x00,0x00,0x00
   154 00002B51 000000000000000000- <1>
   154 00002B5A 000000000000        <1>
   155 00002B60 0100FD0700C0FF1F00- <1>     db 0x01,0x00,0xFD,0x07,0x00,0xC0,0xFF,0x1F,0x00,0x00,0x00,0x00,0x00,0x00,0x00,0x00,0x00,0x00,0x00,0x00,0xBC,0x00,0x00,0x00
   155 00002B69 000000000000000000- <1>
   155 00002B72 0000BC000000        <1>
   156 00002B78 000000000000000000- <1>     db 0x00,0x00,0x00,0x00,0x00,0x00,0x00,0x00,0x00,0x00,0x00,0x00,0x00,0x00,0x00,0x00,0x00,0x00,0xFF,0x02,0x00,0xF0,0xFF,0x07
   156 00002B81 000000000000000000- <1>
   156 00002B8A FF0200F0FF07        <1>
   157 00002B90 000000000000000000- <1>     db 0x00,0x00,0x00,0x00,0x00,0x00,0x00,0x00,0x00,0x00,0x00,0x40,0x1F,0x00,0x00,0x00,0x00,0x00,0x00,0x00,0x00,0x00,0x00,0x00
   157 00002B99 0000401F0000000000- <1>
   157 00002BA2 000000000000        <1>
   158 00002BA8 000000000000000000- <1>     db 0x00,0x00,0x00,0x00,0x00,0x00,0x00,0x00,0x00,0x80,0xBF,0x00,0x00,0xF8,0xFF,0x01,0x00,0x00,0x00,0x00,0x00,0x00,0x00,0x00
   158 00002BB1 80BF0000F8FF010000- <1>
   158 00002BBA 000000000000        <1>
   159 00002BC0 000000D00600000000- <1>     db 0x00,0x00,0x00,0xD0,0x06,0x00,0x00,0x00,0x00,0x00,0x00,0x00,0x00,0x00,0x00,0x00,0x00,0x00,0x00,0x00,0x00,0x00,0x00,0x00
   159 00002BC9 000000000000000000- <1>
   159 00002BD2 000000000000        <1>
   160 00002BD8 00D03F0000FE7F0000- <1>     db 0x00,0xD0,0x3F,0x00,0x00,0xFE,0x7F,0x00,0x00,0x00,0x00,0x00,0x00,0x00,0x00,0x00,0x00,0x00,0x00,0xF8,0x01,0x00,0x00,0x00
   160 00002BE1 000000000000000000- <1>
   160 00002BEA 00F801000000        <1>
   161 00002BF0 000000000000000000- <1>     db 0x00,0x00,0x00,0x00,0x00,0x00,0x00,0x00,0x00,0x00,0x00,0x00,0x00,0x00,0x00,0x00,0x00,0xF0,0x1F,0x00,0x80,0xBF,0x16,0x00
   161 00002BF9 0000000000000000F0- <1>
   161 00002C02 1F0080BF1600        <1>
   162 00002C08 000000000000000000- <1>     db 0x00,0x00,0x00,0x00,0x00,0x00,0x00,0x00,0x00,0x00,0x00,0xAE,0x55,0x00,0x00,0x00,0x00,0x00,0x00,0x00,0x00,0x00,0x00,0x00
   162 00002C11 0000AE550000000000- <1>
   162 00002C1A 000000000000        <1>
   163 00002C20 000000000000000000- <1>     db 0x00,0x00,0x00,0x00,0x00,0x00,0x00,0x00,0x00,0xF8,0x07,0x00,0x90,0x05,0x00,0x00,0x40,0x05,0x00,0x00,0x00,0x00,0x00,0x00
   163 00002C29 F80700900500004005- <1>
   163 00002C32 000000000000        <1>
   164 00002C38 0000D0FF1B00000000- <1>     db 0x00,0x00,0xD0,0xFF,0x1B,0x00,0x00,0x00,0x00,0x00,0x00,0x00,0x00,0x00,0x00,0x00,0x00,0x00,0x00,0x00,0x00,0x00,0x00,0x00
   164 00002C41 000000000000000000- <1>
   164 00002C4A 000000000000        <1>
   165 00002C50 00FE02190000000080- <1>     db 0x00,0xFE,0x02,0x19,0x00,0x00,0x00,0x00,0x80,0x06,0x00,0x00,0x00,0x00,0x00,0x00,0x00,0x00,0xF4,0xBF,0x01,0x00,0x00,0x00
   165 00002C59 060000000000000000- <1>
   165 00002C62 F4BF01000000        <1>
   166 00002C68 000000000000000000- <1>     db 0x00,0x00,0x00,0x00,0x00,0x00,0x00,0x00,0x00,0x00,0x00,0x00,0x00,0x00,0x40,0x00,0x40,0xBF,0x40,0x06,0x00,0x00,0x00,0x00
   166 00002C71 0000000000400040BF- <1>
   166 00002C7A 400600000000        <1>
   167 00002C80 000000000000000000- <1>     db 0x00,0x00,0x00,0x00,0x00,0x00,0x00,0x00,0x00,0x00,0xBE,0x7F,0x00,0x00,0x00,0x00,0x00,0x00,0x00,0x00,0x00,0x00,0x00,0x00
   167 00002C89 00BE7F000000000000- <1>
   167 00002C92 000000000000        <1>
   168 00002C98 0000000000008001C0- <1>     db 0x00,0x00,0x00,0x00,0x00,0x00,0x80,0x01,0xC0,0x1B,0x00,0x00,0x00,0x00,0x00,0x00,0x00,0x00,0x00,0x00,0x00,0x00,0x00,0x00
   168 00002CA1 1B0000000000000000- <1>
   168 00002CAA 000000000000        <1>
   169 00002CB0 00809B1B0000000000- <1>     db 0x00,0x80,0x9B,0x1B,0x00,0x00,0x00,0x00,0x00,0x00,0x00,0x00,0x00,0x00,0x00,0x00,0x00,0x00,0x00,0x00,0x00,0x00,0x00,0x07
   169 00002CB9 000000000000000000- <1>
   169 00002CC2 000000000007        <1>
   170 00002CC8 500000000000000000- <1>     db 0x50,0x00,0x00,0x00,0x00,0x00,0x00,0x00,0x00,0x00,0x00,0x00,0x00,0x00,0x00,0x00,0x00,0xE0,0xB5,0x09,0x00,0x00,0x00,0x00
   170 00002CD1 0000000000000000E0- <1>
   170 00002CDA B50900000000        <1>
   171 00002CE0 000000000000000000- <1>     db 0x00,0x00,0x00,0x00,0x00,0x00,0x00,0x00,0x00,0x00,0x00,0x00,0x00,0x40,0x50,0x0E,0x00,0x00,0x00,0x00,0x00,0x00,0x00,0x00
   171 00002CE9 0000000040500E0000- <1>
   171 00002CF2 000000000000        <1>
   172 00002CF8 000000000000000000- <1>     db 0x00,0x00,0x00,0x00,0x00,0x00,0x00,0x00,0x00,0x64,0x14,0x00,0x00,0x00,0x00,0x00,0x00,0x00,0x00,0x00,0x00,0x00,0x00,0x00
   172 00002D01 641400000000000000- <1>
   172 00002D0A 000000000000        <1>
   173 00002D10 000000000000862F00- <1>     db 0x00,0x00,0x00,0x00,0x00,0x00,0x86,0x2F,0x00,0x04,0x00,0x00,0x00,0x6A,0x00,0x00,0x00,0x00,0x00,0x00,0x00,0x00,0x00,0x00
   173 00002D19 040000006A00000000- <1>
   173 00002D22 000000000000        <1>
   174 00002D28 40EB07020000000000- <1>     db 0x40,0xEB,0x07,0x02,0x00,0x00,0x00,0x00,0x00,0x00,0x00,0x00,0x00,0x00,0x00,0x00,0x00,0x00,0x00,0x00,0x00,0x00,0x1C,0x3F
   174 00002D31 000000000000000000- <1>
   174 00002D3A 000000001C3F        <1>
   175 00002D40 0000000000A9010000- <1>     db 0x00,0x00,0x00,0x00,0x00,0xA9,0x01,0x00,0x00,0x00,0x15,0x00,0x00,0x00,0x00,0x00,0xD0,0xFF,0xC6,0x01,0x00,0x00,0x00,0x00
   175 00002D49 00150000000000D0FF- <1>
   175 00002D52 C60100000000        <1>
   176 00002D58 000000000000000000- <1>     db 0x00,0x00,0x00,0x00,0x00,0x00,0x00,0x00,0x00,0x00,0x00,0x00,0x00,0x40,0xB5,0xBE,0x00,0xA4,0x6A,0x00,0x00,0x00,0x00,0x00
   176 00002D61 0000000040B5BE00A4- <1>
   176 00002D6A 6A0000000000        <1>
   177 00002D70 00402A0000000000F4- <1>     db 0x00,0x40,0x2A,0x00,0x00,0x00,0x00,0x00,0xF4,0x7F,0xD0,0x01,0x00,0x00,0x00,0x00,0x00,0x00,0x00,0x00,0x00,0x00,0x00,0x00
   177 00002D79 7FD001000000000000- <1>
   177 00002D82 000000000000        <1>
   178 00002D88 000000000001EBFE00- <1>     db 0x00,0x00,0x00,0x00,0x00,0x01,0xEB,0xFE,0x00,0xE4,0xFF,0x06,0x00,0x00,0x00,0x00,0x00,0x00,0x00,0x00,0x00,0x00,0x00,0x00
   178 00002D91 E4FF06000000000000- <1>
   178 00002D9A 000000000000        <1>
   179 00002DA0 1C00E0000040150000- <1>     db 0x1C,0x00,0xE0,0x00,0x00,0x40,0x15,0x00,0x00,0x00,0x00,0x00,0x00,0x00,0x00,0x05,0x00,0x00,0x00,0x00,0x00,0x19,0xFE,0xDB
   179 00002DA9 000000000000050000- <1>
   179 00002DB2 00000019FEDB        <1>
   180 00002DB8 0280FF2F0000000000- <1>     db 0x02,0x80,0xFF,0x2F,0x00,0x00,0x00,0x00,0x00,0x00,0x00,0x00,0x00,0x00,0x00,0x00,0x06,0x00,0x74,0x00,0x00,0x04,0xBD,0x05
   180 00002DC1 000000000000000600- <1>
   180 00002DCA 74000004BD05        <1>
   181 00002DD0 00000000000000A411- <1>     db 0x00,0x00,0x00,0x00,0x00,0x00,0x00,0xA4,0x11,0x00,0x00,0x00,0x00,0xB8,0xFC,0x0F,0x02,0x00,0xA9,0x6A,0x00,0x00,0x00,0x00
   181 00002DD9 00000000B8FC0F0200- <1>
   181 00002DE2 A96A00000000        <1>
   182 00002DE8 000000000000000002- <1>     db 0x00,0x00,0x00,0x00,0x00,0x00,0x00,0x00,0x02,0x00,0x78,0x00,0x00,0xE0,0xBA,0x01,0x00,0x00,0x00,0x00,0x00,0x00,0xA9,0xEA
   182 00002DF1 00780000E0BA010000- <1>
   182 00002DFA 00000000A9EA        <1>
   183 00002E00 EB5B000000E0FE1F04- <1>     db 0xEB,0x5B,0x00,0x00,0x00,0xE0,0xFE,0x1F,0x04,0x00,0x00,0x00,0x00,0x00,0x00,0x00,0x00,0x00,0x00,0x00,0x00,0x00,0x00,0x00
   183 00002E09 000000000000000000- <1>
   183 00002E12 000000000000        <1>
   184 00002E18 02002C000054E60700- <1>     db 0x02,0x00,0x2C,0x00,0x00,0x54,0xE6,0x07,0x00,0x00,0x00,0x00,0x00,0x54,0xFA,0xFF,0xFF,0x97,0x1A,0x00,0x00,0x50,0x7F,0x2F
   184 00002E21 0000000054FAFFFF97- <1>
   184 00002E2A 1A0000507F2F        <1>
   185 00002E30 400100000000000000- <1>     db 0x40,0x01,0x00,0x00,0x00,0x00,0x00,0x00,0x00,0x00,0x00,0x00,0x00,0x00,0x00,0x00,0x02,0x00,0x09,0x00,0x00,0xF4,0xEF,0x6A
   185 00002E39 000000000000000200- <1>
   185 00002E42 090000F4EF6A        <1>
   186 00002E48 446E01000094FF9B56- <1>     db 0x44,0x6E,0x01,0x00,0x00,0x94,0xFF,0x9B,0x56,0x1A,0x00,0x00,0x00,0x00,0x7E,0x3D,0x00,0x02,0x00,0x00,0x00,0x00,0x00,0x00
   186 00002E51 1A000000007E3D0002- <1>
   186 00002E5A 000000000000        <1>
   187 00002E60 000000000000000085- <1>     db 0x00,0x00,0x00,0x00,0x00,0x00,0x00,0x00,0x85,0x05,0x00,0x00,0x00,0x59,0xFF,0x01,0xA0,0x14,0x00,0x00,0x90,0xFF,0xAB,0x2A
   187 00002E69 0500000059FF01A014- <1>
   187 00002E72 000090FFAB2A        <1>
   188 00002E78 000000000000BC7800- <1>     db 0x00,0x00,0x00,0x00,0x00,0x00,0xBC,0x78,0x00,0x00,0x00,0x00,0x00,0x00,0x00,0x00,0x00,0x00,0x00,0x00,0x00,0x00,0x00,0x00
   188 00002E81 000000000000000000- <1>
   188 00002E8A 000000000000        <1>
   189 00002E90 0802000000E5EB4615- <1>     db 0x08,0x02,0x00,0x00,0x00,0xE5,0xEB,0x46,0x15,0x00,0x00,0x00,0xF9,0x1A,0x00,0x00,0x00,0x00,0x00,0x00,0x00,0x00,0xF8,0x70
   189 00002E99 000000F91A00000000- <1>
   189 00002EA2 00000000F870        <1>
   190 00002EA8 000000000000000000- <1>     db 0x00,0x00,0x00,0x00,0x00,0x00,0x00,0x00,0x00,0x00,0x00,0x00,0x00,0x00,0x00,0x00,0x24,0x00,0x00,0x00,0x00,0x54,0x0F,0x41
   190 00002EB1 000000000000002400- <1>
   190 00002EBA 000000540F41        <1>
   191 00002EC0 1B0000E41B00000000- <1>     db 0x1B,0x00,0x00,0xE4,0x1B,0x00,0x00,0x00,0x00,0x00,0x00,0x00,0x00,0x00,0xF4,0xA0,0x00,0x00,0x00,0x00,0x00,0x00,0x00,0x00
   191 00002EC9 0000000000F4A00000- <1>
   191 00002ED2 000000000000        <1>
   192 00002ED8 000000000000000060- <1>     db 0x00,0x00,0x00,0x00,0x00,0x00,0x00,0x00,0x60,0x00,0x00,0x00,0x00,0x64,0x14,0x55,0x01,0x00,0x00,0x6E,0x00,0x00,0x00,0x00
   192 00002EE1 000000006414550100- <1>
   192 00002EEA 006E00000000        <1>
   193 00002EF0 000000000000F09000- <1>     db 0x00,0x00,0x00,0x00,0x00,0x00,0xF0,0x90,0x00,0x00,0x00,0x00,0x68,0x00,0x00,0x00,0x00,0x00,0x00,0x00,0x00,0x00,0x00,0x00
   193 00002EF9 000000680000000000- <1>
   193 00002F02 000000000000        <1>
   194 00002F08 D06100004000E02500- <1>     db 0xD0,0x61,0x00,0x00,0x40,0x00,0xE0,0x25,0x00,0x00,0xE4,0x06,0x00,0x00,0x00,0x00,0x00,0x00,0x00,0x00,0x00,0x00,0xF0,0x80
   194 00002F11 00E406000000000000- <1>
   194 00002F1A 00000000F080        <1>
   195 00002F20 00000000F407000000- <1>     db 0x00,0x00,0x00,0x00,0xF4,0x07,0x00,0x00,0x00,0x00,0x00,0x00,0x00,0x00,0x00,0x00,0x40,0xEB,0x5B,0x01,0x40,0x01,0x59,0x00
   195 00002F29 0000000000000040EB- <1>
   195 00002F32 5B0140015900        <1>
   196 00002F38 00402E000000000000- <1>     db 0x00,0x40,0x2E,0x00,0x00,0x00,0x00,0x00,0x00,0x00,0x00,0x00,0x00,0x00,0xE0,0x40,0x00,0xC0,0x01,0x00,0xD0,0x1F,0x00,0x00
   196 00002F41 0000000000E04000C0- <1>
   196 00002F4A 0100D01F0000        <1>
   197 00002F50 000000000000000000- <1>     db 0x00,0x00,0x00,0x00,0x00,0x00,0x00,0x00,0x00,0xE8,0xEA,0xFF,0xAA,0x7A,0x01,0x09,0x00,0x50,0x01,0x00,0x00,0x55,0x40,0x00
   197 00002F59 E8EAFFAA7A01090050- <1>
   197 00002F62 010000554000        <1>
   198 00002F68 000000000000E00000- <1>     db 0x00,0x00,0x00,0x00,0x00,0x00,0xE0,0x00,0x00,0x40,0x0B,0x00,0x40,0x7E,0x00,0x00,0x00,0x00,0x00,0x00,0x00,0x00,0x00,0x00
   198 00002F71 400B00407E00000000- <1>
   198 00002F7A 000000000000        <1>
   199 00002F80 00004465A902D02F00- <1>     db 0x00,0x00,0x44,0x65,0xA9,0x02,0xD0,0x2F,0x00,0x04,0x00,0x40,0x15,0x50,0x01,0x15,0x00,0x00,0x00,0x00,0x00,0x00,0xA0,0x00
   199 00002F89 040040155001150000- <1>
   199 00002F92 00000000A000        <1>
   200 00002F98 00001E000090010000- <1>     db 0x00,0x00,0x1E,0x00,0x00,0x90,0x01,0x00,0x00,0x00,0x00,0x00,0x00,0x00,0x00,0x00,0x00,0x00,0x18,0x00,0x00,0x01,0xD0,0x7F
   200 00002FA1 000000000000000000- <1>
   200 00002FAA 18000001D07F        <1>
   201 00002FB0 00004015000000600A- <1>     db 0x00,0x00,0x40,0x15,0x00,0x00,0x00,0x60,0x0A,0x00,0x00,0x00,0x00,0x00,0xA0,0x00,0x00,0x00,0x24,0x00,0x00,0x00,0x00,0x00
   201 00002FB9 0000000000A0000000- <1>
   201 00002FC2 240000000000        <1>
   202 00002FC8 000000000000000000- <1>     db 0x00,0x00,0x00,0x00,0x00,0x00,0x00,0x00,0x00,0x00,0x74,0x00,0x00,0x04,0x80,0xFF,0x00,0x00,0x69,0x00,0x00,0x00,0x00,0x00
   202 00002FD1 007400000480FF0000- <1>
   202 00002FDA 690000000000        <1>
   203 00002FE0 3D0800000000600000- <1>     db 0x3D,0x08,0x00,0x00,0x00,0x00,0x60,0x00,0x00,0x00,0x00,0x00,0x00,0x00,0x00,0x00,0x00,0x00,0x00,0x00,0x00,0x00,0x00,0x00
   203 00002FE9 000000000000000000- <1>
   203 00002FF2 000000000000        <1>
   204 00002FF8 0000E042000400FE02- <1>     db 0x00,0x00,0xE0,0x42,0x00,0x04,0x00,0xFE,0x02,0x64,0x01,0x00,0x00,0x00,0x00,0x00,0xF0,0x14,0x00,0x00,0x00,0x00,0x20,0x00
   204 00003001 64010000000000F014- <1>
   204 0000300A 000000002000        <1>
   205 00003010 000000000000000000- <1>     db 0x00,0x00,0x00,0x00,0x00,0x00,0x00,0x00,0x00,0x00,0x00,0x00,0x00,0x00,0x00,0x00,0x00,0x00,0x80,0xAF,0x04,0x00,0x00,0xFC
   205 00003019 000000000000000000- <1>
   205 00003022 80AF040000FC        <1>
   206 00003028 4B05000000000000D0- <1>     db 0x4B,0x05,0x00,0x00,0x00,0x00,0x00,0x00,0xD0,0x36,0x00,0x00,0x00,0x00,0x20,0x00,0x00,0x00,0x00,0x00,0x00,0x00,0x00,0x00
   206 00003031 360000000020000000- <1>
   206 0000303A 000000000000        <1>
   207 00003040 000000000000000000- <1>     db 0x00,0x00,0x00,0x00,0x00,0x00,0x00,0x00,0x00,0x00,0x00,0xFD,0x5E,0x15,0x00,0xF4,0x1F,0x00,0x00,0x00,0x00,0x00,0x00,0x00
   207 00003049 0000FD5E1500F41F00- <1>
   207 00003052 000000000000        <1>
   208 00003058 80B700000000100000- <1>     db 0x80,0xB7,0x00,0x00,0x00,0x00,0x10,0x00,0x00,0x00,0x00,0x00,0x00,0x00,0x00,0x00,0x00,0x00,0x00,0x00,0x00,0x00,0x00,0x00
   208 00003061 000000000000000000- <1>
   208 0000306A 000000000000        <1>
   209 00003070 00000090FFFF06D07F- <1>     db 0x00,0x00,0x00,0x90,0xFF,0xFF,0x06,0xD0,0x7F,0x00,0x00,0x00,0x00,0x00,0x00,0x00,0x40,0xFE,0x00,0x00,0x00,0x00,0x00,0x00
   209 00003079 0000000000000040FE- <1>
   209 00003082 000000000000        <1>
   210 00003088 000000000000000000- <1>     db 0x00,0x00,0x00,0x00,0x00,0x00,0x00,0x00,0x00,0x00,0x00,0x00,0x00,0x00,0x00,0x00,0x00,0x00,0x00,0x00,0x91,0x56,0x00,0x52
   210 00003091 000000000000000000- <1>
   210 0000309A 000091560052        <1>
   211 000030A0 FF0100000000000000- <1>     db 0xFF,0x01,0x00,0x00,0x00,0x00,0x00,0x00,0x00,0xFE,0x01,0x00,0x00,0x00,0x00,0x00,0x00,0x00,0x00,0x00,0x00,0x00,0x00,0x00
   211 000030A9 FE0100000000000000- <1>
   211 000030B2 000000000000        <1>
   212 000030B8 000000000000000000- <1>     db 0x00,0x00,0x00,0x00,0x00,0x00,0x00,0x00,0x00,0x00,0x00,0x00,0x00,0x00,0x00,0xD8,0xFD,0x07,0x00,0x00,0x00,0x00,0x00,0x00
   212 000030C1 000000000000D8FD07- <1>
   212 000030CA 000000000000        <1>
   213 000030D0 00F902000000000000- <1>     db 0x00,0xF9,0x02,0x00,0x00,0x00,0x00,0x00,0x00,0x00,0x00,0x00,0x00,0x00,0x00,0x00,0x00,0x00,0x00,0x00,0x00,0x00,0x00,0x00
   213 000030D9 000000000000000000- <1>
   213 000030E2 000000000000        <1>
   214 000030E8 00000000000000A0F6- <1>     db 0x00,0x00,0x00,0x00,0x00,0x00,0x00,0xA0,0xF6,0x1F,0x00,0x00,0x00,0x00,0x00,0x00,0x00,0xF4,0x12,0x00,0x00,0x00,0x00,0x00
   214 000030F1 1F00000000000000F4- <1>
   214 000030FA 120000000000        <1>
   215 00003100 000000090000000000- <1>     db 0x00,0x00,0x00,0x09,0x00,0x00,0x00,0x00,0x00,0x00,0x00,0x00,0x00,0x00,0x00,0x00,0x00,0x00,0x00,0x00,0x00,0x00,0x00,0x80
   215 00003109 000000000000000000- <1>
   215 00003112 000000000080        <1>
   216 00003118 8B7F00000000000000- <1>     db 0x8B,0x7F,0x00,0x00,0x00,0x00,0x00,0x00,0x00,0xF4,0x23,0x00,0x00,0x00,0x00,0x00,0x00,0x00,0x00,0x28,0x00,0x00,0x00,0x00
   216 00003121 F42300000000000000- <1>
   216 0000312A 002800000000        <1>
   217 00003130 000000000000000000- <1>     db 0x00,0x00,0x00,0x00,0x00,0x00,0x00,0x00,0x00,0x00,0x00,0x00,0x00,0x00,0x00,0x00,0x1E,0xFD,0x02,0x00,0x00,0x00,0x00,0x00
   217 00003139 000000000000001EFD- <1>
   217 00003142 020000000000        <1>
   218 00003148 00F433000000000000- <1>     db 0x00,0xF4,0x33,0x00,0x00,0x00,0x00,0x00,0x00,0x00,0x00,0x10,0x00,0x00,0x00,0x00,0x00,0x00,0x00,0x00,0x00,0x00,0x00,0x00
   218 00003151 000010000000000000- <1>
   218 0000315A 000000000000        <1>
   219 00003160 000000000000000074- <1>     db 0x00,0x00,0x00,0x00,0x00,0x00,0x00,0x00,0x74,0xE4,0x0B,0x00,0x00,0x00,0x00,0x00,0x00,0xF4,0x37,0x00,0x00,0x00,0x00,0x00
   219 00003169 E40B000000000000F4- <1>
   219 00003172 370000000000        <1>
   220 00003178 000000000000000000- <1>     db 0x00,0x00,0x00,0x00,0x00,0x00,0x00,0x00,0x00,0x00,0x00,0x00,0x00,0x00,0x00,0x00,0x00,0x00,0x00,0x00,0x00,0x00,0x00,0x00
   220 00003181 000000000000000000- <1>
   220 0000318A 000000000000        <1>
   221 00003190 80417F000000000000- <1>     db 0x80,0x41,0x7F,0x00,0x00,0x00,0x00,0x00,0x00,0xB4,0x3B,0x00,0x00,0x00,0x00,0x00,0x00,0x00,0x00,0x00,0x00,0x00,0x00,0x00
   221 00003199 B43B00000000000000- <1>
   221 000031A2 000000000000        <1>
   222 000031A8 000000000000000000- <1>     db 0x00,0x00,0x00,0x00,0x00,0x00,0x00,0x00,0x00,0x00,0x00,0x00,0x00,0x00,0x00,0x00,0x00,0x05,0xF4,0x02,0x00,0x00,0x00,0x00
   222 000031B1 000000000000000005- <1>
   222 000031BA F40200000000        <1>
   223 000031C0 00742F100000000000- <1>     db 0x00,0x74,0x2F,0x10,0x00,0x00,0x00,0x00,0x00,0x00,0x00,0x00,0x00,0x00,0x00,0x00,0x00,0x00,0x00,0x00,0x00,0x00,0x00,0x00
   223 000031C9 000000000000000000- <1>
   223 000031D2 000000000000        <1>
   224 000031D8 000000000000000000- <1>     db 0x00,0x00,0x00,0x00,0x00,0x00,0x00,0x00,0x00,0x00,0x40,0x2E,0x00,0x00,0x00,0x00,0x00,0x68,0x1F,0x20,0x00,0x00,0x00,0x00
   224 000031E1 00402E000000000068- <1>
   224 000031EA 1F2000000000        <1>
   225 000031F0 000000000000000000- <1>     db 0x00,0x00,0x00,0x00,0x00,0x00,0x00,0x00,0x00,0x00,0x00,0x00,0x00,0x00,0x00,0x00,0x00,0x00,0x00,0x00,0x00,0x00,0x00,0x00
   225 000031F9 000000000000000000- <1>
   225 00003202 000000000000        <1>
   226 00003208 000080910100000000- <1>     db 0x00,0x00,0x80,0x91,0x01,0x00,0x00,0x00,0x00,0x88,0x1F,0x18,0x00,0x00,0x00,0x00,0x00,0x00,0x00,0x00,0x00,0x00,0x00,0x00
   226 00003211 881F18000000000000- <1>
   226 0000321A 000000000000        <1>
   227 00003220 000000000000000000- <1>     db 0x00,0x00,0x00,0x00,0x00,0x00,0x00,0x00,0x00,0x00,0x00,0x00,0x00,0x00,0x00,0x00,0x00,0x00,0x00,0x02,0x00,0x00,0x00,0x00
   227 00003229 000000000000000000- <1>
   227 00003232 000200000000        <1>
   228 00003238 00850F0D0000000000- <1>     db 0x00,0x85,0x0F,0x0D,0x00,0x00,0x00,0x00,0x00,0x00,0x00,0x00,0x00,0x00,0x00,0x00,0x00,0x00,0x00,0x00,0x00,0x00,0x00,0x00
   228 00003241 000000000000000000- <1>
   228 0000324A 000000000000        <1>
   229 00003250 000000000000000000- <1>     db 0x00,0x00,0x00,0x00,0x00,0x00,0x00,0x00,0x00,0x00,0x00,0x08,0x00,0x00,0x00,0x00,0x00,0xC1,0x0B,0x07,0x00,0x00,0x00,0x00
   229 00003259 0000080000000000C1- <1>
   229 00003262 0B0700000000        <1>
   230 00003268 000000000000000000- <1>     db 0x00,0x00,0x00,0x00,0x00,0x00,0x00,0x00,0x00,0x00,0x00,0x00,0x00,0x00,0x00,0x00,0x00,0x00,0x00,0x00,0x00,0x00,0x00,0x00
   230 00003271 000000000000000000- <1>
   230 0000327A 000000000000        <1>
   231 00003280 000000100000000000- <1>     db 0x00,0x00,0x00,0x10,0x00,0x00,0x00,0x00,0x00,0xD0,0x87,0x03,0x00,0x00,0x00,0x00,0x00,0x00,0x00,0x00,0x00,0x00,0x00,0x00
   231 00003289 D08703000000000000- <1>
   231 00003292 000000000000        <1>
   232 00003298 000000000000000000- <1>     db 0x00,0x00,0x00,0x00,0x00,0x00,0x00,0x00,0x00,0x00,0x00,0x00,0x00,0x00,0x00,0x00,0x00,0x00,0x00,0x40,0x00,0x00,0x00,0x00
   232 000032A1 000000000000000000- <1>
   232 000032AA 004000000000        <1>
   233 000032B0 00E0E3010000000000- <1>     db 0x00,0xE0,0xE3,0x01,0x00,0x00,0x00,0x00,0x00,0x00,0x00,0x00,0x00,0x00,0x00,0x00,0x00,0x00,0x00,0x00,0x00,0x00,0x00,0x00
   233 000032B9 000000000000000000- <1>
   233 000032C2 000000000000        <1>
   234 000032C8 000000000000000000- <1>     db 0x00,0x00,0x00,0x00,0x00,0x00,0x00,0x00,0x00,0x00,0x00,0x00,0x00,0x00,0x00,0x00,0x00,0xF0,0xB9,0x00,0x00,0x00,0x00,0x00
   234 000032D1 0000000000000000F0- <1>
   234 000032DA B90000000000        <1>
   235 000032E0 000000000000000000- <1>     db 0x00,0x00,0x00,0x00,0x00,0x00,0x00,0x00,0x00,0x00,0x00,0x00,0x00,0x00,0x00,0x00,0x00,0x00,0x00,0x00,0x00,0x00,0x00,0x00
   235 000032E9 000000000000000000- <1>
   235 000032F2 000000000000        <1>
   236 000032F8 000000000000000000- <1>     db 0x00,0x00,0x00,0x00,0x00,0x00,0x00,0x00,0x00,0xF4,0x2E,0x00,0x00,0x00,0x00,0x00,0x00,0x00,0x00,0x00,0x00,0x00,0x00,0x00
   236 00003301 F42E00000000000000- <1>
   236 0000330A 000000000000        <1>
   237 00003310 000000000000000000- <1>     db 0x00,0x00,0x00,0x00,0x00,0x00,0x00,0x00,0x00,0x00,0x00,0x00,0x00,0x00,0x00,0x00,0x00,0x00,0x00,0x00,0x00,0x00,0x00,0x00
   237 00003319 000000000000000000- <1>
   237 00003322 000000000000        <1>
   238 00003328 00F80F000000000000- <1>     db 0x00,0xF8,0x0F,0x00,0x00,0x00,0x00,0x00,0x00,0x00,0x00,0x00,0x00,0x00,0x00,0x00,0x00,0x00,0x00,0x00,0x00,0x00,0x00,0x00
   238 00003331 000000000000000000- <1>
   238 0000333A 000000000000        <1>
   239 00003340 000000000000000000- <1>     db 0x00,0x00,0x00,0x00,0x00,0x00,0x00,0x00,0x00,0x00,0x00,0x00,0x00,0x00,0x00,0x00,0x00,0xFD,0x07,0x00,0x00,0x00,0x00,0x00
   239 00003349 0000000000000000FD- <1>
   239 00003352 070000000000        <1>
   240 00003358 000000000000000000- <1>     db 0x00,0x00,0x00,0x00,0x00,0x00,0x00,0x00,0x00,0x00,0x00,0x00,0x00,0x00,0x00,0x00,0x00,0x00,0x00,0x00,0x00,0x00,0x00,0x00
   240 00003361 000000000000000000- <1>
   240 0000336A 000000000000        <1>
   241 00003370 000000000000000000- <1>     db 0x00,0x00,0x00,0x00,0x00,0x00,0x00,0x00,0x00,0xFE,0x01,0x00,0x00,0x00,0x00,0x00,0x00,0x00,0x00,0x00,0x00,0x00,0x00,0x00
   241 00003379 FE0100000000000000- <1>
   241 00003382 000000000000        <1>
   242 00003388 000000000000000000- <1>     db 0x00,0x00,0x00,0x00,0x00,0x00,0x00,0x00,0x00,0x00,0x00,0x00,0x00,0x00,0x00,0x00,0x00,0x00,0x00,0x00,0x00,0x00,0x00,0x00
   242 00003391 000000000000000000- <1>
   242 0000339A 000000000000        <1>
   243 000033A0 407F00000000000000- <1>     db 0x40,0x7F,0x00,0x00,0x00,0x00,0x00,0x00,0x00,0x00,0x00,0x00,0x00,0x00,0x00,0x00,0x00,0x00,0x00,0x00,0x00,0x00,0x00,0x00
   243 000033A9 000000000000000000- <1>
   243 000033B2 000000000000        <1>
   244 000033B8 000000000000000000- <1>     db 0x00,0x00,0x00,0x00,0x00,0x00,0x00,0x00,0x00,0x00,0x00,0x00,0x00,0x00,0x00,0x00,0xD0,0x0B,0x00,0x00,0x00,0x00,0x00,0x00
   244 000033C1 00000000000000D00B- <1>
   244 000033CA 000000000000        <1>
   245 000033D0 000000000000000000- <1>     db 0x00,0x00,0x00,0x00,0x00,0x00,0x00,0x00,0x00,0x00,0x00,0x00,0x00,0x00,0x00,0x00,0x00,0x00,0x00,0x00,0x00,0x00,0x00,0x00
   245 000033D9 000000000000000000- <1>
   245 000033E2 000000000000        <1>
   246 000033E8 0000000000000000F0- <1>     db 0x00,0x00,0x00,0x00,0x00,0x00,0x00,0x00,0xF0,0x02,0x00,0x00,0x00,0x00,0x00,0x00,0x00,0x00,0x00,0x00,0x00,0x00,0x00,0x00
   246 000033F1 020000000000000000- <1>
   246 000033FA 000000000000        <1>
   247 00003400 000000000000000000- <1>     db 0x00,0x00,0x00,0x00,0x00,0x00,0x00,0x00,0x00,0x00,0x00,0x00,0x00,0x00,0x00,0x00,0x00,0x00,0x00,0x00,0x00,0x00,0x00,0x00
   247 00003409 000000000000000000- <1>
   247 00003412 000000000000        <1>
   248 00003418 781800000000000000- <1>     db 0x78,0x18,0x00,0x00,0x00,0x00,0x00,0x00,0x00,0x00,0x00,0x00,0x00,0x00,0x00,0x00,0x00,0x00,0x00,0x00,0x00,0x00,0x00,0x00
   248 00003421 000000000000000000- <1>
   248 0000342A 000000000000        <1>
   249 00003430 000000000000000000- <1>     db 0x00,0x00,0x00,0x00,0x00,0x00,0x00,0x00,0x00,0x00,0x00,0x00,0x00,0x00,0x00,0x00,0x46,0x06,0x00,0x00,0x00,0x00,0x00,0x00
   249 00003439 000000000000004606- <1>
   249 00003442 000000000000        <1>
   250 00003448 000000000000000000- <1>     db 0x00,0x00,0x00,0x00,0x00,0x00,0x00,0x00,0x00,0x00,0x00,0x00,0x00,0x00,0x00,0x00,0x00,0x00,0x00,0x00,0x00,0x00,0x00,0x00
   250 00003451 000000000000000000- <1>
   250 0000345A 000000000000        <1>
   251 00003460 0000000000000000D0- <1>     db 0x00,0x00,0x00,0x00,0x00,0x00,0x00,0x00,0xD0,0x01,0x00,0x00,0x00,0x00,0x00,0x00,0x00,0x00,0x00,0x00,0x00,0x00,0x00,0x00
   251 00003469 010000000000000000- <1>
   251 00003472 000000000000        <1>
   252 00003478 000000000000000000- <1>     db 0x00,0x00,0x00,0x00,0x00,0x00,0x00,0x00,0x00,0x00,0x00,0x00,0x00,0x00,0x00,0x00,0x00,0x00,0x00,0x00,0x00,0x00,0x00,0x00
   252 00003481 000000000000000000- <1>
   252 0000348A 000000000000        <1>
   253 00003490 740000000000000000- <1>     db 0x74,0x00,0x00,0x00,0x00,0x00,0x00,0x00,0x00,0x00,0x00,0x00,0x00,0x00,0x00,0x00,0x00,0x00,0x00,0x00,0x00,0x00,0x00,0x00
   253 00003499 000000000000000000- <1>
   253 000034A2 000000000000        <1>
   254 000034A8 000000000000000000- <1>     db 0x00,0x00,0x00,0x00,0x00,0x00,0x00,0x00,0x00,0x00,0x00,0x00,0x00,0x00,0x00,0x00,0x09,0x00,0x00,0x00,0x00,0x00,0x00,0x00
   254 000034B1 000000000000000900- <1>
   254 000034BA 000000000000        <1>
   255 000034C0 000000000000000000- <1>     db 0x00,0x00,0x00,0x00,0x00,0x00,0x00,0x00,0x00,0x00,0x00,0x00,0x00,0x00,0x00,0x00,0x00,0x00,0x00,0x00,0x00,0x00,0x00,0x00
   255 000034C9 000000000000000000- <1>
   255 000034D2 000000000000        <1>
   256 000034D8 000000000000008001- <1>     db 0x00,0x00,0x00,0x00,0x00,0x00,0x00,0x80,0x01,0x00,0x00,0x00,0x00,0x00,0x00,0x00,0x00,0x00,0x00,0x00,0x00,0x00,0x00,0x00
   256 000034E1 000000000000000000- <1>
   256 000034EA 000000000000        <1>
   257 000034F0 000000000000000000- <1>     db 0x00,0x00,0x00,0x00,0x00,0x00,0x00,0x00,0x00,0x00,0x00,0x00,0x00,0x00,0x00,0x00,0x00,0x00,0x00,0x00,0x00,0x00,0x00,0x14
   257 000034F9 000000000000000000- <1>
   257 00003502 000000000014        <1>
   258 00003508 000000000000000000- <1>     db 0x00,0x00,0x00,0x00,0x00,0x00,0x00,0x00,0x00,0x00,0x00,0x00,0x00,0x00,0x00,0x00,0x00,0x00,0x00,0x00,0x00,0x00,0x00,0x00
   258 00003511 000000000000000000- <1>
   258 0000351A 000000000000        <1>
   259                              <1> nova_error_mark_bitmap:
   260 00003520 000000000000000000- <1>     db 0x00,0x00,0x00,0x00,0x00,0x00,0x00,0x00,0x00,0x00,0x00,0x00,0x00,0x00,0x00,0x00,0x00,0x00,0x00,0x00,0x00,0x00,0x00,0x00
   260 00003529 000000000000000000- <1>
   260 00003532 000000000000        <1>
   261 00003538 000000000000000000- <1>     db 0x00,0x00,0x00,0x00,0x00,0x00,0x00,0x00,0x00,0x00,0x00,0x00,0x00,0x00,0x00,0x00,0x00,0x00,0x00,0x00,0x00,0x00,0x00,0x00
   261 00003541 000000000000000000- <1>
   261 0000354A 000000000000        <1>
   262 00003550 000000000000000000- <1>     db 0x00,0x00,0x00,0x00,0x00,0x00,0x00,0x00,0x00,0x00,0x00,0x00,0x00,0x00,0x00,0x00,0x00,0x00,0x00,0x00,0x00,0x00,0x00,0x00
   262 00003559 000000000000000000- <1>
   262 00003562 000000000000        <1>
   263 00003568 000000000000000000- <1>     db 0x00,0x00,0x00,0x00,0x00,0x00,0x00,0x00,0x00,0x00,0x00,0x00,0x00,0x00,0x00,0x00,0x00,0x00,0x00,0x00,0x00,0x00,0x00,0x00
   263 00003571 000000000000000000- <1>
   263 0000357A 000000000000        <1>
   264 00003580 000000000000000000- <1>     db 0x00,0x00,0x00,0x00,0x00,0x00,0x00,0x00,0x00,0x00,0x00,0x00,0x00,0x00,0x00,0x00,0x00,0x00,0x00,0x00,0x00,0x00,0x00,0x00
   264 00003589 000000000000000000- <1>
   264 00003592 000000000000        <1>
   265 00003598 000000000000000000- <1>     db 0x00,0x00,0x00,0x00,0x00,0x00,0x00,0x00,0x00,0x00,0x00,0x00,0x00,0x00,0x00,0x00,0x00,0x00,0x00,0x00,0x00,0x00,0x00,0xA8
   265 000035A1 000000000000000000- <1>
   265 000035AA 0000000000A8        <1>
   266 000035B0 6A0000000000000000- <1>     db 0x6A,0x00,0x00,0x00,0x00,0x00,0x00,0x00,0x00,0x00,0x00,0x00,0x00,0x00,0x00,0x00,0x00,0x00,0x00,0x00,0xFE,0x3F,0x00,0x00
   266 000035B9 000000000000000000- <1>
   266 000035C2 0000FE3F0000        <1>
   267 000035C8 000000000000000000- <1>     db 0x00,0x00,0x00,0x00,0x00,0x00,0x00,0x00,0x00,0x00,0x00,0x00,0x00,0x00,0x00,0x00,0x80,0xFF,0x1F,0x00,0x00,0x00,0x00,0x00
   267 000035D1 0000000000000080FF- <1>
   267 000035DA 1F0000000000        <1>
   268 000035E0 000000000000000000- <1>     db 0x00,0x00,0x00,0x00,0x00,0x00,0x00,0x00,0x00,0x00,0x00,0x00,0x00,0xD0,0xFF,0x07,0x00,0x00,0x00,0x00,0x00,0x00,0x00,0x00
   268 000035E9 00000000D0FF070000- <1>
   268 000035F2 000000000000        <1>
   269 000035F8 000000000000000000- <1>     db 0x00,0x00,0x00,0x00,0x00,0x00,0x00,0x00,0x00,0x00,0xF0,0xFF,0x02,0x00,0x00,0x00,0x00,0x00,0x00,0x00,0x00,0x00,0x00,0x00
   269 00003601 00F0FF020000000000- <1>
   269 0000360A 000000000000        <1>
   270 00003610 00000000000000F8FF- <1>     db 0x00,0x00,0x00,0x00,0x00,0x00,0x00,0xF8,0xFF,0x00,0x00,0x00,0x00,0x00,0x00,0x00,0x00,0x00,0x00,0x00,0x00,0x00,0x00,0x00
   270 00003619 000000000000000000- <1>
   270 00003622 000000000000        <1>
   271 00003628 00000000FD7F000000- <1>     db 0x00,0x00,0x00,0x00,0xFD,0x7F,0x00,0x00,0x00,0x00,0x00,0x00,0x00,0x00,0x00,0x00,0x00,0x00,0x00,0x00,0x00,0x00,0x00,0x00
   271 00003631 000000000000000000- <1>
   271 0000363A 000000000000        <1>
   272 00003640 00FF2F000000000000- <1>     db 0x00,0xFF,0x2F,0x00,0x00,0x00,0x00,0x00,0x00,0x00,0x00,0x00,0x00,0x00,0x00,0x00,0x00,0x00,0x00,0x00,0x00,0x80,0xFF,0x1F
   272 00003649 000000000000000000- <1>
   272 00003652 00000080FF1F        <1>
   273 00003658 000000000000000000- <1>     db 0x00,0x00,0x00,0x00,0x00,0x00,0x00,0x00,0x00,0x00,0x00,0x00,0x00,0x00,0x00,0x00,0x00,0x00,0xD0,0xFF,0x0B,0x00,0x00,0x00
   273 00003661 000000000000000000- <1>
   273 0000366A D0FF0B000000        <1>
   274 00003670 000000000000000000- <1>     db 0x00,0x00,0x00,0x00,0x00,0x00,0x00,0x00,0x00,0x00,0x00,0x00,0x00,0x00,0x00,0xE0,0xFF,0x03,0x00,0x00,0x00,0x00,0x00,0x00
   274 00003679 000000000000E0FF03- <1>
   274 00003682 000000000000        <1>
   275 00003688 000000000000000000- <1>     db 0x00,0x00,0x00,0x00,0x00,0x00,0x00,0x00,0x00,0x00,0x00,0x00,0xF4,0xFF,0x01,0x00,0x00,0x00,0x00,0x00,0x00,0x00,0x00,0x00
   275 00003691 000000F4FF01000000- <1>
   275 0000369A 000000000000        <1>
   276 000036A0 000000000000000000- <1>     db 0x00,0x00,0x00,0x00,0x00,0x00,0x00,0x00,0x00,0xF8,0xFF,0x00,0x00,0x00,0x00,0x00,0x00,0x00,0x00,0x00,0x00,0x00,0x00,0x00
   276 000036A9 F8FF00000000000000- <1>
   276 000036B2 000000000000        <1>
   277 000036B8 000000000000FD7F00- <1>     db 0x00,0x00,0x00,0x00,0x00,0x00,0xFD,0x7F,0x00,0x00,0x00,0x00,0x00,0x00,0x00,0x00,0x00,0x00,0x00,0x00,0x00,0x00,0x00,0x00
   277 000036C1 000000000000000000- <1>
   277 000036CA 000000000000        <1>
   278 000036D0 000000FE3F00000000- <1>     db 0x00,0x00,0x00,0xFE,0x3F,0x00,0x00,0x00,0x00,0x00,0x00,0x00,0x00,0x00,0x00,0x00,0x00,0x00,0x00,0x00,0x00,0x00,0x00,0x40
   278 000036D9 000000000000000000- <1>
   278 000036E2 000000000040        <1>
   279 000036E8 FF2F00000000000000- <1>     db 0xFF,0x2F,0x00,0x00,0x00,0x00,0x00,0x00,0x00,0x00,0x00,0x00,0x00,0x00,0x00,0x00,0x00,0x00,0x00,0x00,0x80,0xFF,0x1F,0x00
   279 000036F1 000000000000000000- <1>
   279 000036FA 000080FF1F00        <1>
   280 00003700 000000000000000000- <1>     db 0x00,0x00,0x00,0x00,0x00,0x00,0x00,0x00,0x00,0x00,0x00,0x00,0x00,0x00,0x00,0x00,0x00,0x80,0xFF,0x0B,0x00,0x00,0x00,0x00
   280 00003709 000000000000000080- <1>
   280 00003712 FF0B00000000        <1>
   281 00003718 0000A06F0000000000- <1>     db 0x00,0x00,0xA0,0x6F,0x00,0x00,0x00,0x00,0x00,0x00,0x00,0x00,0x00,0x00,0xD0,0xFF,0x07,0x00,0x00,0x00,0x00,0x00,0x00,0xF8
   281 00003721 0000000000D0FF0700- <1>
   281 0000372A 0000000000F8        <1>
   282 00003730 FF0100000000000000- <1>     db 0xFF,0x01,0x00,0x00,0x00,0x00,0x00,0x00,0x00,0x00,0x00,0xE0,0xFF,0x03,0x00,0x00,0x00,0x00,0x00,0x00,0xFE,0xFF,0x03,0x00
   282 00003739 0000E0FF0300000000- <1>
   282 00003742 0000FEFF0300        <1>
   283 00003748 0000000000000000E0- <1>     db 0x00,0x00,0x00,0x00,0x00,0x00,0x00,0x00,0xE0,0xFF,0x02,0x00,0x00,0x00,0x00,0x00,0x40,0xFF,0xFF,0x07,0x00,0x00,0x00,0x00
   283 00003751 FF02000000000040FF- <1>
   283 0000375A FF0700000000        <1>
   284 00003760 0000000000F4FF0100- <1>     db 0x00,0x00,0x00,0x00,0x00,0xF4,0xFF,0x01,0x00,0x00,0x00,0x00,0x00,0x40,0xFF,0xFF,0x0B,0x00,0x00,0x00,0x00,0x00,0x00,0x00
   284 00003769 0000000040FFFF0B00- <1>
   284 00003772 000000000000        <1>
   285 00003778 0000F4FF0000000000- <1>     db 0x00,0x00,0xF4,0xFF,0x00,0x00,0x00,0x00,0x00,0x00,0x40,0xFF,0xFF,0x0B,0x00,0x00,0x00,0x00,0x00,0x00,0x00,0x00,0x00,0xF8
   285 00003781 0040FFFF0B00000000- <1>
   285 0000378A 0000000000F8        <1>
   286 00003790 BF00000000000040FF- <1>     db 0xBF,0x00,0x00,0x00,0x00,0x00,0x00,0x40,0xFF,0xFF,0x07,0x00,0x00,0x00,0x00,0x00,0x00,0x00,0x00,0x00,0xFC,0xBF,0x00,0x00
   286 00003799 FF0700000000000000- <1>
   286 000037A2 0000FCBF0000        <1>
   287 000037A8 0000000000FEFF0200- <1>     db 0x00,0x00,0x00,0x00,0x00,0xFE,0xFF,0x02,0x00,0x00,0x00,0x00,0x00,0x00,0x00,0x00,0x00,0xFD,0x7F,0x00,0x00,0x00,0x00,0x00
   287 000037B1 0000000000000000FD- <1>
   287 000037BA 7F0000000000        <1>
   288 000037C0 0000F8FF0100000000- <1>     db 0x00,0x00,0xF8,0xFF,0x01,0x00,0x00,0x00,0x00,0x00,0x00,0x00,0x00,0x00,0xFD,0x7F,0x00,0x00,0x00,0x00,0x00,0x00,0x00,0x90
   288 000037C9 0000000000FD7F0000- <1>
   288 000037D2 000000000090        <1>
   289 000037D8 2A0000000000000000- <1>     db 0x2A,0x00,0x00,0x00,0x00,0x00,0x00,0x00,0x00,0x00,0x00,0xFE,0x2F,0x00,0x00,0x00,0x00,0x00,0x00,0x00,0x00,0x00,0x00,0x00
   289 000037E1 0000FE2F0000000000- <1>
   289 000037EA 000000000000        <1>
   290 000037F0 0000000000000000FE- <1>     db 0x00,0x00,0x00,0x00,0x00,0x00,0x00,0x00,0xFE,0x2F,0x00,0x00,0x00,0x00,0x00,0x00,0x00,0x00,0x00,0x00,0x00,0x00,0x00,0x00
   290 000037F9 2F0000000000000000- <1>
   290 00003802 000000000000        <1>
   291 00003808 0000000000FF1F0000- <1>     db 0x00,0x00,0x00,0x00,0x00,0xFF,0x1F,0x00,0x00,0x00,0x00,0x00,0x00,0x00,0x00,0x00,0x00,0x00,0x00,0x00,0x00,0x00,0x00,0x00
   291 00003811 000000000000000000- <1>
   291 0000381A 000000000000        <1>
   292 00003820 0040FF1F0000000000- <1>     db 0x00,0x40,0xFF,0x1F,0x00,0x00,0x00,0x00,0x00,0x00,0x00,0x00,0x00,0x00,0x00,0x00,0x00,0x00,0x00,0x00,0x00,0x00,0x40,0xFF
   292 00003829 000000000000000000- <1>
   292 00003832 0000000040FF        <1>
   293 00003838 1F0000000000000000- <1>     db 0x1F,0x00,0x00,0x00,0x00,0x00,0x00,0x00,0x00,0x00,0x00,0x00,0x00,0x00,0x00,0x00,0x00,0x00,0x00,0x40,0xFF,0x1F,0x00,0x00
   293 00003841 000000000000000000- <1>
   293 0000384A 0040FF1F0000        <1>
   294 00003850 000000000000000000- <1>     db 0x00,0x00,0x00,0x00,0x00,0x00,0x00,0x00,0x00,0x00,0x00,0x00,0x00,0x00,0x00,0x00,0x40,0xFF,0x0F,0x00,0x00,0x00,0x00,0x00
   294 00003859 0000000000000040FF- <1>
   294 00003862 0F0000000000        <1>
   295 00003868 000000000000000000- <1>     db 0x00,0x00,0x00,0x00,0x00,0x00,0x00,0x00,0x00,0x00,0x00,0x00,0x00,0x80,0xFF,0x0B,0x00,0x00,0x00,0x00,0x00,0x00,0x00,0x00
   295 00003871 0000000080FF0B0000- <1>
   295 0000387A 000000000000        <1>
   296 00003880 000000000000000000- <1>     db 0x00,0x00,0x00,0x00,0x00,0x00,0x00,0x00,0x00,0x00,0x80,0xFF,0x0B,0x00,0x00,0x00,0x00,0x00,0x00,0x00,0x00,0x00,0x00,0x00
   296 00003889 0080FF0B0000000000- <1>
   296 00003892 000000000000        <1>
   297 00003898 0000000000000080FF- <1>     db 0x00,0x00,0x00,0x00,0x00,0x00,0x00,0x80,0xFF,0x0B,0x00,0x00,0x00,0x00,0x00,0x00,0x00,0x00,0x00,0x00,0x00,0x00,0x00,0x00
   297 000038A1 0B0000000000000000- <1>
   297 000038AA 000000000000        <1>
   298 000038B0 0000000080FF0B0000- <1>     db 0x00,0x00,0x00,0x00,0x80,0xFF,0x0B,0x00,0x00,0x00,0x00,0x00,0x00,0x00,0x00,0x00,0x00,0x00,0x00,0x00,0x00,0x00,0x00,0x00
   298 000038B9 000000000000000000- <1>
   298 000038C2 000000000000        <1>
   299 000038C8 0080FF0B0000000000- <1>     db 0x00,0x80,0xFF,0x0B,0x00,0x00,0x00,0x00,0x00,0x00,0x00,0x00,0x00,0x00,0x00,0x00,0x00,0x00,0x00,0x00,0x00,0x00,0x80,0xFF
   299 000038D1 000000000000000000- <1>
   299 000038DA 0000000080FF        <1>
   300 000038E0 0B0000000000000000- <1>     db 0x0B,0x00,0x00,0x00,0x00,0x00,0x00,0x00,0x00,0x00,0x00,0x00,0x00,0x00,0x00,0x00,0x00,0x00,0x00,0x80,0xFF,0x0B,0x00,0x00
   300 000038E9 000000000000000000- <1>
   300 000038F2 0080FF0B0000        <1>
   301 000038F8 000000000000000000- <1>     db 0x00,0x00,0x00,0x00,0x00,0x00,0x00,0x00,0x00,0x00,0x00,0x00,0x00,0x00,0x00,0x00,0x80,0xFF,0x0B,0x00,0x00,0x00,0x00,0x00
   301 00003901 0000000000000080FF- <1>
   301 0000390A 0B0000000000        <1>
   302 00003910 000000000000000000- <1>     db 0x00,0x00,0x00,0x00,0x00,0x00,0x00,0x00,0x00,0x00,0x00,0x00,0x00,0x80,0xFF,0x0B,0x00,0x00,0x00,0x00,0x00,0x00,0x00,0x00
   302 00003919 0000000080FF0B0000- <1>
   302 00003922 000000000000        <1>
   303 00003928 000000000000000000- <1>     db 0x00,0x00,0x00,0x00,0x00,0x00,0x00,0x00,0x00,0x00,0x80,0xFF,0x0B,0x00,0x00,0x00,0x00,0x00,0x00,0x00,0x00,0x00,0x00,0x00
   303 00003931 0080FF0B0000000000- <1>
   303 0000393A 000000000000        <1>
   304 00003940 0000000000000080FF- <1>     db 0x00,0x00,0x00,0x00,0x00,0x00,0x00,0x80,0xFF,0x0B,0x00,0x00,0x00,0x00,0x00,0x00,0x00,0x00,0x00,0x00,0x00,0x00,0x00,0x00
   304 00003949 0B0000000000000000- <1>
   304 00003952 000000000000        <1>
   305 00003958 0000000080FF0B0000- <1>     db 0x00,0x00,0x00,0x00,0x80,0xFF,0x0B,0x00,0x00,0x00,0x00,0x00,0x00,0x00,0x00,0x00,0x00,0x00,0x00,0x00,0x00,0x00,0x00,0x00
   305 00003961 000000000000000000- <1>
   305 0000396A 000000000000        <1>
   306 00003970 0080FF0B0000000000- <1>     db 0x00,0x80,0xFF,0x0B,0x00,0x00,0x00,0x00,0x00,0x00,0x00,0x00,0x00,0x00,0x00,0x00,0x00,0x00,0x00,0x00,0x00,0x00,0x40,0xFF
   306 00003979 000000000000000000- <1>
   306 00003982 0000000040FF        <1>
   307 00003988 1F0000000000000000- <1>     db 0x1F,0x00,0x00,0x00,0x00,0x00,0x00,0x00,0x00,0x00,0x00,0x00,0x00,0x00,0x00,0x00,0x00,0x00,0x00,0x40,0xFF,0x1F,0x00,0x00
   307 00003991 000000000000000000- <1>
   307 0000399A 0040FF1F0000        <1>
   308 000039A0 000000000000000000- <1>     db 0x00,0x00,0x00,0x00,0x00,0x00,0x00,0x00,0x00,0x00,0x00,0x00,0x00,0x00,0x00,0x00,0x40,0xFF,0x1F,0x00,0x00,0x00,0x00,0x00
   308 000039A9 0000000000000040FF- <1>
   308 000039B2 1F0000000000        <1>
   309 000039B8 000000000000000000- <1>     db 0x00,0x00,0x00,0x00,0x00,0x00,0x00,0x00,0x00,0x00,0x00,0x00,0x00,0x40,0xFF,0x1F,0x00,0x00,0x00,0x00,0x00,0x00,0x00,0x00
   309 000039C1 0000000040FF1F0000- <1>
   309 000039CA 000000000000        <1>
   310 000039D0 000000000000000000- <1>     db 0x00,0x00,0x00,0x00,0x00,0x00,0x00,0x00,0x00,0x00,0x00,0xFE,0x2F,0x00,0x00,0x00,0x00,0x00,0x00,0x00,0x00,0x00,0x00,0x00
   310 000039D9 0000FE2F0000000000- <1>
   310 000039E2 000000000000        <1>
   311 000039E8 0000000000000000FE- <1>     db 0x00,0x00,0x00,0x00,0x00,0x00,0x00,0x00,0xFE,0x2F,0x00,0x00,0x00,0x00,0x00,0x00,0x00,0x00,0x00,0x00,0x00,0x00,0x00,0x00
   311 000039F1 2F0000000000000000- <1>
   311 000039FA 000000000000        <1>
   312 00003A00 0000000000FE3F0000- <1>     db 0x00,0x00,0x00,0x00,0x00,0xFE,0x3F,0x00,0x00,0x00,0x00,0x00,0x00,0x00,0x50,0x55,0x01,0x00,0x00,0x00,0x00,0x00,0x00,0x00
   312 00003A09 000000000050550100- <1>
   312 00003A12 000000000000        <1>
   313 00003A18 0000FD7F0000000000- <1>     db 0x00,0x00,0xFD,0x7F,0x00,0x00,0x00,0x00,0x00,0x00,0x00,0xF8,0xFF,0x01,0x00,0x00,0x00,0x00,0x00,0x00,0x00,0x00,0x00,0xFD
   313 00003A21 0000F8FF0100000000- <1>
   313 00003A2A 0000000000FD        <1>
   314 00003A30 7F00000000000000F8- <1>     db 0x7F,0x00,0x00,0x00,0x00,0x00,0x00,0x00,0xF8,0xFF,0x01,0x00,0x00,0x00,0x00,0x00,0x00,0x00,0x00,0x00,0xFC,0xBF,0x00,0x00
   314 00003A39 FF0100000000000000- <1>
   314 00003A42 0000FCBF0000        <1>
   315 00003A48 0000000000FDBF0000- <1>     db 0x00,0x00,0x00,0x00,0x00,0xFD,0xBF,0x00,0x00,0x00,0x00,0x00,0x00,0x00,0x00,0x00,0x00,0xF8,0xFF,0x00,0x00,0x00,0x00,0x00
   315 00003A51 0000000000000000F8- <1>
   315 00003A5A FF0000000000        <1>
   316 00003A60 0000FDBF0000000000- <1>     db 0x00,0x00,0xFD,0xBF,0x00,0x00,0x00,0x00,0x00,0x00,0x00,0x00,0x00,0x00,0xF4,0xFF,0x01,0x00,0x00,0x00,0x00,0x00,0x00,0xFE
   316 00003A69 0000000000F4FF0100- <1>
   316 00003A72 0000000000FE        <1>
   317 00003A78 7F0000000000000000- <1>     db 0x7F,0x00,0x00,0x00,0x00,0x00,0x00,0x00,0x00,0x00,0x00,0xF4,0xFF,0x02,0x00,0x00,0x00,0x00,0x00,0x00,0xFE,0x2F,0x00,0x00
   317 00003A81 0000F4FF0200000000- <1>
   317 00003A8A 0000FE2F0000        <1>
   318 00003A90 0000000000000000E0- <1>     db 0x00,0x00,0x00,0x00,0x00,0x00,0x00,0x00,0xE0,0xFF,0x02,0x00,0x00,0x00,0x00,0x00,0x00,0xFF,0x2F,0x00,0x00,0x00,0x00,0x00
   318 00003A99 FF02000000000000FF- <1>
   318 00003AA2 2F0000000000        <1>
   319 00003AA8 0000000000D0FF0700- <1>     db 0x00,0x00,0x00,0x00,0x00,0xD0,0xFF,0x07,0x00,0x00,0x00,0x00,0x00,0x40,0xFF,0x1F,0x00,0x00,0x00,0x00,0x00,0x00,0x00,0x00
   319 00003AB1 0000000040FF1F0000- <1>
   319 00003ABA 000000000000        <1>
   320 00003AC0 0000D0FF0B00000000- <1>     db 0x00,0x00,0xD0,0xFF,0x0B,0x00,0x00,0x00,0x00,0x00,0x80,0xFF,0x0B,0x00,0x00,0x00,0x00,0x00,0x00,0x00,0x00,0x00,0x00,0x80
   320 00003AC9 0080FF0B0000000000- <1>
   320 00003AD2 000000000080        <1>
   321 00003AD8 FF0F000000000080FF- <1>     db 0xFF,0x0F,0x00,0x00,0x00,0x00,0x00,0x80,0xFF,0x0B,0x00,0x00,0x00,0x00,0x00,0x00,0x00,0x00,0x00,0x00,0x40,0xFF,0x1F,0x00
   321 00003AE1 0B0000000000000000- <1>
   321 00003AEA 000040FF1F00        <1>
   322 00003AF0 00000000C0FF070000- <1>     db 0x00,0x00,0x00,0x00,0xC0,0xFF,0x07,0x00,0x00,0x00,0x00,0x00,0x00,0x00,0x00,0x00,0x00,0x00,0xFE,0x2F,0x00,0x00,0x00,0x00
   322 00003AF9 000000000000000000- <1>
   322 00003B02 FE2F00000000        <1>
   323 00003B08 00D0FF020000000000- <1>     db 0x00,0xD0,0xFF,0x02,0x00,0x00,0x00,0x00,0x00,0x00,0x00,0x00,0x00,0x00,0x00,0xFD,0x7F,0x00,0x00,0x00,0x00,0x00,0xE0,0xFF
   323 00003B11 000000000000FD7F00- <1>
   323 00003B1A 00000000E0FF        <1>
   324 00003B20 020000000000000000- <1>     db 0x02,0x00,0x00,0x00,0x00,0x00,0x00,0x00,0x00,0x00,0x00,0x00,0xFC,0xBF,0x00,0x00,0x00,0x00,0x00,0xE0,0xFF,0x01,0x00,0x00
   324 00003B29 000000FCBF00000000- <1>
   324 00003B32 00E0FF010000        <1>
   325 00003B38 000000000000000000- <1>     db 0x00,0x00,0x00,0x00,0x00,0x00,0x00,0x00,0x00,0xF4,0xFF,0x01,0x00,0x00,0x00,0x00,0xF0,0xBF,0x00,0x00,0x00,0x00,0x00,0x00
   325 00003B41 F4FF0100000000F0BF- <1>
   325 00003B4A 000000000000        <1>
   326 00003B50 000000000000E0FF02- <1>     db 0x00,0x00,0x00,0x00,0x00,0x00,0xE0,0xFF,0x02,0x00,0x00,0x00,0x00,0xF4,0xBF,0x00,0x00,0x00,0x00,0x00,0x00,0x00,0x00,0x00
   326 00003B59 00000000F4BF000000- <1>
   326 00003B62 000000000000        <1>
   327 00003B68 000000D0FF07000000- <1>     db 0x00,0x00,0x00,0xD0,0xFF,0x07,0x00,0x00,0x00,0x00,0xF4,0x7F,0x00,0x00,0x00,0x00,0x00,0x00,0x00,0x00,0x00,0x00,0x00,0x00
   327 00003B71 00F47F000000000000- <1>
   327 00003B7A 000000000000        <1>
   328 00003B80 80FF0B00000000F83F- <1>     db 0x80,0xFF,0x0B,0x00,0x00,0x00,0x00,0xF8,0x3F,0x00,0x00,0x00,0x00,0x00,0x00,0x00,0x00,0x00,0x00,0x00,0x00,0x40,0xFF,0x2F
   328 00003B89 000000000000000000- <1>
   328 00003B92 00000040FF2F        <1>
   329 00003B98 00000000F82F000000- <1>     db 0x00,0x00,0x00,0x00,0xF8,0x2F,0x00,0x00,0x00,0x00,0x00,0x00,0x00,0x00,0x00,0x00,0x00,0x00,0x00,0xFE,0x7F,0x00,0x00,0x00
   329 00003BA1 000000000000000000- <1>
   329 00003BAA 00FE7F000000        <1>
   330 00003BB0 00FD1F000000000000- <1>     db 0x00,0xFD,0x1F,0x00,0x00,0x00,0x00,0x00,0x00,0x00,0x00,0x00,0x00,0x00,0x00,0x00,0xF8,0xBF,0x00,0x00,0x00,0x00,0xFD,0x0F
   330 00003BB9 00000000000000F8BF- <1>
   330 00003BC2 00000000FD0F        <1>
   331 00003BC8 000000000000000000- <1>     db 0x00,0x00,0x00,0x00,0x00,0x00,0x00,0x00,0x00,0x00,0x00,0x00,0x00,0xF4,0xFF,0x02,0x00,0x00,0x00,0xAD,0x0B,0x00,0x00,0x00
   331 00003BD1 00000000F4FF020000- <1>
   331 00003BDA 00AD0B000000        <1>
   332 00003BE0 000000000000000000- <1>     db 0x00,0x00,0x00,0x00,0x00,0x00,0x00,0x00,0x00,0x00,0xD0,0xFF,0x07,0x00,0x00,0x00,0x00,0x00,0x00,0x00,0x00,0x00,0x00,0x00
   332 00003BE9 00D0FF070000000000- <1>
   332 00003BF2 000000000000        <1>
   333 00003BF8 0000000000000080FF- <1>     db 0x00,0x00,0x00,0x00,0x00,0x00,0x00,0x80,0xFF,0x0F,0x00,0x00,0x00,0x00,0x00,0x00,0x00,0x00,0x00,0x00,0x00,0x00,0x00,0x00
   333 00003C01 0F0000000000000000- <1>
   333 00003C0A 000000000000        <1>
   334 00003C10 0000000000FE2F0000- <1>     db 0x00,0x00,0x00,0x00,0x00,0xFE,0x2F,0x00,0x00,0x00,0x00,0x00,0x00,0x00,0x00,0x00,0x00,0x00,0x00,0x00,0x00,0x00,0x00,0x00
   334 00003C19 000000000000000000- <1>
   334 00003C22 000000000000        <1>
   335 00003C28 0000A86A0000000000- <1>     db 0x00,0x00,0xA8,0x6A,0x00,0x00,0x00,0x00,0x00,0x00,0x00,0x00,0x00,0x00,0x00,0x00,0x00,0x00,0x00,0x00,0x00,0x00,0x00,0x00
   335 00003C31 000000000000000000- <1>
   335 00003C3A 000000000000        <1>
   336 00003C40 000000000000000000- <1>     db 0x00,0x00,0x00,0x00,0x00,0x00,0x00,0x00,0x00,0x00,0x00,0x00,0x00,0x00,0x00,0x00,0x00,0x00,0x00,0x00,0x00,0x00,0x00,0x00
   336 00003C49 000000000000000000- <1>
   336 00003C52 000000000000        <1>
   337 00003C58 000000000000000000- <1>     db 0x00,0x00,0x00,0x00,0x00,0x00,0x00,0x00,0x00,0x00,0x00,0x00,0x00,0x00,0x00,0x00,0x00,0x00,0x00,0x00,0x00,0x00,0x00,0x00
   337 00003C61 000000000000000000- <1>
   337 00003C6A 000000000000        <1>
   338 00003C70 000000000000000000- <1>     db 0x00,0x00,0x00,0x00,0x00,0x00,0x00,0x00,0x00,0x00,0x00,0x00,0x00,0x00,0x00,0x00,0x00,0x00
   338 00003C79 000000000000000000  <1>
  1280                                  
  1281 00003C82 90<rep 6h>              align 8
  1282                                  gdt_start:
  1283 00003C88 0000000000000000            dq 0
  1284 00003C90 FFFF0000009ACF00            dq 0x00CF9A000000FFFF
  1285 00003C98 FFFF00000092CF00            dq 0x00CF92000000FFFF
  1286                                  gdt_end:
  1287                                  gdt_descriptor:
  1288 00003CA0 1700                        dw gdt_end - gdt_start - 1
  1289 00003CA2 [883C0000]                  dd gdt_start
  1290                                  
  1291                                  [bits 16]
  1292                                  print_string:
  1293 00003CA6 AC                          lodsb
  1294 00003CA7 84C0                        test al, al
  1295 00003CA9 7410                        jz .done
  1296 00003CAB 52                          push dx
  1297 00003CAC BAE900                      mov dx, 0x00E9
  1298 00003CAF EE                          out dx, al
  1299 00003CB0 5A                          pop dx
  1300 00003CB1 B40E                        mov ah, 0x0E
  1301 00003CB3 30FF                        xor bh, bh
  1302 00003CB5 B307                        mov bl, 0x07
  1303 00003CB7 CD10                        int 0x10
  1304 00003CB9 EBEB                        jmp print_string
  1305                                  .done:
  1306 00003CBB C3                          ret
  1307                                  
  1308                                  fatal_halt:
  1309 00003CBC FA                          cli
  1310                                  .loop:
  1311 00003CBD F4                          hlt
  1312 00003CBE EBFD                        jmp .loop
  1313                                  
  1314                                  kernel_load_error:
  1315 00003CC0 BE[5C3D]                    mov si, message_kernel_load_error
  1316 00003CC3 E8E0FF                      call print_string
  1317 00003CC6 EBF4                        jmp fatal_halt
  1318                                  
  1319 00003CC8 00                      boot_drive:                 db 0
  1320 00003CC9 00                      boot_error_code:            db 0
  1321 00003CCA 00                      retry_count:                db 0
  1322 00003CCB 0000                    kernel_destination_offset: dw 0
  1323 00003CCD 00                      kernel_cylinder:            db 0
  1324 00003CCE 00                      kernel_head:                db 0
  1325 00003CCF 00                      kernel_sector:              db 0
  1326 00003CD0 00                      kernel_remaining:           db 0
  1327 00003CD1 12                      sectors_per_track:          db 18
  1328 00003CD2 01                      maximum_head:               db 1
  1329                                  
  1330 00003CD3 90                      align 4
  1331                                  kernel_dap:
  1332 00003CD4 1000                        db 0x10, 0
  1333 00003CD6 4100                        dw KERNEL_IMAGE_SECTOR_COUNT
  1334 00003CD8 0000                        dw KERNEL_TEMP_OFFSET
  1335 00003CDA 0010                        dw KERNEL_TEMP_SEGMENT
  1336 00003CDC 2100000000000000            dq KERNEL_FIRST_LBA
  1337                                  
  1338                                  message_start:
  1339 00003CE4 4E6F76612053746167-         db "Nova Stage 2 / NBHP v1", 13, 10, 0
  1339 00003CED 652032202F204E4248-
  1339 00003CF6 502076310D0A00     
  1340                                  message_vbe_fallback:
  1341 00003CFD 424F4F542D57303031-         db "BOOT-W001: VBE nicht verfuegbar, Textmodus aktiv", 13, 10, 0
  1341 00003D06 3A20564245206E6963-
  1341 00003D0F 687420766572667565-
  1341 00003D18 676261722C20546578-
  1341 00003D21 746D6F64757320616B-
  1341 00003D2A 7469760D0A00       
  1342                                  message_memory_error:
  1343 00003D30 424F4F542D32303031-         db "BOOT-2001: Speicherkarte nicht verfuegbar", 13, 10, 0
  1343 00003D39 3A2053706569636865-
  1343 00003D42 726B61727465206E69-
  1343 00003D4B 636874207665726675-
  1343 00003D54 65676261720D0A00   
  1344                                  message_kernel_load_error:
  1345 00003D5C 424F4F542D31303031-         db "BOOT-1001: Kernel nicht gefunden", 13, 10, 0
  1345 00003D65 3A204B65726E656C20-
  1345 00003D6E 6E6963687420676566-
  1345 00003D77 756E64656E0D0A00   
  1346                                  message_kernel_header_error:
  1347 00003D7F 424F4F542D31303032-         db "BOOT-1002: Kernel-Header ungueltig", 13, 10, 0
  1347 00003D88 3A204B65726E656C2D-
  1347 00003D91 48656164657220756E-
  1347 00003D9A 6775656C7469670D0A-
  1347 00003DA3 00                 
  1348                                  message_kernel_checksum_error:
  1349 00003DA4 424F4F542D31303032-         db "BOOT-1002: Kernel-Pruefsumme ungueltig", 13, 10, 0
  1349 00003DAD 3A204B65726E656C2D-
  1349 00003DB6 507275656673756D6D-
  1349 00003DBF 6520756E6775656C74-
  1349 00003DC8 69670D0A00         
  1350                                  
  1351 00003DCD 00<rep 233h>            times STAGE2_BYTE_COUNT - ($ - $$) db 0
